game_pk,game_date,game_type,home_team,away_team,home_sp_name,away_sp_name
747953,2024-03-15,S,KC,CLE,"Singer, Brady","Beede, Tyler"
747955,2024-03-15,S,CWS,CHC,"Flexen, Chris","Wicks, Jordan"
747956,2024-03-15,S,DET,ATL,"Manning, Matt","Smith-Shawver, AJ"
747957,2024-03-15,S,STL,MIA,"Matz, Steven","Weathers, Ryan"
747958,2024-03-15,S,HOU,PHI,"Blanco, Ronel","Sánchez, Cristopher"
747959,2024-03-15,S,BOS,MIN,"Whitlock, Garrett","Balazovic, Jordan"
747960,2024-03-15,S,NYY,PIT,"Schmidt, Clarke","Priester, Quinn"
747961,2024-03-15,S,NYM,WSH,"Houser, Adrian","Williams, Trevor"
747962,2024-03-15,S,TOR,DET,"Tiedemann, Ricky","Montero, Keider"
747963,2024-03-15,S,TB,BAL,"Uwasawa, Naoyuki","Kremer, Dean"
747930,2024-03-16,S,ATH,MIL,"Boyle, Joe","Junis, Jakob"
747932,2024-03-16,S,SEA,CWS,"Castillo, Luis","Woodford, Jake"
747933,2024-03-16,S,MIL,TEX,"Peralta, Freddy","Rodríguez, Yerry"
747934,2024-03-16,S,CWS,SF,"Kuhl, Chad","Howard, Spencer"
747935,2024-03-16,S,CIN,SEA,"Lodolo, Nick","Kirby, George"
747936,2024-03-16,S,COL,ATH,"Freeland, Kyle","Muller, Kyle"
747937,2024-03-16,S,CHC,KC,"Smyly, Drew","Lyles, Jordan"
747938,2024-03-16,S,SF,CLE,"Jefferies, Daulton","McKenzie, Triston"
747939,2024-03-16,S,TEX,AZ,"Bradford, Cody","Nelson, Ryne"
747940,2024-03-16,S,LAA,CHC,"Soriano, José","Brown, Ben"
747941,2024-03-16,S,MIA,PHI,"Rogers, Trevor","Allard, Kolby"
747942,2024-03-16,S,NYY,TOR,"Gil, Luis","Espino, Paolo"
747943,2024-03-16,S,MIN,TB,"López, Pablo","Pepiot, Ryan"
747944,2024-03-16,S,WSH,STL,"Law, Derek","Mikolas, Miles"
747945,2024-03-16,S,HOU,NYM,"France, J.P.","Tonkin, Michael"
747946,2024-03-16,S,ATL,PIT,"Morton, Charlie","Jones, Jared"
747947,2024-03-16,S,PIT,DET,"Keller, Mitch","Skubal, Tarik"
747948,2024-03-16,S,BAL,BOS,"Burnes, Corbin","Criswell, Cooper"
747914,2024-03-17,S,KC,MIL,"Ragans, Cole","Clarke, Taylor"
747915,2024-03-17,S,ATH,CWS,"Wood, Alex","Nastrini, Nick"
747916,2024-03-17,S,CHC,TEX,"Assad, Javier","Ureña, José"
747917,2024-03-17,S,SF,COL,"Webb, Logan","Quantrill, Cal"
747918,2024-03-17,S,CLE,CIN,"Bieber, Shane","Williamson, Brandon"
747919,2024-03-17,S,SEA,AZ,"Gilbert, Logan","Walston, Blake"
747920,2024-03-17,S,AZ,LAA,"Gallen, Zac","Sandoval, Patrick"
747921,2024-03-17,S,BOS,NYY,"Houck, Tanner","Warren, Will"
747922,2024-03-17,S,NYM,MIA,"Quintana, Jose","Palacios, Luis"
747923,2024-03-17,S,BAL,ATL,"Wells, Tyler","Strider, Spencer"
747924,2024-03-17,S,TOR,MIN,"Rodríguez, Yariel","Duarte, Daniel"
747925,2024-03-17,S,PHI,TOR,"Wheeler, Zack","Berríos, José"
747926,2024-03-17,S,PIT,TB,"Fleming, Josh","Uceta, Edwin"
747927,2024-03-17,S,WSH,NYM,"Gore, MacKenzie","Megill, Tylor"
747928,2024-03-17,S,STL,HOU,"Liberatore, Matthew","Valdez, Framber"
747929,2024-03-17,S,ATL,BOS,"López, Reynaldo","Bello, Brayan"
747931,2024-03-17,S,DET,BAL,"Maeda, Kenta","Teheran, Julio"
747903,2024-03-18,S,CIN,SF,"Montas, Frankie","Harrison, Kyle"
747904,2024-03-18,S,TEX,SEA,"Sampson, Adrian","Miller, Tyson"
747905,2024-03-18,S,AZ,ATH,"Kelly, Merrill","Stripling, Ross"
747906,2024-03-18,S,CWS,CLE,"Thorpe, Drew","Bibee, Tanner"
747907,2024-03-18,S,MIL,LAA,"Hall, DL","Canning, Griffin"
747908,2024-03-18,S,TB,ATL,"Devenski, Chris","Fried, Max"
747909,2024-03-18,S,NYY,PHI,"Rodón, Carlos","Strahm, Matt"
747910,2024-03-18,S,PHI,PIT,"Phillips, Tyler","Pérez, Martín"
747911,2024-03-18,S,HOU,WSH,"Javier, Cristian","Gray, Josiah"
747912,2024-03-18,S,MIA,HOU,"McCaughan, Darren","Brown, Hunter"
747913,2024-03-18,S,MIN,BOS,"Ryan, Joe","Pivetta, Nick"
747890,2024-03-19,S,CLE,MIL,"Allen, Logan","Rea, Colin"
747891,2024-03-19,S,SF,KC,"Bivens, Spencer","Lugo, Seth"
747892,2024-03-19,S,TEX,ATH,"Rodríguez, Yerry","Ferguson, Tyler"
747893,2024-03-19,S,SEA,COL,"Lawrence, Casey","Gomber, Austin"
747894,2024-03-19,S,COL,CLE,"Hudson, Dakota","Barria, Jaime"
747895,2024-03-19,S,CHC,AZ,"Hendricks, Kyle","Rodriguez, Eduardo"
747896,2024-03-19,S,LAA,CIN,"Detmers, Reid","Greene, Hunter"
747897,2024-03-19,S,STL,MIA,"Gibson, Kyle","Chirinos, Yonny"
747898,2024-03-19,S,HOU,MIA,"Bielak, Brandon","Puk, A.J."
747899,2024-03-19,S,DET,PHI,"Flaherty, Jack","Suarez, Ranger"
747900,2024-03-19,S,BOS,TB,"Crawford, Kutter","Alexander, Tyler"
747901,2024-03-19,S,NYM,STL,"Manaea, Sean","Lynn, Lance"
747902,2024-03-19,S,TOR,BAL,"Bassitt, Chris","Irvin, Cole"
745444,2024-03-20,R,SD,LAD,"Darvish, Yu","Glasnow, Tyler"
747878,2024-03-20,S,CIN,TEX,"Lowder, Rhett","Dunning, Dane"
747879,2024-03-20,S,CWS,CIN,"Soroka, Michael","Richardson, Lyon"
747880,2024-03-20,S,AZ,COL,"Henry, Tommy","Lambert, Peter"
747881,2024-03-20,S,LAA,SF,"Anderson, Tyler","Hicks, Jordan"
747882,2024-03-20,S,ATH,CHC,"Blackburn, Paul","Leiter Jr., Mark"
747883,2024-03-20,S,KC,LAA,"Singer, Brady","Wantz, Andrew"
747884,2024-03-20,S,BAL,PHI,"Kremer, Dean","Walker, Taijuan"
747885,2024-03-20,S,ATL,TOR,"Iglesias, Raisel","Francis, Bowden"
747886,2024-03-20,S,WSH,STL,"Davies, Zach","Matz, Steven"
747887,2024-03-20,S,NYY,PIT,"Weaver, Luke","Gonzales, Marco"
747888,2024-03-20,S,MIA,NYM,"Monteverde, Patrick","Scott, Christian"
747889,2024-03-20,S,MIN,DET,"Varland, Louis","Mize, Casey"
746175,2024-03-21,R,LAD,SD,"Yamamoto, Yoshinobu","Musgrove, Joe"
747865,2024-03-21,S,KC,CWS,"Hoffmann, Andrew","Crochet, Garrett"
747867,2024-03-21,S,MIL,SF,"Gasser, Robert","Roupp, Landen"
747868,2024-03-21,S,CLE,KC,"Carrasco, Carlos","Marsh, Alec"
747869,2024-03-21,S,COL,CHC,"Feltner, Ryan","Almonte, Yency"
747870,2024-03-21,S,ATL,NYY,"Morton, Charlie","Cortes, Nestor"
747871,2024-03-21,S,SEA,CIN,"Díaz, Jhonathan","Martinez, Nick"
747872,2024-03-21,S,WSH,MIN,"Williams, Trevor","Sands, Cole"
747873,2024-03-21,S,PIT,TOR,"Falter, Bailey","Tiedemann, Ricky"
747874,2024-03-21,S,PHI,TB,"Sánchez, Cristopher","Pepiot, Ryan"
747875,2024-03-21,S,DET,NYM,"Manning, Matt","Hamel, Dom"
747876,2024-03-21,S,STL,HOU,"Thompson, Zack","France, J.P."
747877,2024-03-21,S,BOS,BAL,"Criswell, Cooper","Suárez, Albert"
747848,2024-03-22,S,SEA,MIL,"Castillo, Luis","Peralta, Freddy"
747849,2024-03-22,S,CLE,TEX,"Bieber, Shane","Bradford, Cody"
747850,2024-03-22,S,LAA,CWS,"Soriano, José","Cannon, Jonathan"
747851,2024-03-22,S,AZ,SEA,"Nelson, Ryne","Hancock, Emerson"
747852,2024-03-22,S,CHC,SF,"Steele, Justin","Winn, Keaton"
747853,2024-03-22,S,CWS,ATH,"Woodford, Jake","Boyle, Joe"
747854,2024-03-22,S,MIL,KC,"Wilson, Bryse","Ragans, Cole"
747855,2024-03-22,S,ATH,CIN,"Wood, Alex","Ashcraft, Graham"
747856,2024-03-22,S,TEX,COL,"Ureña, José","Freeland, Kyle"
747857,2024-03-22,S,SF,CHC,"Webb, Logan","Assad, Javier"
747863,2024-03-22,S,NYY,NYM,"Gil, Luis","Stuart, Tyler"
747864,2024-03-22,S,PHI,DET,"Wheeler, Zack","Skubal, Tarik"
747866,2024-03-22,S,TOR,BOS,"White, Mitch","Hagenman, Justin"
747830,2024-03-23,S,CHC,MIL,"Brown, Ben","Miley, Wade"
747831,2024-03-23,S,KC,TEX,"Sauer, Matt","Eovaldi, Nathan"
747832,2024-03-23,S,CWS,SEA,"Nastrini, Nick","Kirby, George"
747833,2024-03-23,S,AZ,CLE,"Gallen, Zac","Bibee, Tanner"
747834,2024-03-23,S,CIN,COL,"Montas, Frankie","Quantrill, Cal"
747835,2024-03-23,S,SF,AZ,"Harrison, Kyle","Allen, Logan"
747836,2024-03-23,S,ATH,LAA,"Stripling, Ross","Moore, Matt"
747837,2024-03-23,S,NYY,PHI,"Rodón, Carlos","Turnbull, Spencer"
747838,2024-03-23,S,WSH,MIA,"Gray, Josiah","Gutierrez, Vladimir"
747839,2024-03-23,S,DET,NYY,"Hurter, Brant","Poteet, Cody"
747840,2024-03-23,S,BAL,TOR,"Burnes, Corbin","Rodríguez, Yariel"
747841,2024-03-23,S,BOS,MIN,"Pivetta, Nick","Paddack, Chris"
747842,2024-03-23,S,ATL,TB,"Strider, Spencer","Civale, Aaron"
747843,2024-03-23,S,STL,WSH,"Mikolas, Miles","Irvin, Jake"
747844,2024-03-23,S,NYM,HOU,"Quintana, Jose","Javier, Cristian"
747845,2024-03-23,S,TOR,DET,"Kikuchi, Yusei","Maeda, Kenta"
747846,2024-03-23,S,PIT,BOS,"Jones, Jared","Bello, Brayan"
747847,2024-03-23,S,TB,BAL,"Eflin, Zach","Teheran, Julio"
747817,2024-03-24,S,COL,CWS,"Gomber, Austin","Fedde, Erick"
747818,2024-03-24,S,CIN,CLE,"Greene, Hunter","Allen, Logan"
747819,2024-03-24,S,SEA,CHC,"Gilbert, Logan","Hendricks, Kyle"
747820,2024-03-24,S,MIL,AZ,"Hall, DL","Kelly, Merrill"
747821,2024-03-24,S,PIT,NYY,"Pérez, Martín","Stroman, Marcus"
747822,2024-03-24,S,LAD,LAA,"Miller, Bobby","Canning, Griffin"
747823,2024-03-24,S,PHI,TOR,"Nola, Aaron","Bassitt, Chris"
747824,2024-03-24,S,BOS,ATL,"Crawford, Kutter","Fried, Max"
747825,2024-03-24,S,HOU,STL,"Brown, Hunter","Lynn, Lance"
747826,2024-03-24,S,DET,TB,"Flaherty, Jack","Littell, Zack"
747827,2024-03-24,S,MIA,NYM,"McCaughan, Darren","Megill, Tylor"
747828,2024-03-24,S,MIN,BAL,"Ryan, Joe","Rodriguez, Grayson"
747829,2024-03-24,S,NYM,WSH,"Severino, Luis","Corbin, Patrick"
747807,2024-03-25,S,ATH,SF,"Sears, JP","Hicks, Jordan"
747808,2024-03-25,S,SD,SEA,"Cease, Dylan","Miller, Bryce"
747809,2024-03-25,S,AZ,CLE,"Henry, Tommy","Beede, Tyler"
747810,2024-03-25,S,MIL,COL,"Rea, Colin","Hudson, Dakota"
747811,2024-03-25,S,LAD,LAA,"Stone, Gavin","Detmers, Reid"
747812,2024-03-25,S,TEX,BOS,"Latz, Jacob","Whitlock, Garrett"
747813,2024-03-25,S,ATL,MIN,"Sale, Chris","Ober, Bailey"
747815,2024-03-25,S,PIT,TOR,"Gonzales, Marco","Gausman, Kevin"
747816,2024-03-25,S,PHI,TB,"Buchanan, David","Waguespack, Jacob"
748338,2024-03-25,S,CHC,STL,"Wicks, Jordan","Matz, Steven"
748868,2024-03-25,S,NYY,NYM,"Schmidt, Clarke","Manaea, Sean"
747798,2024-03-26,S,COL,MIL,"Feltner, Ryan","Ashby, Aaron"
747799,2024-03-26,S,SD,SEA,"King, Michael","Lawrence, Casey"
747800,2024-03-26,S,SF,ATH,"Howard, Spencer","Blackburn, Paul"
747801,2024-03-26,S,LAA,LAD,"Silseth, Chase","Paxton, James"
747802,2024-03-26,S,TEX,BOS,"Dunning, Dane","Fitts, Richard"
747803,2024-03-26,S,AZ,CLE,"Pfaadt, Brandon","McKenzie, Triston"
747804,2024-03-26,S,MIN,ATL,"Varland, Louis","Strickland, Samuel"
747806,2024-03-26,S,TB,DET,"Pepiot, Ryan","Mize, Casey"
748339,2024-03-26,S,CHC,STL,"Imanaga, Shota","Gibson, Kyle"
745039,2024-03-28,R,TEX,CHC,"Eovaldi, Nathan","Steele, Justin"
745116,2024-03-28,R,TB,TOR,"Eflin, Zach","Berríos, José"
745283,2024-03-28,R,SEA,BOS,"Castillo, Luis","Bello, Brayan"
745445,2024-03-28,R,SD,SF,"Darvish, Yu","Webb, Logan"
745687,2024-03-28,R,ATH,CLE,"Wood, Alex","Bieber, Shane"
746089,2024-03-28,R,MIA,PIT,"Luzardo, Jesús","Keller, Mitch"
746165,2024-03-28,R,LAD,STL,"Glasnow, Tyler","Mikolas, Miles"
746335,2024-03-28,R,KC,MIN,"Ragans, Cole","López, Pablo"
746418,2024-03-28,R,HOU,NYY,"Valdez, Framber","Cortes, Nestor"
746737,2024-03-28,R,CIN,WSH,"Montas, Frankie","Gray, Josiah"
746821,2024-03-28,R,CWS,DET,"Crochet, Garrett","Skubal, Tarik"
747060,2024-03-28,R,BAL,LAA,"Burnes, Corbin","Sandoval, Patrick"
747224,2024-03-28,R,AZ,COL,"Gallen, Zac","Freeland, Kyle"
745117,2024-03-29,R,TB,TOR,"Civale, Aaron","Bassitt, Chris"
745276,2024-03-29,R,SEA,BOS,"Kirby, George","Pivetta, Nick"
745435,2024-03-29,R,SD,SF,"Musgrove, Joe","Harrison, Kyle"
745604,2024-03-29,R,PHI,ATL,"Wheeler, Zack","Strider, Spencer"
745682,2024-03-29,R,ATH,CLE,"Stripling, Ross","Allen, Logan"
745848,2024-03-29,R,NYM,MIL,"Quintana, Jose","Peralta, Freddy"
746091,2024-03-29,R,MIA,PIT,"Puk, A.J.","Pérez, Martín"
746167,2024-03-29,R,LAD,STL,"Miller, Bobby","Thompson, Zack"
746412,2024-03-29,R,HOU,NYY,"Javier, Cristian","Rodón, Carlos"
747223,2024-03-29,R,AZ,COL,"Kelly, Merrill","Quantrill, Cal"
745037,2024-03-30,R,TEX,CHC,"Bradford, Cody","Hendricks, Kyle"
745119,2024-03-30,R,TB,TOR,"Littell, Zack","Kikuchi, Yusei"
745278,2024-03-30,R,SEA,BOS,"Gilbert, Logan","Crawford, Kutter"
745436,2024-03-30,R,SD,SF,"Cease, Dylan","Hicks, Jordan"
745599,2024-03-30,R,PHI,ATL,"Nola, Aaron","Fried, Max"
745684,2024-03-30,R,ATH,CLE,"Sears, JP","Bibee, Tanner"
745850,2024-03-30,R,NYM,MIL,"Severino, Luis","Hall, DL"
746087,2024-03-30,R,MIA,PIT,"Weathers, Ryan","Jones, Jared"
746168,2024-03-30,R,LAD,STL,"Yamamoto, Yoshinobu","Lynn, Lance"
746333,2024-03-30,R,KC,MIN,"Lugo, Seth","Ryan, Joe"
746410,2024-03-30,R,HOU,NYY,"Brown, Hunter","Stroman, Marcus"
746736,2024-03-30,R,CIN,WSH,"Greene, Hunter","Corbin, Patrick"
746818,2024-03-30,R,CWS,DET,"Soroka, Michael","Maeda, Kenta"
747063,2024-03-30,R,BAL,LAA,"Rodriguez, Grayson","Canning, Griffin"
747221,2024-03-30,R,AZ,COL,"Henry, Tommy","Gomber, Austin"
745035,2024-03-31,R,TEX,CHC,"Gray, Jon","Wicks, Jordan"
745115,2024-03-31,R,TB,TOR,"Armstrong, Shawn","Gausman, Kevin"
745279,2024-03-31,R,SEA,BOS,"Miller, Bryce","Whitlock, Garrett"
745438,2024-03-31,R,SD,SF,"King, Michael","Jefferies, Daulton"
745602,2024-03-31,R,PHI,ATL,"Suarez, Ranger","Sale, Chris"
745683,2024-03-31,R,ATH,CLE,"Blackburn, Paul","Carrasco, Carlos"
745845,2024-03-31,R,NYM,MIL,"Megill, Tylor","Rea, Colin"
746090,2024-03-31,R,MIA,PIT,"Rogers, Trevor","Falter, Bailey"
746166,2024-03-31,R,LAD,STL,"Stone, Gavin","Matz, Steven"
746332,2024-03-31,R,KC,MIN,"Singer, Brady","Ober, Bailey"
746413,2024-03-31,R,HOU,NYY,"France, J.P.","Schmidt, Clarke"
746739,2024-03-31,R,CIN,WSH,"Martinez, Nick","Irvin, Jake"
746815,2024-03-31,R,CWS,DET,"Fedde, Erick","Flaherty, Jack"
747062,2024-03-31,R,BAL,LAA,"Wells, Tyler","Detmers, Reid"
747222,2024-03-31,R,AZ,COL,"Pfaadt, Brandon","Feltner, Ryan"
744875,2024-04-01,R,WSH,PIT,"Gore, MacKenzie","Gonzales, Marco"
745109,2024-04-01,R,TB,TEX,"Pepiot, Ryan","Dunning, Dane"
745277,2024-04-01,R,SEA,CLE,"Hancock, Emerson","McKenzie, Triston"
745437,2024-04-01,R,SD,STL,"Waldron, Matt","Gibson, Kyle"
745600,2024-04-01,R,PHI,CIN,"Sánchez, Cristopher","Abbott, Andrew"
745675,2024-04-01,R,ATH,BOS,"Boyle, Joe","Houck, Tanner"
745842,2024-04-01,R,NYM,DET,"Manaea, Sean","Olson, Reese"
746085,2024-04-01,R,MIA,LAA,"Meyer, Max","Silseth, Chase"
746170,2024-04-01,R,LAD,SF,"Paxton, James","Winn, Keaton"
746409,2024-04-01,R,HOU,TOR,"Blanco, Ronel","Francis, Bowden"
746817,2024-04-01,R,CWS,ATL,"Flexen, Chris","Morton, Charlie"
746899,2024-04-01,R,CHC,COL,"Imanaga, Shota","Hudson, Dakota"
747058,2024-04-01,R,BAL,KC,"Kremer, Dean","Wacha, Michael"
747218,2024-04-01,R,AZ,NYY,"Nelson, Ryne","Gil, Luis"
745111,2024-04-02,R,TB,TEX,"Eflin, Zach","Heaney, Andrew"
745273,2024-04-02,R,SEA,CLE,"Castillo, Luis","Bieber, Shane"
745439,2024-04-02,R,SD,STL,"Darvish, Yu","Mikolas, Miles"
745598,2024-04-02,R,PHI,CIN,"Turnbull, Spencer","Ashcraft, Graham"
745680,2024-04-02,R,ATH,BOS,"Wood, Alex","Bello, Brayan"
746009,2024-04-02,R,MIL,MIN,"Junis, Jakob","Varland, Louis"
746086,2024-04-02,R,MIA,LAA,"Luzardo, Jesús","Anderson, Tyler"
746169,2024-04-02,R,LAD,SF,"Brasier, Ryan","Webb, Logan"
746411,2024-04-02,R,HOU,TOR,"Valdez, Framber","Berríos, José"
746814,2024-04-02,R,CWS,ATL,"Crochet, Garrett","López, Reynaldo"
746898,2024-04-02,R,CHC,COL,"Assad, Javier","Freeland, Kyle"
747057,2024-04-02,R,BAL,KC,"Irvin, Cole","Marsh, Alec"
747220,2024-04-02,R,AZ,NYY,"Gallen, Zac","Cortes, Nestor"
744869,2024-04-03,R,WSH,PIT,"Williams, Trevor","Keller, Mitch"
745114,2024-04-03,R,TB,TEX,"Civale, Aaron","Eovaldi, Nathan"
745275,2024-04-03,R,SEA,CLE,"Kirby, George","Allen, Logan"
745440,2024-04-03,R,SD,STL,"Musgrove, Joe","Thompson, Zack"
745603,2024-04-03,R,PHI,CIN,"Wheeler, Zack","Montas, Frankie"
745678,2024-04-03,R,ATH,BOS,"Stripling, Ross","Pivetta, Nick"
746008,2024-04-03,R,MIL,MIN,"Ross, Joe","Paddack, Chris"
746083,2024-04-03,R,MIA,LAA,"Puk, A.J.","Sandoval, Patrick"
746163,2024-04-03,R,LAD,SF,"Glasnow, Tyler","Harrison, Kyle"
746407,2024-04-03,R,HOU,TOR,"Javier, Cristian","Bassitt, Chris"
746900,2024-04-03,R,CHC,COL,"Little, Luke","Quantrill, Cal"
747059,2024-04-03,R,BAL,KC,"Burnes, Corbin","Ragans, Cole"
747219,2024-04-03,R,AZ,NYY,"Kelly, Merrill","Rodón, Carlos"
744870,2024-04-04,R,WSH,PIT,"Gray, Josiah","Pérez, Martín"
745200,2024-04-04,R,STL,MIA,"Lynn, Lance","Weathers, Ryan"
745843,2024-04-04,R,NYM,DET,"Buttó, José","Manning, Matt"
745844,2024-04-04,R,NYM,DET,"Houser, Adrian","Mize, Casey"
745928,2024-04-04,R,MIN,CLE,"López, Pablo","Bibee, Tanner"
746327,2024-04-04,R,KC,CWS,"Lugo, Seth","Soroka, Michael"
744874,2024-04-05,R,WSH,PHI,"Corbin, Patrick","Nola, Aaron"
745033,2024-04-05,R,TEX,HOU,"Bradford, Cody","Brown, Hunter"
745361,2024-04-05,R,SF,SD,"Hicks, Jordan","Cease, Dylan"
745524,2024-04-05,R,PIT,BAL,"Jones, Jared","Rodriguez, Grayson"
745764,2024-04-05,R,NYY,TOR,"Stroman, Marcus","Kikuchi, Yusei"
746007,2024-04-05,R,MIL,SEA,"Peralta, Freddy","Gilbert, Logan"
746249,2024-04-05,R,LAA,BOS,"Canning, Griffin","Crawford, Kutter"
746328,2024-04-05,R,KC,CWS,"Singer, Brady","Fedde, Erick"
746497,2024-04-05,R,DET,ATH,"Skubal, Tarik","Sears, JP"
746576,2024-04-05,R,COL,TB,"Gomber, Austin","Littell, Zack"
746733,2024-04-05,R,CIN,NYM,"Greene, Hunter","Quintana, Jose"
746897,2024-04-05,R,CHC,LAD,"Hendricks, Kyle","Miller, Bobby"
747143,2024-04-05,R,ATL,AZ,"Strider, Spencer","Henry, Tommy"
744873,2024-04-06,R,WSH,PHI,"Irvin, Jake","Suarez, Ranger"
745031,2024-04-06,R,TEX,HOU,"Gray, Jon","France, J.P."
745197,2024-04-06,R,STL,MIA,"Matz, Steven","Rogers, Trevor"
745359,2024-04-06,R,SF,SD,"Winn, Keaton","King, Michael"
745522,2024-04-06,R,PIT,BAL,"Falter, Bailey","Wells, Tyler"
745766,2024-04-06,R,NYY,TOR,"Schmidt, Clarke","Gausman, Kevin"
745926,2024-04-06,R,MIN,CLE,"Ryan, Joe","Carrasco, Carlos"
746006,2024-04-06,R,MIL,SEA,"Hall, DL","Miller, Bryce"
746248,2024-04-06,R,LAA,BOS,"Detmers, Reid","Whitlock, Garrett"
746329,2024-04-06,R,KC,CWS,"Wacha, Michael","Flexen, Chris"
746498,2024-04-06,R,DET,ATH,"Maeda, Kenta","Blackburn, Paul"
746575,2024-04-06,R,COL,TB,"Feltner, Ryan","Alexander, Tyler"
746731,2024-04-06,R,CIN,NYM,"Martinez, Nick","Severino, Luis"
746896,2024-04-06,R,CHC,LAD,"Wicks, Jordan","Yamamoto, Yoshinobu"
747140,2024-04-06,R,ATL,AZ,"Fried, Max","Pfaadt, Brandon"
744871,2024-04-07,R,WSH,PHI,"Gore, MacKenzie","Sánchez, Cristopher"
745032,2024-04-07,R,TEX,HOU,"Dunning, Dane","Blanco, Ronel"
745198,2024-04-07,R,STL,MIA,"Gibson, Kyle","Meyer, Max"
745362,2024-04-07,R,SF,SD,"Webb, Logan","Waldron, Matt"
745523,2024-04-07,R,PIT,BAL,"Gonzales, Marco","Kremer, Dean"
745765,2024-04-07,R,NYY,TOR,"Gil, Luis","Francis, Bowden"
746003,2024-04-07,R,MIL,SEA,"Rea, Colin","Hancock, Emerson"
746251,2024-04-07,R,LAA,BOS,"Silseth, Chase","Houck, Tanner"
746330,2024-04-07,R,KC,CWS,"Marsh, Alec","Crochet, Garrett"
746493,2024-04-07,R,DET,ATH,"Flaherty, Jack","Boyle, Joe"
746574,2024-04-07,R,COL,TB,"Hudson, Dakota","Pepiot, Ryan"
746734,2024-04-07,R,CIN,NYM,"Abbott, Andrew","Manaea, Sean"
746895,2024-04-07,R,CHC,LAD,"Imanaga, Shota","Stone, Gavin"
747141,2024-04-07,R,ATL,AZ,"Sale, Chris","Nelson, Ryne"
744956,2024-04-08,R,TOR,SEA,"Berríos, José","Castillo, Luis"
745034,2024-04-08,R,TEX,HOU,"Heaney, Andrew","Henley, Blair"
745194,2024-04-08,R,STL,PHI,"Mikolas, Miles","Turnbull, Spencer"
745363,2024-04-08,R,SF,WSH,"Snell, Blake","Williams, Trevor"
745432,2024-04-08,R,SD,CHC,"Darvish, Yu","Assad, Javier"
745520,2024-04-08,R,PIT,DET,"Keller, Mitch","Olson, Reese"
745761,2024-04-08,R,NYY,MIA,"Cortes, Nestor","Luzardo, Jesús"
745925,2024-04-08,R,MIN,LAD,"Ober, Bailey","Paxton, James"
746252,2024-04-08,R,LAA,TB,"Anderson, Tyler","Eflin, Zach"
746569,2024-04-08,R,COL,AZ,"Freeland, Kyle","Gallen, Zac"
746654,2024-04-08,R,CLE,CWS,"McKenzie, Triston","Banks, Tanner"
746735,2024-04-08,R,CIN,MIL,"Ashcraft, Graham","Ashby, Aaron"
747142,2024-04-08,R,ATL,NYM,"Morton, Charlie","Teheran, Julio"
744957,2024-04-09,R,TOR,SEA,"Bassitt, Chris","Kirby, George"
745030,2024-04-09,R,TEX,ATH,"Eovaldi, Nathan","Wood, Alex"
745195,2024-04-09,R,STL,PHI,"Gray, Sonny","Wheeler, Zack"
745357,2024-04-09,R,SF,WSH,"Harrison, Kyle","Adon, Joan"
745433,2024-04-09,R,SD,CHC,"Musgrove, Joe","Brown, Ben"
745517,2024-04-09,R,PIT,DET,"Pérez, Martín","Mize, Casey"
745762,2024-04-09,R,NYY,MIA,"Rodón, Carlos","Puk, A.J."
745924,2024-04-09,R,MIN,LAD,"Varland, Louis","Glasnow, Tyler"
746250,2024-04-09,R,LAA,TB,"Sandoval, Patrick","Civale, Aaron"
746326,2024-04-09,R,KC,HOU,"Ragans, Cole","Javier, Cristian"
746571,2024-04-09,R,COL,AZ,"Quantrill, Cal","Kelly, Merrill"
746653,2024-04-09,R,CLE,CWS,"Allen, Logan","Soroka, Michael"
746732,2024-04-09,R,CIN,MIL,"Montas, Frankie","Ross, Joe"
746981,2024-04-09,R,BOS,BAL,"Bello, Brayan","Burnes, Corbin"
747138,2024-04-09,R,ATL,NYM,"López, Reynaldo","Houser, Adrian"
744950,2024-04-10,R,TOR,SEA,"Kikuchi, Yusei","Gilbert, Logan"
745024,2024-04-10,R,TEX,ATH,"Bradford, Cody","Stripling, Ross"
745196,2024-04-10,R,STL,PHI,"Lynn, Lance","Nola, Aaron"
745355,2024-04-10,R,SF,WSH,"Hicks, Jordan","Corbin, Patrick"
745429,2024-04-10,R,SD,CHC,"Cease, Dylan","Hendricks, Kyle"
745763,2024-04-10,R,NYY,MIA,"Stroman, Marcus","Weathers, Ryan"
745923,2024-04-10,R,MIN,LAD,"Paddack, Chris","Miller, Bobby"
746247,2024-04-10,R,LAA,TB,"Soriano, José","Littell, Zack"
746323,2024-04-10,R,KC,HOU,"Lugo, Seth","Arrighetti, Spencer"
746573,2024-04-10,R,COL,AZ,"Gomber, Austin","Henry, Tommy"
746655,2024-04-10,R,CLE,CWS,"Bibee, Tanner","Fedde, Erick"
746728,2024-04-10,R,CIN,MIL,"Greene, Hunter","Miley, Wade"
746980,2024-04-10,R,BOS,BAL,"Crawford, Kutter","Irvin, Cole"
745029,2024-04-11,R,TEX,ATH,"Gray, Jon","Sears, JP"
745601,2024-04-11,R,PHI,PIT,"Suarez, Ranger","Jones, Jared"
746322,2024-04-11,R,KC,HOU,"Singer, Brady","Brown, Hunter"
746977,2024-04-11,R,BOS,BAL,"Whitlock, Garrett","Rodriguez, Grayson"
747137,2024-04-11,R,ATL,NYM,"Winans, Allan","Quintana, Jose"
744954,2024-04-12,R,TOR,COL,"Gausman, Kevin","Feltner, Ryan"
745112,2024-04-12,R,TB,SF,"Waguespack, Jacob","Winn, Keaton"
745274,2024-04-12,R,SEA,CHC,"Miller, Bryce","Wicks, Jordan"
745596,2024-04-12,R,PHI,PIT,"Sánchez, Cristopher","Falter, Bailey"
745679,2024-04-12,R,ATH,WSH,"Blackburn, Paul","Irvin, Jake"
745838,2024-04-12,R,NYM,KC,"Severino, Luis","Wacha, Michael"
746084,2024-04-12,R,MIA,ATL,"Rogers, Trevor","Fried, Max"
746162,2024-04-12,R,LAD,SD,"Yamamoto, Yoshinobu","King, Michael"
746408,2024-04-12,R,HOU,TEX,"France, J.P.","Dunning, Dane"
746491,2024-04-12,R,DET,MIN,"Skubal, Tarik","López, Pablo"
746812,2024-04-12,R,CWS,CIN,"Flexen, Chris","Abbott, Andrew"
746978,2024-04-12,R,BOS,LAA,"Houck, Tanner","Detmers, Reid"
747055,2024-04-12,R,BAL,MIL,"Wells, Tyler","Peralta, Freddy"
747217,2024-04-12,R,AZ,STL,"Pfaadt, Brandon","Matz, Steven"
744953,2024-04-13,R,TOR,COL,"Rodríguez, Yariel","Hudson, Dakota"
745110,2024-04-13,R,TB,SF,"Pepiot, Ryan","Webb, Logan"
745272,2024-04-13,R,SEA,CHC,"Hancock, Emerson","Imanaga, Shota"
745594,2024-04-13,R,PHI,PIT,"Turnbull, Spencer","Gonzales, Marco"
745676,2024-04-13,R,ATH,WSH,"Boyle, Joe","Gore, MacKenzie"
745839,2024-04-13,R,NYM,KC,"Manaea, Sean","Marsh, Alec"
746082,2024-04-13,R,MIA,ATL,"Meyer, Max","Sale, Chris"
746161,2024-04-13,R,LAD,SD,"Stone, Gavin","Waldron, Matt"
746405,2024-04-13,R,HOU,TEX,"Blanco, Ronel","Heaney, Andrew"
746489,2024-04-13,R,DET,MIN,"Maeda, Kenta","Ryan, Joe"
746490,2024-04-13,R,DET,MIN,"Manning, Matt","Woods Richardson, Simeon"
746656,2024-04-13,R,CLE,NYY,"Carrasco, Carlos","Schmidt, Clarke"
746658,2024-04-13,R,CLE,NYY,"McKenzie, Triston","Poteet, Cody"
746811,2024-04-13,R,CWS,CIN,"Crochet, Garrett","Lodolo, Nick"
746979,2024-04-13,R,BOS,LAA,"Criswell, Cooper","Canning, Griffin"
747054,2024-04-13,R,BAL,MIL,"Kremer, Dean","Hall, DL"
747215,2024-04-13,R,AZ,STL,"Nelson, Ryne","Gibson, Kyle"
744952,2024-04-14,R,TOR,COL,"Berríos, José","Freeland, Kyle"
745113,2024-04-14,R,TB,SF,"Armstrong, Shawn","Snell, Blake"
745271,2024-04-14,R,SEA,CHC,"Castillo, Luis","Assad, Javier"
745595,2024-04-14,R,PHI,PIT,"Wheeler, Zack","Keller, Mitch"
745681,2024-04-14,R,ATH,WSH,"Wood, Alex","Williams, Trevor"
745841,2024-04-14,R,NYM,KC,"Buttó, José","Ragans, Cole"
746079,2024-04-14,R,MIA,ATL,"Luzardo, Jesús","Morton, Charlie"
746164,2024-04-14,R,LAD,SD,"Paxton, James","Darvish, Yu"
746404,2024-04-14,R,HOU,TEX,"Javier, Cristian","Eovaldi, Nathan"
746492,2024-04-14,R,DET,MIN,"Flaherty, Jack","Ober, Bailey"
746648,2024-04-14,R,CLE,NYY,"Allen, Logan","Cortes, Nestor"
746810,2024-04-14,R,CWS,CIN,"Soroka, Michael","Ashcraft, Graham"
746975,2024-04-14,R,BOS,LAA,"Bello, Brayan","Anderson, Tyler"
747056,2024-04-14,R,BAL,MIL,"Burnes, Corbin","Rea, Colin"
747216,2024-04-14,R,AZ,STL,"Gallen, Zac","Mikolas, Miles"
744951,2024-04-15,R,TOR,NYY,"Bassitt, Chris","Gil, Luis"
745106,2024-04-15,R,TB,LAA,"Eflin, Zach","Sandoval, Patrick"
745268,2024-04-15,R,SEA,CIN,"Kirby, George","Montas, Frankie"
745597,2024-04-15,R,PHI,COL,"Nola, Aaron","Quantrill, Cal"
745677,2024-04-15,R,ATH,STL,"Stripling, Ross","Gray, Sonny"
745840,2024-04-15,R,NYM,PIT,"Houser, Adrian","Pérez, Martín"
746002,2024-04-15,R,MIL,SD,"Ross, Joe","Musgrove, Joe"
746080,2024-04-15,R,MIA,SF,"Cabrera, Edward","Harrison, Kyle"
746158,2024-04-15,R,LAD,WSH,"Glasnow, Tyler","Parker, Mitchell"
746406,2024-04-15,R,HOU,ATL,"Arrighetti, Spencer","Vines, Darius"
746488,2024-04-15,R,DET,TEX,"Olson, Reese","Lorenzen, Michael"
746813,2024-04-15,R,CWS,KC,"Nastrini, Nick","Lugo, Seth"
746974,2024-04-15,R,BOS,CLE,"Crawford, Kutter","Curry, Xzavion"
747053,2024-04-15,R,BAL,MIN,"Irvin, Cole","Varland, Louis"
747213,2024-04-15,R,AZ,CHC,"Kelly, Merrill","Brown, Ben"
744944,2024-04-16,R,TOR,NYY,"Kikuchi, Yusei","Rodón, Carlos"
745108,2024-04-16,R,TB,LAA,"Civale, Aaron","Soriano, José"
745270,2024-04-16,R,SEA,CIN,"Gilbert, Logan","Greene, Hunter"
745593,2024-04-16,R,PHI,COL,"Suarez, Ranger","Gomber, Austin"
745674,2024-04-16,R,ATH,STL,"Sears, JP","Lynn, Lance"
745837,2024-04-16,R,NYM,PIT,"Quintana, Jose","Jones, Jared"
746004,2024-04-16,R,MIL,SD,"Miley, Wade","Cease, Dylan"
746081,2024-04-16,R,MIA,SF,"Weathers, Ryan","Hicks, Jordan"
746157,2024-04-16,R,LAD,WSH,"Hurt, Kyle","Corbin, Patrick"
746400,2024-04-16,R,HOU,ATL,"Brown, Hunter","López, Reynaldo"
746486,2024-04-16,R,DET,TEX,"Mize, Casey","Gray, Jon"
746976,2024-04-16,R,BOS,CLE,"Whitlock, Garrett","Bibee, Tanner"
747051,2024-04-16,R,BAL,MIN,"Rodriguez, Grayson","Paddack, Chris"
747214,2024-04-16,R,AZ,CHC,"Henry, Tommy","Hendricks, Kyle"
744948,2024-04-17,R,TOR,NYY,"Gausman, Kevin","Stroman, Marcus"
745105,2024-04-17,R,TB,LAA,"Littell, Zack","Detmers, Reid"
745267,2024-04-17,R,SEA,CIN,"Miller, Bryce","Abbott, Andrew"
745591,2024-04-17,R,PHI,COL,"Sánchez, Cristopher","Feltner, Ryan"
745671,2024-04-17,R,ATH,STL,"Blackburn, Paul","Matz, Steven"
745836,2024-04-17,R,NYM,PIT,"Severino, Luis","Falter, Bailey"
746005,2024-04-17,R,MIL,SD,"Wilson, Bryse","King, Michael"
746076,2024-04-17,R,MIA,SF,"Rogers, Trevor","Winn, Keaton"
746159,2024-04-17,R,LAD,WSH,"Knack, Landon","Irvin, Jake"
746401,2024-04-17,R,HOU,ATL,"France, J.P.","Fried, Max"
746487,2024-04-17,R,DET,TEX,"Skubal, Tarik","Dunning, Dane"
746807,2024-04-17,R,CWS,KC,"Cannon, Jonathan","Singer, Brady"
746809,2024-04-17,R,CWS,KC,"Fedde, Erick","Wacha, Michael"
746973,2024-04-17,R,BOS,CLE,"Houck, Tanner","Lively, Ben"
747049,2024-04-17,R,BAL,MIN,"Suárez, Albert","López, Pablo"
747212,2024-04-17,R,AZ,CHC,"Pfaadt, Brandon","Wicks, Jordan"
745104,2024-04-18,R,TB,LAA,"Pepiot, Ryan","Canning, Griffin"
745356,2024-04-18,R,SF,AZ,"Webb, Logan","Nelson, Ryne"
746485,2024-04-18,R,DET,TEX,"Maeda, Kenta","Leiter, Jack"
746970,2024-04-18,R,BOS,CLE,"Bernardino, Brennan","Carrasco, Carlos"
744872,2024-04-19,R,WSH,HOU,"Gore, MacKenzie","Verlander, Justin"
745189,2024-04-19,R,STL,MIL,"Gibson, Kyle","Peralta, Freddy"
745352,2024-04-19,R,SF,AZ,"Snell, Blake","Montgomery, Jordan"
745430,2024-04-19,R,SD,TOR,"Waldron, Matt","Rodríguez, Yariel"
745518,2024-04-19,R,PIT,BOS,"Priester, Quinn","Bello, Brayan"
745592,2024-04-19,R,PHI,CWS,"Turnbull, Spencer","Crochet, Garrett"
745758,2024-04-19,R,NYY,TB,"Schmidt, Clarke","Alexander, Tyler"
745922,2024-04-19,R,MIN,DET,"Ryan, Joe","Flaherty, Jack"
746160,2024-04-19,R,LAD,NYM,"Yamamoto, Yoshinobu","Manaea, Sean"
746325,2024-04-19,R,KC,BAL,"Marsh, Alec","Kremer, Dean"
746650,2024-04-19,R,CLE,ATH,"McKenzie, Triston","Boyle, Joe"
746729,2024-04-19,R,CIN,LAA,"Lodolo, Nick","Anderson, Tyler"
746892,2024-04-19,R,CHC,MIA,"Taillon, Jameson","Puk, A.J."
747136,2024-04-19,R,ATL,TEX,"Sale, Chris","Heaney, Andrew"
744865,2024-04-20,R,WSH,HOU,"Williams, Trevor","Blanco, Ronel"
745190,2024-04-20,R,STL,MIL,"Mikolas, Miles","Hall, DL"
745354,2024-04-20,R,SF,AZ,"Harrison, Kyle","Gallen, Zac"
745431,2024-04-20,R,SD,TOR,"Vásquez, Randy","Berríos, José"
745515,2024-04-20,R,PIT,BOS,"Keller, Mitch","Crawford, Kutter"
745590,2024-04-20,R,PHI,CWS,"Wheeler, Zack","Soroka, Michael"
745760,2024-04-20,R,NYY,TB,"Cortes, Nestor","Eflin, Zach"
745921,2024-04-20,R,MIN,DET,"Ober, Bailey","Olson, Reese"
746156,2024-04-20,R,LAD,NYM,"Stone, Gavin","Buttó, José"
746324,2024-04-20,R,KC,BAL,"Ragans, Cole","Burnes, Corbin"
746570,2024-04-20,R,COL,SEA,"Hudson, Dakota","Castillo, Luis"
746651,2024-04-20,R,CLE,ATH,"Allen, Logan","Wood, Alex"
746726,2024-04-20,R,CIN,LAA,"Ashcraft, Graham","Sandoval, Patrick"
746891,2024-04-20,R,CHC,MIA,"Imanaga, Shota","Muñoz, Roddery"
746893,2024-04-20,R,CHC,MIA,"Assad, Javier","Luzardo, Jesús"
747135,2024-04-20,R,ATL,TEX,"Morton, Charlie","Eovaldi, Nathan"
744866,2024-04-21,R,WSH,HOU,"Parker, Mitchell","Brown, Hunter"
745192,2024-04-21,R,STL,MIL,"Gray, Sonny","Rea, Colin"
745353,2024-04-21,R,SF,AZ,"Hicks, Jordan","Cecconi, Slade"
745434,2024-04-21,R,SD,TOR,"Musgrove, Joe","Bassitt, Chris"
745514,2024-04-21,R,PIT,BOS,"Pérez, Martín","Winckowski, Josh"
745588,2024-04-21,R,PHI,CWS,"Nola, Aaron","Nastrini, Nick"
745759,2024-04-21,R,NYY,TB,"Gil, Luis","Civale, Aaron"
745920,2024-04-21,R,MIN,DET,"Varland, Louis","Mize, Casey"
746154,2024-04-21,R,LAD,NYM,"Glasnow, Tyler","Houser, Adrian"
746316,2024-04-21,R,KC,BAL,"Lugo, Seth","Irvin, Cole"
746568,2024-04-21,R,COL,SEA,"Quantrill, Cal","Kirby, George"
746572,2024-04-21,R,COL,SEA,"Lambert, Peter","Hancock, Emerson"
746652,2024-04-21,R,CLE,ATH,"Bibee, Tanner","Stripling, Ross"
746727,2024-04-21,R,CIN,LAA,"Montas, Frankie","Soriano, José"
746894,2024-04-21,R,CHC,MIA,"Hendricks, Kyle","Cabrera, Edward"
747133,2024-04-21,R,ATL,TEX,"Vines, Darius","Lorenzen, Michael"
745107,2024-04-22,R,TB,DET,"Littell, Zack","Skubal, Tarik"
745191,2024-04-22,R,STL,AZ,"Lynn, Lance","Pfaadt, Brandon"
745351,2024-04-22,R,SF,NYM,"Winn, Keaton","Quintana, Jose"
745519,2024-04-22,R,PIT,MIL,"Jones, Jared","Ross, Joe"
745757,2024-04-22,R,NYY,ATH,"Rodón, Carlos","Sears, JP"
745916,2024-04-22,R,MIN,CWS,"Paddack, Chris","Cannon, Jonathan"
746242,2024-04-22,R,LAA,BAL,"Detmers, Reid","Suárez, Albert"
746319,2024-04-22,R,KC,TOR,"Singer, Brady","Kikuchi, Yusei"
746565,2024-04-22,R,COL,SD,"Gomber, Austin","Cease, Dylan"
746723,2024-04-22,R,CIN,PHI,"Greene, Hunter","Suarez, Ranger"
747134,2024-04-22,R,ATL,MIA,"Elder, Bryce","Weathers, Ryan"
744863,2024-04-23,R,WSH,LAD,"Corbin, Patrick","Paxton, James"
745026,2024-04-23,R,TEX,SEA,"Dunning, Dane","Gilbert, Logan"
745102,2024-04-23,R,TB,DET,"Pepiot, Ryan","Maeda, Kenta"
745193,2024-04-23,R,STL,AZ,"Matz, Steven","Henry, Tommy"
745348,2024-04-23,R,SF,NYM,"Webb, Logan","Severino, Luis"
745516,2024-04-23,R,PIT,MIL,"Falter, Bailey","Myers, Tobias"
745754,2024-04-23,R,NYY,ATH,"Stroman, Marcus","Blackburn, Paul"
745917,2024-04-23,R,MIN,CWS,"López, Pablo","Fedde, Erick"
746246,2024-04-23,R,LAA,BAL,"Canning, Griffin","Rodriguez, Grayson"
746321,2024-04-23,R,KC,TOR,"Wacha, Michael","Gausman, Kevin"
746566,2024-04-23,R,COL,SD,"Feltner, Ryan","King, Michael"
746647,2024-04-23,R,CLE,BOS,"Lively, Ben","Houck, Tanner"
746722,2024-04-23,R,CIN,PHI,"Abbott, Andrew","Sánchez, Cristopher"
746888,2024-04-23,R,CHC,HOU,"Wicks, Jordan","France, J.P."
747130,2024-04-23,R,ATL,MIA,"Fried, Max","Rogers, Trevor"
744864,2024-04-24,R,WSH,LAD,"Irvin, Jake","Knack, Landon"
745028,2024-04-24,R,TEX,SEA,"Gray, Jon","Miller, Bryce"
745099,2024-04-24,R,TB,DET,"Armstrong, Shawn","Flaherty, Jack"
745188,2024-04-24,R,STL,AZ,"Gibson, Kyle","Montgomery, Jordan"
745346,2024-04-24,R,SF,NYM,"Walker, Ryan","Manaea, Sean"
745513,2024-04-24,R,PIT,MIL,"Fleming, Josh","Wilson, Bryse"
745753,2024-04-24,R,NYY,ATH,"Schmidt, Clarke","Boyle, Joe"
745919,2024-04-24,R,MIN,CWS,"Ryan, Joe","Crochet, Garrett"
746244,2024-04-24,R,LAA,BAL,"Anderson, Tyler","Kremer, Dean"
746317,2024-04-24,R,KC,TOR,"Marsh, Alec","Rodríguez, Yariel"
746567,2024-04-24,R,COL,SD,"Blach, Ty","Waldron, Matt"
746649,2024-04-24,R,CLE,BOS,"Carrasco, Carlos","Criswell, Cooper"
746725,2024-04-24,R,CIN,PHI,"Lodolo, Nick","Turnbull, Spencer"
746889,2024-04-24,R,CHC,HOU,"Taillon, Jameson","Arrighetti, Spencer"
747132,2024-04-24,R,ATL,MIA,"López, Reynaldo","Sánchez, Sixto"
744867,2024-04-25,R,WSH,LAD,"Gore, MacKenzie","Yamamoto, Yoshinobu"
745027,2024-04-25,R,TEX,SEA,"Heaney, Andrew","Castillo, Luis"
745512,2024-04-25,R,PIT,MIL,"Keller, Mitch","Peralta, Freddy"
745755,2024-04-25,R,NYY,ATH,"Cortes, Nestor","Wood, Alex"
745918,2024-04-25,R,MIN,CWS,"Woods Richardson, Simeon","Soroka, Michael"
746320,2024-04-25,R,KC,TOR,"Ragans, Cole","Berríos, José"
746564,2024-04-25,R,COL,SD,"Hudson, Dakota","Vásquez, Randy"
746646,2024-04-25,R,CLE,BOS,"McKenzie, Triston","Anderson, Chase"
746724,2024-04-25,R,CIN,PHI,"Martinez, Nick","Wheeler, Zack"
746887,2024-04-25,R,CHC,HOU,"Assad, Javier","Verlander, Justin"
744949,2024-04-26,R,TOR,LAD,"Bassitt, Chris","Stone, Gavin"
745025,2024-04-26,R,TEX,CIN,"Eovaldi, Nathan","Ashcraft, Graham"
745269,2024-04-26,R,SEA,AZ,"Hancock, Emerson","Gallen, Zac"
745347,2024-04-26,R,SF,PIT,"Harrison, Kyle","Priester, Quinn"
745424,2024-04-26,R,SD,PHI,"Musgrove, Joe","Nola, Aaron"
745835,2024-04-26,R,NYM,STL,"Buttó, José","Mikolas, Miles"
746000,2024-04-26,R,MIL,NYY,"Rea, Colin","Gil, Luis"
746078,2024-04-26,R,MIA,WSH,"Maldonado, Anthony","Williams, Trevor"
746243,2024-04-26,R,LAA,MIN,"Sandoval, Patrick","Ober, Bailey"
746482,2024-04-26,R,DET,KC,"Olson, Reese","Lugo, Seth"
746808,2024-04-26,R,CWS,TB,"Flexen, Chris","Eflin, Zach"
746972,2024-04-26,R,BOS,CHC,"Crawford, Kutter","Imanaga, Shota"
747050,2024-04-26,R,BAL,ATH,"Burnes, Corbin","Stripling, Ross"
747129,2024-04-26,R,ATL,CLE,"Sale, Chris","Allen, Logan"
744946,2024-04-27,R,TOR,LAD,"Kikuchi, Yusei","Glasnow, Tyler"
745020,2024-04-27,R,TEX,CIN,"Lorenzen, Michael","Greene, Hunter"
745266,2024-04-27,R,SEA,AZ,"Kirby, George","Cecconi, Slade"
745350,2024-04-27,R,SF,PIT,"Hicks, Jordan","Pérez, Martín"
745425,2024-04-27,R,SD,PHI,"Cease, Dylan","Suarez, Ranger"
745833,2024-04-27,R,NYM,STL,"Houser, Adrian","Gray, Sonny"
745998,2024-04-27,R,MIL,NYY,"Ross, Joe","Rodón, Carlos"
746075,2024-04-27,R,MIA,WSH,"Cabrera, Edward","Parker, Mitchell"
746245,2024-04-27,R,LAA,MIN,"Soriano, José","Paddack, Chris"
746484,2024-04-27,R,DET,KC,"Mize, Casey","Singer, Brady"
746560,2024-04-27,R,COL,HOU,"Quantrill, Cal","Blanco, Ronel"
746803,2024-04-27,R,CWS,TB,"Cannon, Jonathan","Civale, Aaron"
746971,2024-04-27,R,BOS,CHC,"Winckowski, Josh","Brown, Ben"
747052,2024-04-27,R,BAL,ATH,"Irvin, Cole","Sears, JP"
747131,2024-04-27,R,ATL,CLE,"Morton, Charlie","Bibee, Tanner"
744947,2024-04-28,R,TOR,LAD,"Gausman, Kevin","Grove, Michael"
745022,2024-04-28,R,TEX,CIN,"Dunning, Dane","Abbott, Andrew"
745265,2024-04-28,R,SEA,AZ,"Gilbert, Logan","Pfaadt, Brandon"
745349,2024-04-28,R,SF,PIT,"Winn, Keaton","Jones, Jared"
745428,2024-04-28,R,SD,PHI,"King, Michael","Walker, Taijuan"
745834,2024-04-28,R,NYM,STL,"Quintana, Jose","Lynn, Lance"
746001,2024-04-28,R,MIL,NYY,"Myers, Tobias","Stroman, Marcus"
746077,2024-04-28,R,MIA,WSH,"Weathers, Ryan","Corbin, Patrick"
746237,2024-04-28,R,LAA,MIN,"Detmers, Reid","López, Pablo"
746483,2024-04-28,R,DET,KC,"Skubal, Tarik","Wacha, Michael"
746561,2024-04-28,R,COL,HOU,"Gomber, Austin","Valdez, Framber"
746805,2024-04-28,R,CWS,TB,"Fedde, Erick","Littell, Zack"
746967,2024-04-28,R,BOS,CHC,"Houck, Tanner","Wesneski, Hayden"
747045,2024-04-28,R,BAL,ATH,"Suárez, Albert","Blackburn, Paul"
747125,2024-04-28,R,ATL,CLE,"Elder, Bryce","Lively, Ben"
744945,2024-04-29,R,TOR,KC,"Rodríguez, Yariel","Bowlan, Jonathan"
745263,2024-04-29,R,SEA,ATL,"Miller, Bryce","Fried, Max"
745427,2024-04-29,R,SD,CIN,"Waldron, Matt","Lodolo, Nick"
745672,2024-04-29,R,ATH,PIT,"Boyle, Joe","Falter, Bailey"
745832,2024-04-29,R,NYM,CHC,"Severino, Luis","Taillon, Jameson"
745999,2024-04-29,R,MIL,TB,"Wilson, Bryse","Pepiot, Ryan"
746074,2024-04-29,R,MIA,WSH,"Rogers, Trevor","Irvin, Jake"
746236,2024-04-29,R,LAA,PHI,"Canning, Griffin","Sánchez, Cristopher"
746804,2024-04-29,R,CWS,MIN,"Crochet, Garrett","Ryan, Joe"
747046,2024-04-29,R,BAL,NYY,"Rodriguez, Grayson","Schmidt, Clarke"
747211,2024-04-29,R,AZ,LAD,"Henry, Tommy","Paxton, James"
744942,2024-04-30,R,TOR,KC,"Berríos, José","Ragans, Cole"
745018,2024-04-30,R,TEX,WSH,"Gray, Jon","Gore, MacKenzie"
745260,2024-04-30,R,SEA,ATL,"Castillo, Luis","López, Reynaldo"
745426,2024-04-30,R,SD,CIN,"Darvish, Yu","Martinez, Nick"
745673,2024-04-30,R,ATH,PIT,"Wood, Alex","Keller, Mitch"
745831,2024-04-30,R,NYM,CHC,"Manaea, Sean","Assad, Javier"
745997,2024-04-30,R,MIL,TB,"Peralta, Freddy","Alexander, Tyler"
746073,2024-04-30,R,MIA,COL,"Sánchez, Sixto","Feltner, Ryan"
746239,2024-04-30,R,LAA,PHI,"Anderson, Tyler","Turnbull, Spencer"
746398,2024-04-30,R,HOU,CLE,"Brown, Hunter","Carrasco, Carlos"
746477,2024-04-30,R,DET,STL,"Flaherty, Jack","Gibson, Kyle"
746481,2024-04-30,R,DET,STL,"Manning, Matt","Matz, Steven"
746806,2024-04-30,R,CWS,MIN,"Soroka, Michael","Woods Richardson, Simeon"
746968,2024-04-30,R,BOS,SF,"Criswell, Cooper","Webb, Logan"
747047,2024-04-30,R,BAL,NYY,"Kremer, Dean","Cortes, Nestor"
747210,2024-04-30,R,AZ,LAD,"Hughes, Brandon","Knack, Landon"
744939,2024-05-01,R,TOR,KC,"Bassitt, Chris","Lugo, Seth"
745023,2024-05-01,R,TEX,WSH,"Heaney, Andrew","Williams, Trevor"
745261,2024-05-01,R,SEA,ATL,"Hancock, Emerson","Sale, Chris"
745423,2024-05-01,R,SD,CIN,"Musgrove, Joe","Ashcraft, Graham"
745670,2024-05-01,R,ATH,PIT,"Stripling, Ross","Priester, Quinn"
745829,2024-05-01,R,NYM,CHC,"Buttó, José","Imanaga, Shota"
745996,2024-05-01,R,MIL,TB,"Rea, Colin","Eflin, Zach"
746072,2024-05-01,R,MIA,COL,"Muñoz, Roddery","Hudson, Dakota"
746238,2024-05-01,R,LAA,PHI,"Sandoval, Patrick","Wheeler, Zack"
746399,2024-05-01,R,HOU,CLE,"Verlander, Justin","McKenzie, Triston"
746478,2024-05-01,R,DET,STL,"Maeda, Kenta","Mikolas, Miles"
746800,2024-05-01,R,CWS,MIN,"Flexen, Chris","Ober, Bailey"
746966,2024-05-01,R,BOS,SF,"Crawford, Kutter","Miller, Erik"
747048,2024-05-01,R,BAL,NYY,"Burnes, Corbin","Gil, Luis"
747207,2024-05-01,R,AZ,LAD,"Montgomery, Jordan","Yamamoto, Yoshinobu"
745021,2024-05-02,R,TEX,WSH,"Eovaldi, Nathan","Parker, Mitchell"
745830,2024-05-02,R,NYM,CHC,"Houser, Adrian","Brown, Ben"
746070,2024-05-02,R,MIA,COL,"Cabrera, Edward","Lambert, Peter"
746403,2024-05-02,R,HOU,CLE,"Arrighetti, Spencer","Allen, Logan"
746969,2024-05-02,R,BOS,SF,"Winckowski, Josh","Harrison, Kyle"
747044,2024-05-02,R,BAL,NYY,"Bradish, Kyle","Rodón, Carlos"
744868,2024-05-03,R,WSH,TOR,"Corbin, Patrick","Kikuchi, Yusei"
745101,2024-05-03,R,TB,NYM,"Civale, Aaron","Quintana, Jose"
745187,2024-05-03,R,STL,CWS,"Gray, Sonny","Keller, Brad"
745510,2024-05-03,R,PIT,COL,"Pérez, Martín","Quantrill, Cal"
745589,2024-05-03,R,PHI,SF,"Nola, Aaron","Hicks, Jordan"
745665,2024-05-03,R,ATH,MIA,"Sears, JP","Weathers, Ryan"
745756,2024-05-03,R,NYY,DET,"Stroman, Marcus","Olson, Reese"
745914,2024-05-03,R,MIN,BOS,"Paddack, Chris","Houck, Tanner"
746152,2024-05-03,R,LAD,ATL,"Stone, Gavin","Morton, Charlie"
746318,2024-05-03,R,KC,TEX,"Singer, Brady","Lorenzen, Michael"
746402,2024-05-03,R,HOU,SEA,"Blanco, Ronel","Kirby, George"
746645,2024-05-03,R,CLE,LAA,"Bibee, Tanner","Soriano, José"
746721,2024-05-03,R,CIN,BAL,"Greene, Hunter","Irvin, Cole"
746890,2024-05-03,R,CHC,MIL,"Wesneski, Hayden","Ross, Joe"
747208,2024-05-03,R,AZ,SD,"Cecconi, Slade","Cease, Dylan"
744862,2024-05-04,R,WSH,TOR,"Irvin, Jake","Gausman, Kevin"
745100,2024-05-04,R,TB,NYM,"Littell, Zack","Scott, Christian"
745183,2024-05-04,R,STL,CWS,"Lynn, Lance","Fedde, Erick"
745511,2024-05-04,R,PIT,COL,"Jones, Jared","Gomber, Austin"
745583,2024-05-04,R,PHI,SF,"Suarez, Ranger","Winn, Keaton"
745666,2024-05-04,R,ATH,MIA,"Blackburn, Paul","Rogers, Trevor"
745750,2024-05-04,R,NYY,DET,"Schmidt, Clarke","Mize, Casey"
745911,2024-05-04,R,MIN,BOS,"López, Pablo","Bernardino, Brennan"
746155,2024-05-04,R,LAD,ATL,"Glasnow, Tyler","Elder, Bryce"
746311,2024-05-04,R,KC,TEX,"Wacha, Michael","Dunning, Dane"
746394,2024-05-04,R,HOU,SEA,"Valdez, Framber","Gilbert, Logan"
746644,2024-05-04,R,CLE,LAA,"Lively, Ben","Detmers, Reid"
746720,2024-05-04,R,CIN,BAL,"Abbott, Andrew","Means, John"
746884,2024-05-04,R,CHC,MIL,"Taillon, Jameson","Myers, Tobias"
747209,2024-05-04,R,AZ,SD,"Pfaadt, Brandon","King, Michael"
744861,2024-05-05,R,WSH,TOR,"Gore, MacKenzie","Manoah, Alek"
745103,2024-05-05,R,TB,NYM,"Pepiot, Ryan","Severino, Luis"
745185,2024-05-05,R,STL,CWS,"Liberatore, Matthew","Crochet, Garrett"
745504,2024-05-05,R,PIT,COL,"Falter, Bailey","Feltner, Ryan"
745587,2024-05-05,R,PHI,SF,"Walker, Taijuan","Webb, Logan"
745667,2024-05-05,R,ATH,MIA,"Boyle, Joe","Sánchez, Sixto"
745751,2024-05-05,R,NYY,DET,"Cortes, Nestor","Skubal, Tarik"
745913,2024-05-05,R,MIN,BOS,"Ryan, Joe","Criswell, Cooper"
746153,2024-05-05,R,LAD,ATL,"Paxton, James","Fried, Max"
746314,2024-05-05,R,KC,TEX,"Lynch IV, Daniel","Gray, Jon"
746395,2024-05-05,R,HOU,SEA,"Brown, Hunter","Miller, Bryce"
746643,2024-05-05,R,CLE,LAA,"Carrasco, Carlos","Canning, Griffin"
746719,2024-05-05,R,CIN,BAL,"Lodolo, Nick","Kremer, Dean"
746883,2024-05-05,R,CHC,MIL,"Assad, Javier","Peralta, Freddy"
747206,2024-05-05,R,AZ,SD,"Nelson, Ryne","Waldron, Matt"
745098,2024-05-06,R,TB,CWS,"Alexander, Tyler","Clevinger, Mike"
745182,2024-05-06,R,STL,NYM,"Gibson, Kyle","Manaea, Sean"
745509,2024-05-06,R,PIT,LAA,"Keller, Mitch","Anderson, Tyler"
745585,2024-05-06,R,PHI,SF,"Wheeler, Zack","Black, Mason"
745669,2024-05-06,R,ATH,TEX,"Wood, Alex","Heaney, Andrew"
745912,2024-05-06,R,MIN,SEA,"Woods Richardson, Simeon","Castillo, Luis"
746149,2024-05-06,R,LAD,MIA,"Buehler, Walker","Muñoz, Roddery"
746313,2024-05-06,R,KC,MIL,"Ragans, Cole","Wilson, Bryse"
746639,2024-05-06,R,CLE,DET,"McKenzie, Triston","Flaherty, Jack"
746886,2024-05-06,R,CHC,SD,"Steele, Justin","Darvish, Yu"
744859,2024-05-07,R,WSH,BAL,"Williams, Trevor","Burnes, Corbin"
745095,2024-05-07,R,TB,CWS,"Eflin, Zach","Soroka, Michael"
745186,2024-05-07,R,STL,NYM,"Mikolas, Miles","Buttó, José"
745508,2024-05-07,R,PIT,LAA,"Priester, Quinn","Sandoval, Patrick"
745586,2024-05-07,R,PHI,TOR,"Sánchez, Cristopher","Berríos, José"
745668,2024-05-07,R,ATH,TEX,"Stripling, Ross","Ureña, José"
745752,2024-05-07,R,NYY,HOU,"Gil, Luis","Verlander, Justin"
745915,2024-05-07,R,MIN,SEA,"Ober, Bailey","Hancock, Emerson"
746147,2024-05-07,R,LAD,MIA,"Yamamoto, Yoshinobu","Cabrera, Edward"
746315,2024-05-07,R,KC,MIL,"Lugo, Seth","Rea, Colin"
746559,2024-05-07,R,COL,SF,"Hudson, Dakota","Harrison, Kyle"
746638,2024-05-07,R,CLE,DET,"Allen, Logan","Maeda, Kenta"
746718,2024-05-07,R,CIN,AZ,"Montas, Frankie","Gallen, Zac"
746885,2024-05-07,R,CHC,SD,"Imanaga, Shota","Vásquez, Randy"
747126,2024-05-07,R,ATL,BOS,"López, Reynaldo","Crawford, Kutter"
744858,2024-05-08,R,WSH,BAL,"Parker, Mitchell","Bradish, Kyle"
745097,2024-05-08,R,TB,CWS,"Civale, Aaron","Flexen, Chris"
745507,2024-05-08,R,PIT,LAA,"Pérez, Martín","Soriano, José"
745584,2024-05-08,R,PHI,TOR,"Nola, Aaron","Bassitt, Chris"
745659,2024-05-08,R,ATH,TEX,"Bido, Osvaldo","Leiter, Jack"
745664,2024-05-08,R,ATH,TEX,"Sears, JP","Lorenzen, Michael"
745749,2024-05-08,R,NYY,HOU,"Rodón, Carlos","Arrighetti, Spencer"
745906,2024-05-08,R,MIN,SEA,"Paddack, Chris","Kirby, George"
746151,2024-05-08,R,LAD,MIA,"Stone, Gavin","Weathers, Ryan"
746312,2024-05-08,R,KC,MIL,"Singer, Brady","Ross, Joe"
746562,2024-05-08,R,COL,SF,"Lambert, Peter","Hicks, Jordan"
746640,2024-05-08,R,CLE,DET,"Bibee, Tanner","Olson, Reese"
746717,2024-05-08,R,CIN,AZ,"Ashcraft, Graham","Montgomery, Jordan"
746879,2024-05-08,R,CHC,SD,"Wesneski, Hayden","Cease, Dylan"
747127,2024-05-08,R,ATL,BOS,"Sale, Chris","Pivetta, Nick"
745748,2024-05-09,R,NYY,HOU,"Stroman, Marcus","Blanco, Ronel"
745910,2024-05-09,R,MIN,SEA,"López, Pablo","Gilbert, Logan"
745995,2024-05-09,R,MIL,STL,"Myers, Tobias","Gray, Sonny"
746241,2024-05-09,R,LAA,KC,"Detmers, Reid","Wacha, Michael"
746563,2024-05-09,R,COL,SF,"Quantrill, Cal","Winn, Keaton"
746715,2024-05-09,R,CIN,AZ,"Greene, Hunter","Cecconi, Slade"
746802,2024-05-09,R,CWS,CLE,"Fedde, Erick","Lively, Ben"
744940,2024-05-10,R,TOR,MIN,"Kikuchi, Yusei","Ryan, Joe"
745094,2024-05-10,R,TB,NYY,"Bradley, Taj","Schmidt, Clarke"
745264,2024-05-10,R,SEA,ATH,"Woo, Bryan","Blackburn, Paul"
745340,2024-05-10,R,SF,CIN,"Webb, Logan","Abbott, Andrew"
745421,2024-05-10,R,SD,LAD,"King, Michael","Glasnow, Tyler"
745506,2024-05-10,R,PIT,CHC,"Jones, Jared","Assad, Javier"
745827,2024-05-10,R,NYM,ATL,"Quintana, Jose","Morton, Charlie"
745993,2024-05-10,R,MIL,STL,"Gasser, Robert","Lynn, Lance"
746071,2024-05-10,R,MIA,PHI,"Rogers, Trevor","Suarez, Ranger"
746240,2024-05-10,R,LAA,KC,"Canning, Griffin","Marsh, Alec"
746479,2024-05-10,R,DET,HOU,"Mize, Casey","Valdez, Framber"
746553,2024-05-10,R,COL,TEX,"Gomber, Austin","Gray, Jon"
746801,2024-05-10,R,CWS,CLE,"Crochet, Garrett","Carrasco, Carlos"
746964,2024-05-10,R,BOS,WSH,"Houck, Tanner","Corbin, Patrick"
747043,2024-05-10,R,BAL,AZ,"Irvin, Cole","Pfaadt, Brandon"
744943,2024-05-11,R,TOR,MIN,"Gausman, Kevin","Woods Richardson, Simeon"
745096,2024-05-11,R,TB,NYY,"Littell, Zack","Cortes, Nestor"
745262,2024-05-11,R,SEA,ATH,"Miller, Bryce","Estes, Joey"
745344,2024-05-11,R,SF,CIN,"Black, Mason","Lodolo, Nick"
745422,2024-05-11,R,SD,LAD,"Waldron, Matt","Paxton, James"
745505,2024-05-11,R,PIT,CHC,"Skenes, Paul","Steele, Justin"
745828,2024-05-11,R,NYM,ATL,"Scott, Christian","Fried, Max"
745994,2024-05-11,R,MIL,STL,"Peralta, Freddy","Gibson, Kyle"
746069,2024-05-11,R,MIA,PHI,"Luzardo, Jesús","Walker, Taijuan"
746232,2024-05-11,R,LAA,KC,"Anderson, Tyler","Ragans, Cole"
746480,2024-05-11,R,DET,HOU,"Skubal, Tarik","Javier, Cristian"
746554,2024-05-11,R,COL,TEX,"Feltner, Ryan","Heaney, Andrew"
746797,2024-05-11,R,CWS,CLE,"Clevinger, Mike","McKenzie, Triston"
746963,2024-05-11,R,BOS,WSH,"Criswell, Cooper","Irvin, Jake"
747041,2024-05-11,R,BAL,AZ,"Means, John","Nelson, Ryne"
744941,2024-05-12,R,TOR,MIN,"Manoah, Alek","Ober, Bailey"
745092,2024-05-12,R,TB,NYY,"Alexander, Tyler","Gil, Luis"
745255,2024-05-12,R,SEA,ATH,"Castillo, Luis","Wood, Alex"
745345,2024-05-12,R,SF,CIN,"Harrison, Kyle","Montas, Frankie"
745419,2024-05-12,R,SD,LAD,"Darvish, Yu","Buehler, Walker"
745499,2024-05-12,R,PIT,CHC,"Falter, Bailey","Hendricks, Kyle"
745825,2024-05-12,R,NYM,ATL,"Severino, Luis","Elder, Bryce"
745990,2024-05-12,R,MIL,STL,"Wilson, Bryse","Mikolas, Miles"
746068,2024-05-12,R,MIA,PHI,"Garrett, Braxton","Wheeler, Zack"
746234,2024-05-12,R,LAA,KC,"Sandoval, Patrick","Lugo, Seth"
746476,2024-05-12,R,DET,HOU,"Flaherty, Jack","Verlander, Justin"
746555,2024-05-12,R,COL,TEX,"Blach, Ty","Ureña, José"
746798,2024-05-12,R,CWS,CLE,"Soroka, Michael","Allen, Logan"
746965,2024-05-12,R,BOS,WSH,"Bello, Brayan","Gore, MacKenzie"
747042,2024-05-12,R,BAL,AZ,"Kremer, Dean","Gallen, Zac"
745019,2024-05-13,R,TEX,CLE,"Lorenzen, Michael","Bibee, Tanner"
745256,2024-05-13,R,SEA,KC,"Kirby, George","Singer, Brady"
745343,2024-05-13,R,SF,LAD,"Hicks, Jordan","Yamamoto, Yoshinobu"
745420,2024-05-13,R,SD,COL,"Vásquez, Randy","Hudson, Dakota"
745826,2024-05-13,R,NYM,PHI,"Manaea, Sean","Sánchez, Cristopher"
745991,2024-05-13,R,MIL,PIT,"Rea, Colin","Keller, Mitch"
746233,2024-05-13,R,LAA,STL,"Soriano, José","Liberatore, Matthew"
746393,2024-05-13,R,HOU,ATH,"Arrighetti, Spencer","Stripling, Ross"
746471,2024-05-13,R,DET,MIA,"Manning, Matt","Sánchez, Sixto"
746961,2024-05-13,R,BOS,TB,"Crawford, Kutter","Eflin, Zach"
747040,2024-05-13,R,BAL,TOR,"Burnes, Corbin","Berríos, José"
747128,2024-05-13,R,ATL,CHC,"López, Reynaldo","Imanaga, Shota"
747204,2024-05-13,R,AZ,CIN,"Montgomery, Jordan","Ashcraft, Graham"
745014,2024-05-14,R,TEX,CLE,"Leiter, Jack","Lively, Ben"
745257,2024-05-14,R,SEA,KC,"Gilbert, Logan","Wacha, Michael"
745342,2024-05-14,R,SF,LAD,"Winn, Keaton","Stone, Gavin"
745418,2024-05-14,R,SD,COL,"Cease, Dylan","Quantrill, Cal"
745821,2024-05-14,R,NYM,PHI,"Buttó, José","Nola, Aaron"
745909,2024-05-14,R,MIN,NYY,"Paddack, Chris","Rodón, Carlos"
745989,2024-05-14,R,MIL,PIT,"Ross, Joe","Priester, Quinn"
746235,2024-05-14,R,LAA,STL,"Detmers, Reid","Gray, Sonny"
746396,2024-05-14,R,HOU,ATH,"Blanco, Ronel","Sears, JP"
746473,2024-05-14,R,DET,MIA,"Olson, Reese","Weathers, Ryan"
746796,2024-05-14,R,CWS,WSH,"Flexen, Chris","Williams, Trevor"
746799,2024-05-14,R,CWS,WSH,"Fedde, Erick","Parker, Mitchell"
746962,2024-05-14,R,BOS,TB,"Pivetta, Nick","Civale, Aaron"
747124,2024-05-14,R,ATL,CHC,"Sale, Chris","Taillon, Jameson"
747205,2024-05-14,R,AZ,CIN,"Cecconi, Slade","Greene, Hunter"
745015,2024-05-15,R,TEX,CLE,"Gray, Jon","Carrasco, Carlos"
745259,2024-05-15,R,SEA,KC,"Woo, Bryan","Marsh, Alec"
745341,2024-05-15,R,SF,LAD,"Webb, Logan","Hernández, Elieser"
745417,2024-05-15,R,SD,COL,"King, Michael","Gomber, Austin"
745582,2024-05-15,R,PHI,NYM,"Suarez, Ranger","Lucchesi, Joey"
745908,2024-05-15,R,MIN,NYY,"López, Pablo","Stroman, Marcus"
745992,2024-05-15,R,MIL,PIT,"Gasser, Robert","Pérez, Martín"
746231,2024-05-15,R,LAA,STL,"Canning, Griffin","Lynn, Lance"
746397,2024-05-15,R,HOU,ATH,"Valdez, Framber","Brooks, Aaron"
746472,2024-05-15,R,DET,MIA,"Mize, Casey","Rogers, Trevor"
746795,2024-05-15,R,CWS,WSH,"Crochet, Garrett","Corbin, Patrick"
746960,2024-05-15,R,BOS,TB,"Houck, Tanner","Bradley, Taj"
747038,2024-05-15,R,BAL,TOR,"Bradish, Kyle","Kikuchi, Yusei"
747123,2024-05-15,R,ATL,CHC,"Morton, Charlie","Assad, Javier"
747203,2024-05-15,R,AZ,CIN,"Pfaadt, Brandon","Abbott, Andrew"
745580,2024-05-16,R,PHI,NYM,"Walker, Taijuan","Quintana, Jose"
745907,2024-05-16,R,MIN,NYY,"Ryan, Joe","Schmidt, Clarke"
746150,2024-05-16,R,LAD,CIN,"Glasnow, Tyler","Suter, Brent"
746391,2024-05-16,R,HOU,ATH,"Javier, Cristian","Estes, Joey"
746881,2024-05-16,R,CHC,PIT,"Steele, Justin","Jones, Jared"
746959,2024-05-16,R,BOS,TB,"Criswell, Cooper","Littell, Zack"
744934,2024-05-17,R,TOR,TB,"Bassitt, Chris","Alexander, Tyler"
745016,2024-05-17,R,TEX,LAA,"Heaney, Andrew","Anderson, Tyler"
745178,2024-05-17,R,STL,BOS,"Gibson, Kyle","Bello, Brayan"
745335,2024-05-17,R,SF,COL,"Black, Mason","Feltner, Ryan"
745579,2024-05-17,R,PHI,WSH,"Wheeler, Zack","Irvin, Jake"
745747,2024-05-17,R,NYY,CWS,"Cortes, Nestor","Clevinger, Mike"
746065,2024-05-17,R,MIA,NYM,"Luzardo, Jesús","Scott, Christian"
746148,2024-05-17,R,LAD,CIN,"Paxton, James","Montas, Frankie"
746310,2024-05-17,R,KC,ATH,"Ragans, Cole","Spence, Mitch"
746388,2024-05-17,R,HOU,MIL,"Brown, Hunter","Peralta, Freddy"
746641,2024-05-17,R,CLE,MIN,"McKenzie, Triston","Woods Richardson, Simeon"
746878,2024-05-17,R,CHC,PIT,"Hendricks, Kyle","Skenes, Paul"
747037,2024-05-17,R,BAL,SEA,"Means, John","Miller, Bryce"
747122,2024-05-17,R,ATL,SD,"Fried, Max","Waldron, Matt"
747201,2024-05-17,R,AZ,DET,"Nelson, Ryne","Skubal, Tarik"
744938,2024-05-18,R,TOR,TB,"Gausman, Kevin","Eflin, Zach"
745013,2024-05-18,R,TEX,LAA,"Ureña, José","Sandoval, Patrick"
745177,2024-05-18,R,STL,BOS,"Mikolas, Miles","Crawford, Kutter"
745339,2024-05-18,R,SF,COL,"Harrison, Kyle","Blach, Ty"
745581,2024-05-18,R,PHI,WSH,"Sánchez, Cristopher","Gore, MacKenzie"
745744,2024-05-18,R,NYY,CWS,"Gil, Luis","Keller, Brad"
746067,2024-05-18,R,MIA,NYM,"Garrett, Braxton","Severino, Luis"
746142,2024-05-18,R,LAD,CIN,"Buehler, Walker","Ashcraft, Graham"
746308,2024-05-18,R,KC,ATH,"Lugo, Seth","Stripling, Ross"
746389,2024-05-18,R,HOU,MIL,"Verlander, Justin","Wilson, Bryse"
746642,2024-05-18,R,CLE,MIN,"Allen, Logan","Ober, Bailey"
746882,2024-05-18,R,CHC,PIT,"Imanaga, Shota","Falter, Bailey"
747036,2024-05-18,R,BAL,SEA,"Rodriguez, Grayson","Castillo, Luis"
747202,2024-05-18,R,AZ,DET,"Gallen, Zac","Flaherty, Jack"
744937,2024-05-19,R,TOR,TB,"Manoah, Alek","Civale, Aaron"
745012,2024-05-19,R,TEX,LAA,"Lorenzen, Michael","Soriano, José"
745179,2024-05-19,R,STL,BOS,"Liberatore, Matthew","Pivetta, Nick"
745336,2024-05-19,R,SF,COL,"Hicks, Jordan","Hudson, Dakota"
745577,2024-05-19,R,PHI,WSH,"Nola, Aaron","Williams, Trevor"
745745,2024-05-19,R,NYY,CWS,"Rodón, Carlos","Flexen, Chris"
746064,2024-05-19,R,MIA,NYM,"Sánchez, Sixto","Manaea, Sean"
746144,2024-05-19,R,LAD,CIN,"Knack, Landon","Greene, Hunter"
746306,2024-05-19,R,KC,ATH,"Singer, Brady","Sears, JP"
746392,2024-05-19,R,HOU,MIL,"Arrighetti, Spencer","Rea, Colin"
746636,2024-05-19,R,CLE,MIN,"Bibee, Tanner","Paddack, Chris"
746880,2024-05-19,R,CHC,PIT,"Taillon, Jameson","Keller, Mitch"
747035,2024-05-19,R,BAL,SEA,"Burnes, Corbin","Kirby, George"
747120,2024-05-19,R,ATL,SD,"Elder, Bryce","Darvish, Yu"
747198,2024-05-19,R,AZ,DET,"Montgomery, Jordan","Manning, Matt"
744857,2024-05-20,R,WSH,MIN,"Parker, Mitchell","López, Pablo"
744935,2024-05-20,R,TOR,CWS,"Berríos, José","Fedde, Erick"
745093,2024-05-20,R,TB,BOS,"Bradley, Taj","Houck, Tanner"
745181,2024-05-20,R,STL,BAL,"Gray, Sonny","Kremer, Dean"
745746,2024-05-20,R,NYY,SEA,"Stroman, Marcus","Gilbert, Logan"
746066,2024-05-20,R,MIA,MIL,"Weathers, Ryan","Ross, Joe"
746146,2024-05-20,R,LAD,AZ,"Yamamoto, Yoshinobu","Mantiply, Joe"
746307,2024-05-20,R,KC,DET,"Wacha, Michael","Olson, Reese"
746390,2024-05-20,R,HOU,LAA,"Valdez, Framber","Detmers, Reid"
746637,2024-05-20,R,CLE,NYM,"Lively, Ben","Megill, Tylor"
747119,2024-05-20,R,ATL,SD,"López, Reynaldo","Cease, Dylan"
747121,2024-05-20,R,ATL,SD,"Sale, Chris","Vásquez, Randy"
744860,2024-05-21,R,WSH,MIN,"Corbin, Patrick","Ryan, Joe"
744936,2024-05-21,R,TOR,CWS,"Kikuchi, Yusei","Crochet, Garrett"
745090,2024-05-21,R,TB,BOS,"Littell, Zack","Criswell, Cooper"
745180,2024-05-21,R,STL,BAL,"Lynn, Lance","Bradish, Kyle"
745503,2024-05-21,R,PIT,SF,"Pérez, Martín","Webb, Logan"
745578,2024-05-21,R,PHI,TEX,"Suarez, Ranger","Gray, Jon"
745662,2024-05-21,R,ATH,COL,"Brooks, Aaron","Quantrill, Cal"
745742,2024-05-21,R,NYY,SEA,"Schmidt, Clarke","Woo, Bryan"
746058,2024-05-21,R,MIA,MIL,"Rogers, Trevor","Gasser, Robert"
746145,2024-05-21,R,LAD,AZ,"Stone, Gavin","Pfaadt, Brandon"
746309,2024-05-21,R,KC,DET,"Marsh, Alec","Mize, Casey"
746385,2024-05-21,R,HOU,LAA,"Javier, Cristian","Canning, Griffin"
746633,2024-05-21,R,CLE,NYM,"Curry, Xzavion","Houser, Adrian"
746716,2024-05-21,R,CIN,SD,"Abbott, Andrew","Musgrove, Joe"
746875,2024-05-21,R,CHC,ATL,"Assad, Javier","Morton, Charlie"
744856,2024-05-22,R,WSH,MIN,"Irvin, Jake","Woods Richardson, Simeon"
744933,2024-05-22,R,TOR,CWS,"Bassitt, Chris","Nastrini, Nick"
745089,2024-05-22,R,TB,BOS,"Pepiot, Ryan","Bello, Brayan"
745173,2024-05-22,R,STL,BAL,"Gibson, Kyle","Means, John"
745502,2024-05-22,R,PIT,SF,"Jones, Jared","Snell, Blake"
745576,2024-05-22,R,PHI,TEX,"Walker, Taijuan","Dunning, Dane"
745661,2024-05-22,R,ATH,COL,"Spence, Mitch","Gomber, Austin"
745743,2024-05-22,R,NYY,SEA,"Cortes, Nestor","Miller, Bryce"
746063,2024-05-22,R,MIA,MIL,"Luzardo, Jesús","Peralta, Freddy"
746143,2024-05-22,R,LAD,AZ,"Glasnow, Tyler","Hughes, Brandon"
746304,2024-05-22,R,KC,DET,"Ragans, Cole","Skubal, Tarik"
746386,2024-05-22,R,HOU,LAA,"Brown, Hunter","Anderson, Tyler"
746634,2024-05-22,R,CLE,NYM,"McKenzie, Triston","Quintana, Jose"
746712,2024-05-22,R,CIN,SD,"Martinez, Nick","King, Michael"
746876,2024-05-22,R,CHC,ATL,"Steele, Justin","Fried, Max"
745500,2024-05-23,R,PIT,SF,"Skenes, Paul","Miller, Erik"
745573,2024-05-23,R,PHI,TEX,"Wheeler, Zack","Heaney, Andrew"
745660,2024-05-23,R,ATH,COL,"Estes, Joey","Feltner, Ryan"
745741,2024-05-23,R,NYY,SEA,"Gil, Luis","Castillo, Luis"
746474,2024-05-23,R,DET,TOR,"Flaherty, Jack","Gausman, Kevin"
746714,2024-05-23,R,CIN,SD,"Montas, Frankie","Waldron, Matt"
746792,2024-05-23,R,CWS,BAL,"Clevinger, Mike","Rodriguez, Grayson"
746874,2024-05-23,R,CHC,ATL,"Brown, Ben","Smith-Shawver, AJ"
744853,2024-05-24,R,WSH,SEA,"Gore, MacKenzie","Kirby, George"
745087,2024-05-24,R,TB,KC,"Armstrong, Shawn","Lugo, Seth"
745415,2024-05-24,R,SD,NYY,"Darvish, Yu","Rodón, Carlos"
745501,2024-05-24,R,PIT,ATL,"Falter, Bailey","Kerr, Ray"
745663,2024-05-24,R,ATH,HOU,"Stripling, Ross","Verlander, Justin"
745822,2024-05-24,R,NYM,SF,"Scott, Christian","Harrison, Kyle"
745905,2024-05-24,R,MIN,TEX,"Ober, Bailey","Ureña, José"
746227,2024-05-24,R,LAA,CLE,"Sandoval, Patrick","Allen, Logan"
746475,2024-05-24,R,DET,TOR,"Maeda, Kenta","Manoah, Alek"
746558,2024-05-24,R,COL,PHI,"Blach, Ty","Sánchez, Cristopher"
746713,2024-05-24,R,CIN,LAD,"Ashcraft, Graham","Paxton, James"
746793,2024-05-24,R,CWS,BAL,"Flexen, Chris","Burnes, Corbin"
746956,2024-05-24,R,BOS,MIL,"Crawford, Kutter","Koenig, Jared"
747200,2024-05-24,R,AZ,MIA,"Gallen, Zac","Garrett, Braxton"
744851,2024-05-25,R,WSH,SEA,"Williams, Trevor","Gilbert, Logan"
745086,2024-05-25,R,TB,KC,"Civale, Aaron","Singer, Brady"
745176,2024-05-25,R,STL,CHC,"Mikolas, Miles","Taillon, Jameson"
745411,2024-05-25,R,SD,NYY,"Cease, Dylan","Stroman, Marcus"
745493,2024-05-25,R,PIT,ATL,"Keller, Mitch","López, Reynaldo"
745658,2024-05-25,R,ATH,HOU,"Sears, JP","Arrighetti, Spencer"
745823,2024-05-25,R,NYM,SF,"Severino, Luis","Hicks, Jordan"
745901,2024-05-25,R,MIN,TEX,"Paddack, Chris","Lorenzen, Michael"
746226,2024-05-25,R,LAA,CLE,"Soriano, José","Bibee, Tanner"
746470,2024-05-25,R,DET,TOR,"Olson, Reese","Berríos, José"
746556,2024-05-25,R,COL,PHI,"Hudson, Dakota","Nola, Aaron"
746710,2024-05-25,R,CIN,LAD,"Greene, Hunter","Buehler, Walker"
746794,2024-05-25,R,CWS,BAL,"Fedde, Erick","Suárez, Albert"
746958,2024-05-25,R,BOS,MIL,"Pivetta, Nick","Koenig, Jared"
747199,2024-05-25,R,AZ,MIA,"Montgomery, Jordan","Sánchez, Sixto"
744855,2024-05-26,R,WSH,SEA,"Corbin, Patrick","Woo, Bryan"
745088,2024-05-26,R,TB,KC,"Bradley, Taj","Wacha, Michael"
745172,2024-05-26,R,STL,CHC,"Gray, Sonny","Assad, Javier"
745413,2024-05-26,R,SD,NYY,"Musgrove, Joe","Schmidt, Clarke"
745498,2024-05-26,R,PIT,ATL,"Pérez, Martín","Sale, Chris"
745653,2024-05-26,R,ATH,HOU,"Brooks, Aaron","Blanco, Ronel"
745824,2024-05-26,R,NYM,SF,"Manaea, Sean","Webb, Logan"
745902,2024-05-26,R,MIN,TEX,"López, Pablo","Garabito, Gerson"
746230,2024-05-26,R,LAA,CLE,"Detmers, Reid","Lively, Ben"
746469,2024-05-26,R,DET,TOR,"Mize, Casey","Kikuchi, Yusei"
746557,2024-05-26,R,COL,PHI,"Quantrill, Cal","Suarez, Ranger"
746711,2024-05-26,R,CIN,LAD,"Suter, Brent","Yamamoto, Yoshinobu"
746789,2024-05-26,R,CWS,BAL,"Crochet, Garrett","Bradish, Kyle"
746957,2024-05-26,R,BOS,MIL,"Houck, Tanner","Myers, Tobias"
747197,2024-05-26,R,AZ,MIA,"Walston, Blake","Weathers, Ryan"
745254,2024-05-27,R,SEA,HOU,"Miller, Bryce","Valdez, Framber"
745338,2024-05-27,R,SF,PHI,"Snell, Blake","Walker, Taijuan"
745416,2024-05-27,R,SD,MIA,"King, Michael","Rogers, Trevor"
745904,2024-05-27,R,MIN,KC,"Ryan, Joe","Marsh, Alec"
745986,2024-05-27,R,MIL,CHC,"Gasser, Robert","Steele, Justin"
746549,2024-05-27,R,COL,CLE,"Molina, Anthony","Curry, Xzavion"
746708,2024-05-27,R,CIN,STL,"Lodolo, Nick","Lynn, Lance"
746788,2024-05-27,R,CWS,TOR,"Nastrini, Nick","Bassitt, Chris"
747034,2024-05-27,R,BAL,BOS,"Irvin, Cole","Criswell, Cooper"
747118,2024-05-27,R,ATL,WSH,"Morton, Charlie","Parker, Mitchell"
745017,2024-05-28,R,TEX,AZ,"Eovaldi, Nathan","Pfaadt, Brandon"
745091,2024-05-28,R,TB,ATH,"Littell, Zack","Spence, Mitch"
745258,2024-05-28,R,SEA,HOU,"Castillo, Luis","Brown, Hunter"
745337,2024-05-28,R,SF,PHI,"Miller, Erik","Wheeler, Zack"
745412,2024-05-28,R,SD,MIA,"Waldron, Matt","Luzardo, Jesús"
745816,2024-05-28,R,NYM,LAD,"Quintana, Jose","Stone, Gavin"
745818,2024-05-28,R,NYM,LAD,"Megill, Tylor","Glasnow, Tyler"
745903,2024-05-28,R,MIN,KC,"Woods Richardson, Simeon","Ragans, Cole"
745987,2024-05-28,R,MIL,CHC,"Peralta, Freddy","Brown, Ben"
746229,2024-05-28,R,LAA,NYY,"Canning, Griffin","Cortes, Nestor"
746552,2024-05-28,R,COL,CLE,"Feltner, Ryan","McKenzie, Triston"
746709,2024-05-28,R,CIN,STL,"Abbott, Andrew","Gibson, Kyle"
746791,2024-05-28,R,CWS,TOR,"Woodford, Jake","Gausman, Kevin"
747033,2024-05-28,R,BAL,BOS,"Rodriguez, Grayson","Bello, Brayan"
747115,2024-05-28,R,ATL,WSH,"Fried, Max","Irvin, Jake"
745011,2024-05-29,R,TEX,AZ,"Dunning, Dane","Nelson, Ryne"
745084,2024-05-29,R,TB,ATH,"Pepiot, Ryan","Estes, Joey"
745250,2024-05-29,R,SEA,HOU,"Kirby, George","Verlander, Justin"
745333,2024-05-29,R,SF,PHI,"Harrison, Kyle","Sánchez, Cristopher"
745414,2024-05-29,R,SD,MIA,"Darvish, Yu","Garrett, Braxton"
745817,2024-05-29,R,NYM,LAD,"Peterson, David","Paxton, James"
745900,2024-05-29,R,MIN,KC,"Ober, Bailey","Lugo, Seth"
745988,2024-05-29,R,MIL,CHC,"Wilson, Bryse","Imanaga, Shota"
746228,2024-05-29,R,LAA,NYY,"Anderson, Tyler","Gil, Luis"
746467,2024-05-29,R,DET,PIT,"Skubal, Tarik","Jones, Jared"
746468,2024-05-29,R,DET,PIT,"Montero, Keider","Skenes, Paul"
746551,2024-05-29,R,COL,CLE,"Blach, Ty","Allen, Logan"
746706,2024-05-29,R,CIN,STL,"Montas, Frankie","Pallante, Andre"
746790,2024-05-29,R,CWS,TOR,"Flexen, Chris","Manoah, Alek"
747031,2024-05-29,R,BAL,BOS,"Burnes, Corbin","Crawford, Kutter"
747117,2024-05-29,R,ATL,WSH,"Schwellenbach, Spencer","Gore, MacKenzie"
745081,2024-05-30,R,TB,ATH,"Armstrong, Shawn","Harris, Hogan"
745249,2024-05-30,R,SEA,HOU,"Gilbert, Logan","Arrighetti, Spencer"
745819,2024-05-30,R,NYM,AZ,"Scott, Christian","Gallen, Zac"
745898,2024-05-30,R,MIN,KC,"Paddack, Chris","Lynch IV, Daniel"
745985,2024-05-30,R,MIL,CHC,"Rea, Colin","Taillon, Jameson"
746225,2024-05-30,R,LAA,NYY,"Sandoval, Patrick","Rodón, Carlos"
746954,2024-05-30,R,BOS,DET,"Pivetta, Nick","Flaherty, Jack"
747114,2024-05-30,R,ATL,WSH,"Kerr, Ray","Williams, Trevor"
744928,2024-05-31,R,TOR,PIT,"Berríos, José","Falter, Bailey"
745253,2024-05-31,R,SEA,LAA,"Woo, Bryan","Soriano, José"
745331,2024-05-31,R,SF,NYY,"Hicks, Jordan","Stroman, Marcus"
745574,2024-05-31,R,PHI,STL,"Nola, Aaron","Mikolas, Miles"
745820,2024-05-31,R,NYM,AZ,"Severino, Luis","Montgomery, Jordan"
745983,2024-05-31,R,MIL,CWS,"Myers, Tobias","Fedde, Erick"
746059,2024-05-31,R,MIA,TEX,"Sánchez, Sixto","Ureña, José"
746140,2024-05-31,R,LAD,COL,"Buehler, Walker","Hudson, Dakota"
746303,2024-05-31,R,KC,SD,"Wacha, Michael","Cease, Dylan"
746387,2024-05-31,R,HOU,MIN,"Blanco, Ronel","López, Pablo"
746635,2024-05-31,R,CLE,WSH,"Bibee, Tanner","Corbin, Patrick"
746877,2024-05-31,R,CHC,CIN,"Assad, Javier","Ashcraft, Graham"
746955,2024-05-31,R,BOS,DET,"Houck, Tanner","Maeda, Kenta"
747032,2024-05-31,R,BAL,TB,"Suárez, Albert","Civale, Aaron"
747116,2024-05-31,R,ATL,ATH,"López, Reynaldo","Sears, JP"
744932,2024-06-01,R,TOR,PIT,"Kikuchi, Yusei","Keller, Mitch"
745251,2024-06-01,R,SEA,LAA,"Miller, Bryce","Detmers, Reid"
745332,2024-06-01,R,SF,NYY,"Webb, Logan","Poteet, Cody"
745575,2024-06-01,R,PHI,STL,"Suarez, Ranger","Gray, Sonny"
745812,2024-06-01,R,NYM,AZ,"Manaea, Sean","Cecconi, Slade"
745980,2024-06-01,R,MIL,CWS,"Gasser, Robert","Crochet, Garrett"
746062,2024-06-01,R,MIA,TEX,"Weathers, Ryan","Lorenzen, Michael"
746138,2024-06-01,R,LAD,COL,"Yamamoto, Yoshinobu","Quantrill, Cal"
746305,2024-06-01,R,KC,SD,"Marsh, Alec","Vásquez, Randy"
746384,2024-06-01,R,HOU,MIN,"Valdez, Framber","Ryan, Joe"
746629,2024-06-01,R,CLE,WSH,"Lively, Ben","Parker, Mitchell"
746870,2024-06-01,R,CHC,CIN,"Steele, Justin","Greene, Hunter"
746952,2024-06-01,R,BOS,DET,"Criswell, Cooper","Olson, Reese"
747029,2024-06-01,R,BAL,TB,"Bradish, Kyle","Bradley, Taj"
747111,2024-06-01,R,ATL,ATH,"Sale, Chris","Brooks, Aaron"
744929,2024-06-02,R,TOR,PIT,"Bassitt, Chris","Priester, Quinn"
745252,2024-06-02,R,SEA,LAA,"Castillo, Luis","Canning, Griffin"
745330,2024-06-02,R,SF,NYY,"Snell, Blake","Cortes, Nestor"
745572,2024-06-02,R,PHI,STL,"Walker, Taijuan","Lynn, Lance"
745813,2024-06-02,R,NYM,AZ,"Quintana, Jose","Pfaadt, Brandon"
745984,2024-06-02,R,MIL,CWS,"Peralta, Freddy","Nastrini, Nick"
746061,2024-06-02,R,MIA,TEX,"Rogers, Trevor","Heaney, Andrew"
746141,2024-06-02,R,LAD,COL,"Stone, Gavin","Gomber, Austin"
746301,2024-06-02,R,KC,SD,"Ragans, Cole","King, Michael"
746383,2024-06-02,R,HOU,MIN,"Brown, Hunter","Woods Richardson, Simeon"
746632,2024-06-02,R,CLE,WSH,"Carrasco, Carlos","Irvin, Jake"
746871,2024-06-02,R,CHC,CIN,"Brown, Ben","Lodolo, Nick"
746953,2024-06-02,R,BOS,DET,"Bello, Brayan","Mize, Casey"
747030,2024-06-02,R,BAL,TB,"Irvin, Cole","Littell, Zack"
747110,2024-06-02,R,ATL,ATH,"Morton, Charlie","Medina, Luis"
744854,2024-06-03,R,WSH,NYM,"Gore, MacKenzie","Megill, Tylor"
744930,2024-06-03,R,TOR,BAL,"Gausman, Kevin","Rodriguez, Grayson"
745009,2024-06-03,R,TEX,DET,"Eovaldi, Nathan","Skubal, Tarik"
745569,2024-06-03,R,PHI,MIL,"Wheeler, Zack","Koenig, Jared"
746224,2024-06-03,R,LAA,SD,"Anderson, Tyler","Waldron, Matt"
746382,2024-06-03,R,HOU,STL,"Verlander, Justin","Gibson, Kyle"
746548,2024-06-03,R,COL,CIN,"Feltner, Ryan","Abbott, Andrew"
747194,2024-06-03,R,AZ,SF,"Nelson, Ryne","Miller, Erik"
744850,2024-06-04,R,WSH,NYM,"Herz, DJ","Peterson, David"
744931,2024-06-04,R,TOR,BAL,"Richards, Trevor","Burnes, Corbin"
745010,2024-06-04,R,TEX,DET,"Dunning, Dane","Flaherty, Jack"
745497,2024-06-04,R,PIT,LAD,"Jones, Jared","Glasnow, Tyler"
745568,2024-06-04,R,PHI,MIL,"Sánchez, Cristopher","Koenig, Jared"
745656,2024-06-04,R,ATH,SEA,"Spence, Mitch","Kirby, George"
745739,2024-06-04,R,NYY,MIN,"Gil, Luis","Ober, Bailey"
746060,2024-06-04,R,MIA,TB,"Luzardo, Jesús","Pepiot, Ryan"
746222,2024-06-04,R,LAA,SD,"Sandoval, Patrick","Mazur, Adam"
746380,2024-06-04,R,HOU,STL,"Arrighetti, Spencer","Pallante, Andre"
746550,2024-06-04,R,COL,CIN,"Blach, Ty","Montas, Frankie"
746630,2024-06-04,R,CLE,KC,"McKenzie, Triston","Lugo, Seth"
746872,2024-06-04,R,CHC,CWS,"Imanaga, Shota","Flexen, Chris"
746949,2024-06-04,R,BOS,ATL,"Crawford, Kutter","Fried, Max"
747196,2024-06-04,R,AZ,SF,"Walston, Blake","Harrison, Kyle"
744852,2024-06-05,R,WSH,NYM,"Corbin, Patrick","Severino, Luis"
744927,2024-06-05,R,TOR,BAL,"Berríos, José","Suárez, Albert"
745007,2024-06-05,R,TEX,DET,"Ureña, José","Wentz, Joey"
745494,2024-06-05,R,PIT,LAD,"Skenes, Paul","Paxton, James"
745570,2024-06-05,R,PHI,MIL,"Nola, Aaron","Ashby, Aaron"
745654,2024-06-05,R,ATH,SEA,"Estes, Joey","Gilbert, Logan"
745740,2024-06-05,R,NYY,MIN,"Rodón, Carlos","Paddack, Chris"
746056,2024-06-05,R,MIA,TB,"Garrett, Braxton","Eflin, Zach"
746221,2024-06-05,R,LAA,SD,"Soriano, José","Cease, Dylan"
746379,2024-06-05,R,HOU,STL,"Blanco, Ronel","Mikolas, Miles"
746544,2024-06-05,R,COL,CIN,"Hudson, Dakota","Ashcraft, Graham"
746873,2024-06-05,R,CHC,CWS,"Taillon, Jameson","Fedde, Erick"
746950,2024-06-05,R,BOS,ATL,"Pivetta, Nick","Schwellenbach, Spencer"
747195,2024-06-05,R,AZ,SF,"Montgomery, Jordan","Hicks, Jordan"
744844,2024-06-06,R,WSH,ATL,"Parker, Mitchell","López, Reynaldo"
744923,2024-06-06,R,TOR,BAL,"Kikuchi, Yusei","Povich, Cade"
745174,2024-06-06,R,STL,COL,"Gray, Sonny","Quantrill, Cal"
745408,2024-06-06,R,SD,AZ,"Vásquez, Randy","Cecconi, Slade"
745495,2024-06-06,R,PIT,LAD,"Falter, Bailey","Buehler, Walker"
745657,2024-06-06,R,ATH,SEA,"Sears, JP","Woo, Bryan"
745738,2024-06-06,R,NYY,MIN,"Stroman, Marcus","López, Pablo"
746631,2024-06-06,R,CLE,KC,"Bibee, Tanner","Singer, Brady"
746707,2024-06-06,R,CIN,CHC,"Greene, Hunter","Assad, Javier"
746784,2024-06-06,R,CWS,BOS,"Woodford, Jake","Houck, Tanner"
744845,2024-06-07,R,WSH,ATL,"Irvin, Jake","Sale, Chris"
745008,2024-06-07,R,TEX,SF,"Lorenzen, Michael","Webb, Logan"
745083,2024-06-07,R,TB,BAL,"Civale, Aaron","Irvin, Cole"
745169,2024-06-07,R,STL,COL,"Lynn, Lance","Gomber, Austin"
745406,2024-06-07,R,SD,AZ,"King, Michael","Pfaadt, Brandon"
745496,2024-06-07,R,PIT,MIN,"Keller, Mitch","Ryan, Joe"
745655,2024-06-07,R,ATH,TOR,"Harris, Hogan","Bassitt, Chris"
745737,2024-06-07,R,NYY,LAD,"Poteet, Cody","Yamamoto, Yoshinobu"
746053,2024-06-07,R,MIA,CLE,"Weathers, Ryan","Allen, Logan"
746220,2024-06-07,R,LAA,HOU,"Canning, Griffin","Valdez, Framber"
746302,2024-06-07,R,KC,SEA,"Lynch IV, Daniel","Miller, Bryce"
746466,2024-06-07,R,DET,MIL,"Olson, Reese","Myers, Tobias"
746704,2024-06-07,R,CIN,CHC,"Lodolo, Nick","Steele, Justin"
746785,2024-06-07,R,CWS,BOS,"Crochet, Garrett","Criswell, Cooper"
744848,2024-06-08,R,WSH,ATL,"Gore, MacKenzie","Morton, Charlie"
745001,2024-06-08,R,TEX,SF,"Heaney, Andrew","Howard, Spencer"
745082,2024-06-08,R,TB,BAL,"Bradley, Taj","Bradish, Kyle"
745166,2024-06-08,R,STL,COL,"Gibson, Kyle","Feltner, Ryan"
745410,2024-06-08,R,SD,AZ,"Waldron, Matt","Nelson, Ryne"
745492,2024-06-08,R,PIT,MIN,"Mlodzinski, Carmen","Woods Richardson, Simeon"
745652,2024-06-08,R,ATH,TOR,"Medina, Luis","Gausman, Kevin"
745735,2024-06-08,R,NYY,LAD,"Cortes, Nestor","Stone, Gavin"
745814,2024-06-08,R,NYM,PHI,"Manaea, Sean","Suarez, Ranger"
746057,2024-06-08,R,MIA,CLE,"Muñoz, Roddery","Lively, Ben"
746223,2024-06-08,R,LAA,HOU,"Anderson, Tyler","Brown, Hunter"
746300,2024-06-08,R,KC,SEA,"Marsh, Alec","Castillo, Luis"
746461,2024-06-08,R,DET,MIL,"Mize, Casey","Peralta, Freddy"
746703,2024-06-08,R,CIN,CHC,"Abbott, Andrew","Brown, Ben"
746786,2024-06-08,R,CWS,BOS,"Nastrini, Nick","Bello, Brayan"
744849,2024-06-09,R,WSH,ATL,"Herz, DJ","Waldrep, Hurston"
745003,2024-06-09,R,TEX,SF,"Eovaldi, Nathan","Winn, Keaton"
745085,2024-06-09,R,TB,BAL,"Littell, Zack","Rodriguez, Grayson"
745167,2024-06-09,R,STL,COL,"Pallante, Andre","Blach, Ty"
745407,2024-06-09,R,SD,AZ,"Mazur, Adam","McGough, Scott"
745491,2024-06-09,R,PIT,MIN,"Jones, Jared","Ober, Bailey"
745571,2024-06-09,R,PHI,NYM,"Walker, Taijuan","Quintana, Jose"
745651,2024-06-09,R,ATH,TOR,"Spence, Mitch","Francis, Bowden"
745736,2024-06-09,R,NYY,LAD,"Gil, Luis","Glasnow, Tyler"
746054,2024-06-09,R,MIA,CLE,"Rogers, Trevor","Carrasco, Carlos"
746216,2024-06-09,R,LAA,HOU,"Sandoval, Patrick","Verlander, Justin"
746297,2024-06-09,R,KC,SEA,"Ragans, Cole","Kirby, George"
746463,2024-06-09,R,DET,MIL,"Skubal, Tarik","Wilson, Bryse"
746705,2024-06-09,R,CIN,CHC,"Montas, Frankie","Imanaga, Shota"
746787,2024-06-09,R,CWS,BOS,"Flexen, Chris","Kelly, Zack"
745080,2024-06-10,R,TB,BAL,"Pepiot, Ryan","Burnes, Corbin"
745248,2024-06-10,R,SEA,CWS,"Gilbert, Logan","Fedde, Erick"
745334,2024-06-10,R,SF,HOU,"Harrison, Kyle","Arrighetti, Spencer"
745409,2024-06-10,R,SD,ATH,"Cease, Dylan","Estes, Joey"
745897,2024-06-10,R,MIN,COL,"Paddack, Chris","Hudson, Dakota"
745982,2024-06-10,R,MIL,TOR,"Rea, Colin","Berríos, José"
746295,2024-06-10,R,KC,NYY,"Lugo, Seth","Rodón, Carlos"
745077,2024-06-11,R,TB,CHC,"Eflin, Zach","Taillon, Jameson"
745170,2024-06-11,R,STL,PIT,"Mikolas, Miles","Skenes, Paul"
745244,2024-06-11,R,SEA,CWS,"Díaz, Jhonathan","Thorpe, Drew"
745327,2024-06-11,R,SF,HOU,"Hicks, Jordan","Blanco, Ronel"
745404,2024-06-11,R,SD,ATH,"Vásquez, Randy","Sears, JP"
745815,2024-06-11,R,NYM,MIA,"Megill, Tylor","Luzardo, Jesús"
745899,2024-06-11,R,MIN,COL,"Varland, Louis","Quantrill, Cal"
745981,2024-06-11,R,MIL,TOR,"Rodriguez, Carlos","Kikuchi, Yusei"
746139,2024-06-11,R,LAD,TEX,"Paxton, James","Dunning, Dane"
746296,2024-06-11,R,KC,NYY,"Singer, Brady","Stroman, Marcus"
746464,2024-06-11,R,DET,WSH,"Maeda, Kenta","Parker, Mitchell"
746702,2024-06-11,R,CIN,CLE,"Suter, Brent","McKenzie, Triston"
746951,2024-06-11,R,BOS,PHI,"Crawford, Kutter","Wheeler, Zack"
747027,2024-06-11,R,BAL,ATL,"Suárez, Albert","Fried, Max"
747190,2024-06-11,R,AZ,LAA,"Montgomery, Jordan","Suarez, José"
745079,2024-06-12,R,TB,CHC,"Civale, Aaron","Assad, Javier"
745171,2024-06-12,R,STL,PIT,"Gray, Sonny","Falter, Bailey"
745246,2024-06-12,R,SEA,CWS,"Miller, Bryce","Cannon, Jonathan"
745328,2024-06-12,R,SF,HOU,"Webb, Logan","Valdez, Framber"
745405,2024-06-12,R,SD,ATH,"King, Michael","Harris, Hogan"
745811,2024-06-12,R,NYM,MIA,"Peterson, David","Garrett, Braxton"
745896,2024-06-12,R,MIN,COL,"López, Pablo","Gomber, Austin"
745978,2024-06-12,R,MIL,TOR,"Myers, Tobias","Bassitt, Chris"
746137,2024-06-12,R,LAD,TEX,"Buehler, Walker","Gray, Jon"
746294,2024-06-12,R,KC,NYY,"Altavilla, Dan","Poteet, Cody"
746462,2024-06-12,R,DET,WSH,"Olson, Reese","Irvin, Jake"
746701,2024-06-12,R,CIN,CLE,"Lodolo, Nick","Bibee, Tanner"
746948,2024-06-12,R,BOS,PHI,"Pivetta, Nick","Sánchez, Cristopher"
747028,2024-06-12,R,BAL,ATL,"Povich, Cade","Schwellenbach, Spencer"
747193,2024-06-12,R,AZ,LAA,"Cecconi, Slade","Soriano, José"
745075,2024-06-13,R,TB,CHC,"Bradley, Taj","Steele, Justin"
745168,2024-06-13,R,STL,PIT,"Lynn, Lance","Keller, Mitch"
745245,2024-06-13,R,SEA,CWS,"Hancock, Emerson","Crochet, Garrett"
745809,2024-06-13,R,NYM,MIA,"Severino, Luis","Muñoz, Roddery"
745894,2024-06-13,R,MIN,ATH,"Ryan, Joe","Medina, Luis"
746136,2024-06-13,R,LAD,TEX,"Grove, Michael","Lorenzen, Michael"
746299,2024-06-13,R,KC,NYY,"Marsh, Alec","Cortes, Nestor"
746465,2024-06-13,R,DET,WSH,"Mize, Casey","Corbin, Patrick"
746944,2024-06-13,R,BOS,PHI,"Houck, Tanner","Nola, Aaron"
747026,2024-06-13,R,BAL,ATL,"Irvin, Cole","López, Reynaldo"
747192,2024-06-13,R,AZ,LAA,"Pfaadt, Brandon","Canning, Griffin"
744847,2024-06-14,R,WSH,MIA,"Gore, MacKenzie","Anderson, Shaun"
744924,2024-06-14,R,TOR,CLE,"Gausman, Kevin","Allen, Logan"
745247,2024-06-14,R,SEA,TEX,"Castillo, Luis","Heaney, Andrew"
745326,2024-06-14,R,SF,LAA,"Howard, Spencer","Anderson, Tyler"
745810,2024-06-14,R,NYM,SD,"Manaea, Sean","Waldron, Matt"
745892,2024-06-14,R,MIN,ATH,"Woods Richardson, Simeon","Spence, Mitch"
745979,2024-06-14,R,MIL,CIN,"Peralta, Freddy","Greene, Hunter"
746134,2024-06-14,R,LAD,KC,"Stone, Gavin","Ragans, Cole"
746378,2024-06-14,R,HOU,DET,"Brown, Hunter","Skubal, Tarik"
746545,2024-06-14,R,COL,PIT,"Feltner, Ryan","Mlodzinski, Carmen"
746869,2024-06-14,R,CHC,STL,"Wicks, Jordan","Gibson, Kyle"
746947,2024-06-14,R,BOS,NYY,"Bello, Brayan","Gil, Luis"
747025,2024-06-14,R,BAL,PHI,"Bradish, Kyle","Suarez, Ranger"
747112,2024-06-14,R,ATL,TB,"Sale, Chris","Littell, Zack"
747191,2024-06-14,R,AZ,CWS,"Nelson, Ryne","Flexen, Chris"
744846,2024-06-15,R,WSH,MIA,"Herz, DJ","Rogers, Trevor"
744925,2024-06-15,R,TOR,CLE,"Richards, Trevor","Carrasco, Carlos"
745241,2024-06-15,R,SEA,TEX,"Kirby, George","Eovaldi, Nathan"
745329,2024-06-15,R,SF,LAA,"Winn, Keaton","Sandoval, Patrick"
745805,2024-06-15,R,NYM,SD,"Quintana, Jose","Mazur, Adam"
745976,2024-06-15,R,MIL,CIN,"Koenig, Jared","Abbott, Andrew"
746135,2024-06-15,R,LAD,KC,"Yamamoto, Yoshinobu","Lugo, Seth"
746381,2024-06-15,R,HOU,DET,"Arrighetti, Spencer","Flaherty, Jack"
746547,2024-06-15,R,COL,PIT,"Blach, Ty","Jones, Jared"
746865,2024-06-15,R,CHC,STL,"Imanaga, Shota","Pallante, Andre"
746946,2024-06-15,R,BOS,NYY,"Criswell, Cooper","Rodón, Carlos"
747024,2024-06-15,R,BAL,PHI,"Rodriguez, Grayson","Walker, Taijuan"
747113,2024-06-15,R,ATL,TB,"Morton, Charlie","Pepiot, Ryan"
747187,2024-06-15,R,AZ,CWS,"McGough, Scott","Fedde, Erick"
744839,2024-06-16,R,WSH,MIA,"Parker, Mitchell","Luzardo, Jesús"
744926,2024-06-16,R,TOR,CLE,"Berríos, José","Lively, Ben"
745242,2024-06-16,R,SEA,TEX,"Gilbert, Logan","Dunning, Dane"
745321,2024-06-16,R,SF,LAA,"Miller, Erik","Joyce, Ben"
745807,2024-06-16,R,NYM,SD,"Megill, Tylor","Cease, Dylan"
745891,2024-06-16,R,MIN,ATH,"Paddack, Chris","Estes, Joey"
745895,2024-06-16,R,MIN,ATH,"Ober, Bailey","Sears, JP"
745977,2024-06-16,R,MIL,CIN,"Rea, Colin","Montas, Frankie"
746130,2024-06-16,R,LAD,KC,"Glasnow, Tyler","Singer, Brady"
746377,2024-06-16,R,HOU,DET,"Blanco, Ronel","Maeda, Kenta"
746546,2024-06-16,R,COL,PIT,"Hudson, Dakota","Fleming, Josh"
746866,2024-06-16,R,CHC,STL,"Taillon, Jameson","Mikolas, Miles"
746945,2024-06-16,R,BOS,NYY,"Crawford, Kutter","Stroman, Marcus"
747023,2024-06-16,R,BAL,PHI,"Burnes, Corbin","Wheeler, Zack"
747109,2024-06-16,R,ATL,TB,"Waldrep, Hurston","Eflin, Zach"
747189,2024-06-16,R,AZ,CWS,"Montgomery, Jordan","Thorpe, Drew"
744918,2024-06-17,R,TOR,BOS,"Kikuchi, Yusei","Pivetta, Nick"
745005,2024-06-17,R,TEX,NYM,"Gray, Jon","Peterson, David"
745490,2024-06-17,R,PIT,CIN,"Skenes, Paul","Spiers, Carson"
745567,2024-06-17,R,PHI,SD,"Sánchez, Cristopher","Vásquez, Randy"
746055,2024-06-17,R,MIA,STL,"Garrett, Braxton","Gray, Sonny"
746215,2024-06-17,R,LAA,MIL,"Plesac, Zach","Rodriguez, Carlos"
746543,2024-06-17,R,COL,LAD,"Quantrill, Cal","Paxton, James"
746868,2024-06-17,R,CHC,SF,"Assad, Javier","Hicks, Jordan"
747108,2024-06-17,R,ATL,DET,"Fried, Max","Olson, Reese"
744843,2024-06-18,R,WSH,AZ,"Irvin, Jake","Cecconi, Slade"
744917,2024-06-18,R,TOR,BOS,"Bassitt, Chris","Houck, Tanner"
745004,2024-06-18,R,TEX,NYM,"Lorenzen, Michael","Severino, Luis"
745488,2024-06-18,R,PIT,CIN,"Falter, Bailey","Lodolo, Nick"
745563,2024-06-18,R,PHI,SD,"Nola, Aaron","King, Michael"
745650,2024-06-18,R,ATH,KC,"Harris, Hogan","Marsh, Alec"
745733,2024-06-18,R,NYY,BAL,"Cortes, Nestor","Suárez, Albert"
745893,2024-06-18,R,MIN,TB,"López, Pablo","Civale, Aaron"
746049,2024-06-18,R,MIA,STL,"Muñoz, Roddery","Lynn, Lance"
746217,2024-06-18,R,LAA,MIL,"Canning, Griffin","Myers, Tobias"
746542,2024-06-18,R,COL,LAD,"Gomber, Austin","Buehler, Walker"
746627,2024-06-18,R,CLE,SEA,"McKenzie, Triston","Miller, Bryce"
746783,2024-06-18,R,CWS,HOU,"Cannon, Jonathan","Valdez, Framber"
746867,2024-06-18,R,CHC,SF,"Steele, Justin","Webb, Logan"
747107,2024-06-18,R,ATL,DET,"Schwellenbach, Spencer","Mize, Casey"
744842,2024-06-19,R,WSH,AZ,"Corbin, Patrick","Pfaadt, Brandon"
744920,2024-06-19,R,TOR,BOS,"Gausman, Kevin","Bello, Brayan"
745002,2024-06-19,R,TEX,NYM,"Heaney, Andrew","Manaea, Sean"
745489,2024-06-19,R,PIT,CIN,"Keller, Mitch","Greene, Hunter"
745561,2024-06-19,R,PHI,SD,"Suarez, Ranger","Waldron, Matt"
745646,2024-06-19,R,ATH,KC,"Medina, Luis","Ragans, Cole"
745732,2024-06-19,R,NYY,BAL,"Cole, Gerrit","Povich, Cade"
745887,2024-06-19,R,MIN,TB,"Ryan, Joe","Bradley, Taj"
746050,2024-06-19,R,MIA,STL,"Chirinos, Yonny","Liberatore, Matthew"
746219,2024-06-19,R,LAA,MIL,"Anderson, Tyler","Peralta, Freddy"
746538,2024-06-19,R,COL,LAD,"Feltner, Ryan","Miller, Bobby"
746625,2024-06-19,R,CLE,SEA,"Bibee, Tanner","Woo, Bryan"
746781,2024-06-19,R,CWS,HOU,"Crochet, Garrett","Brown, Hunter"
746864,2024-06-19,R,CHC,SF,"Hendricks, Kyle","Miller, Erik"
747106,2024-06-19,R,ATL,DET,"López, Reynaldo","Skubal, Tarik"
744841,2024-06-20,R,WSH,AZ,"Gore, MacKenzie","Nelson, Ryne"
745164,2024-06-20,R,STL,SF,"Pallante, Andre","Winn, Keaton"
745401,2024-06-20,R,SD,MIL,"Mazur, Adam","Wilson, Bryse"
745645,2024-06-20,R,ATH,KC,"Spence, Mitch","Lugo, Seth"
745734,2024-06-20,R,NYY,BAL,"Gil, Luis","Irvin, Cole"
745889,2024-06-20,R,MIN,TB,"Woods Richardson, Simeon","Littell, Zack"
746539,2024-06-20,R,COL,LAD,"Blach, Ty","Stone, Gavin"
746626,2024-06-20,R,CLE,SEA,"Allen, Logan","Castillo, Luis"
746782,2024-06-20,R,CWS,HOU,"Flexen, Chris","Arrighetti, Spencer"
745006,2024-06-21,R,TEX,KC,"Eovaldi, Nathan","Singer, Brady"
745403,2024-06-21,R,SD,MIL,"Cease, Dylan","Rea, Colin"
745483,2024-06-21,R,PIT,TB,"Mlodzinski, Carmen","Pepiot, Ryan"
745562,2024-06-21,R,PHI,AZ,"Walker, Taijuan","Montgomery, Jordan"
745649,2024-06-21,R,ATH,MIN,"Estes, Joey","Paddack, Chris"
745729,2024-06-21,R,NYY,ATL,"Rodón, Carlos","Sale, Chris"
746052,2024-06-21,R,MIA,SEA,"Rogers, Trevor","Kirby, George"
746131,2024-06-21,R,LAD,LAA,"Knack, Landon","Sandoval, Patrick"
746375,2024-06-21,R,HOU,BAL,"Bloss, Jake","Rodriguez, Grayson"
746460,2024-06-21,R,DET,CWS,"Flaherty, Jack","Fedde, Erick"
746540,2024-06-21,R,COL,WSH,"Hudson, Dakota","Herz, DJ"
746624,2024-06-21,R,CLE,TOR,"Carrasco, Carlos","Rodríguez, Yariel"
746698,2024-06-21,R,CIN,BOS,"Abbott, Andrew","Crawford, Kutter"
746861,2024-06-21,R,CHC,NYM,"Imanaga, Shota","Quintana, Jose"
744997,2024-06-22,R,TEX,KC,"Gray, Jon","Wacha, Michael"
745163,2024-06-22,R,STL,SF,"Mikolas, Miles","Hicks, Jordan"
745402,2024-06-22,R,SD,MIL,"Vásquez, Randy","Rodriguez, Carlos"
745486,2024-06-22,R,PIT,TB,"Jones, Jared","Eflin, Zach"
745564,2024-06-22,R,PHI,AZ,"Wheeler, Zack","Henry, Tommy"
745644,2024-06-22,R,ATH,MIN,"Sears, JP","Ober, Bailey"
745731,2024-06-22,R,NYY,ATL,"Stroman, Marcus","Morton, Charlie"
746048,2024-06-22,R,MIA,SEA,"Anderson, Shaun","Gilbert, Logan"
746132,2024-06-22,R,LAD,LAA,"Glasnow, Tyler","Plesac, Zach"
746376,2024-06-22,R,HOU,BAL,"Blanco, Ronel","Burnes, Corbin"
746459,2024-06-22,R,DET,CWS,"Maeda, Kenta","Thorpe, Drew"
746541,2024-06-22,R,COL,WSH,"Quantrill, Cal","Parker, Mitchell"
746622,2024-06-22,R,CLE,TOR,"Lively, Ben","Berríos, José"
746700,2024-06-22,R,CIN,BOS,"Montas, Frankie","Pivetta, Nick"
746863,2024-06-22,R,CHC,NYM,"Taillon, Jameson","Megill, Tylor"
745000,2024-06-23,R,TEX,KC,"Scherzer, Max","Marsh, Alec"
745165,2024-06-23,R,STL,SF,"Gray, Sonny","Webb, Logan"
745396,2024-06-23,R,SD,MIL,"King, Michael","Myers, Tobias"
745485,2024-06-23,R,PIT,TB,"Skenes, Paul","Civale, Aaron"
745566,2024-06-23,R,PHI,AZ,"Sánchez, Cristopher","Cecconi, Slade"
745648,2024-06-23,R,ATH,MIN,"Harris, Hogan","López, Pablo"
745727,2024-06-23,R,NYY,ATL,"Cortes, Nestor","Fried, Max"
746051,2024-06-23,R,MIA,SEA,"Tyler, Kyle","Miller, Bryce"
746373,2024-06-23,R,HOU,BAL,"Valdez, Framber","Suárez, Albert"
746457,2024-06-23,R,DET,CWS,"Olson, Reese","Cannon, Jonathan"
746536,2024-06-23,R,COL,WSH,"Freeland, Kyle","Irvin, Jake"
746621,2024-06-23,R,CLE,TOR,"McKenzie, Triston","Kikuchi, Yusei"
746699,2024-06-23,R,CIN,BOS,"Lodolo, Nick","Kelly, Zack"
746862,2024-06-23,R,CHC,NYM,"Assad, Javier","Severino, Luis"
745078,2024-06-24,R,TB,SEA,"Bradley, Taj","Woo, Bryan"
745160,2024-06-24,R,STL,ATL,"Lynn, Lance","Schwellenbach, Spencer"
745323,2024-06-24,R,SF,CHC,"Miller, Erik","Steele, Justin"
745397,2024-06-24,R,SD,WSH,"Waldron, Matt","Corbin, Patrick"
745974,2024-06-24,R,MIL,TEX,"Peralta, Freddy","Lorenzen, Michael"
746218,2024-06-24,R,LAA,ATH,"Canning, Griffin","Medina, Luis"
746298,2024-06-24,R,KC,MIA,"Ragans, Cole","Muñoz, Roddery"
746458,2024-06-24,R,DET,PHI,"Mize, Casey","Nola, Aaron"
746696,2024-06-24,R,CIN,PIT,"Spiers, Carson","Falter, Bailey"
746780,2024-06-24,R,CWS,LAD,"Crochet, Garrett","Paxton, James"
746941,2024-06-24,R,BOS,TOR,"Houck, Tanner","Bassitt, Chris"
747021,2024-06-24,R,BAL,CLE,"Povich, Cade","Bibee, Tanner"
745076,2024-06-25,R,TB,SEA,"Littell, Zack","Castillo, Luis"
745322,2024-06-25,R,SF,CHC,"Rodríguez, Randy","Hendricks, Kyle"
745399,2024-06-25,R,SD,WSH,"Mazur, Adam","Gore, MacKenzie"
745806,2024-06-25,R,NYM,NYY,"Peterson, David","Cole, Gerrit"
745973,2024-06-25,R,MIL,TEX,"Milner, Hoby","Heaney, Andrew"
746213,2024-06-25,R,LAA,ATH,"Anderson, Tyler","Spence, Mitch"
746293,2024-06-25,R,KC,MIA,"Lugo, Seth","Chirinos, Yonny"
746372,2024-06-25,R,HOU,COL,"Brown, Hunter","Gomber, Austin"
746454,2024-06-25,R,DET,PHI,"Skubal, Tarik","Suarez, Ranger"
746697,2024-06-25,R,CIN,PIT,"Greene, Hunter","Keller, Mitch"
746775,2024-06-25,R,CWS,LAD,"Flexen, Chris","Miller, Bobby"
746943,2024-06-25,R,BOS,TOR,"Bello, Brayan","Gausman, Kevin"
747022,2024-06-25,R,BAL,CLE,"Irvin, Cole","Allen, Logan"
747188,2024-06-25,R,AZ,MIN,"Pfaadt, Brandon","Ryan, Joe"
745073,2024-06-26,R,TB,SEA,"Pepiot, Ryan","Kirby, George"
745157,2024-06-26,R,STL,ATL,"Gibson, Kyle","López, Reynaldo"
745158,2024-06-26,R,STL,ATL,"Liberatore, Matthew","Elder, Bryce"
745325,2024-06-26,R,SF,CHC,"Birdsong, Hayden","Wesneski, Hayden"
745400,2024-06-26,R,SD,WSH,"Cease, Dylan","Herz, DJ"
745808,2024-06-26,R,NYM,NYY,"Manaea, Sean","Gil, Luis"
745975,2024-06-26,R,MIL,TEX,"Keuchel, Dallas","Eovaldi, Nathan"
746212,2024-06-26,R,LAA,ATH,"Contreras, Roansy","Estes, Joey"
746291,2024-06-26,R,KC,MIA,"Singer, Brady","Bellozo, Valente"
746374,2024-06-26,R,HOU,COL,"Arrighetti, Spencer","Feltner, Ryan"
746456,2024-06-26,R,DET,PHI,"Holton, Tyler","Turnbull, Spencer"
746695,2024-06-26,R,CIN,PIT,"Ashcraft, Graham","Ortiz, Luis"
746777,2024-06-26,R,CWS,LAD,"Fedde, Erick","Stone, Gavin"
746942,2024-06-26,R,BOS,TOR,"Crawford, Kutter","Rodríguez, Yariel"
747019,2024-06-26,R,BAL,CLE,"Rodriguez, Grayson","Carrasco, Carlos"
747184,2024-06-26,R,AZ,MIN,"Nelson, Ryne","Woods Richardson, Simeon"
744919,2024-06-27,R,TOR,NYY,"Berríos, José","Rodón, Carlos"
745162,2024-06-27,R,STL,CIN,"Mikolas, Miles","Abbott, Andrew"
745324,2024-06-27,R,SF,CHC,"Hicks, Jordan","Imanaga, Shota"
745565,2024-06-27,R,PHI,MIA,"Wheeler, Zack","Rogers, Trevor"
746210,2024-06-27,R,LAA,DET,"Daniel, Davis","Flaherty, Jack"
746288,2024-06-27,R,KC,CLE,"Wacha, Michael","Lively, Ben"
746816,2024-06-27,R,CWS,ATL,"Kuhl, Chad","Sale, Chris"
747020,2024-06-27,R,BAL,TEX,"Burnes, Corbin","Gray, Jon"
747185,2024-06-27,R,AZ,MIN,"Montgomery, Jordan","Festa, David"
744922,2024-06-28,R,TOR,NYY,"Kikuchi, Yusei","Stroman, Marcus"
745070,2024-06-28,R,TB,WSH,"Eflin, Zach","Parker, Mitchell"
745161,2024-06-28,R,STL,CIN,"Pallante, Andre","Montas, Frankie"
745238,2024-06-28,R,SEA,MIN,"Gilbert, Logan","Ober, Bailey"
745319,2024-06-28,R,SF,LAD,"Webb, Logan","Knack, Landon"
745560,2024-06-28,R,PHI,MIA,"Sánchez, Cristopher","Tyler, Kyle"
745804,2024-06-28,R,NYM,HOU,"Quintana, Jose","Blanco, Ronel"
745970,2024-06-28,R,MIL,CHC,"Rea, Colin","Taillon, Jameson"
746214,2024-06-28,R,LAA,DET,"Plesac, Zach","Maeda, Kenta"
746292,2024-06-28,R,KC,CLE,"Marsh, Alec","McKenzie, Triston"
746776,2024-06-28,R,CWS,COL,"Thorpe, Drew","Hudson, Dakota"
746939,2024-06-28,R,BOS,SD,"Pivetta, Nick","Vásquez, Randy"
747017,2024-06-28,R,BAL,TEX,"Suárez, Albert","Scherzer, Max"
747105,2024-06-28,R,ATL,PIT,"Morton, Charlie","Pérez, Martín"
747183,2024-06-28,R,AZ,ATH,"Cecconi, Slade","Sears, JP"
744921,2024-06-29,R,TOR,NYY,"Bassitt, Chris","Cortes, Nestor"
745071,2024-06-29,R,TB,WSH,"Civale, Aaron","Irvin, Jake"
745159,2024-06-29,R,STL,CIN,"Gray, Sonny","Spiers, Carson"
745239,2024-06-29,R,SEA,MIN,"Miller, Bryce","López, Pablo"
745317,2024-06-29,R,SF,LAD,"Miller, Erik","Glasnow, Tyler"
745559,2024-06-29,R,PHI,MIA,"Nola, Aaron","Muñoz, Roddery"
745801,2024-06-29,R,NYM,HOU,"Megill, Tylor","Valdez, Framber"
745972,2024-06-29,R,MIL,CHC,"Myers, Tobias","Steele, Justin"
746211,2024-06-29,R,LAA,DET,"Canning, Griffin","Olson, Reese"
746289,2024-06-29,R,KC,CLE,"Ragans, Cole","Bibee, Tanner"
746778,2024-06-29,R,CWS,COL,"Cannon, Jonathan","Quantrill, Cal"
746940,2024-06-29,R,BOS,SD,"Houck, Tanner","King, Michael"
747018,2024-06-29,R,BAL,TEX,"Povich, Cade","Lorenzen, Michael"
747104,2024-06-29,R,ATL,PIT,"Fried, Max","Skenes, Paul"
747186,2024-06-29,R,AZ,ATH,"Gallen, Zac","Harris, Hogan"
744916,2024-06-30,R,TOR,NYY,"Gausman, Kevin","Cole, Gerrit"
745072,2024-06-30,R,TB,WSH,"Bradley, Taj","Corbin, Patrick"
745154,2024-06-30,R,STL,CIN,"Lynn, Lance","Greene, Hunter"
745243,2024-06-30,R,SEA,MIN,"Castillo, Luis","Ryan, Joe"
745320,2024-06-30,R,SF,LAD,"Bivens, Spencer","Paxton, James"
745555,2024-06-30,R,PHI,MIA,"Suarez, Ranger","Chirinos, Yonny"
745802,2024-06-30,R,NYM,HOU,"Severino, Luis","Dubin, Shawn"
745971,2024-06-30,R,MIL,CHC,"Peralta, Freddy","Hendricks, Kyle"
746209,2024-06-30,R,LAA,DET,"Anderson, Tyler","Mize, Casey"
746290,2024-06-30,R,KC,CLE,"Lugo, Seth","Allen, Logan"
746779,2024-06-30,R,CWS,COL,"Crochet, Garrett","Freeland, Kyle"
746938,2024-06-30,R,BOS,SD,"Winckowski, Josh","Waldron, Matt"
747016,2024-06-30,R,BAL,TEX,"Irvin, Cole","Heaney, Andrew"
747101,2024-06-30,R,ATL,PIT,"Schwellenbach, Spencer","Falter, Bailey"
747182,2024-06-30,R,AZ,ATH,"Pfaadt, Brandon","Medina, Luis"
744840,2024-07-01,R,WSH,NYM,"Gore, MacKenzie","Peterson, David"
744914,2024-07-01,R,TOR,HOU,"Rodríguez, Yariel","Brown, Hunter"
746535,2024-07-01,R,COL,MIL,"Gomber, Austin","Zastryzny, Rob"
744838,2024-07-02,R,WSH,NYM,"Herz, DJ","Manaea, Sean"
744913,2024-07-02,R,TOR,HOU,"Berríos, José","Arrighetti, Spencer"
744999,2024-07-02,R,TEX,SD,"Eovaldi, Nathan","Cease, Dylan"
745240,2024-07-02,R,SEA,BAL,"Kirby, George","Rodriguez, Grayson"
745482,2024-07-02,R,PIT,STL,"Keller, Mitch","Gibson, Kyle"
745647,2024-07-02,R,ATH,LAA,"Spence, Mitch","Soriano, José"
745730,2024-07-02,R,NYY,CIN,"Gil, Luis","Ashcraft, Graham"
745886,2024-07-02,R,MIN,DET,"Woods Richardson, Simeon","Skubal, Tarik"
746047,2024-07-02,R,MIA,BOS,"Bellozo, Valente","Crawford, Kutter"
746133,2024-07-02,R,LAD,AZ,"Miller, Bobby","Mantiply, Joe"
746282,2024-07-02,R,KC,TB,"Singer, Brady","Littell, Zack"
746537,2024-07-02,R,COL,MIL,"Feltner, Ryan","Keuchel, Dallas"
746623,2024-07-02,R,CLE,CWS,"Carrasco, Carlos","Flexen, Chris"
746860,2024-07-02,R,CHC,PHI,"Wesneski, Hayden","Mercado, Michael"
747102,2024-07-02,R,ATL,SF,"López, Reynaldo","Birdsong, Hayden"
744837,2024-07-03,R,WSH,NYM,"Parker, Mitchell","Scott, Christian"
744915,2024-07-03,R,TOR,HOU,"Kikuchi, Yusei","Blanco, Ronel"
744998,2024-07-03,R,TEX,SD,"Gray, Jon","Mazur, Adam"
745234,2024-07-03,R,SEA,BAL,"Gilbert, Logan","Kremer, Dean"
745487,2024-07-03,R,PIT,STL,"Jones, Jared","Mikolas, Miles"
745643,2024-07-03,R,ATH,LAA,"Estes, Joey","Daniel, Davis"
745728,2024-07-03,R,NYY,CIN,"Rodón, Carlos","Abbott, Andrew"
745888,2024-07-03,R,MIN,DET,"Festa, David","Montero, Keider"
746045,2024-07-03,R,MIA,BOS,"Rogers, Trevor","Bello, Brayan"
746128,2024-07-03,R,LAD,AZ,"Stone, Gavin","Mena, Cristian"
746283,2024-07-03,R,KC,TB,"Wacha, Michael","Pepiot, Ryan"
746534,2024-07-03,R,COL,MIL,"Hudson, Dakota","Rea, Colin"
746617,2024-07-03,R,CLE,CWS,"Williams, Gavin","Fedde, Erick"
746858,2024-07-03,R,CHC,PHI,"Imanaga, Shota","Wheeler, Zack"
747100,2024-07-03,R,ATL,SF,"Sale, Chris","Hicks, Jordan"
744834,2024-07-04,R,WSH,NYM,"Irvin, Jake","Quintana, Jose"
744912,2024-07-04,R,TOR,HOU,"Bassitt, Chris","Valdez, Framber"
744996,2024-07-04,R,TEX,SD,"Scherzer, Max","King, Michael"
745236,2024-07-04,R,SEA,BAL,"Miller, Bryce","Burnes, Corbin"
745484,2024-07-04,R,PIT,STL,"Pérez, Martín","Pallante, Andre"
745641,2024-07-04,R,ATH,LAA,"Sears, JP","Contreras, Roansy"
745726,2024-07-04,R,NYY,CIN,"Stroman, Marcus","Montas, Frankie"
745890,2024-07-04,R,MIN,DET,"Ober, Bailey","Maeda, Kenta"
746043,2024-07-04,R,MIA,BOS,"Tyler, Kyle","Pivetta, Nick"
746126,2024-07-04,R,LAD,AZ,"Knack, Landon","Gallen, Zac"
746285,2024-07-04,R,KC,TB,"Marsh, Alec","Eflin, Zach"
746532,2024-07-04,R,COL,MIL,"Quantrill, Cal","Myers, Tobias"
746619,2024-07-04,R,CLE,CWS,"Lively, Ben","Shuster, Jared"
746857,2024-07-04,R,CHC,PHI,"Taillon, Jameson","Sánchez, Cristopher"
747103,2024-07-04,R,ATL,SF,"Morton, Charlie","Webb, Logan"
744836,2024-07-05,R,WSH,STL,"Corbin, Patrick","Gray, Sonny"
744992,2024-07-05,R,TEX,TB,"Lorenzen, Michael","Baz, Shane"
745237,2024-07-05,R,SEA,TOR,"Castillo, Luis","Gausman, Kevin"
745398,2024-07-05,R,SD,AZ,"Vásquez, Randy","Cecconi, Slade"
745479,2024-07-05,R,PIT,NYM,"Skenes, Paul","Severino, Luis"
745639,2024-07-05,R,ATH,BAL,"Harris, Hogan","Suárez, Albert"
745725,2024-07-05,R,NYY,BOS,"Cortes, Nestor","Houck, Tanner"
745884,2024-07-05,R,MIN,HOU,"López, Pablo","Dubin, Shawn"
746046,2024-07-05,R,MIA,CWS,"Hoeing, Bryan","Thorpe, Drew"
746127,2024-07-05,R,LAD,MIL,"Glasnow, Tyler","Civale, Aaron"
746533,2024-07-05,R,COL,KC,"Freeland, Kyle","Ragans, Cole"
746620,2024-07-05,R,CLE,SF,"Bibee, Tanner","Miller, Erik"
746693,2024-07-05,R,CIN,DET,"Spiers, Carson","Olson, Reese"
746859,2024-07-05,R,CHC,LAA,"Steele, Justin","Canning, Griffin"
747097,2024-07-05,R,ATL,PHI,"Fried, Max","Nola, Aaron"
744835,2024-07-06,R,WSH,STL,"Gore, MacKenzie","Lynn, Lance"
744995,2024-07-06,R,TEX,TB,"Heaney, Andrew","Bradley, Taj"
745235,2024-07-06,R,SEA,TOR,"Hancock, Emerson","Rodríguez, Yariel"
745395,2024-07-06,R,SD,AZ,"Waldron, Matt","Pfaadt, Brandon"
745476,2024-07-06,R,PIT,NYM,"Falter, Bailey","Peterson, David"
745642,2024-07-06,R,ATH,BAL,"Medina, Luis","Povich, Cade"
745724,2024-07-06,R,NYY,BOS,"Cole, Gerrit","Winckowski, Josh"
745885,2024-07-06,R,MIN,HOU,"Ryan, Joe","Brown, Hunter"
746044,2024-07-06,R,MIA,CWS,"Chirinos, Yonny","Crochet, Garrett"
746129,2024-07-06,R,LAD,MIL,"Paxton, James","Peralta, Freddy"
746529,2024-07-06,R,COL,KC,"Gomber, Austin","Lugo, Seth"
746615,2024-07-06,R,CLE,SF,"Allen, Logan","Harrison, Kyle"
746694,2024-07-06,R,CIN,DET,"Greene, Hunter","Faedo, Alex"
746856,2024-07-06,R,CHC,LAA,"Hendricks, Kyle","Anderson, Tyler"
747099,2024-07-06,R,ATL,PHI,"Schwellenbach, Spencer","Suarez, Ranger"
744832,2024-07-07,R,WSH,STL,"Herz, DJ","Gibson, Kyle"
744993,2024-07-07,R,TEX,TB,"Eovaldi, Nathan","Littell, Zack"
745233,2024-07-07,R,SEA,TOR,"Kirby, George","Berríos, José"
745391,2024-07-07,R,SD,AZ,"Cease, Dylan","Nelson, Ryne"
745477,2024-07-07,R,PIT,NYM,"Ortiz, Luis","Manaea, Sean"
745637,2024-07-07,R,ATH,BAL,"Spence, Mitch","Rodriguez, Grayson"
745723,2024-07-07,R,NYY,BOS,"Gil, Luis","Crawford, Kutter"
745883,2024-07-07,R,MIN,HOU,"Woods Richardson, Simeon","Arrighetti, Spencer"
746039,2024-07-07,R,MIA,CWS,"Cabrera, Edward","Cannon, Jonathan"
746122,2024-07-07,R,LAD,MIL,"Wrobleski, Justin","Keuchel, Dallas"
746530,2024-07-07,R,COL,KC,"Gordon, Tanner","Singer, Brady"
746616,2024-07-07,R,CLE,SF,"Carrasco, Carlos","Birdsong, Hayden"
746691,2024-07-07,R,CIN,DET,"Ashcraft, Graham","Skubal, Tarik"
746855,2024-07-07,R,CHC,LAA,"Wesneski, Hayden","Soriano, José"
747098,2024-07-07,R,ATL,PHI,"López, Reynaldo","Mercado, Michael"
744833,2024-07-08,R,WSH,STL,"Parker, Mitchell","Mikolas, Miles"
745480,2024-07-08,R,PIT,NYM,"Keller, Mitch","Scott, Christian"
746208,2024-07-08,R,LAA,TEX,"Daniel, Davis","Gray, Jon"
746455,2024-07-08,R,DET,CLE,"Montero, Keider","Williams, Gavin"
746692,2024-07-08,R,CIN,COL,"Abbott, Andrew","Feltner, Ryan"
746771,2024-07-08,R,CWS,MIN,"Flexen, Chris","Paddack, Chris"
747181,2024-07-08,R,AZ,ATL,"Díaz, Yilber","Elder, Bryce"
745074,2024-07-09,R,TB,NYY,"Pepiot, Ryan","Rodón, Carlos"
745316,2024-07-09,R,SF,TOR,"Snell, Blake","Kikuchi, Yusei"
745393,2024-07-09,R,SD,SEA,"Mazur, Adam","Gilbert, Logan"
745557,2024-07-09,R,PHI,LAD,"Wheeler, Zack","Miller, Bobby"
745803,2024-07-09,R,NYM,WSH,"Quintana, Jose","Irvin, Jake"
745968,2024-07-09,R,MIL,PIT,"Rea, Colin","Fleming, Josh"
746206,2024-07-09,R,LAA,TEX,"Contreras, Roansy","Scherzer, Max"
746368,2024-07-09,R,HOU,MIA,"Blanco, Ronel","Rogers, Trevor"
746451,2024-07-09,R,DET,CLE,"Maeda, Kenta","Lively, Ben"
746690,2024-07-09,R,CIN,COL,"Lodolo, Nick","Quantrill, Cal"
746937,2024-07-09,R,BOS,ATH,"Bello, Brayan","Estes, Joey"
747014,2024-07-09,R,BAL,CHC,"Kremer, Dean","Taillon, Jameson"
747180,2024-07-09,R,AZ,ATL,"Gallen, Zac","Sale, Chris"
745069,2024-07-10,R,TB,NYY,"Eflin, Zach","Stroman, Marcus"
745155,2024-07-10,R,STL,KC,"Pallante, Andre","Marsh, Alec"
745156,2024-07-10,R,STL,KC,"Graceffo, Gordon","Wacha, Michael"
745318,2024-07-10,R,SF,TOR,"Webb, Logan","Bassitt, Chris"
745394,2024-07-10,R,SD,SEA,"King, Michael","Miller, Bryce"
745556,2024-07-10,R,PHI,LAD,"Sánchez, Cristopher","Stone, Gavin"
745796,2024-07-10,R,NYM,WSH,"Severino, Luis","Corbin, Patrick"
745969,2024-07-10,R,MIL,PIT,"Myers, Tobias","Pérez, Martín"
746205,2024-07-10,R,LAA,TEX,"Canning, Griffin","Lorenzen, Michael"
746366,2024-07-10,R,HOU,MIA,"Valdez, Framber","Hoeing, Bryan"
746453,2024-07-10,R,DET,CLE,"Olson, Reese","Bibee, Tanner"
746689,2024-07-10,R,CIN,COL,"Montas, Frankie","Freeland, Kyle"
746772,2024-07-10,R,CWS,MIN,"Fedde, Erick","Ober, Bailey"
746773,2024-07-10,R,CWS,MIN,"Thorpe, Drew","López, Pablo"
746934,2024-07-10,R,BOS,ATH,"Pivetta, Nick","Sears, JP"
747015,2024-07-10,R,BAL,CHC,"Burnes, Corbin","Imanaga, Shota"
747179,2024-07-10,R,AZ,ATL,"Cecconi, Slade","Morton, Charlie"
745065,2024-07-11,R,TB,NYY,"Baz, Shane","Cortes, Nestor"
745313,2024-07-11,R,SF,TOR,"Hicks, Jordan","Gausman, Kevin"
745558,2024-07-11,R,PHI,LAD,"Nola, Aaron","Banda, Anthony"
745799,2024-07-11,R,NYM,WSH,"Peterson, David","Gore, MacKenzie"
745967,2024-07-11,R,MIL,PIT,"Civale, Aaron","Skenes, Paul"
746204,2024-07-11,R,LAA,SEA,"Kochanowicz, Jack","Castillo, Luis"
746367,2024-07-11,R,HOU,MIA,"Bloss, Jake","Muñoz, Roddery"
746452,2024-07-11,R,DET,CLE,"Flaherty, Jack","Howard, Spencer"
746688,2024-07-11,R,CIN,COL,"Greene, Hunter","Gomber, Austin"
746935,2024-07-11,R,BOS,ATH,"Houck, Tanner","Medina, Luis"
747011,2024-07-11,R,BAL,CHC,"Suárez, Albert","Steele, Justin"
747178,2024-07-11,R,AZ,ATL,"Pfaadt, Brandon","Fried, Max"
745064,2024-07-12,R,TB,CLE,"Bradley, Taj","Carrasco, Carlos"
745153,2024-07-12,R,STL,CHC,"Gray, Sonny","Hendricks, Kyle"
745312,2024-07-12,R,SF,MIN,"Harrison, Kyle","Ryan, Joe"
745390,2024-07-12,R,SD,ATL,"Waldron, Matt","Schwellenbach, Spencer"
745552,2024-07-12,R,PHI,ATH,"Suarez, Ranger","Harris, Hogan"
745800,2024-07-12,R,NYM,COL,"Manaea, Sean","Gordon, Tanner"
745965,2024-07-12,R,MIL,WSH,"Peralta, Freddy","Rutledge, Jackson"
746207,2024-07-12,R,LAA,SEA,"Anderson, Tyler","Woo, Bryan"
746371,2024-07-12,R,HOU,TEX,"Brown, Hunter","Heaney, Andrew"
746450,2024-07-12,R,DET,LAD,"Skubal, Tarik","Paxton, James"
746685,2024-07-12,R,CIN,MIA,"Spiers, Carson","Chirinos, Yonny"
746774,2024-07-12,R,CWS,PIT,"Crochet, Garrett","Gonzales, Marco"
746936,2024-07-12,R,BOS,KC,"Criswell, Cooper","Ragans, Cole"
747012,2024-07-12,R,BAL,NYY,"Povich, Cade","Cole, Gerrit"
747175,2024-07-12,R,AZ,TOR,"Nelson, Ryne","Rodríguez, Yariel"
745067,2024-07-13,R,TB,CLE,"Littell, Zack","Williams, Gavin"
745152,2024-07-13,R,STL,CHC,"Lynn, Lance","Wesneski, Hayden"
745175,2024-07-13,R,STL,CHC,"Gibson, Kyle","Assad, Javier"
745311,2024-07-13,R,SF,MIN,"Birdsong, Hayden","Woods Richardson, Simeon"
745392,2024-07-13,R,SD,ATL,"Cease, Dylan","López, Reynaldo"
745549,2024-07-13,R,PHI,ATH,"Phillips, Tyler","Spence, Mitch"
745798,2024-07-13,R,NYM,COL,"Scott, Christian","Feltner, Ryan"
745963,2024-07-13,R,MIL,WSH,"Keuchel, Dallas","Parker, Mitchell"
746202,2024-07-13,R,LAA,SEA,"Soriano, José","Kirby, George"
746369,2024-07-13,R,HOU,TEX,"Arrighetti, Spencer","Eovaldi, Nathan"
746447,2024-07-13,R,DET,LAD,"Montero, Keider","Wrobleski, Justin"
746687,2024-07-13,R,CIN,MIA,"Abbott, Andrew","Cabrera, Edward"
746766,2024-07-13,R,CWS,PIT,"Flexen, Chris","Ortiz, Luis"
746930,2024-07-13,R,BOS,KC,"Crawford, Kutter","Lugo, Seth"
747013,2024-07-13,R,BAL,NYY,"Rodriguez, Grayson","Gil, Luis"
747177,2024-07-13,R,AZ,TOR,"Díaz, Yilber","Berríos, José"
745066,2024-07-14,R,TB,CLE,"Pepiot, Ryan","Lively, Ben"
745151,2024-07-14,R,STL,CHC,"Mikolas, Miles","Taillon, Jameson"
745314,2024-07-14,R,SF,MIN,"Snell, Blake","Paddack, Chris"
745385,2024-07-14,R,SD,ATL,"Vásquez, Randy","Sale, Chris"
745551,2024-07-14,R,PHI,ATH,"Kerkering, Orion","Estes, Joey"
745797,2024-07-14,R,NYM,COL,"Quintana, Jose","Márquez, Germán"
745962,2024-07-14,R,MIL,WSH,"Zastryzny, Rob","Irvin, Jake"
746201,2024-07-14,R,LAA,SEA,"Fulmer, Carson","Gilbert, Logan"
746370,2024-07-14,R,HOU,TEX,"Blanco, Ronel","Scherzer, Max"
746449,2024-07-14,R,DET,LAD,"Brieske, Beau","Honeywell, Brent"
746686,2024-07-14,R,CIN,MIA,"Lodolo, Nick","Rogers, Trevor"
746769,2024-07-14,R,CWS,PIT,"Shuster, Jared","Keller, Mitch"
746932,2024-07-14,R,BOS,KC,"Bello, Brayan","Singer, Brady"
747009,2024-07-14,R,BAL,NYY,"Kremer, Dean","Rodón, Carlos"
747176,2024-07-14,R,AZ,TOR,"Gallen, Zac","Kikuchi, Yusei"
744829,2024-07-19,R,WSH,CIN,"Corbin, Patrick","Montas, Frankie"
744911,2024-07-19,R,TOR,DET,"Bassitt, Chris","Flaherty, Jack"
744990,2024-07-19,R,TEX,BAL,"Eovaldi, Nathan","Burnes, Corbin"
745228,2024-07-19,R,SEA,HOU,"Castillo, Luis","Brown, Hunter"
745481,2024-07-19,R,PIT,PHI,"Pérez, Martín","Nola, Aaron"
745640,2024-07-19,R,ATH,LAA,"Sears, JP","Canning, Griffin"
745721,2024-07-19,R,NYY,TB,"Cole, Gerrit","Eflin, Zach"
746040,2024-07-19,R,MIA,NYM,"Cabrera, Edward","Manaea, Sean"
746123,2024-07-19,R,LAD,BOS,"Stone, Gavin","Pivetta, Nick"
746284,2024-07-19,R,KC,CWS,"Wacha, Michael","Flexen, Chris"
746531,2024-07-19,R,COL,SF,"Quantrill, Cal","Harrison, Kyle"
746618,2024-07-19,R,CLE,SD,"Bibee, Tanner","Waldron, Matt"
746854,2024-07-19,R,CHC,AZ,"Steele, Justin","Nelson, Ryne"
744830,2024-07-20,R,WSH,CIN,"Gore, MacKenzie","Lodolo, Nick"
744910,2024-07-20,R,TOR,DET,"Kikuchi, Yusei","Olson, Reese"
744994,2024-07-20,R,TEX,BAL,"Scherzer, Max","Rodriguez, Grayson"
745229,2024-07-20,R,SEA,HOU,"Kirby, George","Valdez, Framber"
745478,2024-07-20,R,PIT,PHI,"Ortiz, Luis","Sánchez, Cristopher"
745638,2024-07-20,R,ATH,LAA,"Spence, Mitch","Kochanowicz, Jack"
745720,2024-07-20,R,NYY,TB,"Cortes, Nestor","Bradley, Taj"
745880,2024-07-20,R,MIN,MIL,"López, Pablo","Peralta, Freddy"
746041,2024-07-20,R,MIA,NYM,"Muñoz, Roddery","Severino, Luis"
746121,2024-07-20,R,LAD,BOS,"Wrobleski, Justin","Bello, Brayan"
746286,2024-07-20,R,KC,CWS,"Singer, Brady","Cannon, Jonathan"
746527,2024-07-20,R,COL,SF,"Freeland, Kyle","Webb, Logan"
746613,2024-07-20,R,CLE,SD,"Williams, Gavin","Cease, Dylan"
746852,2024-07-20,R,CHC,AZ,"Hendricks, Kyle","Gallen, Zac"
747093,2024-07-20,R,ATL,STL,"Morton, Charlie","Gibson, Kyle"
747096,2024-07-20,R,ATL,STL,"Elder, Bryce","Gray, Sonny"
744831,2024-07-21,R,WSH,CIN,"Irvin, Jake","Abbott, Andrew"
744909,2024-07-21,R,TOR,DET,"Gausman, Kevin","Montero, Keider"
744991,2024-07-21,R,TEX,BAL,"Heaney, Andrew","Kremer, Dean"
745230,2024-07-21,R,SEA,HOU,"Woo, Bryan","Blanco, Ronel"
745470,2024-07-21,R,PIT,PHI,"Gonzales, Marco","Phillips, Tyler"
745633,2024-07-21,R,ATH,LAA,"Estes, Joey","Fulmer, Carson"
745722,2024-07-21,R,NYY,TB,"Stroman, Marcus","Baz, Shane"
745882,2024-07-21,R,MIN,MIL,"Ryan, Joe","Civale, Aaron"
746042,2024-07-21,R,MIA,NYM,"Rogers, Trevor","Scott, Christian"
746125,2024-07-21,R,LAD,BOS,"Paxton, James","Crawford, Kutter"
746287,2024-07-21,R,KC,CWS,"Lugo, Seth","Thorpe, Drew"
746528,2024-07-21,R,COL,SF,"Feltner, Ryan","Birdsong, Hayden"
746610,2024-07-21,R,CLE,SD,"Lively, Ben","King, Michael"
746853,2024-07-21,R,CHC,AZ,"Imanaga, Shota","Pfaadt, Brandon"
747094,2024-07-21,R,ATL,STL,"Schwellenbach, Spencer","Mikolas, Miles"
744988,2024-07-22,R,TEX,CWS,"Lorenzen, Michael","Fedde, Erick"
745232,2024-07-22,R,SEA,LAA,"Miller, Bryce","Anderson, Tyler"
745473,2024-07-22,R,PIT,STL,"Keller, Mitch","Pallante, Andre"
745635,2024-07-22,R,ATH,HOU,"Harris, Hogan","Arrighetti, Spencer"
745717,2024-07-22,R,NYY,TB,"Rodón, Carlos","Littell, Zack"
745881,2024-07-22,R,MIN,PHI,"Ober, Bailey","Suarez, Ranger"
746034,2024-07-22,R,MIA,NYM,"Chirinos, Yonny","Peterson, David"
746124,2024-07-22,R,LAD,SF,"Ryan, River","Snell, Blake"
746280,2024-07-22,R,KC,AZ,"Ragans, Cole","Díaz, Yilber"
746526,2024-07-22,R,COL,BOS,"Gomber, Austin","Houck, Tanner"
746612,2024-07-22,R,CLE,DET,"Carrasco, Carlos","Skubal, Tarik"
746850,2024-07-22,R,CHC,MIL,"Assad, Javier","Myers, Tobias"
747095,2024-07-22,R,ATL,CIN,"López, Reynaldo","Greene, Hunter"
744828,2024-07-23,R,WSH,SD,"Herz, DJ","Vásquez, Randy"
744904,2024-07-23,R,TOR,TB,"Berríos, José","Armstrong, Shawn"
744985,2024-07-23,R,TEX,CWS,"Gray, Jon","Crochet, Garrett"
745227,2024-07-23,R,SEA,LAA,"Gilbert, Logan","Soriano, José"
745475,2024-07-23,R,PIT,STL,"Skenes, Paul","Lynn, Lance"
745632,2024-07-23,R,ATH,HOU,"Bido, Osvaldo","Bloss, Jake"
745715,2024-07-23,R,NYY,NYM,"Gil, Luis","Quintana, Jose"
745878,2024-07-23,R,MIN,PHI,"Woods Richardson, Simeon","Wheeler, Zack"
746036,2024-07-23,R,MIA,BAL,"Tyler, Kyle","Suárez, Albert"
746118,2024-07-23,R,LAD,SF,"Knack, Landon","Hicks, Jordan"
746281,2024-07-23,R,KC,AZ,"Marsh, Alec","Montgomery, Jordan"
746524,2024-07-23,R,COL,BOS,"Blach, Ty","Criswell, Cooper"
746614,2024-07-23,R,CLE,DET,"Curry, Xzavion","Holton, Tyler"
746848,2024-07-23,R,CHC,MIL,"Taillon, Jameson","Rea, Colin"
744824,2024-07-24,R,WSH,SD,"Parker, Mitchell","Waldron, Matt"
744905,2024-07-24,R,TOR,TB,"Rodríguez, Yariel","Eflin, Zach"
744989,2024-07-24,R,TEX,CWS,"Eovaldi, Nathan","Flexen, Chris"
745231,2024-07-24,R,SEA,LAA,"Castillo, Luis","Canning, Griffin"
745472,2024-07-24,R,PIT,STL,"Pérez, Martín","Liberatore, Matthew"
745634,2024-07-24,R,ATH,HOU,"Sears, JP","Brown, Hunter"
745716,2024-07-24,R,NYY,NYM,"Cole, Gerrit","Manaea, Sean"
745877,2024-07-24,R,MIN,PHI,"Okert, Steven","Nola, Aaron"
746035,2024-07-24,R,MIA,BAL,"Cabrera, Edward","McDermott, Chayce"
746119,2024-07-24,R,LAD,SF,"Glasnow, Tyler","Ray, Robbie"
746279,2024-07-24,R,KC,AZ,"Wacha, Michael","Nelson, Ryne"
746525,2024-07-24,R,COL,BOS,"Quantrill, Cal","Pivetta, Nick"
746611,2024-07-24,R,CLE,DET,"Bibee, Tanner","Flaherty, Jack"
746851,2024-07-24,R,CHC,MIL,"Steele, Justin","Zastryzny, Rob"
747091,2024-07-24,R,ATL,CIN,"Winans, Allan","Montas, Frankie"
744827,2024-07-25,R,WSH,SD,"Corbin, Patrick","Cease, Dylan"
744907,2024-07-25,R,TOR,TB,"Bassitt, Chris","Bradley, Taj"
744984,2024-07-25,R,TEX,CWS,"Scherzer, Max","Cannon, Jonathan"
745794,2024-07-25,R,NYM,ATL,"Severino, Luis","Sale, Chris"
746037,2024-07-25,R,MIA,BAL,"Muñoz, Roddery","Burnes, Corbin"
746117,2024-07-25,R,LAD,SF,"Kershaw, Clayton","Webb, Logan"
746199,2024-07-25,R,LAA,ATH,"Rosenberg, Kenny","Stripling, Ross"
746609,2024-07-25,R,CLE,DET,"Williams, Gavin","Holton, Tyler"
744906,2024-07-26,R,TOR,TEX,"Kikuchi, Yusei","Heaney, Andrew"
745068,2024-07-26,R,TB,CIN,"Baz, Shane","Lodolo, Nick"
745146,2024-07-26,R,STL,WSH,"Gray, Sonny","Gore, MacKenzie"
745315,2024-07-26,R,SF,COL,"Harrison, Kyle","Freeland, Kyle"
745554,2024-07-26,R,PHI,CLE,"Sánchez, Cristopher","Lively, Ben"
745792,2024-07-26,R,NYM,ATL,"Senga, Kodai","Morton, Charlie"
745964,2024-07-26,R,MIL,MIA,"Peralta, Freddy","Rogers, Trevor"
746200,2024-07-26,R,LAA,ATH,"Fulmer, Carson","Blackburn, Paul"
746277,2024-07-26,R,KC,CHC,"Singer, Brady","Hendricks, Kyle"
746361,2024-07-26,R,HOU,LAD,"Valdez, Framber","Stone, Gavin"
746448,2024-07-26,R,DET,MIN,"Montero, Keider","López, Pablo"
746767,2024-07-26,R,CWS,SEA,"Thorpe, Drew","Kirby, George"
746933,2024-07-26,R,BOS,NYY,"Bello, Brayan","Cortes, Nestor"
747010,2024-07-26,R,BAL,SD,"Rodriguez, Grayson","Mazur, Adam"
747174,2024-07-26,R,AZ,PIT,"Gallen, Zac","Ortiz, Luis"
744908,2024-07-27,R,TOR,TEX,"Gausman, Kevin","Lorenzen, Michael"
745059,2024-07-27,R,TB,CIN,"Littell, Zack","Abbott, Andrew"
745150,2024-07-27,R,STL,WSH,"Gibson, Kyle","Irvin, Jake"
745307,2024-07-27,R,SF,COL,"Snell, Blake","Feltner, Ryan"
745310,2024-07-27,R,SF,COL,"Birdsong, Hayden","Gordon, Tanner"
745553,2024-07-27,R,PHI,CLE,"Phillips, Tyler","Carrasco, Carlos"
745793,2024-07-27,R,NYM,ATL,"Megill, Tylor","Schwellenbach, Spencer"
745966,2024-07-27,R,MIL,MIA,"Civale, Aaron","Meyer, Max"
746203,2024-07-27,R,LAA,ATH,"Anderson, Tyler","Spence, Mitch"
746278,2024-07-27,R,KC,CHC,"Lugo, Seth","Imanaga, Shota"
746362,2024-07-27,R,HOU,LAD,"Blanco, Ronel","Wrobleski, Justin"
746446,2024-07-27,R,DET,MIN,"Skubal, Tarik","Ryan, Joe"
746768,2024-07-27,R,CWS,SEA,"Fedde, Erick","Woo, Bryan"
746931,2024-07-27,R,BOS,NYY,"Crawford, Kutter","Stroman, Marcus"
747006,2024-07-27,R,BAL,SD,"Kremer, Dean","King, Michael"
747171,2024-07-27,R,AZ,PIT,"Pfaadt, Brandon","Gonzales, Marco"
744902,2024-07-28,R,TOR,TEX,"Berríos, José","Hernández, Jonathan"
745063,2024-07-28,R,TB,CIN,"Armstrong, Shawn","Greene, Hunter"
745145,2024-07-28,R,STL,WSH,"Mikolas, Miles","Herz, DJ"
745305,2024-07-28,R,SF,COL,"Miller, Erik","Gomber, Austin"
745550,2024-07-28,R,PHI,CLE,"Allard, Kolby","Cantillo, Joey"
745795,2024-07-28,R,NYM,ATL,"Peterson, David","López, Reynaldo"
745961,2024-07-28,R,MIL,MIA,"Myers, Tobias","Tyler, Kyle"
746195,2024-07-28,R,LAA,ATH,"Soriano, José","Bido, Osvaldo"
746274,2024-07-28,R,KC,CHC,"Ragans, Cole","Assad, Javier"
746364,2024-07-28,R,HOU,LAD,"Arrighetti, Spencer","Ryan, River"
746445,2024-07-28,R,DET,MIN,"Faedo, Alex","Ober, Bailey"
746770,2024-07-28,R,CWS,SEA,"Crochet, Garrett","Miller, Bryce"
746929,2024-07-28,R,BOS,NYY,"Houck, Tanner","Rodón, Carlos"
747008,2024-07-28,R,BAL,SD,"Suárez, Albert","Vásquez, Randy"
747173,2024-07-28,R,AZ,PIT,"Díaz, Yilber","Keller, Mitch"
745147,2024-07-29,R,STL,TEX,"Pallante, Andre","Eovaldi, Nathan"
745547,2024-07-29,R,PHI,NYY,"Wheeler, Zack","Gil, Luis"
745791,2024-07-29,R,NYM,MIN,"Quintana, Jose","Woods Richardson, Simeon"
745959,2024-07-29,R,MIL,ATL,"Rea, Colin","Holmes, Grant"
746360,2024-07-29,R,HOU,PIT,"Scott, Tayler","Skenes, Paul"
746444,2024-07-29,R,DET,CLE,"Brieske, Beau","Bibee, Tanner"
746684,2024-07-29,R,CIN,CHC,"Spiers, Carson","Taillon, Jameson"
746765,2024-07-29,R,CWS,KC,"Flexen, Chris","Marsh, Alec"
746928,2024-07-29,R,BOS,SEA,"Pivetta, Nick","Gilbert, Logan"
747007,2024-07-29,R,BAL,TOR,"Eflin, Zach","Rodríguez, Yariel"
747039,2024-07-29,R,BAL,TOR,"Povich, Cade","Francis, Bowden"
747172,2024-07-29,R,AZ,WSH,"Montgomery, Jordan","Parker, Mitchell"
745060,2024-07-30,R,TB,MIA,"Springs, Jeffrey","Cabrera, Edward"
745149,2024-07-30,R,STL,TEX,"Lynn, Lance","Scherzer, Max"
745309,2024-07-30,R,SF,ATH,"Ray, Robbie","Sears, JP"
745389,2024-07-30,R,SD,LAD,"Waldron, Matt","Glasnow, Tyler"
745546,2024-07-30,R,PHI,NYY,"Nola, Aaron","Warren, Will"
745787,2024-07-30,R,NYM,MIN,"Manaea, Sean","Festa, David"
745958,2024-07-30,R,MIL,ATL,"Ross, Joe","Elder, Bryce"
746197,2024-07-30,R,LAA,COL,"Canning, Griffin","Quantrill, Cal"
746365,2024-07-30,R,HOU,PIT,"Brown, Hunter","Falter, Bailey"
746441,2024-07-30,R,DET,CLE,"Holton, Tyler","Williams, Gavin"
746683,2024-07-30,R,CIN,CHC,"Santillan, Tony","Steele, Justin"
746763,2024-07-30,R,CWS,KC,"Cannon, Jonathan","Wacha, Michael"
746926,2024-07-30,R,BOS,SEA,"Paxton, James","Castillo, Luis"
747005,2024-07-30,R,BAL,TOR,"Burnes, Corbin","Bassitt, Chris"
747167,2024-07-30,R,AZ,WSH,"Nelson, Ryne","Corbin, Patrick"
745061,2024-07-31,R,TB,MIA,"Bradley, Taj","Muñoz, Roddery"
745148,2024-07-31,R,STL,TEX,"McGreevy, Michael","Heaney, Andrew"
745306,2024-07-31,R,SF,ATH,"Webb, Logan","Stripling, Ross"
745386,2024-07-31,R,SD,LAD,"Cease, Dylan","Kershaw, Clayton"
745543,2024-07-31,R,PHI,NYY,"Sánchez, Cristopher","Cortes, Nestor"
745789,2024-07-31,R,NYM,MIN,"Severino, Luis","López, Pablo"
745960,2024-07-31,R,MIL,ATL,"Peralta, Freddy","Sale, Chris"
746198,2024-07-31,R,LAA,COL,"Daniel, Davis","Freeland, Kyle"
746363,2024-07-31,R,HOU,PIT,"Valdez, Framber","Woodford, Jake"
746678,2024-07-31,R,CIN,CHC,"Lodolo, Nick","Hendricks, Kyle"
746764,2024-07-31,R,CWS,KC,"Thorpe, Drew","Singer, Brady"
746925,2024-07-31,R,BOS,SEA,"Bello, Brayan","Kirby, George"
747003,2024-07-31,R,BAL,TOR,"Rodriguez, Grayson","Espino, Paolo"
747170,2024-07-31,R,AZ,WSH,"Gallen, Zac","Gore, MacKenzie"
746196,2024-08-01,R,LAA,COL,"Fulmer, Carson","Feltner, Ryan"
746442,2024-08-01,R,DET,KC,"Montero, Keider","Lugo, Seth"
746607,2024-08-01,R,CLE,BAL,"Lively, Ben","Rogers, Trevor"
746849,2024-08-01,R,CHC,STL,"Imanaga, Shota","Gray, Sonny"
747092,2024-08-01,R,ATL,MIA,"Morton, Charlie","Meyer, Max"
744825,2024-08-02,R,WSH,MIL,"Irvin, Jake","Montas, Frankie"
744986,2024-08-02,R,TEX,BOS,"Ureña, José","Crawford, Kutter"
745224,2024-08-02,R,SEA,PHI,"Woo, Bryan","Phillips, Tyler"
745387,2024-08-02,R,SD,COL,"Vásquez, Randy","Gomber, Austin"
745471,2024-08-02,R,PIT,AZ,"Ortiz, Luis","Pfaadt, Brandon"
745631,2024-08-02,R,ATH,LAD,"Estes, Joey","Stone, Gavin"
745719,2024-08-02,R,NYY,TOR,"Stroman, Marcus","Gausman, Kevin"
745875,2024-08-02,R,MIN,CWS,"Ryan, Joe","Martin, Davis"
746193,2024-08-02,R,LAA,NYM,"Anderson, Tyler","Blackburn, Paul"
746354,2024-08-02,R,HOU,TB,"Kikuchi, Yusei","Baz, Shane"
746443,2024-08-02,R,DET,KC,"Skubal, Tarik","Ragans, Cole"
746605,2024-08-02,R,CLE,BAL,"Carrasco, Carlos","Kremer, Dean"
746679,2024-08-02,R,CIN,SF,"Abbott, Andrew","Snell, Blake"
746845,2024-08-02,R,CHC,STL,"Assad, Javier","Fedde, Erick"
747089,2024-08-02,R,ATL,MIA,"Schwellenbach, Spencer","Bellozo, Valente"
744823,2024-08-03,R,WSH,MIL,"Herz, DJ","Civale, Aaron"
744987,2024-08-03,R,TEX,BOS,"Bradford, Cody","Houck, Tanner"
745225,2024-08-03,R,SEA,PHI,"Miller, Bryce","Kerkering, Orion"
745388,2024-08-03,R,SD,COL,"Pérez, Martín","Gordon, Tanner"
745474,2024-08-03,R,PIT,AZ,"Keller, Mitch","Montgomery, Jordan"
745636,2024-08-03,R,ATH,LAD,"Spence, Mitch","Flaherty, Jack"
745714,2024-08-03,R,NYY,TOR,"Rodón, Carlos","Berríos, José"
745876,2024-08-03,R,MIN,CWS,"Ober, Bailey","Crochet, Garrett"
746194,2024-08-03,R,LAA,NYM,"Soriano, José","Peterson, David"
746358,2024-08-03,R,HOU,TB,"Blanco, Ronel","Littell, Zack"
746440,2024-08-03,R,DET,KC,"Holton, Tyler","Lorenzen, Michael"
746608,2024-08-03,R,CLE,BAL,"Cantillo, Joey","Eflin, Zach"
746681,2024-08-03,R,CIN,SF,"Greene, Hunter","Harrison, Kyle"
746846,2024-08-03,R,CHC,STL,"Taillon, Jameson","Gibson, Kyle"
747087,2024-08-03,R,ATL,MIA,"Holmes, Grant","Tyler, Kyle"
744826,2024-08-04,R,WSH,MIL,"Parker, Mitchell","Myers, Tobias"
744979,2024-08-04,R,TEX,BOS,"Eovaldi, Nathan","Pivetta, Nick"
745222,2024-08-04,R,SEA,PHI,"Gilbert, Logan","Wheeler, Zack"
745384,2024-08-04,R,SD,COL,"Waldron, Matt","Quantrill, Cal"
745468,2024-08-04,R,PIT,AZ,"Skenes, Paul","Nelson, Ryne"
745627,2024-08-04,R,ATH,LAD,"Bido, Osvaldo","Ryan, River"
745718,2024-08-04,R,NYY,TOR,"Cole, Gerrit","Rodríguez, Yariel"
745879,2024-08-04,R,MIN,CWS,"Woods Richardson, Simeon","Flexen, Chris"
746191,2024-08-04,R,LAA,NYM,"Canning, Griffin","Quintana, Jose"
746356,2024-08-04,R,HOU,TB,"Arrighetti, Spencer","Bigge, Hunter"
746439,2024-08-04,R,DET,KC,"Faedo, Alex","Wacha, Michael"
746606,2024-08-04,R,CLE,BAL,"Williams, Gavin","Burnes, Corbin"
746680,2024-08-04,R,CIN,SF,"Spiers, Carson","Ray, Robbie"
746844,2024-08-04,R,CHC,STL,"Steele, Justin","Mikolas, Miles"
747088,2024-08-04,R,ATL,MIA,"Fried, Max","Cabrera, Edward"
744821,2024-08-05,R,WSH,SF,"Corbin, Patrick","Webb, Logan"
744982,2024-08-05,R,TEX,HOU,"Heaney, Andrew","Brown, Hunter"
745184,2024-08-05,R,STL,NYM,"Pallante, Andre","Manaea, Sean"
745628,2024-08-05,R,ATH,CWS,"Sears, JP","Bush, Ky"
746038,2024-08-05,R,MIA,CIN,"Muñoz, Roddery","Martinez, Nick"
746116,2024-08-05,R,LAD,PHI,"Glasnow, Tyler","Nola, Aaron"
746276,2024-08-05,R,KC,BOS,"Singer, Brady","Paxton, James"
746600,2024-08-05,R,CLE,AZ,"Allen, Logan","Gallen, Zac"
746847,2024-08-05,R,CHC,MIN,"Hendricks, Kyle","Festa, David"
744817,2024-08-06,R,WSH,SF,"Gore, MacKenzie","Birdsong, Hayden"
744901,2024-08-06,R,TOR,BAL,"Bassitt, Chris","Suárez, Albert"
744983,2024-08-06,R,TEX,HOU,"Mahle, Tyler","Valdez, Framber"
745141,2024-08-06,R,STL,TB,"Gray, Sonny","Springs, Jeffrey"
745221,2024-08-06,R,SEA,DET,"Castillo, Luis","Montero, Keider"
745467,2024-08-06,R,PIT,SD,"Falter, Bailey","Cease, Dylan"
745629,2024-08-06,R,ATH,CWS,"Stripling, Ross","Cannon, Jonathan"
746033,2024-08-06,R,MIA,CIN,"Meyer, Max","Lodolo, Nick"
746120,2024-08-06,R,LAD,PHI,"Kershaw, Clayton","Sánchez, Cristopher"
746273,2024-08-06,R,KC,BOS,"Lugo, Seth","Bello, Brayan"
746519,2024-08-06,R,COL,NYM,"Freeland, Kyle","Severino, Luis"
746840,2024-08-06,R,CHC,MIN,"Imanaga, Shota","López, Pablo"
747086,2024-08-06,R,ATL,MIL,"Elder, Bryce","Rea, Colin"
744822,2024-08-07,R,WSH,SF,"Irvin, Jake","Snell, Blake"
744903,2024-08-07,R,TOR,BAL,"Francis, Bowden","Rogers, Trevor"
744981,2024-08-07,R,TEX,HOU,"Ureña, José","Kikuchi, Yusei"
745142,2024-08-07,R,STL,TB,"Fedde, Erick","Bradley, Taj"
745223,2024-08-07,R,SEA,DET,"Kirby, George","Skubal, Tarik"
745469,2024-08-07,R,PIT,SD,"Gonzales, Marco","King, Michael"
745630,2024-08-07,R,ATH,CWS,"Estes, Joey","Martin, Davis"
745709,2024-08-07,R,NYY,LAA,"Gil, Luis","Daniel, Davis"
745713,2024-08-07,R,NYY,LAA,"Warren, Will","Fulmer, Carson"
746031,2024-08-07,R,MIA,CIN,"Bellozo, Valente","Abbott, Andrew"
746115,2024-08-07,R,LAD,PHI,"Stone, Gavin","Phillips, Tyler"
746272,2024-08-07,R,KC,BOS,"Ragans, Cole","Crawford, Kutter"
746521,2024-08-07,R,COL,NYM,"Feltner, Ryan","Blackburn, Paul"
746602,2024-08-07,R,CLE,AZ,"Carrasco, Carlos","Rodriguez, Eduardo"
746604,2024-08-07,R,CLE,AZ,"Lively, Ben","Pfaadt, Brandon"
746842,2024-08-07,R,CHC,MIN,"Assad, Javier","Ryan, Joe"
747085,2024-08-07,R,ATL,MIL,"Sale, Chris","Peralta, Freddy"
744819,2024-08-08,R,WSH,SF,"Herz, DJ","Harrison, Kyle"
744899,2024-08-08,R,TOR,BAL,"Gausman, Kevin","Kremer, Dean"
745143,2024-08-08,R,STL,TB,"Gibson, Kyle","Baz, Shane"
745226,2024-08-08,R,SEA,DET,"Woo, Bryan","Hanifee, Brenan"
745466,2024-08-08,R,PIT,SD,"Ortiz, Luis","Vásquez, Randy"
745710,2024-08-08,R,NYY,LAA,"Cortes, Nestor","Anderson, Tyler"
746030,2024-08-08,R,MIA,CIN,"Tyler, Kyle","Greene, Hunter"
746522,2024-08-08,R,COL,NYM,"Gomber, Austin","Peterson, David"
747081,2024-08-08,R,ATL,MIL,"Morton, Charlie","Montas, Frankie"
747169,2024-08-08,R,AZ,PHI,"Montgomery, Jordan","Allard, Kolby"
744818,2024-08-09,R,WSH,LAA,"Parker, Mitchell","Soriano, José"
744900,2024-08-09,R,TOR,ATH,"Berríos, José","Spence, Mitch"
745062,2024-08-09,R,TB,BAL,"Littell, Zack","Eflin, Zach"
745220,2024-08-09,R,SEA,NYM,"Miller, Bryce","Quintana, Jose"
745308,2024-08-09,R,SF,DET,"Ray, Robbie","Brieske, Beau"
745871,2024-08-09,R,MIN,CLE,"Varland, Louis","Cobb, Alex"
745927,2024-08-09,R,MIN,CLE,"Ober, Bailey","Cantillo, Joey"
745957,2024-08-09,R,MIL,CIN,"Civale, Aaron","Spiers, Carson"
746032,2024-08-09,R,MIA,SD,"Cabrera, Edward","Pérez, Martín"
746113,2024-08-09,R,LAD,PIT,"Flaherty, Jack","Keller, Mitch"
746275,2024-08-09,R,KC,STL,"Lorenzen, Michael","Mikolas, Miles"
746523,2024-08-09,R,COL,ATL,"Gordon, Tanner","Holmes, Grant"
746760,2024-08-09,R,CWS,CHC,"Crochet, Garrett","Taillon, Jameson"
746927,2024-08-09,R,BOS,HOU,"Houck, Tanner","Blanco, Ronel"
747168,2024-08-09,R,AZ,PHI,"Nelson, Ryne","Wheeler, Zack"
744820,2024-08-10,R,WSH,LAA,"Corbin, Patrick","Canning, Griffin"
744897,2024-08-10,R,TOR,ATH,"Rodríguez, Yariel","Bido, Osvaldo"
745056,2024-08-10,R,TB,BAL,"Rasmussen, Drew","Burnes, Corbin"
745219,2024-08-10,R,SEA,NYM,"Gilbert, Logan","Manaea, Sean"
745304,2024-08-10,R,SF,DET,"Webb, Logan","Faedo, Alex"
745708,2024-08-10,R,NYY,TEX,"Cole, Gerrit","Bradford, Cody"
745712,2024-08-10,R,NYY,TEX,"Rodón, Carlos","Eovaldi, Nathan"
745873,2024-08-10,R,MIN,CLE,"Woods Richardson, Simeon","Williams, Gavin"
745955,2024-08-10,R,MIL,CIN,"Myers, Tobias","Martinez, Nick"
746026,2024-08-10,R,MIA,SD,"Muñoz, Roddery","Waldron, Matt"
746112,2024-08-10,R,LAD,PIT,"Ryan, River","Skenes, Paul"
746269,2024-08-10,R,KC,STL,"Wacha, Michael","Pallante, Andre"
746520,2024-08-10,R,COL,ATL,"Hudson, Dakota","Fried, Max"
746761,2024-08-10,R,CWS,CHC,"Flexen, Chris","Steele, Justin"
746922,2024-08-10,R,BOS,HOU,"Winckowski, Josh","Arrighetti, Spencer"
747164,2024-08-10,R,AZ,PHI,"Gallen, Zac","Nola, Aaron"
744816,2024-08-11,R,WSH,LAA,"Gore, MacKenzie","Kochanowicz, Jack"
744895,2024-08-11,R,TOR,ATH,"Bassitt, Chris","Sears, JP"
745057,2024-08-11,R,TB,BAL,"Springs, Jeffrey","Suárez, Albert"
745216,2024-08-11,R,SEA,NYM,"Castillo, Luis","Severino, Luis"
745303,2024-08-11,R,SF,DET,"Birdsong, Hayden","Montero, Keider"
745711,2024-08-11,R,NYY,TEX,"Stroman, Marcus","Heaney, Andrew"
745872,2024-08-11,R,MIN,CLE,"Festa, David","Bibee, Tanner"
745956,2024-08-11,R,MIL,CIN,"Hall, DL","Lodolo, Nick"
746025,2024-08-11,R,MIA,SD,"Meyer, Max","Cease, Dylan"
746114,2024-08-11,R,LAD,PIT,"Glasnow, Tyler","Falter, Bailey"
746517,2024-08-11,R,COL,ATL,"Freeland, Kyle","Schwellenbach, Spencer"
746923,2024-08-11,R,BOS,HOU,"Paxton, James","Brown, Hunter"
747166,2024-08-11,R,AZ,PHI,"Kelly, Merrill","Sánchez, Cristopher"
745058,2024-08-12,R,TB,HOU,"Bradley, Taj","Valdez, Framber"
745300,2024-08-12,R,SF,ATL,"Snell, Blake","Sale, Chris"
745383,2024-08-12,R,SD,PIT,"Musgrove, Joe","Woodford, Jake"
745874,2024-08-12,R,MIN,KC,"López, Pablo","Singer, Brady"
745953,2024-08-12,R,MIL,LAD,"Peralta, Freddy","Kershaw, Clayton"
746192,2024-08-12,R,LAA,TOR,"Daniel, Davis","Francis, Bowden"
746603,2024-08-12,R,CLE,CHC,"Lively, Ben","Imanaga, Shota"
746682,2024-08-12,R,CIN,STL,"Abbott, Andrew","Gray, Sonny"
746762,2024-08-12,R,CWS,NYY,"Bush, Ky","Gil, Luis"
746921,2024-08-12,R,BOS,TEX,"Bello, Brayan","Mahle, Tyler"
747165,2024-08-12,R,AZ,COL,"Pfaadt, Brandon","Blalock, Bradley"
745055,2024-08-13,R,TB,HOU,"Baz, Shane","Kikuchi, Yusei"
745302,2024-08-13,R,SF,ATL,"Harrison, Kyle","Morton, Charlie"
745382,2024-08-13,R,SD,PIT,"King, Michael","Ortiz, Luis"
745548,2024-08-13,R,PHI,MIA,"Walker, Taijuan","Bellozo, Valente"
745788,2024-08-13,R,NYM,ATH,"Blackburn, Paul","Boyle, Joe"
745867,2024-08-13,R,MIN,KC,"Matthews, Zebby","Lugo, Seth"
745954,2024-08-13,R,MIL,LAD,"Rea, Colin","Stone, Gavin"
746187,2024-08-13,R,LAA,TOR,"Fulmer, Carson","Gausman, Kevin"
746435,2024-08-13,R,DET,SEA,"Skubal, Tarik","Kirby, George"
746601,2024-08-13,R,CLE,CHC,"Boyd, Matthew","Assad, Javier"
746673,2024-08-13,R,CIN,STL,"Greene, Hunter","Fedde, Erick"
746757,2024-08-13,R,CWS,NYY,"Cannon, Jonathan","Cortes, Nestor"
746924,2024-08-13,R,BOS,TEX,"Crawford, Kutter","Ureña, José"
747004,2024-08-13,R,BAL,WSH,"Rogers, Trevor","Irvin, Jake"
747160,2024-08-13,R,AZ,COL,"Rodriguez, Eduardo","Gomber, Austin"
745053,2024-08-14,R,TB,HOU,"Littell, Zack","Blanco, Ronel"
745301,2024-08-14,R,SF,ATL,"Ray, Robbie","Holmes, Grant"
745381,2024-08-14,R,SD,PIT,"Pérez, Martín","Keller, Mitch"
745544,2024-08-14,R,PHI,MIA,"Phillips, Tyler","Cabrera, Edward"
745790,2024-08-14,R,NYM,ATH,"Peterson, David","Estes, Joey"
745869,2024-08-14,R,MIN,KC,"Varland, Louis","Ragans, Cole"
745951,2024-08-14,R,MIL,LAD,"Montas, Frankie","Buehler, Walker"
746188,2024-08-14,R,LAA,TOR,"Anderson, Tyler","Berríos, José"
746436,2024-08-14,R,DET,SEA,"Brieske, Beau","Woo, Bryan"
746598,2024-08-14,R,CLE,CHC,"Cobb, Alex","Taillon, Jameson"
746677,2024-08-14,R,CIN,STL,"Pagán, Emilio","Gibson, Kyle"
746759,2024-08-14,R,CWS,NYY,"Martin, Davis","Warren, Will"
746919,2024-08-14,R,BOS,TEX,"Houck, Tanner","Dunning, Dane"
747000,2024-08-14,R,BAL,WSH,"Kremer, Dean","Herz, DJ"
747163,2024-08-14,R,AZ,COL,"Montgomery, Jordan","Gordon, Tanner"
744980,2024-08-15,R,TEX,MIN,"Bradford, Cody","Ober, Bailey"
745298,2024-08-15,R,SF,ATL,"Webb, Logan","Fried, Max"
745545,2024-08-15,R,PHI,WSH,"Wheeler, Zack","Parker, Mitchell"
745783,2024-08-15,R,NYM,ATH,"Quintana, Jose","Spence, Mitch"
745950,2024-08-15,R,MIL,LAD,"Myers, Tobias","Flaherty, Jack"
746437,2024-08-15,R,DET,SEA,"Faedo, Alex","Miller, Bryce"
747002,2024-08-15,R,BAL,BOS,"Eflin, Zach","Pivetta, Nick"
744974,2024-08-16,R,TEX,MIN,"Heaney, Andrew","Woods Richardson, Simeon"
745054,2024-08-16,R,TB,AZ,"Pepiot, Ryan","Nelson, Ryne"
745144,2024-08-16,R,STL,LAD,"Mikolas, Miles","Wrobleski, Justin"
745462,2024-08-16,R,PIT,SEA,"Skenes, Paul","Gilbert, Logan"
745542,2024-08-16,R,PHI,WSH,"Nola, Aaron","Corbin, Patrick"
745784,2024-08-16,R,NYM,MIA,"Manaea, Sean","Muñoz, Roddery"
745949,2024-08-16,R,MIL,CLE,"Civale, Aaron","Williams, Gavin"
746189,2024-08-16,R,LAA,ATL,"Soriano, José","Schwellenbach, Spencer"
746357,2024-08-16,R,HOU,CWS,"Arrighetti, Spencer","Crochet, Garrett"
746438,2024-08-16,R,DET,NYY,"Brieske, Beau","Cole, Gerrit"
746518,2024-08-16,R,COL,SD,"Quantrill, Cal","Waldron, Matt"
746674,2024-08-16,R,CIN,KC,"Martinez, Nick","Lorenzen, Michael"
746843,2024-08-16,R,CHC,TOR,"Hendricks, Kyle","Rodríguez, Yariel"
747001,2024-08-16,R,BAL,BOS,"Burnes, Corbin","Bernardino, Brennan"
744977,2024-08-17,R,TEX,MIN,"Eovaldi, Nathan","Festa, David"
745049,2024-08-17,R,TB,AZ,"Springs, Jeffrey","Gallen, Zac"
745140,2024-08-17,R,STL,LAD,"Pallante, Andre","Miller, Bobby"
745463,2024-08-17,R,PIT,SEA,"Falter, Bailey","Castillo, Luis"
745537,2024-08-17,R,PHI,WSH,"Sánchez, Cristopher","Gore, MacKenzie"
745626,2024-08-17,R,ATH,SF,"Bido, Osvaldo","Birdsong, Hayden"
745785,2024-08-17,R,NYM,MIA,"Severino, Luis","Meyer, Max"
745952,2024-08-17,R,MIL,CLE,"Peralta, Freddy","Bibee, Tanner"
746190,2024-08-17,R,LAA,ATL,"Canning, Griffin","Sale, Chris"
746355,2024-08-17,R,HOU,CWS,"Brown, Hunter","Flexen, Chris"
746434,2024-08-17,R,DET,NYY,"Montero, Keider","Rodón, Carlos"
746515,2024-08-17,R,COL,SD,"Freeland, Kyle","Cease, Dylan"
746675,2024-08-17,R,CIN,KC,"Lodolo, Nick","Wacha, Michael"
746841,2024-08-17,R,CHC,TOR,"Steele, Justin","Bassitt, Chris"
746997,2024-08-17,R,BAL,BOS,"Povich, Cade","Bello, Brayan"
744975,2024-08-18,R,TEX,MIN,"Mahle, Tyler","López, Pablo"
745051,2024-08-18,R,TB,AZ,"Rasmussen, Drew","Kelly, Merrill"
745139,2024-08-18,R,STL,LAD,"Gray, Sonny","Kershaw, Clayton"
745464,2024-08-18,R,PIT,SEA,"Woodford, Jake","Kirby, George"
745539,2024-08-18,R,PHI,WSH,"Walker, Taijuan","Irvin, Jake"
745621,2024-08-18,R,ATH,SF,"Sears, JP","Snell, Blake"
745786,2024-08-18,R,NYM,MIA,"Blackburn, Paul","Bellozo, Valente"
745948,2024-08-18,R,MIL,CLE,"Rea, Colin","Lively, Ben"
746186,2024-08-18,R,LAA,ATL,"Kochanowicz, Jack","Morton, Charlie"
746359,2024-08-18,R,HOU,CWS,"Valdez, Framber","Bush, Ky"
746431,2024-08-18,R,DET,NYY,"Skubal, Tarik","Stroman, Marcus"
746516,2024-08-18,R,COL,SD,"Blalock, Bradley","Musgrove, Joe"
746676,2024-08-18,R,CIN,KC,"Abbott, Andrew","Singer, Brady"
746838,2024-08-18,R,CHC,TOR,"Imanaga, Shota","Francis, Bowden"
746999,2024-08-18,R,BAL,BOS,"Suárez, Albert","Crawford, Kutter"
744898,2024-08-19,R,TOR,CIN,"Gausman, Kevin","Aguiar, Julian"
744976,2024-08-19,R,TEX,PIT,"Dunning, Dane","Ortiz, Luis"
745294,2024-08-19,R,SF,CWS,"Harrison, Kyle","Cannon, Jonathan"
745380,2024-08-19,R,SD,MIN,"King, Michael","Matthews, Zebby"
745620,2024-08-19,R,ATH,TB,"Boyle, Joe","Bradley, Taj"
745780,2024-08-19,R,NYM,BAL,"Peterson, David","Rogers, Trevor"
746027,2024-08-19,R,MIA,AZ,"Oller, Adam","Pfaadt, Brandon"
746109,2024-08-19,R,LAD,SEA,"Stone, Gavin","Woo, Bryan"
746270,2024-08-19,R,KC,LAA,"Lugo, Seth","Fulmer, Carson"
746351,2024-08-19,R,HOU,BOS,"Kikuchi, Yusei","Houck, Tanner"
744814,2024-08-20,R,WSH,COL,"Herz, DJ","Gomber, Austin"
744896,2024-08-20,R,TOR,CIN,"Berríos, José","Spiers, Carson"
744978,2024-08-20,R,TEX,PIT,"Bradford, Cody","Keller, Mitch"
745136,2024-08-20,R,STL,MIL,"Fedde, Erick","Montas, Frankie"
745295,2024-08-20,R,SF,CWS,"Ray, Robbie","Martin, Davis"
745374,2024-08-20,R,SD,MIN,"Pérez, Martín","Ober, Bailey"
745624,2024-08-20,R,ATH,TB,"Estes, Joey","Baz, Shane"
745707,2024-08-20,R,NYY,CLE,"Gil, Luis","Boyd, Matthew"
745782,2024-08-20,R,NYM,BAL,"Quintana, Jose","Kremer, Dean"
746029,2024-08-20,R,MIA,AZ,"Cabrera, Edward","Rodriguez, Eduardo"
746107,2024-08-20,R,LAD,SEA,"Buehler, Walker","Miller, Bryce"
746266,2024-08-20,R,KC,LAA,"Ragans, Cole","Anderson, Tyler"
746349,2024-08-20,R,HOU,BOS,"Blanco, Ronel","Pivetta, Nick"
746839,2024-08-20,R,CHC,DET,"Assad, Javier","Faedo, Alex"
747083,2024-08-20,R,ATL,PHI,"López, Reynaldo","Wheeler, Zack"
744812,2024-08-21,R,WSH,COL,"Parker, Mitchell","Gordon, Tanner"
744893,2024-08-21,R,TOR,CIN,"Rodríguez, Yariel","Martinez, Nick"
744973,2024-08-21,R,TEX,PIT,"Heaney, Andrew","Germán, Domingo"
745138,2024-08-21,R,STL,MIL,"Gibson, Kyle","Myers, Tobias"
745297,2024-08-21,R,SF,CWS,"Webb, Logan","Crochet, Garrett"
745375,2024-08-21,R,SD,MIN,"Waldron, Matt","Woods Richardson, Simeon"
745622,2024-08-21,R,ATH,TB,"Spence, Mitch","Pepiot, Ryan"
745704,2024-08-21,R,NYY,CLE,"Cortes, Nestor","Cantillo, Joey"
745781,2024-08-21,R,NYM,BAL,"Manaea, Sean","Irvin, Cole"
746028,2024-08-21,R,MIA,AZ,"Muñoz, Roddery","Montgomery, Jordan"
746110,2024-08-21,R,LAD,SEA,"Flaherty, Jack","Gilbert, Logan"
746267,2024-08-21,R,KC,LAA,"Lorenzen, Michael","Cueto, Johnny"
746350,2024-08-21,R,HOU,BOS,"Verlander, Justin","Criswell, Cooper"
746837,2024-08-21,R,CHC,DET,"Taillon, Jameson","Brieske, Beau"
747084,2024-08-21,R,ATL,PHI,"Fried, Max","Nola, Aaron"
744815,2024-08-22,R,WSH,COL,"Corbin, Patrick","Quantrill, Cal"
744894,2024-08-22,R,TOR,LAA,"Burr, Ryan","Burke, Brock"
745137,2024-08-22,R,STL,MIL,"Mikolas, Miles","Peralta, Freddy"
745379,2024-08-22,R,SD,NYM,"Cease, Dylan","Severino, Luis"
745465,2024-08-22,R,PIT,CIN,"Skenes, Paul","Lodolo, Nick"
745623,2024-08-22,R,ATH,TB,"Bido, Osvaldo","Springs, Jeffrey"
745705,2024-08-22,R,NYY,CLE,"Cole, Gerrit","Williams, Gavin"
746836,2024-08-22,R,CHC,DET,"Steele, Justin","Holton, Tyler"
746998,2024-08-22,R,BAL,HOU,"Burnes, Corbin","Arrighetti, Spencer"
747082,2024-08-22,R,ATL,PHI,"Schwellenbach, Spencer","Sánchez, Cristopher"
744889,2024-08-23,R,TOR,LAA,"Bassitt, Chris","Kochanowicz, Jack"
745217,2024-08-23,R,SEA,SF,"Castillo, Luis","Birdsong, Hayden"
745378,2024-08-23,R,SD,NYM,"Musgrove, Joe","Blackburn, Paul"
745460,2024-08-23,R,PIT,CIN,"Falter, Bailey","Farmer, Buck"
745625,2024-08-23,R,ATH,MIL,"Sears, JP","Civale, Aaron"
745702,2024-08-23,R,NYY,COL,"Rodón, Carlos","Freeland, Kyle"
745870,2024-08-23,R,MIN,STL,"Festa, David","Pallante, Andre"
746024,2024-08-23,R,MIA,CHC,"Meyer, Max","Hendricks, Kyle"
746111,2024-08-23,R,LAD,TB,"Miller, Bobby","Alexander, Tyler"
746268,2024-08-23,R,KC,PHI,"Wacha, Michael","Walker, Taijuan"
746597,2024-08-23,R,CLE,TEX,"Bibee, Tanner","Eovaldi, Nathan"
746758,2024-08-23,R,CWS,DET,"Flexen, Chris","Montero, Keider"
746920,2024-08-23,R,BOS,AZ,"Bello, Brayan","Nelson, Ryne"
746995,2024-08-23,R,BAL,HOU,"Povich, Cade","Brown, Hunter"
747080,2024-08-23,R,ATL,WSH,"Sale, Chris","Gore, MacKenzie"
744890,2024-08-24,R,TOR,LAA,"Francis, Bowden","Fulmer, Carson"
745218,2024-08-24,R,SEA,SF,"Kirby, George","Snell, Blake"
745377,2024-08-24,R,SD,NYM,"King, Michael","Peterson, David"
745457,2024-08-24,R,PIT,CIN,"Woodford, Jake","Aguiar, Julian"
745617,2024-08-24,R,ATH,MIL,"Boyle, Joe","Rea, Colin"
745703,2024-08-24,R,NYY,COL,"Warren, Will","Blalock, Bradley"
745868,2024-08-24,R,MIN,STL,"López, Pablo","Gray, Sonny"
746022,2024-08-24,R,MIA,CHC,"Bellozo, Valente","Imanaga, Shota"
746108,2024-08-24,R,LAD,TB,"Kershaw, Clayton","Bradley, Taj"
746271,2024-08-24,R,KC,PHI,"Singer, Brady","Suarez, Ranger"
746599,2024-08-24,R,CLE,TEX,"Lively, Ben","Gray, Jon"
746756,2024-08-24,R,CWS,DET,"Bush, Ky","Skubal, Tarik"
746917,2024-08-24,R,BOS,AZ,"Crawford, Kutter","Gallen, Zac"
746996,2024-08-24,R,BAL,HOU,"Suárez, Albert","Valdez, Framber"
747077,2024-08-24,R,ATL,WSH,"Morton, Charlie","Irvin, Jake"
744892,2024-08-25,R,TOR,LAA,"Gausman, Kevin","Anderson, Tyler"
745212,2024-08-25,R,SEA,SF,"Woo, Bryan","Ray, Robbie"
745376,2024-08-25,R,SD,NYM,"Pérez, Martín","Quintana, Jose"
745459,2024-08-25,R,PIT,CIN,"Ortiz, Luis","Martinez, Nick"
745618,2024-08-25,R,ATH,MIL,"Estes, Joey","Montas, Frankie"
745706,2024-08-25,R,NYY,COL,"Stroman, Marcus","Gomber, Austin"
745863,2024-08-25,R,MIN,STL,"Matthews, Zebby","Fedde, Erick"
746023,2024-08-25,R,MIA,CHC,"Oller, Adam","Assad, Javier"
746106,2024-08-25,R,LAD,TB,"Stone, Gavin","Lopez, Jacob"
746263,2024-08-25,R,KC,PHI,"Lugo, Seth","Allard, Kolby"
746595,2024-08-25,R,CLE,TEX,"Boyd, Matthew","Bradford, Cody"
746754,2024-08-25,R,CWS,DET,"Cannon, Jonathan","Brieske, Beau"
746918,2024-08-25,R,BOS,AZ,"Houck, Tanner","Kelly, Merrill"
746994,2024-08-25,R,BAL,HOU,"Kremer, Dean","Kikuchi, Yusei"
747078,2024-08-25,R,ATL,WSH,"López, Reynaldo","Herz, DJ"
744813,2024-08-26,R,WSH,NYY,"Parker, Mitchell","Cortes, Nestor"
745133,2024-08-26,R,STL,SD,"Gibson, Kyle","Vásquez, Randy"
745215,2024-08-26,R,SEA,TB,"Miller, Bryce","Pepiot, Ryan"
745458,2024-08-26,R,PIT,CHC,"Keller, Mitch","Taillon, Jameson"
745538,2024-08-26,R,PHI,HOU,"Wheeler, Zack","Blanco, Ronel"
745865,2024-08-26,R,MIN,ATL,"Ober, Bailey","Fried, Max"
746513,2024-08-26,R,COL,MIA,"Feltner, Ryan","Cabrera, Edward"
746596,2024-08-26,R,CLE,KC,"Allen, Logan","Marsh, Alec"
746628,2024-08-26,R,CLE,KC,"Sandlin, Nick","Ragans, Cole"
746753,2024-08-26,R,CWS,DET,"Martin, Davis","Madden, Ty"
746915,2024-08-26,R,BOS,TOR,"Kelly, Zack","Berríos, José"
744811,2024-08-27,R,WSH,NYY,"Corbin, Patrick","Cole, Gerrit"
745132,2024-08-27,R,STL,SD,"Mikolas, Miles","Cease, Dylan"
745213,2024-08-27,R,SEA,TB,"Gilbert, Logan","Springs, Jeffrey"
745461,2024-08-27,R,PIT,CHC,"Jones, Jared","Steele, Justin"
745540,2024-08-27,R,PHI,HOU,"Nola, Aaron","Verlander, Justin"
745864,2024-08-27,R,MIN,ATL,"Woods Richardson, Simeon","Schwellenbach, Spencer"
745946,2024-08-27,R,MIL,SF,"Myers, Tobias","Webb, Logan"
746105,2024-08-27,R,LAD,BAL,"Flaherty, Jack","Irvin, Cole"
746429,2024-08-27,R,DET,LAA,"Hurter, Brant","Cueto, Johnny"
746510,2024-08-27,R,COL,MIA,"Quantrill, Cal","Muñoz, Roddery"
746594,2024-08-27,R,CLE,KC,"Williams, Gavin","Lorenzen, Michael"
746671,2024-08-27,R,CIN,ATH,"Junis, Jakob","Spence, Mitch"
746755,2024-08-27,R,CWS,TEX,"Flexen, Chris","Heaney, Andrew"
746916,2024-08-27,R,BOS,TOR,"Criswell, Cooper","Rodríguez, Yariel"
747162,2024-08-27,R,AZ,NYM,"Pfaadt, Brandon","Manaea, Sean"
744809,2024-08-28,R,WSH,NYY,"Gore, MacKenzie","Rodón, Carlos"
745134,2024-08-28,R,STL,SD,"Pallante, Andre","Musgrove, Joe"
745211,2024-08-28,R,SEA,TB,"Castillo, Luis","Rasmussen, Drew"
745452,2024-08-28,R,PIT,CHC,"Skenes, Paul","Hendricks, Kyle"
745541,2024-08-28,R,PHI,HOU,"Walker, Taijuan","Arrighetti, Spencer"
745866,2024-08-28,R,MIN,ATL,"Festa, David","Sale, Chris"
745943,2024-08-28,R,MIL,SF,"Peralta, Freddy","Harrison, Kyle"
746103,2024-08-28,R,LAD,BAL,"Buehler, Walker","Burnes, Corbin"
746430,2024-08-28,R,DET,LAA,"Englert, Mason","Canning, Griffin"
746512,2024-08-28,R,COL,MIA,"Freeland, Kyle","Meyer, Max"
746589,2024-08-28,R,CLE,KC,"Bibee, Tanner","Wacha, Michael"
746672,2024-08-28,R,CIN,ATH,"Cruz, Fernando","Bido, Osvaldo"
746752,2024-08-28,R,CWS,TEX,"Foster, Matt","Leiter, Jack"
746913,2024-08-28,R,BOS,TOR,"Bello, Brayan","Bassitt, Chris"
747161,2024-08-28,R,AZ,NYM,"Rodriguez, Eduardo","Severino, Luis"
745135,2024-08-29,R,STL,SD,"Gray, Sonny","King, Michael"
745531,2024-08-29,R,PHI,ATL,"Sánchez, Cristopher","Morton, Charlie"
745945,2024-08-29,R,MIL,SF,"Civale, Aaron","Birdsong, Hayden"
746102,2024-08-29,R,LAD,BAL,"Miller, Bobby","Povich, Cade"
746352,2024-08-29,R,HOU,KC,"Brown, Hunter","Singer, Brady"
746432,2024-08-29,R,DET,LAA,"Montero, Keider","Kochanowicz, Jack"
746514,2024-08-29,R,COL,MIA,"Blalock, Bradley","Bellozo, Valente"
746670,2024-08-29,R,CIN,ATH,"Aguiar, Julian","Ginn, J.T."
746748,2024-08-29,R,CWS,TEX,"Nastrini, Nick","Eovaldi, Nathan"
746914,2024-08-29,R,BOS,TOR,"Crawford, Kutter","Francis, Bowden"
747159,2024-08-29,R,AZ,NYM,"Nelson, Ryne","Peterson, David"
744810,2024-08-30,R,WSH,CHC,"Irvin, Jake","Imanaga, Shota"
744969,2024-08-30,R,TEX,ATH,"Gray, Jon","Sears, JP"
745052,2024-08-30,R,TB,SD,"Bradley, Taj","Pérez, Martín"
745299,2024-08-30,R,SF,MIA,"Snell, Blake","Oller, Adam"
745533,2024-08-30,R,PHI,ATL,"Suarez, Ranger","López, Reynaldo"
745700,2024-08-30,R,NYY,STL,"Stroman, Marcus","Fedde, Erick"
745862,2024-08-30,R,MIN,TOR,"López, Pablo","Gausman, Kevin"
746184,2024-08-30,R,LAA,SEA,"Aldegheri, Sam","Kirby, George"
746353,2024-08-30,R,HOU,KC,"Valdez, Framber","Lugo, Seth"
746433,2024-08-30,R,DET,BOS,"Mize, Casey","Houck, Tanner"
746511,2024-08-30,R,COL,BAL,"Gomber, Austin","Suárez, Albert"
746593,2024-08-30,R,CLE,PIT,"Lively, Ben","Falter, Bailey"
746665,2024-08-30,R,CIN,MIL,"Lowder, Rhett","Hall, DL"
746730,2024-08-30,R,CIN,MIL,"Martinez, Nick","Rea, Colin"
746749,2024-08-30,R,CWS,NYM,"Cannon, Jonathan","Megill, Tylor"
747156,2024-08-30,R,AZ,LAD,"Gallen, Zac","Kershaw, Clayton"
744808,2024-08-31,R,WSH,CHC,"Herz, DJ","Assad, Javier"
744971,2024-08-31,R,TEX,ATH,"Bradford, Cody","Estes, Joey"
745050,2024-08-31,R,TB,SD,"Baz, Shane","Vásquez, Randy"
745296,2024-08-31,R,SF,MIA,"Black, Mason","Cabrera, Edward"
745532,2024-08-31,R,PHI,ATL,"Wheeler, Zack","Fried, Max"
745699,2024-08-31,R,NYY,STL,"Warren, Will","Gibson, Kyle"
745859,2024-08-31,R,MIN,TOR,"Matthews, Zebby","Berríos, José"
746182,2024-08-31,R,LAA,SEA,"Anderson, Tyler","Woo, Bryan"
746348,2024-08-31,R,HOU,KC,"Kikuchi, Yusei","Ragans, Cole"
746424,2024-08-31,R,DET,BOS,"Skubal, Tarik","Pivetta, Nick"
746507,2024-08-31,R,COL,BAL,"Feltner, Ryan","Kremer, Dean"
746590,2024-08-31,R,CLE,PIT,"Boyd, Matthew","Ortiz, Luis"
746667,2024-08-31,R,CIN,MIL,"Cruz, Fernando","Montas, Frankie"
746751,2024-08-31,R,CWS,NYM,"Martin, Davis","Quintana, Jose"
747158,2024-08-31,R,AZ,LAD,"Kelly, Merrill","Stone, Gavin"
744806,2024-09-01,R,WSH,CHC,"Parker, Mitchell","Wicks, Jordan"
744970,2024-09-01,R,TEX,ATH,"Pennington, Walter","Spence, Mitch"
745048,2024-09-01,R,TB,SD,"Pepiot, Ryan","Cease, Dylan"
745292,2024-09-01,R,SF,MIA,"Webb, Logan","McCaughan, Darren"
745536,2024-09-01,R,PHI,ATL,"Nola, Aaron","Schwellenbach, Spencer"
745701,2024-09-01,R,NYY,STL,"Cortes, Nestor","Mikolas, Miles"
745861,2024-09-01,R,MIN,TOR,"Ober, Bailey","Rodríguez, Yariel"
746183,2024-09-01,R,LAA,SEA,"Dana, Caden","Miller, Bryce"
746347,2024-09-01,R,HOU,KC,"Blanco, Ronel","Marsh, Alec"
746426,2024-09-01,R,DET,BOS,"Brieske, Beau","Criswell, Cooper"
746505,2024-09-01,R,COL,BAL,"Blach, Ty","Eflin, Zach"
746592,2024-09-01,R,CLE,PIT,"Cobb, Alex","Keller, Mitch"
746669,2024-09-01,R,CIN,MIL,"Williamson, Brandon","Myers, Tobias"
746750,2024-09-01,R,CWS,NYM,"Crochet, Garrett","Manaea, Sean"
747157,2024-09-01,R,AZ,LAD,"Pfaadt, Brandon","Wrobleski, Justin"
744972,2024-09-02,R,TEX,NYY,"Leiter, Jack","Cole, Gerrit"
745046,2024-09-02,R,TB,MIN,"Littell, Zack","Woods Richardson, Simeon"
745373,2024-09-02,R,SD,DET,"Musgrove, Joe","Holton, Tyler"
745619,2024-09-02,R,ATH,SEA,"Bido, Osvaldo","Gilbert, Logan"
745779,2024-09-02,R,NYM,BOS,"Severino, Luis","Bello, Brayan"
745947,2024-09-02,R,MIL,STL,"Peralta, Freddy","Pallante, Andre"
746265,2024-09-02,R,KC,CLE,"Wacha, Michael","Williams, Gavin"
746668,2024-09-02,R,CIN,HOU,"Aguiar, Julian","Verlander, Justin"
746833,2024-09-02,R,CHC,PIT,"Taillon, Jameson","Jones, Jared"
746992,2024-09-02,R,BAL,CWS,"Burnes, Corbin","Flexen, Chris"
747155,2024-09-02,R,AZ,LAD,"Rodriguez, Eduardo","Flaherty, Jack"
744891,2024-09-03,R,TOR,PHI,"Bassitt, Chris","Phillips, Tyler"
744968,2024-09-03,R,TEX,NYY,"Heaney, Andrew","Rodón, Carlos"
745047,2024-09-03,R,TB,MIN,"Springs, Jeffrey","Festa, David"
745293,2024-09-03,R,SF,AZ,"Harrison, Kyle","Nelson, Ryne"
745615,2024-09-03,R,ATH,SEA,"Ginn, J.T.","Castillo, Luis"
745778,2024-09-03,R,NYM,BOS,"Peterson, David","Crawford, Kutter"
745944,2024-09-03,R,MIL,STL,"Civale, Aaron","Matz, Steven"
746020,2024-09-03,R,MIA,WSH,"Meyer, Max","Corbin, Patrick"
746185,2024-09-03,R,LAA,LAD,"Detmers, Reid","Buehler, Walker"
746264,2024-09-03,R,KC,CLE,"Singer, Brady","Bibee, Tanner"
746834,2024-09-03,R,CHC,PIT,"Hendricks, Kyle","Skenes, Paul"
746991,2024-09-03,R,BAL,CWS,"Povich, Cade","Nastrini, Nick"
747079,2024-09-03,R,ATL,COL,"Sale, Chris","Freeland, Kyle"
744887,2024-09-04,R,TOR,PHI,"Francis, Bowden","Sánchez, Cristopher"
744964,2024-09-04,R,TEX,NYY,"Eovaldi, Nathan","Stroman, Marcus"
745045,2024-09-04,R,TB,MIN,"Sulser, Cole","Henriquez, Ronny"
745290,2024-09-04,R,SF,AZ,"Birdsong, Hayden","Gallen, Zac"
745370,2024-09-04,R,SD,DET,"Darvish, Yu","Montero, Keider"
745614,2024-09-04,R,ATH,SEA,"Sears, JP","Kirby, George"
745776,2024-09-04,R,NYM,BOS,"Megill, Tylor","Houck, Tanner"
745938,2024-09-04,R,MIL,STL,"Rea, Colin","Gray, Sonny"
746019,2024-09-04,R,MIA,WSH,"Bellozo, Valente","Gore, MacKenzie"
746178,2024-09-04,R,LAA,LAD,"Canning, Griffin","Miller, Bobby"
746262,2024-09-04,R,KC,CLE,"Lugo, Seth","Lively, Ben"
746666,2024-09-04,R,CIN,HOU,"Martinez, Nick","Arrighetti, Spencer"
746835,2024-09-04,R,CHC,PIT,"Imanaga, Shota","Germán, Domingo"
746990,2024-09-04,R,BAL,CWS,"Suárez, Albert","Cannon, Jonathan"
747075,2024-09-04,R,ATL,COL,"Morton, Charlie","Blalock, Bradley"
744966,2024-09-05,R,TEX,LAA,"Bradford, Cody","Kochanowicz, Jack"
745042,2024-09-05,R,TB,MIN,"Bradley, Taj","López, Pablo"
745289,2024-09-05,R,SF,AZ,"Snell, Blake","Kelly, Merrill"
745369,2024-09-05,R,SD,DET,"Pérez, Martín","Mize, Casey"
745451,2024-09-05,R,PIT,WSH,"Falter, Bailey","Irvin, Jake"
745612,2024-09-05,R,ATH,SEA,"Estes, Joey","Woo, Bryan"
746021,2024-09-05,R,MIA,PHI,"Oller, Adam","Suarez, Ranger"
746664,2024-09-05,R,CIN,HOU,"Lowder, Rhett","Brown, Hunter"
747073,2024-09-05,R,ATL,COL,"López, Reynaldo","Gomber, Austin"
744967,2024-09-06,R,TEX,LAA,"Garabito, Gerson","Aldegheri, Sam"
745131,2024-09-06,R,STL,SEA,"Fedde, Erick","Miller, Bryce"
745371,2024-09-06,R,SD,SF,"King, Michael","Black, Mason"
745611,2024-09-06,R,ATH,DET,"Spence, Mitch","Skubal, Tarik"
745777,2024-09-06,R,NYM,CIN,"Manaea, Sean","Cruz, Fernando"
745941,2024-09-06,R,MIL,COL,"Montas, Frankie","Feltner, Ryan"
746016,2024-09-06,R,MIA,PHI,"Kitchen, Austin","Wheeler, Zack"
746104,2024-09-06,R,LAD,CLE,"Knack, Landon","Boyd, Matthew"
746257,2024-09-06,R,KC,MIN,"Ragans, Cole","Matthews, Zebby"
746343,2024-09-06,R,HOU,AZ,"Valdez, Framber","Pfaadt, Brandon"
746832,2024-09-06,R,CHC,NYY,"Wicks, Jordan","Gil, Luis"
746912,2024-09-06,R,BOS,CWS,"Pivetta, Nick","Martin, Davis"
746993,2024-09-06,R,BAL,TB,"Kremer, Dean","Baz, Shane"
747074,2024-09-06,R,ATL,TOR,"Fried, Max","Gausman, Kevin"
744963,2024-09-07,R,TEX,LAA,"Leiter, Jack","Anderson, Tyler"
745125,2024-09-07,R,STL,SEA,"Gibson, Kyle","Gilbert, Logan"
745372,2024-09-07,R,SD,SF,"Cease, Dylan","Webb, Logan"
745455,2024-09-07,R,PIT,WSH,"Ortiz, Luis","Herz, DJ"
745456,2024-09-07,R,PIT,WSH,"Keller, Mitch","Parker, Mitchell"
745613,2024-09-07,R,ATH,DET,"Basso, Brady","Hanifee, Brenan"
745775,2024-09-07,R,NYM,CIN,"Quintana, Jose","Junis, Jakob"
745942,2024-09-07,R,MIL,COL,"Myers, Tobias","Blach, Ty"
746018,2024-09-07,R,MIA,PHI,"McCaughan, Darren","Nola, Aaron"
746099,2024-09-07,R,LAD,CLE,"Brasier, Ryan","Williams, Gavin"
746259,2024-09-07,R,KC,MIN,"Marsh, Alec","Ober, Bailey"
746344,2024-09-07,R,HOU,AZ,"Kikuchi, Yusei","Rodriguez, Eduardo"
746829,2024-09-07,R,CHC,NYY,"Assad, Javier","Schmidt, Clarke"
746911,2024-09-07,R,BOS,CWS,"Criswell, Cooper","Crochet, Garrett"
746986,2024-09-07,R,BAL,TB,"Eflin, Zach","Pepiot, Ryan"
747076,2024-09-07,R,ATL,TOR,"Schwellenbach, Spencer","Berríos, José"
744965,2024-09-08,R,TEX,LAA,"Heaney, Andrew","Dana, Caden"
745128,2024-09-08,R,STL,SEA,"Mikolas, Miles","Castillo, Luis"
745368,2024-09-08,R,SD,SF,"Musgrove, Joe","Bivens, Spencer"
745453,2024-09-08,R,PIT,WSH,"Jones, Jared","Corbin, Patrick"
745616,2024-09-08,R,ATH,DET,"Ginn, J.T.","Brieske, Beau"
745774,2024-09-08,R,NYM,CIN,"Severino, Luis","Aguiar, Julian"
745940,2024-09-08,R,MIL,COL,"Peralta, Freddy","Freeland, Kyle"
746017,2024-09-08,R,MIA,PHI,"Cabrera, Edward","Johnson, Seth"
746098,2024-09-08,R,LAD,CLE,"Flaherty, Jack","Bibee, Tanner"
746258,2024-09-08,R,KC,MIN,"Wacha, Michael","Woods Richardson, Simeon"
746345,2024-09-08,R,HOU,AZ,"Verlander, Justin","Nelson, Ryne"
746827,2024-09-08,R,CHC,NYY,"Taillon, Jameson","Cole, Gerrit"
746910,2024-09-08,R,BOS,CWS,"Fitts, Richard","Flexen, Chris"
746989,2024-09-08,R,BAL,TB,"Burnes, Corbin","Littell, Zack"
747072,2024-09-08,R,ATL,TOR,"Sale, Chris","Rodríguez, Yariel"
744888,2024-09-09,R,TOR,NYM,"Burr, Ryan","Megill, Tylor"
745454,2024-09-09,R,PIT,MIA,"Skenes, Paul","Bellozo, Valente"
745534,2024-09-09,R,PHI,TB,"Sánchez, Cristopher","Sulser, Cole"
745698,2024-09-09,R,NYY,KC,"Rodón, Carlos","Singer, Brady"
745860,2024-09-09,R,MIN,LAA,"Festa, David","Detmers, Reid"
746101,2024-09-09,R,LAD,CHC,"Buehler, Walker","Hendricks, Kyle"
746746,2024-09-09,R,CWS,CLE,"Shuster, Jared","Cantillo, Joey"
746909,2024-09-09,R,BOS,BAL,"Bello, Brayan","Povich, Cade"
747090,2024-09-09,R,ATL,CIN,"Morton, Charlie","Martinez, Nick"
744807,2024-09-10,R,WSH,ATL,"Gore, MacKenzie","López, Reynaldo"
744886,2024-09-10,R,TOR,NYM,"Bassitt, Chris","Peterson, David"
745126,2024-09-10,R,STL,CIN,"Pallante, Andre","Lowder, Rhett"
745210,2024-09-10,R,SEA,SD,"Kirby, George","Darvish, Yu"
745291,2024-09-10,R,SF,MIL,"Roupp, Landen","Civale, Aaron"
745446,2024-09-10,R,PIT,MIA,"Mlodzinski, Carmen","Oller, Adam"
745535,2024-09-10,R,PHI,TB,"Suarez, Ranger","Bradley, Taj"
745694,2024-09-10,R,NYY,KC,"Stroman, Marcus","Lugo, Seth"
745856,2024-09-10,R,MIN,LAA,"López, Pablo","Canning, Griffin"
746097,2024-09-10,R,LAD,CHC,"Yamamoto, Yoshinobu","Imanaga, Shota"
746346,2024-09-10,R,HOU,ATH,"Arrighetti, Spencer","Sears, JP"
746428,2024-09-10,R,DET,COL,"Montero, Keider","Blalock, Bradley"
746747,2024-09-10,R,CWS,CLE,"Cannon, Jonathan","Lively, Ben"
746907,2024-09-10,R,BOS,BAL,"Crawford, Kutter","Suárez, Albert"
747152,2024-09-10,R,AZ,TEX,"Gallen, Zac","Eovaldi, Nathan"
744804,2024-09-11,R,WSH,ATL,"Irvin, Jake","Fried, Max"
744881,2024-09-11,R,TOR,NYM,"Francis, Bowden","Manaea, Sean"
745127,2024-09-11,R,STL,CIN,"Lynn, Lance","Williamson, Brandon"
745214,2024-09-11,R,SEA,SD,"Woo, Bryan","King, Michael"
745285,2024-09-11,R,SF,MIL,"Snell, Blake","Rea, Colin"
745450,2024-09-11,R,PIT,MIA,"Falter, Bailey","Bermúdez, Jonathan"
745525,2024-09-11,R,PHI,TB,"Wheeler, Zack","Baz, Shane"
745697,2024-09-11,R,NYY,KC,"Gil, Luis","Ragans, Cole"
745857,2024-09-11,R,MIN,LAA,"Matthews, Zebby","Kochanowicz, Jack"
746100,2024-09-11,R,LAD,CHC,"Miller, Bobby","Wicks, Jordan"
746342,2024-09-11,R,HOU,ATH,"Brown, Hunter","Estes, Joey"
746425,2024-09-11,R,DET,COL,"Mize, Casey","Gordon, Tanner"
746745,2024-09-11,R,CWS,CLE,"Martin, Davis","Boyd, Matthew"
746908,2024-09-11,R,BOS,BAL,"Pivetta, Nick","Kremer, Dean"
747154,2024-09-11,R,AZ,TEX,"Kelly, Merrill","Bradford, Cody"
744805,2024-09-12,R,WSH,MIA,"Parker, Mitchell","McCaughan, Darren"
745129,2024-09-12,R,STL,CIN,"Gray, Sonny","Junis, Jakob"
745208,2024-09-12,R,SEA,TEX,"Miller, Bryce","Rocker, Kumar"
745288,2024-09-12,R,SF,MIL,"Birdsong, Hayden","Montas, Frankie"
745695,2024-09-12,R,NYY,BOS,"Cortes, Nestor","Criswell, Cooper"
746337,2024-09-12,R,HOU,ATH,"Valdez, Framber","Spence, Mitch"
746427,2024-09-12,R,DET,COL,"Skubal, Tarik","Feltner, Ryan"
746591,2024-09-12,R,CLE,TB,"Williams, Gavin","Pepiot, Ryan"
744800,2024-09-13,R,WSH,MIA,"Herz, DJ","Cabrera, Edward"
744882,2024-09-13,R,TOR,STL,"Gausman, Kevin","Fedde, Erick"
745207,2024-09-13,R,SEA,TEX,"Hancock, Emerson","deGrom, Jacob"
745286,2024-09-13,R,SF,SD,"Webb, Logan","Cease, Dylan"
745447,2024-09-13,R,PIT,KC,"Ortiz, Luis","Marsh, Alec"
745529,2024-09-13,R,PHI,NYM,"Nola, Aaron","Quintana, Jose"
745696,2024-09-13,R,NYY,BOS,"Schmidt, Clarke","Fitts, Richard"
745855,2024-09-13,R,MIN,CIN,"Ober, Bailey","Aguiar, Julian"
746181,2024-09-13,R,LAA,HOU,"Aldegheri, Sam","Kikuchi, Yusei"
746423,2024-09-13,R,DET,BAL,"Brieske, Beau","Eflin, Zach"
746509,2024-09-13,R,COL,CHC,"Gomber, Austin","Assad, Javier"
746586,2024-09-13,R,CLE,TB,"Bibee, Tanner","Littell, Zack"
746744,2024-09-13,R,CWS,ATH,"Crochet, Garrett","Basso, Brady"
747069,2024-09-13,R,ATL,LAD,"Schwellenbach, Spencer","Knack, Landon"
747153,2024-09-13,R,AZ,MIL,"Rodriguez, Eduardo","Peralta, Freddy"
744803,2024-09-14,R,WSH,MIA,"Corbin, Patrick","Bellozo, Valente"
744884,2024-09-14,R,TOR,STL,"Berríos, José","Gibson, Kyle"
745209,2024-09-14,R,SEA,TEX,"Gilbert, Logan","Scherzer, Max"
745284,2024-09-14,R,SF,SD,"Black, Mason","Musgrove, Joe"
745448,2024-09-14,R,PIT,KC,"Keller, Mitch","Wacha, Michael"
745528,2024-09-14,R,PHI,NYM,"Allard, Kolby","Severino, Luis"
745689,2024-09-14,R,NYY,BOS,"Cole, Gerrit","Bello, Brayan"
745858,2024-09-14,R,MIN,CIN,"Woods Richardson, Simeon","Martinez, Nick"
746177,2024-09-14,R,LAA,HOU,"Anderson, Tyler","Verlander, Justin"
746422,2024-09-14,R,DET,BAL,"Brieske, Beau","Burnes, Corbin"
746508,2024-09-14,R,COL,CHC,"Freeland, Kyle","Taillon, Jameson"
746584,2024-09-14,R,CLE,TB,"Cantillo, Joey","Rasmussen, Drew"
746740,2024-09-14,R,CWS,ATH,"Flexen, Chris","Ginn, J.T."
747070,2024-09-14,R,ATL,LAD,"Sale, Chris","Flaherty, Jack"
747148,2024-09-14,R,AZ,MIL,"Pfaadt, Brandon","Myers, Tobias"
744801,2024-09-15,R,WSH,MIA,"Gore, MacKenzie","Oller, Adam"
744883,2024-09-15,R,TOR,STL,"Rodríguez, Yariel","Mikolas, Miles"
745206,2024-09-15,R,SEA,TEX,"Kirby, George","Heaney, Andrew"
745287,2024-09-15,R,SF,SD,"Roupp, Landen","Pérez, Martín"
745449,2024-09-15,R,PIT,KC,"Jones, Jared","Singer, Brady"
745530,2024-09-15,R,PHI,NYM,"Sánchez, Cristopher","Peterson, David"
745693,2024-09-15,R,NYY,BOS,"Rodón, Carlos","Crawford, Kutter"
745852,2024-09-15,R,MIN,CIN,"Festa, David","Lowder, Rhett"
746180,2024-09-15,R,LAA,HOU,"Dana, Caden","Blanco, Ronel"
746419,2024-09-15,R,DET,BAL,"Montero, Keider","Povich, Cade"
746506,2024-09-15,R,COL,CHC,"Quantrill, Cal","Hendricks, Kyle"
746585,2024-09-15,R,CLE,TB,"Lively, Ben","Bradley, Taj"
746741,2024-09-15,R,CWS,ATH,"Burke, Sean","Sears, JP"
747071,2024-09-15,R,ATL,LAD,"Morton, Charlie","Buehler, Walker"
747151,2024-09-15,R,AZ,MIL,"Gallen, Zac","Hall, DL"
745130,2024-09-16,R,STL,PIT,"Pallante, Andre","Skenes, Paul"
745367,2024-09-16,R,SD,HOU,"Darvish, Yu","Arrighetti, Spencer"
745773,2024-09-16,R,NYM,WSH,"Manaea, Sean","Irvin, Jake"
745939,2024-09-16,R,MIL,PHI,"Civale, Aaron","Suarez, Ranger"
746179,2024-09-16,R,LAA,CWS,"Detmers, Reid","Cannon, Jonathan"
746260,2024-09-16,R,KC,DET,"Lugo, Seth","Olson, Reese"
746502,2024-09-16,R,COL,AZ,"Senzatela, Antonio","Kelly, Merrill"
746588,2024-09-16,R,CLE,MIN,"Boyd, Matthew","López, Pablo"
746828,2024-09-16,R,CHC,ATH,"Imanaga, Shota","Estes, Joey"
747067,2024-09-16,R,ATL,LAD,"Fried, Max","Yamamoto, Yoshinobu"
744961,2024-09-17,R,TEX,TOR,"Eovaldi, Nathan","Bassitt, Chris"
745044,2024-09-17,R,TB,BOS,"Baz, Shane","Pivetta, Nick"
745122,2024-09-17,R,STL,PIT,"Lynn, Lance","Falter, Bailey"
745205,2024-09-17,R,SEA,NYY,"Woo, Bryan","Gil, Luis"
745366,2024-09-17,R,SD,HOU,"King, Michael","Brown, Hunter"
745772,2024-09-17,R,NYM,WSH,"Megill, Tylor","Parker, Mitchell"
745935,2024-09-17,R,MIL,PHI,"Montas, Frankie","Wheeler, Zack"
746015,2024-09-17,R,MIA,LAD,"McCaughan, Darren","Miller, Bobby"
746176,2024-09-17,R,LAA,CWS,"Canning, Griffin","Martin, Davis"
746261,2024-09-17,R,KC,DET,"Ragans, Cole","Mize, Casey"
746503,2024-09-17,R,COL,AZ,"Feltner, Ryan","Montgomery, Jordan"
746587,2024-09-17,R,CLE,MIN,"Williams, Gavin","Matthews, Zebby"
746659,2024-09-17,R,CIN,ATL,"Williamson, Brandon","Holmes, Grant"
746830,2024-09-17,R,CHC,ATH,"Wicks, Jordan","Spence, Mitch"
746987,2024-09-17,R,BAL,SF,"Suárez, Albert","Snell, Blake"
744959,2024-09-18,R,TEX,TOR,"Bradford, Cody","Francis, Bowden"
745040,2024-09-18,R,TB,BOS,"Pepiot, Ryan","Houck, Tanner"
745121,2024-09-18,R,STL,PIT,"Gray, Sonny","Woodford, Jake"
745199,2024-09-18,R,SEA,NYY,"Miller, Bryce","Cortes, Nestor"
745365,2024-09-18,R,SD,HOU,"Cease, Dylan","Valdez, Framber"
745771,2024-09-18,R,NYM,WSH,"Quintana, Jose","Herz, DJ"
745933,2024-09-18,R,MIL,PHI,"Peralta, Freddy","Nola, Aaron"
746014,2024-09-18,R,MIA,LAD,"Weathers, Ryan","Knack, Landon"
746172,2024-09-18,R,LAA,CWS,"Kochanowicz, Jack","Shuster, Jared"
746254,2024-09-18,R,KC,DET,"Marsh, Alec","Skubal, Tarik"
746500,2024-09-18,R,COL,AZ,"Gomber, Austin","Rodriguez, Eduardo"
746582,2024-09-18,R,CLE,MIN,"Bibee, Tanner","Ober, Bailey"
746662,2024-09-18,R,CIN,ATL,"Junis, Jakob","Schwellenbach, Spencer"
746831,2024-09-18,R,CHC,ATH,"Steele, Justin","Basso, Brady"
746988,2024-09-18,R,BAL,SF,"Kremer, Dean","Birdsong, Hayden"
744962,2024-09-19,R,TEX,TOR,"Rocker, Kumar","Gausman, Kevin"
745041,2024-09-19,R,TB,BOS,"Littell, Zack","Bello, Brayan"
745120,2024-09-19,R,STL,PIT,"Fedde, Erick","Ortiz, Luis"
745204,2024-09-19,R,SEA,NYY,"Gilbert, Logan","Schmidt, Clarke"
745769,2024-09-19,R,NYM,PHI,"Severino, Luis","Walker, Taijuan"
745937,2024-09-19,R,MIL,AZ,"Myers, Tobias","Pfaadt, Brandon"
746011,2024-09-19,R,MIA,LAD,"Cabrera, Edward","Flaherty, Jack"
746341,2024-09-19,R,HOU,LAA,"Kikuchi, Yusei","Suarez, José"
746579,2024-09-19,R,CLE,MIN,"Cantillo, Joey","Woods Richardson, Simeon"
746663,2024-09-19,R,CIN,ATL,"Aguiar, Julian","Sale, Chris"
746823,2024-09-19,R,CHC,WSH,"Assad, Javier","Corbin, Patrick"
746985,2024-09-19,R,BAL,SF,"Eflin, Zach","Webb, Logan"
744960,2024-09-20,R,TEX,SEA,"deGrom, Jacob","Kirby, George"
745043,2024-09-20,R,TB,TOR,"Alexander, Tyler","Berríos, José"
745123,2024-09-20,R,STL,CLE,"Gibson, Kyle","Lively, Ben"
745364,2024-09-20,R,SD,CWS,"Musgrove, Joe","Crochet, Garrett"
745606,2024-09-20,R,ATH,NYY,"Ginn, J.T.","Cole, Gerrit"
745770,2024-09-20,R,NYM,PHI,"Peterson, David","Sánchez, Cristopher"
745934,2024-09-20,R,MIL,AZ,"Rea, Colin","Gallen, Zac"
746013,2024-09-20,R,MIA,ATL,"Bellozo, Valente","Morton, Charlie"
746094,2024-09-20,R,LAD,COL,"Brasier, Ryan","Freeland, Kyle"
746256,2024-09-20,R,KC,SF,"Wacha, Michael","Black, Mason"
746340,2024-09-20,R,HOU,LAA,"Verlander, Justin","Anderson, Tyler"
746661,2024-09-20,R,CIN,PIT,"Martinez, Nick","Keller, Mitch"
746824,2024-09-20,R,CHC,WSH,"Taillon, Jameson","Williams, Trevor"
746905,2024-09-20,R,BOS,MIN,"Fitts, Richard","Festa, David"
746984,2024-09-20,R,BAL,DET,"Burnes, Corbin","Holton, Tyler"
744958,2024-09-21,R,TEX,SEA,"Dunning, Dane","Hancock, Emerson"
745038,2024-09-21,R,TB,TOR,"Bradley, Taj","Rodríguez, Yariel"
745124,2024-09-21,R,STL,CLE,"Mikolas, Miles","Boyd, Matthew"
745360,2024-09-21,R,SD,CWS,"Pérez, Martín","Flexen, Chris"
745610,2024-09-21,R,ATH,NYY,"Sears, JP","Rodón, Carlos"
745768,2024-09-21,R,NYM,PHI,"Manaea, Sean","Suarez, Ranger"
745936,2024-09-21,R,MIL,AZ,"Civale, Aaron","Kelly, Merrill"
746012,2024-09-21,R,MIA,ATL,"Oller, Adam","Fried, Max"
746096,2024-09-21,R,LAD,COL,"Buehler, Walker","Quantrill, Cal"
746255,2024-09-21,R,KC,SF,"Singer, Brady","Roupp, Landen"
746338,2024-09-21,R,HOU,LAA,"Blanco, Ronel","Detmers, Reid"
746660,2024-09-21,R,CIN,PIT,"Lowder, Rhett","Jones, Jared"
746826,2024-09-21,R,CHC,WSH,"Hendricks, Kyle","Gore, MacKenzie"
746983,2024-09-21,R,BAL,DET,"Povich, Cade","Olson, Reese"
744955,2024-09-22,R,TEX,SEA,"Heaney, Andrew","Woo, Bryan"
745036,2024-09-22,R,TB,TOR,"Baz, Shane","Burr, Ryan"
745118,2024-09-22,R,STL,CLE,"Pallante, Andre","Williams, Gavin"
745358,2024-09-22,R,SD,CWS,"Darvish, Yu","Burke, Sean"
745608,2024-09-22,R,ATH,NYY,"Estes, Joey","Gil, Luis"
745767,2024-09-22,R,NYM,PHI,"Megill, Tylor","Wheeler, Zack"
745929,2024-09-22,R,MIL,AZ,"Montas, Frankie","Montgomery, Jordan"
746010,2024-09-22,R,MIA,ATL,"McCaughan, Darren","Holmes, Grant"
746092,2024-09-22,R,LAD,COL,"Yamamoto, Yoshinobu","Senzatela, Antonio"
746253,2024-09-22,R,KC,SF,"Lugo, Seth","Snell, Blake"
746339,2024-09-22,R,HOU,LAA,"Arrighetti, Spencer","Canning, Griffin"
746657,2024-09-22,R,CIN,PIT,"Greene, Hunter","Skenes, Paul"
746825,2024-09-22,R,CHC,WSH,"Imanaga, Shota","Irvin, Jake"
746903,2024-09-22,R,BOS,MIN,"Pivetta, Nick","López, Pablo"
746906,2024-09-22,R,BOS,MIN,"Crawford, Kutter","Matthews, Zebby"
746982,2024-09-22,R,BAL,DET,"Suárez, Albert","Holton, Tyler"
744885,2024-09-23,R,TOR,BOS,"Bassitt, Chris","Houck, Tanner"
745527,2024-09-23,R,PHI,CHC,"Nola, Aaron","Pearson, Nate"
746334,2024-09-23,R,HOU,SEA,"Brown, Hunter","Miller, Bryce"
747150,2024-09-23,R,AZ,SF,"Rodriguez, Eduardo","Birdsong, Hayden"
744802,2024-09-24,R,WSH,KC,"Parker, Mitchell","Ragans, Cole"
744876,2024-09-24,R,TOR,BOS,"Francis, Bowden","Bello, Brayan"
745441,2024-09-24,R,PIT,MIL,"Falter, Bailey","Myers, Tobias"
745526,2024-09-24,R,PHI,CHC,"Banks, Tanner","Steele, Justin"
745605,2024-09-24,R,ATH,TEX,"Spence, Mitch","Eovaldi, Nathan"
745688,2024-09-24,R,NYY,BAL,"Schmidt, Clarke","Kremer, Dean"
745851,2024-09-24,R,MIN,MIA,"Ober, Bailey","Weathers, Ryan"
746093,2024-09-24,R,LAD,SD,"Knack, Landon","King, Michael"
746336,2024-09-24,R,HOU,SEA,"Valdez, Framber","Gilbert, Logan"
746421,2024-09-24,R,DET,TB,"Skubal, Tarik","Pepiot, Ryan"
746504,2024-09-24,R,COL,STL,"Feltner, Ryan","McGreevy, Michael"
746581,2024-09-24,R,CLE,CIN,"Bibee, Tanner","Spiers, Carson"
746743,2024-09-24,R,CWS,LAA,"Cannon, Jonathan","Kochanowicz, Jack"
747068,2024-09-24,R,ATL,NYM,"Schwellenbach, Spencer","Severino, Luis"
747149,2024-09-24,R,AZ,SF,"Pfaadt, Brandon","Webb, Logan"
744795,2024-09-25,R,WSH,KC,"Herz, DJ","Lorenzen, Michael"
744877,2024-09-25,R,TOR,BOS,"Gausman, Kevin","Fitts, Richard"
745442,2024-09-25,R,PIT,MIL,"Ortiz, Luis","Peralta, Freddy"
745521,2024-09-25,R,PHI,CHC,"Sánchez, Cristopher","Assad, Javier"
745607,2024-09-25,R,ATH,TEX,"Basso, Brady","Bradford, Cody"
745690,2024-09-25,R,NYY,BAL,"Stroman, Marcus","Eflin, Zach"
745854,2024-09-25,R,MIN,MIA,"Woods Richardson, Simeon","Cabrera, Edward"
746095,2024-09-25,R,LAD,SD,"Flaherty, Jack","Cease, Dylan"
746331,2024-09-25,R,HOU,SEA,"Kikuchi, Yusei","Kirby, George"
746420,2024-09-25,R,DET,TB,"Montero, Keider","Littell, Zack"
746501,2024-09-25,R,COL,STL,"Gomber, Austin","Fedde, Erick"
746583,2024-09-25,R,CLE,CIN,"Walters, Andrew","Junis, Jakob"
746742,2024-09-25,R,CWS,LAA,"Martin, Davis","Suarez, José"
747144,2024-09-25,R,AZ,SF,"Gallen, Zac","Black, Mason"
744796,2024-09-26,R,WSH,KC,"Corbin, Patrick","Wacha, Michael"
745443,2024-09-26,R,PIT,MIL,"Keller, Mitch","Civale, Aaron"
745609,2024-09-26,R,ATH,TEX,"Ginn, J.T.","Rocker, Kumar"
745691,2024-09-26,R,NYY,BAL,"Cole, Gerrit","Burnes, Corbin"
745853,2024-09-26,R,MIN,MIA,"Festa, David","Bellozo, Valente"
746088,2024-09-26,R,LAD,SD,"Buehler, Walker","Musgrove, Joe"
746415,2024-09-26,R,DET,TB,"Olson, Reese","Alexander, Tyler"
746495,2024-09-26,R,COL,STL,"Freeland, Kyle","Gibson, Kyle"
746738,2024-09-26,R,CWS,LAA,"Flexen, Chris","Anderson, Tyler"
744797,2024-09-27,R,WSH,PHI,"Williams, Trevor","Suarez, Ranger"
744879,2024-09-27,R,TOR,MIA,"Berríos, José","Oller, Adam"
745202,2024-09-27,R,SEA,ATH,"Woo, Bryan","Sears, JP"
745280,2024-09-27,R,SF,STL,"Roupp, Landen","Mikolas, Miles"
745692,2024-09-27,R,NYY,PIT,"Rodón, Carlos","Jones, Jared"
745847,2024-09-27,R,MIN,BAL,"López, Pablo","Povich, Cade"
745930,2024-09-27,R,MIL,NYM,"Montas, Frankie","Manaea, Sean"
746173,2024-09-27,R,LAA,TEX,"Detmers, Reid","deGrom, Jacob"
746417,2024-09-27,R,DET,CWS,"Hanifee, Brenan","Crochet, Garrett"
746494,2024-09-27,R,COL,LAD,"Quantrill, Cal","Brasier, Ryan"
746580,2024-09-27,R,CLE,HOU,"Cantillo, Joey","Blanco, Ronel"
746822,2024-09-27,R,CHC,CIN,"Taillon, Jameson","Martinez, Nick"
746904,2024-09-27,R,BOS,TB,"Pivetta, Nick","Bradley, Taj"
747065,2024-09-27,R,ATL,KC,"Fried, Max","Singer, Brady"
747145,2024-09-27,R,AZ,SD,"Kelly, Merrill","Darvish, Yu"
744799,2024-09-28,R,WSH,PHI,"Gore, MacKenzie","Wheeler, Zack"
744878,2024-09-28,R,TOR,MIA,"Rodríguez, Yariel","Curry, Xzavion"
745203,2024-09-28,R,SEA,ATH,"Hancock, Emerson","Estes, Joey"
745281,2024-09-28,R,SF,STL,"Beck, Tristan","Pallante, Andre"
745685,2024-09-28,R,NYY,PIT,"Gil, Luis","Skenes, Paul"
745849,2024-09-28,R,MIN,BAL,"Matthews, Zebby","Bowman, Matt"
745931,2024-09-28,R,MIL,NYM,"Koenig, Jared","Quintana, Jose"
746171,2024-09-28,R,LAA,TEX,"Canning, Griffin","Heaney, Andrew"
746414,2024-09-28,R,DET,CWS,"Brieske, Beau","Burke, Sean"
746499,2024-09-28,R,COL,LAD,"Senzatela, Antonio","Yamamoto, Yoshinobu"
746578,2024-09-28,R,CLE,HOU,"Lively, Ben","Verlander, Justin"
746819,2024-09-28,R,CHC,CIN,"Hendricks, Kyle","Lowder, Rhett"
746902,2024-09-28,R,BOS,TB,"Crawford, Kutter","Baz, Shane"
747066,2024-09-28,R,ATL,KC,"López, Reynaldo","Lugo, Seth"
747146,2024-09-28,R,AZ,SD,"Rodriguez, Eduardo","Vásquez, Randy"
744798,2024-09-29,R,WSH,PHI,"Irvin, Jake","Nola, Aaron"
744880,2024-09-29,R,TOR,MIA,"Burr, Ryan","Weathers, Ryan"
745201,2024-09-29,R,SEA,ATH,"Gilbert, Logan","Spence, Mitch"
745282,2024-09-29,R,SF,STL,"Birdsong, Hayden","McGreevy, Michael"
745686,2024-09-29,R,NYY,PIT,"Schmidt, Clarke","Falter, Bailey"
745846,2024-09-29,R,MIN,BAL,"Ober, Bailey","Suárez, Albert"
745932,2024-09-29,R,MIL,NYM,"Rea, Colin","Peterson, David"
746174,2024-09-29,R,LAA,TEX,"Kochanowicz, Jack","Eovaldi, Nathan"
746416,2024-09-29,R,DET,CWS,"Maeda, Kenta","Cannon, Jonathan"
746496,2024-09-29,R,COL,LAD,"Feltner, Ryan","Banda, Anthony"
746820,2024-09-29,R,CHC,CIN,"Kilian, Caleb","Greene, Hunter"
746901,2024-09-29,R,BOS,TB,"Priester, Quinn","Pepiot, Ryan"
747061,2024-09-29,R,ATL,KC,"Morton, Charlie","Marsh, Alec"
747147,2024-09-29,R,AZ,SD,"Pfaadt, Brandon","Pérez, Martín"
747064,2024-09-30,R,ATL,NYM,"Holmes, Grant","Lucchesi, Joey"
747139,2024-09-30,R,ATL,NYM,"Schwellenbach, Spencer","Megill, Tylor"
775333,2024-10-01,F,SD,ATL,"King, Michael","Smith-Shawver, AJ"
775340,2024-10-01,F,MIL,NYM,"Peralta, Freddy","Severino, Luis"
775343,2024-10-01,F,BAL,KC,"Burnes, Corbin","Ragans, Cole"
775345,2024-10-01,F,HOU,DET,"Valdez, Framber","Skubal, Tarik"
775336,2024-10-02,F,SD,ATL,"Musgrove, Joe","Fried, Max"
775339,2024-10-02,F,MIL,NYM,"Montas, Frankie","Manaea, Sean"
775341,2024-10-02,F,BAL,KC,"Eflin, Zach","Lugo, Seth"
775344,2024-10-02,F,HOU,DET,"Brown, Hunter","Holton, Tyler"
775337,2024-10-03,F,MIL,NYM,"Myers, Tobias","Quintana, Jose"
775318,2024-10-05,D,PHI,NYM,"Wheeler, Zack","Senga, Kodai"
775323,2024-10-05,D,LAD,SD,"Yamamoto, Yoshinobu","Cease, Dylan"
775324,2024-10-05,D,CLE,DET,"Bibee, Tanner","Holton, Tyler"
775334,2024-10-05,D,NYY,KC,"Cole, Gerrit","Wacha, Michael"
775319,2024-10-06,D,PHI,NYM,"Sánchez, Cristopher","Severino, Luis"
775322,2024-10-06,D,LAD,SD,"Flaherty, Jack","Darvish, Yu"
775325,2024-10-07,D,CLE,DET,"Boyd, Matthew","Skubal, Tarik"
775332,2024-10-07,D,NYY,KC,"Rodón, Carlos","Ragans, Cole"
775316,2024-10-08,D,NYM,PHI,"Manaea, Sean","Nola, Aaron"
775321,2024-10-08,D,SD,LAD,"King, Michael","Buehler, Walker"
775313,2024-10-09,D,NYM,PHI,"Quintana, Jose","Suarez, Ranger"
775320,2024-10-09,D,SD,LAD,"Cease, Dylan","Brasier, Ryan"
775328,2024-10-09,D,DET,CLE,"Montero, Keider","Cobb, Alex"
775329,2024-10-09,D,KC,NYY,"Lugo, Seth","Schmidt, Clarke"
775327,2024-10-10,D,DET,CLE,"Olson, Reese","Bibee, Tanner"
775331,2024-10-10,D,KC,NYY,"Wacha, Michael","Cole, Gerrit"
775317,2024-10-11,D,LAD,SD,"Yamamoto, Yoshinobu","Darvish, Yu"
775326,2024-10-12,D,CLE,DET,"Boyd, Matthew","Skubal, Tarik"
775307,2024-10-13,L,LAD,NYM,"Flaherty, Jack","Senga, Kodai"
775306,2024-10-14,L,LAD,NYM,"Brasier, Ryan","Manaea, Sean"
775314,2024-10-14,L,NYY,CLE,"Rodón, Carlos","Cobb, Alex"
775312,2024-10-15,L,NYY,CLE,"Cole, Gerrit","Bibee, Tanner"
775305,2024-10-16,L,NYM,LAD,"Severino, Luis","Buehler, Walker"
775303,2024-10-17,L,NYM,LAD,"Quintana, Jose","Yamamoto, Yoshinobu"
775310,2024-10-17,L,CLE,NYY,"Boyd, Matthew","Schmidt, Clarke"
775299,2024-10-18,L,NYM,LAD,"Peterson, David","Flaherty, Jack"
775311,2024-10-18,L,CLE,NYY,"Williams, Gavin","Gil, Luis"
775309,2024-10-19,L,CLE,NYY,"Bibee, Tanner","Rodón, Carlos"
775302,2024-10-20,L,LAD,NYM,"Kopech, Michael","Manaea, Sean"
775300,2024-10-25,W,LAD,NYY,"Flaherty, Jack","Cole, Gerrit"
775294,2024-10-26,W,LAD,NYY,"Yamamoto, Yoshinobu","Rodón, Carlos"
775298,2024-10-28,W,NYY,LAD,"Schmidt, Clarke","Buehler, Walker"
775297,2024-10-29,W,NYY,LAD,"Gil, Luis","Casparius, Ben"
775296,2024-10-30,W,NYY,LAD,"Cole, Gerrit","Flaherty, Jack"
778698,2025-03-15,S,ATL,MIN,"Smith-Shawver, AJ","Woods Richardson, Simeon"
778718,2025-03-15,S,HOU,MIA,"Valdez, Framber","Alcantara, Sandy"
778719,2025-03-15,S,WSH,NYM,"Parker, Mitchell","Holmes, Clay"
778766,2025-03-15,S,BOS,ATL,"Priester, Quinn","Sale, Chris"
778787,2025-03-15,S,AZ,CWS,"Burnes, Corbin","Burke, Sean"
778819,2025-03-15,S,CIN,KC,"Greene, Hunter","Lorenzen, Michael"
778844,2025-03-15,S,CWS,COL,"Pérez, Martín","Senzatela, Antonio"
778906,2025-03-15,S,PHI,DET,"Wheeler, Zack","Skubal, Tarik"
778920,2025-03-15,S,KC,CLE,"Bubic, Kris","McKenzie, Triston"
778968,2025-03-15,S,TB,NYY,"Rasmussen, Drew","Warren, Will"
778982,2025-03-15,S,SF,SEA,"Webb, Logan","Gilbert, Logan"
779000,2025-03-15,S,SEA,SD,"Castillo, Luis","King, Michael"
779027,2025-03-15,S,PIT,BAL,"Mlodzinski, Carmen","Ward, Thaddeus"
779061,2025-03-15,S,STL,TOR,"Pallante, Andre","Francis, Bowden"
779091,2025-03-15,S,MIL,ATH,"Peralta, Freddy","Spence, Mitch"
779136,2025-03-15,S,ATH,TEX,"Severino, Luis","Chargois, JT"
779151,2025-03-15,S,LAA,MIL,"Kochanowicz, Jack","Myers, Tobias"
778720,2025-03-16,S,WSH,TB,"Soroka, Michael","Seabold, Connor"
778785,2025-03-16,S,COL,KC,"Freeland, Kyle","Ragans, Cole"
778816,2025-03-16,S,CIN,SEA,"Singer, Brady","Miller, Bryce"
778871,2025-03-16,S,MIN,BOS,"López, Pablo","Crochet, Garrett"
778888,2025-03-16,S,NYM,HOU,"Megill, Tylor","Okert, Steven"
778922,2025-03-16,S,TEX,CWS,"Leiter, Jack","Wilson, Bryse"
778946,2025-03-16,S,TOR,ATL,"Berríos, José","Holmes, Grant"
778966,2025-03-16,S,TB,NYY,"Boyle, Joe","Leibrandt, Brandon"
778981,2025-03-16,S,SF,ATH,"Birdsong, Hayden","Springs, Jeffrey"
779003,2025-03-16,S,SD,AZ,"Hart, Kyle","Pfaadt, Brandon"
779047,2025-03-16,S,NYY,PIT,"Schlittler, Cam","Fulmer, Carson"
779065,2025-03-16,S,MIA,STL,"Quantrill, Cal","Gray, Sonny"
779092,2025-03-16,S,MIL,CLE,"Woodruff, Brandon","Lively, Ben"
779106,2025-03-16,S,DET,BAL,"Flaherty, Jack","Suárez, Albert"
779121,2025-03-16,S,BAL,PHI,"Eflin, Zach","Luzardo, Jesús"
779149,2025-03-16,S,LAA,SD,"Hendricks, Kyle","Cease, Dylan"
778696,2025-03-17,S,ATL,BOS,"Strider, Spencer","Drohan, Shane"
778722,2025-03-17,S,WSH,STL,"Gore, MacKenzie","Fedde, Erick"
778765,2025-03-17,S,BOS,BAL,"Houck, Tanner","Contreras, Roansy"
778788,2025-03-17,S,AZ,LAA,"Kelly, Merrill","Silseth, Chase"
778815,2025-03-17,S,CLE,CIN,"Bibee, Tanner","Abbott, Andrew"
778843,2025-03-17,S,CWS,SF,"Cannon, Jonathan","Verlander, Justin"
778884,2025-03-17,S,NYM,TB,"Canning, Griffin","Vasil, Mike"
778903,2025-03-17,S,PHI,TOR,"Nola, Aaron","Bassitt, Chris"
778923,2025-03-17,S,KC,AZ,"Lugo, Seth","Nelson, Ryne"
778948,2025-03-17,S,TOR,NYY,"Gausman, Kevin","Headrick, Brent"
778999,2025-03-17,S,SD,MIL,"Benjamin, Wes","Henderson, Logan"
779024,2025-03-17,S,PIT,MIN,"Skenes, Paul","Ryan, Joe"
779063,2025-03-17,S,MIA,NYM,"Weathers, Ryan","Blackburn, Paul"
779108,2025-03-17,S,DET,PIT,"Olson, Reese","Falter, Bailey"
779140,2025-03-17,S,ATH,SEA,"Harris, Hogan","Lawrence, Casey"
778563,2025-03-18,R,CHC,LAD,"Imanaga, Shota","Yamamoto, Yoshinobu"
778716,2025-03-18,S,HOU,WSH,"McCullers Jr., Lance","Williams, Trevor"
778783,2025-03-18,S,COL,SF,"Dollander, Chase","Winn, Keaton"
778812,2025-03-18,S,CIN,LAA,"Martinez, Nick","Soriano, José"
778870,2025-03-18,S,MIN,DET,"Ober, Bailey","Manning, Matt"
778921,2025-03-18,S,TEX,CLE,"Mahle, Tyler","Ortiz, Luis"
778979,2025-03-18,S,SF,SD,"Ray, Robbie","Kolek, Stephen"
779001,2025-03-18,S,SEA,MIL,"Woo, Bryan","Rodríguez, Elvin"
779025,2025-03-18,S,PIT,PHI,"Harrington, Thomas","Sánchez, Cristopher"
779043,2025-03-18,S,NYY,BOS,"Fried, Max","Buehler, Walker"
779062,2025-03-18,S,STL,MIA,"Mikolas, Miles","Gillispie, Connor"
779119,2025-03-18,S,BAL,TOR,"Povich, Cade","Lauer, Eric"
778564,2025-03-19,R,CHC,LAD,"Steele, Justin","Sasaki, Roki"
778715,2025-03-19,S,HOU,NYM,"Blanco, Ronel","Peterson, David"
778768,2025-03-19,S,BOS,DET,"Fitts, Richard","Mize, Casey"
778782,2025-03-19,S,AZ,COL,"Montgomery, Jordan","Woodford, Jake"
778813,2025-03-19,S,CLE,ATH,"Williams, Gavin","Sears, JP"
778900,2025-03-19,S,PHI,NYY,"Walker, Taijuan","Stroman, Marcus"
778917,2025-03-19,S,KC,SF,"Wacha, Michael","Hicks, Jordan"
778964,2025-03-19,S,TB,PIT,"Littell, Zack","Heaney, Andrew"
779002,2025-03-19,S,SEA,TEX,"Hancock, Emerson","deGrom, Jacob"
779042,2025-03-19,S,NYY,ATL,"Carrasco, Carlos","Schwellenbach, Spencer"
779058,2025-03-19,S,STL,WSH,"Matz, Steven","Irvin, Jake"
779088,2025-03-19,S,MIL,CWS,"Civale, Aaron","Smith, Shane"
779150,2025-03-19,S,LAA,CLE,"Anderson, Tyler","Allen, Logan"
778694,2025-03-20,S,ATL,PHI,"Neris, Héctor","Crismatt, Nabil"
778713,2025-03-20,S,WSH,NYM,"Ogasawara, Shinnosuke","Senga, Kodai"
778775,2025-03-20,S,AZ,ATH,"Gallen, Zac","Estes, Joey"
778814,2025-03-20,S,CIN,KC,"Suter, Brent","Bubic, Kris"
778839,2025-03-20,S,CWS,LAA,"Pérez, Martín","Hurtado, Joel"
778872,2025-03-20,S,MIN,BOS,"Paddack, Chris","Newcomb, Sean"
778918,2025-03-20,S,TEX,COL,"Rocker, Kumar","Márquez, Germán"
778950,2025-03-20,S,TOR,TB,"Francis, Bowden","Bradley, Taj"
778998,2025-03-20,S,SD,TEX,"Pivetta, Nick","Houser, Adrian"
779060,2025-03-20,S,MIA,HOU,"Junk, Janson","VanWey, Logan"
779120,2025-03-20,S,BAL,NYY,"Sugano, Tomoyuki","Warren, Will"
778714,2025-03-21,S,WSH,MIA,"Soroka, Michael","Quantrill, Cal"
778747,2025-03-21,S,CHC,SD,"Horton, Cade","King, Michael"
778763,2025-03-21,S,BOS,PIT,"Crochet, Garrett","Keller, Mitch"
778777,2025-03-21,S,COL,LAA,"Senzatela, Antonio","Kikuchi, Yusei"
778811,2025-03-21,S,CIN,CWS,"Singer, Brady","Burke, Sean"
778885,2025-03-21,S,NYM,STL,"Holmes, Clay","McGreevy, Michael"
778901,2025-03-21,S,PHI,MIN,"Wheeler, Zack","López, Pablo"
778919,2025-03-21,S,KC,SEA,"Lorenzen, Michael","Evans, Logan"
778947,2025-03-21,S,TOR,PHI,"Berríos, José","Ross, Joe"
778961,2025-03-21,S,TB,ATL,"Rasmussen, Drew","Sale, Chris"
778980,2025-03-21,S,SF,CLE,"Webb, Logan","Lively, Ben"
778995,2025-03-21,S,SEA,CIN,"Gilbert, Logan","Greene, Hunter"
779059,2025-03-21,S,STL,HOU,"Gray, Sonny","Valdez, Framber"
779089,2025-03-21,S,MIL,AZ,"Peralta, Freddy","Burnes, Corbin"
779101,2025-03-21,S,DET,NYY,"Montero, Keider","Rodón, Carlos"
779118,2025-03-21,S,BAL,DET,"Suárez, Albert","Skubal, Tarik"
779131,2025-03-21,S,ATH,KC,"Severino, Luis","Ragans, Cole"
779148,2025-03-21,S,LAA,TEX,"Hendricks, Kyle","Eovaldi, Nathan"
778711,2025-03-22,S,HOU,MIA,"Brown, Hunter","Curry, Xzavion"
778745,2025-03-22,S,CHC,COL,"Taillon, Jameson","Gomber, Austin"
778776,2025-03-22,S,COL,CWS,"Freeland, Kyle","Schultz, Noah"
778810,2025-03-22,S,CLE,SD,"Bibee, Tanner","Hart, Kyle"
778838,2025-03-22,S,CWS,SEA,"Smith, Hagen","Castillo, Luis"
778868,2025-03-22,S,MIN,TOR,"Blewett, Scott","Scherzer, Max"
778886,2025-03-22,S,NYM,WSH,"Megill, Tylor","Gore, MacKenzie"
778916,2025-03-22,S,TEX,KC,"Leiter, Jack","Lugo, Seth"
778959,2025-03-22,S,TB,BOS,"McClanahan, Shane","Houck, Tanner"
778976,2025-03-22,S,SF,AZ,"Verlander, Justin","Kelly, Merrill"
778996,2025-03-22,S,SD,CIN,"Cease, Dylan","Abbott, Andrew"
779028,2025-03-22,S,PIT,BAL,"Skenes, Paul","Eflin, Zach"
779041,2025-03-22,S,NYY,PHI,"Schlittler, Cam","Luzardo, Jesús"
779057,2025-03-22,S,MIA,STL,"Bellozo, Valente","Liberatore, Matthew"
779100,2025-03-22,S,DET,ATL,"Flaherty, Jack","López, Reynaldo"
779133,2025-03-22,S,ATH,MIL,"Springs, Jeffrey","Quintana, Jose"
778693,2025-03-23,S,ATL,BAL,"Strider, Spencer","Morton, Charlie"
778710,2025-03-23,S,WSH,HOU,"Williams, Trevor","Arrighetti, Spencer"
778746,2025-03-23,S,CHC,ATH,"Boyd, Matthew","Bido, Osvaldo"
778761,2025-03-23,S,BOS,MIN,"Criswell, Cooper","Ryan, Joe"
778779,2025-03-23,S,AZ,SD,"Pfaadt, Brandon","Gillaspie, Logan"
778809,2025-03-23,S,CIN,CLE,"Lodolo, Nick","Velasquez, Vince"
778841,2025-03-23,S,CWS,AZ,"Eisert, Brandon","Brigham, Jeff"
778887,2025-03-23,S,NYM,MIA,"Canning, Griffin","Gillispie, Connor"
778902,2025-03-23,S,PHI,DET,"Nola, Aaron","Olson, Reese"
778945,2025-03-23,S,TOR,PIT,"Bassitt, Chris","Falter, Bailey"
778997,2025-03-23,S,SEA,MIL,"Miller, Bryce","Thomas, Connor"
779040,2025-03-23,S,NYY,TB,"Fried, Max","Pepiot, Ryan"
779056,2025-03-23,S,STL,WSH,"Fedde, Erick","Rutledge, Jackson"
779086,2025-03-23,S,MIL,COL,"Rodríguez, Elvin","Dollander, Chase"
787998,2025-03-23,S,LAD,LAA,"Ferris, Jackson","Soriano, José"
778712,2025-03-24,S,TEX,KC,"Mahle, Tyler","Wacha, Michael"
778744,2025-03-24,S,CHC,ATL,"Keller, Brad","Schwellenbach, Spencer"
778781,2025-03-24,S,COL,MIL,"Feltner, Ryan","Cortes, Nestor"
778899,2025-03-24,S,PHI,TB,"Walker, Taijuan","Littell, Zack"
778992,2025-03-24,S,SD,SEA,"Kolek, Stephen","Woo, Bryan"
787930,2025-03-24,S,AZ,CLE,"Rodriguez, Eduardo","Williams, Gavin"
787944,2025-03-24,S,MIN,PIT,"Ober, Bailey","Harrington, Thomas"
787945,2025-03-24,S,NYM,NYY,"Stanek, Ryne","Stroman, Marcus"
787999,2025-03-24,S,LAA,LAD,"Johnson, Ryan","Glasnow, Tyler"
789304,2025-03-24,S,CWS,ATH,"Martin, Davis","Sears, JP"
789324,2025-03-24,S,SF,DET,"Ray, Robbie","Holton, Tyler"
778709,2025-03-25,S,TEX,KC,"deGrom, Jacob","Bubic, Kris"
778748,2025-03-25,S,CHC,ATL,"Brown, Ben","Suarez, José"
787931,2025-03-25,S,AZ,CLE,"Bielak, Brandon","Ortiz, Luis"
787943,2025-03-25,S,MIN,COL,"Paddack, Chris","Márquez, Germán"
787997,2025-03-25,S,LAA,LAD,"Kochanowicz, Jack","May, Dustin"
789323,2025-03-25,S,SF,DET,"Hicks, Jordan","Jobe, Jackson"
803680,2025-03-25,S,MIA,NYY,"Meyer, Max","Warren, Will"
778545,2025-03-27,R,SD,ATL,"King, Michael","Sale, Chris"
778546,2025-03-27,R,LAD,DET,"Snell, Blake","Skubal, Tarik"
778547,2025-03-27,R,SEA,ATH,"Gilbert, Logan","Severino, Luis"
778551,2025-03-27,R,STL,MIN,"Gray, Sonny","López, Pablo"
778552,2025-03-27,R,AZ,CHC,"Gallen, Zac","Steele, Justin"
778553,2025-03-27,R,TEX,BOS,"Eovaldi, Nathan","Crochet, Garrett"
778554,2025-03-27,R,CWS,LAA,"Burke, Sean","Kikuchi, Yusei"
778555,2025-03-27,R,WSH,PHI,"Gore, MacKenzie","Wheeler, Zack"
778556,2025-03-27,R,TOR,BAL,"Berríos, José","Eflin, Zach"
778557,2025-03-27,R,NYY,MIL,"Rodón, Carlos","Peralta, Freddy"
778558,2025-03-27,R,KC,CLE,"Ragans, Cole","Lively, Ben"
778559,2025-03-27,R,HOU,NYM,"Valdez, Framber","Holmes, Clay"
778561,2025-03-27,R,CIN,SF,"Greene, Hunter","Webb, Logan"
778562,2025-03-27,R,MIA,PIT,"Alcantara, Sandy","Skenes, Paul"
778518,2025-03-28,R,HOU,NYM,"Brown, Hunter","Megill, Tylor"
778541,2025-03-28,R,SEA,ATH,"Castillo, Luis","Springs, Jeffrey"
778542,2025-03-28,R,SD,ATL,"Cease, Dylan","López, Reynaldo"
778543,2025-03-28,R,AZ,CHC,"Kelly, Merrill","Taillon, Jameson"
778544,2025-03-28,R,LAD,DET,"Yamamoto, Yoshinobu","Flaherty, Jack"
778548,2025-03-28,R,MIA,PIT,"Gillispie, Connor","Keller, Mitch"
778549,2025-03-28,R,TOR,BAL,"Gausman, Kevin","Morton, Charlie"
778550,2025-03-28,R,TEX,BOS,"Leiter, Jack","Houck, Tanner"
778560,2025-03-28,R,TB,COL,"Pepiot, Ryan","Freeland, Kyle"
778520,2025-03-29,R,SD,ATL,"Vásquez, Randy","Schwellenbach, Spencer"
778521,2025-03-29,R,SEA,ATH,"Miller, Bryce","Bido, Osvaldo"
778528,2025-03-29,R,STL,MIN,"Fedde, Erick","Ryan, Joe"
778529,2025-03-29,R,KC,CLE,"Lugo, Seth","Williams, Gavin"
778530,2025-03-29,R,HOU,NYM,"Arrighetti, Spencer","Canning, Griffin"
778531,2025-03-29,R,TEX,BOS,"Mahle, Tyler","Buehler, Walker"
778532,2025-03-29,R,AZ,CHC,"Pfaadt, Brandon","Imanaga, Shota"
778533,2025-03-29,R,LAD,DET,"Sasaki, Roki","Olson, Reese"
778534,2025-03-29,R,CWS,LAA,"Cannon, Jonathan","Soriano, José"
778535,2025-03-29,R,WSH,PHI,"Irvin, Jake","Luzardo, Jesús"
778536,2025-03-29,R,TOR,BAL,"Scherzer, Max","Kremer, Dean"
778537,2025-03-29,R,TB,COL,"Littell, Zack","Senzatela, Antonio"
778538,2025-03-29,R,NYY,MIL,"Fried, Max","Cortes, Nestor"
778539,2025-03-29,R,MIA,PIT,"Bellozo, Valente","Falter, Bailey"
778540,2025-03-29,R,CIN,SF,"Lodolo, Nick","Verlander, Justin"
778510,2025-03-30,R,KC,CLE,"Wacha, Michael","Bibee, Tanner"
778513,2025-03-30,R,SEA,ATH,"Woo, Bryan","Sears, JP"
778514,2025-03-30,R,SD,ATL,"Pivetta, Nick","Smith-Shawver, AJ"
778515,2025-03-30,R,AZ,CHC,"Rodriguez, Eduardo","Boyd, Matthew"
778516,2025-03-30,R,TEX,BOS,"deGrom, Jacob","Fitts, Richard"
778517,2025-03-30,R,STL,MIN,"Pallante, Andre","Ober, Bailey"
778519,2025-03-30,R,MIA,PIT,"Meyer, Max","Heaney, Andrew"
778522,2025-03-30,R,CIN,SF,"Martinez, Nick","Ray, Robbie"
778523,2025-03-30,R,NYY,MIL,"Stroman, Marcus","Civale, Aaron"
778524,2025-03-30,R,TB,COL,"Bradley, Taj","Feltner, Ryan"
778525,2025-03-30,R,TOR,BAL,"Bassitt, Chris","Sugano, Tomoyuki"
778526,2025-03-30,R,WSH,PHI,"Parker, Mitchell","Nola, Aaron"
778527,2025-03-30,R,CWS,LAA,"Martin, Davis","Kochanowicz, Jack"
778496,2025-03-31,R,SEA,DET,"Hancock, Emerson","Jobe, Jackson"
778499,2025-03-31,R,SD,CLE,"Hart, Kyle","Ortiz, Luis"
778500,2025-03-31,R,LAD,ATL,"Glasnow, Tyler","Holmes, Grant"
778501,2025-03-31,R,ATH,CHC,"Estes, Joey","Brown, Ben"
778502,2025-03-31,R,PHI,COL,"Sánchez, Cristopher","Márquez, Germán"
778503,2025-03-31,R,STL,LAA,"Mikolas, Miles","Anderson, Tyler"
778504,2025-03-31,R,MIL,KC,"Rodríguez, Elvin","Bubic, Kris"
778505,2025-03-31,R,HOU,SF,"Blanco, Ronel","Hicks, Jordan"
778506,2025-03-31,R,CWS,MIN,"Pérez, Martín","Paddack, Chris"
778507,2025-03-31,R,TOR,WSH,"Francis, Bowden","Soroka, Michael"
778508,2025-03-31,R,TB,PIT,"Rasmussen, Drew","Mlodzinski, Carmen"
778509,2025-03-31,R,MIA,NYM,"Quantrill, Cal","Peterson, David"
778511,2025-03-31,R,CIN,TEX,"Singer, Brady","Rocker, Kumar"
778512,2025-03-31,R,BAL,BOS,"Povich, Cade","Newcomb, Sean"
778485,2025-04-01,R,SD,CLE,"King, Michael","Allen, Logan"
778486,2025-04-01,R,SEA,DET,"Gilbert, Logan","Mize, Casey"
778487,2025-04-01,R,LAD,ATL,"May, Dustin","Sale, Chris"
778488,2025-04-01,R,MIL,KC,"Patrick, Chad","Lorenzen, Michael"
778489,2025-04-01,R,HOU,SF,"Wesneski, Hayden","Webb, Logan"
778490,2025-04-01,R,CWS,MIN,"Smith, Shane","Woods Richardson, Simeon"
778491,2025-04-01,R,TOR,WSH,"Berríos, José","Williams, Trevor"
778492,2025-04-01,R,NYY,AZ,"Warren, Will","Burnes, Corbin"
778493,2025-04-01,R,TB,PIT,"Baz, Shane","Harrington, Thomas"
778494,2025-04-01,R,ATH,CHC,"Severino, Luis","Steele, Justin"
778495,2025-04-01,R,STL,LAA,"Liberatore, Matthew","Hendricks, Kyle"
778497,2025-04-01,R,MIA,NYM,"Alcantara, Sandy","Senga, Kodai"
778498,2025-04-01,R,CIN,TEX,"Spiers, Carson","Eovaldi, Nathan"
778469,2025-04-02,R,SEA,DET,"Castillo, Luis","Skubal, Tarik"
778471,2025-04-02,R,ATH,CHC,"Springs, Jeffrey","Taillon, Jameson"
778472,2025-04-02,R,LAD,ATL,"Snell, Blake","Elder, Bryce"
778473,2025-04-02,R,STL,LAA,"Gray, Sonny","Kikuchi, Yusei"
778474,2025-04-02,R,CWS,MIN,"Burke, Sean","López, Pablo"
778475,2025-04-02,R,HOU,SF,"Valdez, Framber","Roupp, Landen"
778476,2025-04-02,R,SD,CLE,"Cease, Dylan","Lively, Ben"
778477,2025-04-02,R,MIL,KC,"Peralta, Freddy","Ragans, Cole"
778478,2025-04-02,R,TOR,WSH,"Lucas, Easton","Gore, MacKenzie"
778479,2025-04-02,R,TB,PIT,"Pepiot, Ryan","Skenes, Paul"
778480,2025-04-02,R,CIN,TEX,"Greene, Hunter","Leiter, Jack"
778481,2025-04-02,R,MIA,NYM,"Gillispie, Connor","Holmes, Clay"
778482,2025-04-02,R,PHI,COL,"Wheeler, Zack","Freeland, Kyle"
778483,2025-04-02,R,BAL,BOS,"Eflin, Zach","Crochet, Garrett"
778484,2025-04-02,R,NYY,AZ,"Rodón, Carlos","Gallen, Zac"
778462,2025-04-03,R,MIN,HOU,"Ryan, Joe","Brown, Hunter"
778466,2025-04-03,R,NYY,AZ,"Carrasco, Carlos","Kelly, Merrill"
778467,2025-04-03,R,PHI,COL,"Walker, Taijuan","Senzatela, Antonio"
778468,2025-04-03,R,MIL,CIN,"Cortes, Nestor","Lodolo, Nick"
778470,2025-04-03,R,BAL,BOS,"Morton, Charlie","Houck, Tanner"
778444,2025-04-04,R,SF,SEA,"Verlander, Justin","Castillo, Luis F."
778447,2025-04-04,R,LAA,CLE,"Soriano, José","Williams, Gavin"
778453,2025-04-04,R,MIL,CIN,"Alexander, Tyler","Martinez, Nick"
778454,2025-04-04,R,TEX,TB,"Mahle, Tyler","Littell, Zack"
778455,2025-04-04,R,KC,BAL,"Lugo, Seth","Kremer, Dean"
778456,2025-04-04,R,COL,ATH,"Feltner, Ryan","Bido, Osvaldo"
778457,2025-04-04,R,WSH,AZ,"Irvin, Jake","Pfaadt, Brandon"
778458,2025-04-04,R,DET,CWS,"Flaherty, Jack","Cannon, Jonathan"
778459,2025-04-04,R,PHI,LAD,"Luzardo, Jesús","Yamamoto, Yoshinobu"
778460,2025-04-04,R,CHC,SD,"Imanaga, Shota","Vásquez, Randy"
778461,2025-04-04,R,PIT,NYY,"Keller, Mitch","Fried, Max"
778463,2025-04-04,R,BOS,STL,"Buehler, Walker","Fedde, Erick"
778464,2025-04-04,R,ATL,MIA,"Schwellenbach, Spencer","Meyer, Max"
778465,2025-04-04,R,NYM,TOR,"Megill, Tylor","Gausman, Kevin"
778436,2025-04-05,R,SF,SEA,"Ray, Robbie","Miller, Bryce"
778437,2025-04-05,R,LAA,CLE,"Kochanowicz, Jack","Bibee, Tanner"
778438,2025-04-05,R,TEX,TB,"deGrom, Jacob","Bradley, Taj"
778439,2025-04-05,R,MIL,CIN,"Rodríguez, Elvin","Singer, Brady"
778440,2025-04-05,R,MIN,HOU,"Ober, Bailey","Arrighetti, Spencer"
778441,2025-04-05,R,KC,BAL,"Wacha, Michael","Sugano, Tomoyuki"
778442,2025-04-05,R,COL,ATH,"Márquez, Germán","Sears, JP"
778445,2025-04-05,R,DET,CWS,"Olson, Reese","Martin, Davis"
778446,2025-04-05,R,NYM,TOR,"Canning, Griffin","Bassitt, Chris"
778448,2025-04-05,R,PHI,LAD,"Nola, Aaron","Sasaki, Roki"
778449,2025-04-05,R,PIT,NYY,"Falter, Bailey","Stroman, Marcus"
778450,2025-04-05,R,CHC,SD,"Boyd, Matthew","Pivetta, Nick"
778451,2025-04-05,R,ATL,MIA,"Smith-Shawver, AJ","Quantrill, Cal"
778452,2025-04-05,R,WSH,AZ,"Parker, Mitchell","Rodriguez, Eduardo"
778419,2025-04-06,R,MIN,HOU,"Paddack, Chris","Blanco, Ronel"
778420,2025-04-06,R,TEX,TB,"Rocker, Kumar","Rasmussen, Drew"
778421,2025-04-06,R,MIL,CIN,"Patrick, Chad","Spiers, Carson"
778422,2025-04-06,R,KC,BAL,"Bubic, Kris","Povich, Cade"
778423,2025-04-06,R,COL,ATH,"Dollander, Chase","Estes, Joey"
778425,2025-04-06,R,LAA,CLE,"Anderson, Tyler","Ortiz, Luis"
778427,2025-04-06,R,SF,SEA,"Hicks, Jordan","Woo, Bryan"
778428,2025-04-06,R,PIT,NYY,"Heaney, Andrew","Warren, Will"
778429,2025-04-06,R,WSH,AZ,"Williams, Trevor","Burnes, Corbin"
778430,2025-04-06,R,CHC,SD,"Brown, Ben","Hart, Kyle"
778432,2025-04-06,R,BOS,STL,"Dobbins, Hunter","Mikolas, Miles"
778433,2025-04-06,R,DET,CWS,"Jobe, Jackson","Pérez, Martín"
778434,2025-04-06,R,PHI,LAD,"Sánchez, Cristopher","Glasnow, Tyler"
778435,2025-04-06,R,NYM,TOR,"Peterson, David","Francis, Bowden"
778443,2025-04-06,R,BOS,STL,"Newcomb, Sean","Pallante, Andre"
778405,2025-04-07,R,SEA,HOU,"Gilbert, Logan","Wesneski, Hayden"
778410,2025-04-07,R,SF,CIN,"Webb, Logan","Greene, Hunter"
778411,2025-04-07,R,CHC,TEX,"Steele, Justin","Eovaldi, Nathan"
778412,2025-04-07,R,KC,MIN,"Lorenzen, Michael","Woods Richardson, Simeon"
778413,2025-04-07,R,AZ,BAL,"Gallen, Zac","Eflin, Zach"
778414,2025-04-07,R,ATH,SD,"Severino, Luis","King, Michael"
778415,2025-04-07,R,PIT,STL,"Mlodzinski, Carmen","Liberatore, Matthew"
778416,2025-04-07,R,NYM,MIA,"Senga, Kodai","Bellozo, Valente"
778418,2025-04-07,R,WSH,LAD,"Gore, MacKenzie","May, Dustin"
778424,2025-04-07,R,DET,NYY,"Mize, Casey","Rodón, Carlos"
778426,2025-04-07,R,BOS,TOR,"Fitts, Richard","Berríos, José"
778394,2025-04-08,R,COL,MIL,"Freeland, Kyle","Peralta, Freddy"
778395,2025-04-08,R,ATH,SD,"Springs, Jeffrey","Cease, Dylan"
778396,2025-04-08,R,AZ,BAL,"Kelly, Merrill","Morton, Charlie"
778397,2025-04-08,R,SF,CIN,"Roupp, Landen","Lodolo, Nick"
778398,2025-04-08,R,SEA,HOU,"Castillo, Luis","Valdez, Framber"
778400,2025-04-08,R,KC,MIN,"Ragans, Cole","López, Pablo"
778401,2025-04-08,R,CHC,TEX,"Taillon, Jameson","Corbin, Patrick"
778402,2025-04-08,R,CLE,CWS,"Lively, Ben","Smith, Shane"
778403,2025-04-08,R,DET,NYY,"Skubal, Tarik","Carrasco, Carlos"
778404,2025-04-08,R,BOS,TOR,"Crochet, Garrett","Lucas, Easton"
778406,2025-04-08,R,ATL,PHI,"Sale, Chris","Wheeler, Zack"
778407,2025-04-08,R,NYM,MIA,"Holmes, Clay","Gillispie, Connor"
778408,2025-04-08,R,PIT,STL,"Skenes, Paul","Gray, Sonny"
778409,2025-04-08,R,WSH,LAD,"Lord, Brad","Wrobleski, Justin"
778417,2025-04-08,R,TB,LAA,"Baz, Shane","Hendricks, Kyle"
778376,2025-04-09,R,SF,CIN,"Verlander, Justin","Martinez, Nick"
778379,2025-04-09,R,COL,MIL,"Senzatela, Antonio","Alexander, Tyler"
778380,2025-04-09,R,AZ,BAL,"Pfaadt, Brandon","Kremer, Dean"
778381,2025-04-09,R,ATH,SD,"Bido, Osvaldo","Vásquez, Randy"
778383,2025-04-09,R,SEA,HOU,"Castillo, Luis F.","Brown, Hunter"
778385,2025-04-09,R,CHC,TEX,"Imanaga, Shota","Mahle, Tyler"
778386,2025-04-09,R,BOS,TOR,"Houck, Tanner","Gausman, Kevin"
778387,2025-04-09,R,DET,NYY,"Flaherty, Jack","Fried, Max"
778388,2025-04-09,R,KC,MIN,"Lugo, Seth","Ryan, Joe"
778389,2025-04-09,R,PIT,STL,"Keller, Mitch","Fedde, Erick"
778390,2025-04-09,R,NYM,MIA,"Megill, Tylor","Meyer, Max"
778391,2025-04-09,R,CLE,CWS,"Allen, Logan","Burke, Sean"
778392,2025-04-09,R,WSH,LAD,"Irvin, Jake","Knack, Landon"
778393,2025-04-09,R,ATL,PHI,"Holmes, Grant","Walker, Taijuan"
778399,2025-04-09,R,TB,LAA,"Pepiot, Ryan","Kikuchi, Yusei"
778371,2025-04-10,R,COL,MIL,"Feltner, Ryan","Priester, Quinn"
778373,2025-04-10,R,KC,MIN,"Wacha, Michael","Ober, Bailey"
778377,2025-04-10,R,BOS,TOR,"Buehler, Walker","Bassitt, Chris"
778378,2025-04-10,R,CLE,CWS,"Williams, Gavin","Cannon, Jonathan"
778382,2025-04-10,R,TB,LAA,"Littell, Zack","Soriano, José"
778384,2025-04-10,R,ATL,PHI,"Schwellenbach, Spencer","Luzardo, Jesús"
778356,2025-04-11,R,LAD,CHC,"Yamamoto, Yoshinobu","Boyd, Matthew"
778358,2025-04-11,R,ATH,NYM,"Sears, JP","Canning, Griffin"
778360,2025-04-11,R,SEA,TEX,"Miller, Bryce","deGrom, Jacob"
778361,2025-04-11,R,SD,COL,"Pivetta, Nick","Márquez, Germán"
778363,2025-04-11,R,MIN,DET,"Festa, David","Olson, Reese"
778364,2025-04-11,R,AZ,MIL,"Rodriguez, Eduardo","Quintana, Jose"
778365,2025-04-11,R,STL,PHI,"Pallante, Andre","Nola, Aaron"
778366,2025-04-11,R,CWS,BOS,"Martin, Davis","Newcomb, Sean"
778367,2025-04-11,R,TB,ATL,"Bradley, Taj","Elder, Bryce"
778368,2025-04-11,R,HOU,LAA,"Blanco, Ronel","Kochanowicz, Jack"
778369,2025-04-11,R,MIA,WSH,"Cabrera, Edward","Parker, Mitchell"
778370,2025-04-11,R,NYY,SF,"Stroman, Marcus","Ray, Robbie"
778374,2025-04-11,R,CIN,PIT,"Singer, Brady","Falter, Bailey"
778375,2025-04-11,R,CLE,KC,"Bibee, Tanner","Bubic, Kris"
778341,2025-04-12,R,SEA,TEX,"Woo, Bryan","Rocker, Kumar"
778345,2025-04-12,R,LAD,CHC,"Sasaki, Roki","Brown, Ben"
778346,2025-04-12,R,ATH,NYM,"Ginn, J.T.","Peterson, David"
778347,2025-04-12,R,STL,PHI,"Mikolas, Miles","Sánchez, Cristopher"
778348,2025-04-12,R,MIN,DET,"Paddack, Chris","Jobe, Jackson"
778349,2025-04-12,R,CWS,BOS,"Pérez, Martín","Fitts, Richard"
778350,2025-04-12,R,AZ,MIL,"Burnes, Corbin","Patrick, Chad"
778351,2025-04-12,R,HOU,LAA,"Gusto, Ryan","Anderson, Tyler"
778352,2025-04-12,R,SD,COL,"Hart, Kyle","Dollander, Chase"
778353,2025-04-12,R,TB,ATL,"Rasmussen, Drew","Smith-Shawver, AJ"
778354,2025-04-12,R,MIA,WSH,"Alcantara, Sandy","Williams, Trevor"
778355,2025-04-12,R,NYY,SF,"Warren, Will","Hicks, Jordan"
778357,2025-04-12,R,CIN,PIT,"Abbott, Andrew","Heaney, Andrew"
778359,2025-04-12,R,CLE,KC,"Ortiz, Luis","Lorenzen, Michael"
778362,2025-04-12,R,BAL,TOR,"Sugano, Tomoyuki","Francis, Bowden"
778329,2025-04-13,R,HOU,LAA,"Wesneski, Hayden","Hendricks, Kyle"
778330,2025-04-13,R,SD,COL,"King, Michael","Freeland, Kyle"
778331,2025-04-13,R,LAD,CHC,"Glasnow, Tyler","Rea, Colin"
778332,2025-04-13,R,AZ,MIL,"Gallen, Zac","Peralta, Freddy"
778333,2025-04-13,R,ATH,NYM,"Severino, Luis","Senga, Kodai"
778334,2025-04-13,R,SEA,TEX,"Gilbert, Logan","Eovaldi, Nathan"
778335,2025-04-13,R,MIN,DET,"Woods Richardson, Simeon","Mize, Casey"
778336,2025-04-13,R,STL,PHI,"Liberatore, Matthew","Wheeler, Zack"
778337,2025-04-13,R,MIA,WSH,"Quantrill, Cal","Gore, MacKenzie"
778338,2025-04-13,R,CWS,BOS,"Smith, Shane","Crochet, Garrett"
778339,2025-04-13,R,NYY,SF,"Rodón, Carlos","Webb, Logan"
778340,2025-04-13,R,TB,ATL,"Boyle, Joe","Sale, Chris"
778342,2025-04-13,R,CLE,KC,"Lively, Ben","Ragans, Cole"
778343,2025-04-13,R,CIN,PIT,"Greene, Hunter","Mlodzinski, Carmen"
778344,2025-04-13,R,BAL,TOR,"Povich, Cade","Berríos, José"
778315,2025-04-14,R,SD,CHC,"Cease, Dylan","Taillon, Jameson"
778320,2025-04-14,R,PHI,SF,"Walker, Taijuan","Roupp, Landen"
778321,2025-04-14,R,PIT,WSH,"Skenes, Paul","Lord, Brad"
778322,2025-04-14,R,TOR,ATL,"Lucas, Easton","Holmes, Grant"
778323,2025-04-14,R,MIL,DET,"Alexander, Tyler","Skubal, Tarik"
778324,2025-04-14,R,MIN,NYM,"Ryan, Joe","Holmes, Clay"
778325,2025-04-14,R,STL,HOU,"Gray, Sonny","Valdez, Framber"
778326,2025-04-14,R,LAD,COL,"May, Dustin","Senzatela, Antonio"
778327,2025-04-14,R,NYY,KC,"Carrasco, Carlos","Lugo, Seth"
778328,2025-04-14,R,TB,BOS,"Baz, Shane","Houck, Tanner"
778302,2025-04-15,R,LAD,COL,"Knack, Landon","Feltner, Ryan"
778305,2025-04-15,R,SD,CHC,"Vásquez, Randy","Imanaga, Shota"
778306,2025-04-15,R,TEX,LAA,"Mahle, Tyler","Kikuchi, Yusei"
778307,2025-04-15,R,MIN,NYM,"Ober, Bailey","Megill, Tylor"
778308,2025-04-15,R,STL,HOU,"Fedde, Erick","Brown, Hunter"
778309,2025-04-15,R,CWS,ATH,"Burke, Sean","Springs, Jeffrey"
778310,2025-04-15,R,MIL,DET,"Priester, Quinn","Flaherty, Jack"
778311,2025-04-15,R,TOR,ATL,"Gausman, Kevin","Schwellenbach, Spencer"
778312,2025-04-15,R,NYY,KC,"Fried, Max","Wacha, Michael"
778313,2025-04-15,R,PHI,SF,"Luzardo, Jesús","Verlander, Justin"
778314,2025-04-15,R,PIT,WSH,"Keller, Mitch","Irvin, Jake"
778316,2025-04-15,R,CIN,SEA,"Lodolo, Nick","Castillo, Luis"
778317,2025-04-15,R,BAL,CLE,"Morton, Charlie","Allen, Logan"
778318,2025-04-15,R,MIA,AZ,"Gillispie, Connor","Kelly, Merrill"
778319,2025-04-15,R,TB,BOS,"Pepiot, Ryan","Buehler, Walker"
778287,2025-04-16,R,LAD,COL,"Miller, Bobby","Márquez, Germán"
778288,2025-04-16,R,SD,CHC,"Pivetta, Nick","Boyd, Matthew"
778289,2025-04-16,R,TEX,LAA,"Corbin, Patrick","Soriano, José"
778290,2025-04-16,R,STL,HOU,"Matz, Steven","Blanco, Ronel"
778293,2025-04-16,R,PIT,WSH,"Falter, Bailey","Parker, Mitchell"
778294,2025-04-16,R,CWS,ATH,"Cannon, Jonathan","Bido, Osvaldo"
778295,2025-04-16,R,MIL,DET,"Quintana, Jose","Montero, Keider"
778296,2025-04-16,R,PHI,SF,"Nola, Aaron","Ray, Robbie"
778297,2025-04-16,R,TOR,ATL,"Bassitt, Chris","Strider, Spencer"
778298,2025-04-16,R,TB,BOS,"Littell, Zack","Newcomb, Sean"
778299,2025-04-16,R,MIN,NYM,"Festa, David","Brazobán, Huascar"
778300,2025-04-16,R,NYY,KC,"Schmidt, Clarke","Bubic, Kris"
778301,2025-04-16,R,BAL,CLE,"Kremer, Dean","Williams, Gavin"
778303,2025-04-16,R,MIA,AZ,"Meyer, Max","Pfaadt, Brandon"
778304,2025-04-16,R,CIN,SEA,"Martinez, Nick","Miller, Bryce"
778278,2025-04-17,R,NYM,STL,"Canning, Griffin","Pallante, Andre"
778279,2025-04-17,R,PHI,SF,"Sánchez, Cristopher","Hicks, Jordan"
778280,2025-04-17,R,PIT,WSH,"Heaney, Andrew","Williams, Trevor"
778281,2025-04-17,R,TEX,LAA,"Rocker, Kumar","Kochanowicz, Jack"
778282,2025-04-17,R,TB,NYY,"Bradley, Taj","Warren, Will"
778283,2025-04-17,R,CWS,ATH,"Martin, Davis","Sears, JP"
778285,2025-04-17,R,CIN,SEA,"Singer, Brady","Hancock, Emerson"
778286,2025-04-17,R,DET,KC,"Olson, Reese","Lorenzen, Michael"
778291,2025-04-17,R,MIA,AZ,"Cabrera, Edward","Rodriguez, Eduardo"
778292,2025-04-17,R,BAL,CLE,"Sugano, Tomoyuki","Bibee, Tanner"
778260,2025-04-18,R,LAA,SF,"Anderson, Tyler","Webb, Logan"
778261,2025-04-18,R,MIL,ATH,"Peralta, Freddy","Ginn, J.T."
778263,2025-04-18,R,TEX,LAD,"deGrom, Jacob","Yamamoto, Yoshinobu"
778268,2025-04-18,R,CHC,AZ,"Rea, Colin","Burnes, Corbin"
778269,2025-04-18,R,HOU,SD,"Gusto, Ryan","Hart, Kyle"
778270,2025-04-18,R,NYM,STL,"Peterson, David","Mikolas, Miles"
778271,2025-04-18,R,PIT,CLE,"Mlodzinski, Carmen","Ortiz, Luis"
778272,2025-04-18,R,TB,NYY,"Rasmussen, Drew","Rodón, Carlos"
778273,2025-04-18,R,TOR,SEA,"Francis, Bowden","Woo, Bryan"
778274,2025-04-18,R,PHI,MIA,"Wheeler, Zack","Alcantara, Sandy"
778275,2025-04-18,R,BOS,CWS,"Dobbins, Hunter","Pérez, Martín"
778276,2025-04-18,R,BAL,CIN,"Povich, Cade","Abbott, Andrew"
778277,2025-04-18,R,DET,KC,"Jobe, Jackson","Ragans, Cole"
778284,2025-04-18,R,ATL,MIN,"Elder, Bryce","Paddack, Chris"
778243,2025-04-19,R,LAA,SF,"Hendricks, Kyle","Roupp, Landen"
778247,2025-04-19,R,COL,WSH,"Dollander, Chase","Gore, MacKenzie"
778251,2025-04-19,R,TEX,LAD,"Eovaldi, Nathan","Sasaki, Roki"
778252,2025-04-19,R,PHI,MIA,"Walker, Taijuan","Quantrill, Cal"
778253,2025-04-19,R,MIL,ATH,"Patrick, Chad","Severino, Luis"
778254,2025-04-19,R,PIT,CLE,"Skenes, Paul","Lively, Ben"
778255,2025-04-19,R,TB,NYY,"Baz, Shane","Carrasco, Carlos"
778256,2025-04-19,R,NYM,STL,"Senga, Kodai","Liberatore, Matthew"
778257,2025-04-19,R,CHC,AZ,"Brown, Ben","Gallen, Zac"
778258,2025-04-19,R,TOR,SEA,"Berríos, José","Gilbert, Logan"
778259,2025-04-19,R,HOU,SD,"Wesneski, Hayden","King, Michael"
778262,2025-04-19,R,BAL,CIN,"Young, Brandon","Greene, Hunter"
778264,2025-04-19,R,BOS,CWS,"Crochet, Garrett","Smith, Shane"
778265,2025-04-19,R,DET,KC,"Mize, Casey","Lugo, Seth"
778267,2025-04-19,R,ATL,MIN,"Sale, Chris","Topa, Justin"
778232,2025-04-20,R,LAA,SF,"Kikuchi, Yusei","Verlander, Justin"
778234,2025-04-20,R,TEX,LAD,"Mahle, Tyler","Glasnow, Tyler"
778235,2025-04-20,R,COL,WSH,"Freeland, Kyle","Irvin, Jake"
778236,2025-04-20,R,CHC,AZ,"Taillon, Jameson","Kelly, Merrill"
778237,2025-04-20,R,HOU,SD,"Valdez, Framber","Cease, Dylan"
778239,2025-04-20,R,MIL,ATH,"Henderson, Logan","Springs, Jeffrey"
778240,2025-04-20,R,TB,NYY,"Pepiot, Ryan","Fried, Max"
778241,2025-04-20,R,TOR,SEA,"Lucas, Easton","Castillo, Luis"
778242,2025-04-20,R,PIT,CLE,"Keller, Mitch","Allen, Logan"
778244,2025-04-20,R,NYM,STL,"Holmes, Clay","Gray, Sonny"
778245,2025-04-20,R,BOS,CWS,"Houck, Tanner","Burke, Sean"
778246,2025-04-20,R,DET,KC,"Skubal, Tarik","Wacha, Michael"
778248,2025-04-20,R,PHI,MIA,"Luzardo, Jesús","Gillispie, Connor"
778249,2025-04-20,R,ATL,MIN,"Holmes, Grant","Ryan, Joe"
778250,2025-04-20,R,BAL,CIN,"Morton, Charlie","Suter, Brent"
778266,2025-04-20,R,COL,WSH,"Senzatela, Antonio","Lord, Brad"
778225,2025-04-21,R,NYM,PHI,"Megill, Tylor","Nola, Aaron"
778226,2025-04-21,R,SF,MIL,"Ray, Robbie","Priester, Quinn"
778227,2025-04-21,R,CLE,NYY,"Williams, Gavin","Schmidt, Clarke"
778228,2025-04-21,R,DET,SD,"Montero, Keider","Vásquez, Randy"
778230,2025-04-21,R,MIA,CIN,"Meyer, Max","Lodolo, Nick"
778231,2025-04-21,R,HOU,TOR,"Brown, Hunter","Gausman, Kevin"
778233,2025-04-21,R,ATL,STL,"Schwellenbach, Spencer","Fedde, Erick"
778238,2025-04-21,R,BOS,CWS,"Buehler, Walker","Cannon, Jonathan"
778210,2025-04-22,R,SF,MIL,"Hicks, Jordan","Quintana, Jose"
778211,2025-04-22,R,LAA,PIT,"Soriano, José","Falter, Bailey"
778212,2025-04-22,R,AZ,TB,"Pfaadt, Brandon","Littell, Zack"
778213,2025-04-22,R,ATH,TEX,"Bido, Osvaldo","Corbin, Patrick"
778215,2025-04-22,R,KC,COL,"Bubic, Kris","Feltner, Ryan"
778216,2025-04-22,R,MIN,CWS,"Ober, Bailey","Martin, Davis"
778217,2025-04-22,R,HOU,TOR,"Blanco, Ronel","Bassitt, Chris"
778218,2025-04-22,R,CLE,NYY,"Bibee, Tanner","Warren, Will"
778219,2025-04-22,R,MIA,CIN,"Cabrera, Edward","Martinez, Nick"
778220,2025-04-22,R,CHC,LAD,"Imanaga, Shota","May, Dustin"
778221,2025-04-22,R,DET,SD,"Flaherty, Jack","Pivetta, Nick"
778222,2025-04-22,R,WSH,BAL,"Parker, Mitchell","Kremer, Dean"
778223,2025-04-22,R,NYM,PHI,"Canning, Griffin","Sánchez, Cristopher"
778224,2025-04-22,R,BOS,SEA,"Bello, Brayan","Miller, Bryce"
778229,2025-04-22,R,ATL,STL,"Blewett, Scott","Pallante, Andre"
778197,2025-04-23,R,ATH,TEX,"Sears, JP","Rocker, Kumar"
778198,2025-04-23,R,SF,MIL,"Webb, Logan","Peralta, Freddy"
778199,2025-04-23,R,AZ,TB,"Rodriguez, Eduardo","Bradley, Taj"
778200,2025-04-23,R,HOU,TOR,"Gusto, Ryan","Francis, Bowden"
778201,2025-04-23,R,MIN,CWS,"Festa, David","Wilson, Bryse"
778202,2025-04-23,R,LAA,PIT,"Kochanowicz, Jack","Heaney, Andrew"
778203,2025-04-23,R,NYM,PHI,"Peterson, David","Wheeler, Zack"
778204,2025-04-23,R,WSH,BAL,"Williams, Trevor","Sugano, Tomoyuki"
778205,2025-04-23,R,CHC,LAD,"Boyd, Matthew","Casparius, Ben"
778206,2025-04-23,R,CLE,NYY,"Ortiz, Luis","Rodón, Carlos"
778207,2025-04-23,R,BOS,SEA,"Newcomb, Sean","Hancock, Emerson"
778208,2025-04-23,R,MIA,CIN,"Alcantara, Sandy","Singer, Brady"
778209,2025-04-23,R,DET,SD,"Olson, Reese","Hart, Kyle"
778214,2025-04-23,R,ATL,STL,"Elder, Bryce","Mikolas, Miles"
778188,2025-04-24,R,AZ,TB,"Burnes, Corbin","Rasmussen, Drew"
778189,2025-04-24,R,MIN,CWS,"Paddack, Chris","Smith, Shane"
778190,2025-04-24,R,KC,COL,"Ragans, Cole","Márquez, Germán"
778191,2025-04-24,R,LAA,PIT,"Anderson, Tyler","Mlodzinski, Carmen"
778192,2025-04-24,R,ATH,TEX,"Ginn, J.T.","deGrom, Jacob"
778193,2025-04-24,R,WSH,BAL,"Gore, MacKenzie","Povich, Cade"
778194,2025-04-24,R,SF,MIL,"Roupp, Landen","Myers, Tobias"
778195,2025-04-24,R,KC,COL,"Lorenzen, Michael","Dollander, Chase"
778196,2025-04-24,R,BOS,SEA,"Crochet, Garrett","Woo, Bryan"
778171,2025-04-25,R,SF,TEX,"Verlander, Justin","Eovaldi, Nathan"
778172,2025-04-25,R,SD,TB,"King, Michael","Baz, Shane"
778175,2025-04-25,R,SEA,MIA,"Gilbert, Logan","Quantrill, Cal"
778176,2025-04-25,R,LAD,PIT,"Yamamoto, Yoshinobu","Skenes, Paul"
778177,2025-04-25,R,AZ,ATL,"Gallen, Zac","Sale, Chris"
778178,2025-04-25,R,ATH,CWS,"Severino, Luis","Gilbert, Tyler"
778181,2025-04-25,R,COL,CIN,"Freeland, Kyle","Abbott, Andrew"
778182,2025-04-25,R,CHC,PHI,"Rea, Colin","Walker, Taijuan"
778183,2025-04-25,R,WSH,NYM,"Irvin, Jake","Senga, Kodai"
778184,2025-04-25,R,STL,MIL,"Liberatore, Matthew","Patrick, Chad"
778185,2025-04-25,R,NYY,TOR,"Carrasco, Carlos","Berríos, José"
778186,2025-04-25,R,MIN,LAA,"López, Pablo","Hendricks, Kyle"
778187,2025-04-25,R,KC,HOU,"Lugo, Seth","Wesneski, Hayden"
778154,2025-04-26,R,SEA,MIA,"Castillo, Luis","Gillispie, Connor"
778159,2025-04-26,R,SF,TEX,"Ray, Robbie","Mahle, Tyler"
778160,2025-04-26,R,SD,TB,"Cease, Dylan","Pepiot, Ryan"
778161,2025-04-26,R,COL,CIN,"Senzatela, Antonio","Greene, Hunter"
778162,2025-04-26,R,AZ,ATL,"Kelly, Merrill","Holmes, Grant"
778163,2025-04-26,R,LAD,PIT,"Sasaki, Roki","Keller, Mitch"
778164,2025-04-26,R,STL,MIL,"Gray, Sonny","Priester, Quinn"
778165,2025-04-26,R,ATH,CWS,"Springs, Jeffrey","Gilbert, Tyler"
778166,2025-04-26,R,MIN,LAA,"Woods Richardson, Simeon","Kikuchi, Yusei"
778167,2025-04-26,R,KC,HOU,"Wacha, Michael","Valdez, Framber"
778168,2025-04-26,R,DET,BAL,"Mize, Casey","Young, Brandon"
778169,2025-04-26,R,CLE,BOS,"Nikhazy, Doug","Buehler, Walker"
778173,2025-04-26,R,WSH,NYM,"Lord, Brad","Holmes, Clay"
778174,2025-04-26,R,CHC,PHI,"Brown, Ben","Luzardo, Jesús"
778179,2025-04-26,R,CLE,BOS,"Lively, Ben","Houck, Tanner"
778180,2025-04-26,R,DET,BAL,"Montero, Keider","Akin, Keegan"
778136,2025-04-27,R,SEA,MIA,"Evans, Logan","Meyer, Max"
778144,2025-04-27,R,MIN,LAA,"Ryan, Joe","Soriano, José"
778145,2025-04-27,R,LAD,PIT,"Glasnow, Tyler","Falter, Bailey"
778146,2025-04-27,R,SD,TB,"Vásquez, Randy","Littell, Zack"
778147,2025-04-27,R,AZ,ATL,"Pfaadt, Brandon","Schwellenbach, Spencer"
778148,2025-04-27,R,COL,CIN,"Blalock, Bradley","Lodolo, Nick"
778149,2025-04-27,R,ATH,CWS,"Bido, Osvaldo","Eisert, Brandon"
778150,2025-04-27,R,STL,MIL,"Fedde, Erick","Quintana, Jose"
778151,2025-04-27,R,SF,TEX,"Hicks, Jordan","Leiter, Jack"
778152,2025-04-27,R,KC,HOU,"Bubic, Kris","Brown, Hunter"
778153,2025-04-27,R,WSH,NYM,"Parker, Mitchell","Megill, Tylor"
778155,2025-04-27,R,DET,BAL,"Skubal, Tarik","Kremer, Dean"
778156,2025-04-27,R,NYY,TOR,"Fried, Max","Gausman, Kevin"
778157,2025-04-27,R,CLE,BOS,"Allen, Logan","Bello, Brayan"
778158,2025-04-27,R,CHC,PHI,"Taillon, Jameson","Nola, Aaron"
778170,2025-04-27,R,NYY,TOR,"Schmidt, Clarke","Bassitt, Chris"
778132,2025-04-28,R,LAD,MIA,"May, Dustin","Cabrera, Edward"
778137,2025-04-28,R,COL,ATL,"Feltner, Ryan","Elder, Bryce"
778138,2025-04-28,R,WSH,NYM,"Williams, Trevor","Canning, Griffin"
778139,2025-04-28,R,CLE,MIN,"Williams, Gavin","Ober, Bailey"
778140,2025-04-28,R,BAL,NYY,"Sugano, Tomoyuki","Warren, Will"
778141,2025-04-28,R,CIN,STL,"Martinez, Nick","Pallante, Andre"
778142,2025-04-28,R,HOU,DET,"Blanco, Ronel","Flaherty, Jack"
778143,2025-04-28,R,TEX,ATH,"Corbin, Patrick","Sears, JP"
778120,2025-04-29,R,COL,ATL,"Márquez, Germán","Smith-Shawver, AJ"
778121,2025-04-29,R,SEA,LAA,"Miller, Bryce","Kochanowicz, Jack"
778122,2025-04-29,R,TEX,ATH,"deGrom, Jacob","Lopez, Jacob"
778123,2025-04-29,R,LAD,MIA,"Dreyer, Jack","Alcantara, Sandy"
778124,2025-04-29,R,HOU,DET,"Gusto, Ryan","Olson, Reese"
778125,2025-04-29,R,CWS,MIL,"Gilbert, Tyler","Peralta, Freddy"
778126,2025-04-29,R,SD,SF,"Pivetta, Nick","Webb, Logan"
778127,2025-04-29,R,TOR,BOS,"Francis, Bowden","Crochet, Garrett"
778128,2025-04-29,R,TB,KC,"Bradley, Taj","Lorenzen, Michael"
778129,2025-04-29,R,CLE,MIN,"Bibee, Tanner","Paddack, Chris"
778130,2025-04-29,R,NYM,AZ,"Peterson, David","Rodriguez, Eduardo"
778131,2025-04-29,R,PHI,WSH,"Wheeler, Zack","Gore, MacKenzie"
778133,2025-04-29,R,BAL,NYY,"Gibson, Kyle","Rodón, Carlos"
778135,2025-04-29,R,PIT,CHC,"Heaney, Andrew","Imanaga, Shota"
778102,2025-04-30,R,COL,ATL,"Dollander, Chase","Sale, Chris"
778104,2025-04-30,R,SEA,LAA,"Hancock, Emerson","Anderson, Tyler"
778105,2025-04-30,R,SD,SF,"King, Michael","Roupp, Landen"
778106,2025-04-30,R,TEX,ATH,"Eovaldi, Nathan","Severino, Luis"
778109,2025-04-30,R,LAD,MIA,"Gonsolin, Tony","Quantrill, Cal"
778110,2025-04-30,R,HOU,DET,"Blubaugh, AJ","Jobe, Jackson"
778111,2025-04-30,R,CWS,MIL,"Smith, Shane","Myers, Tobias"
778112,2025-04-30,R,PIT,CHC,"Mlodzinski, Carmen","Boyd, Matthew"
778113,2025-04-30,R,TB,KC,"Rasmussen, Drew","Cameron, Noah"
778114,2025-04-30,R,TOR,BOS,"Rodríguez, Yariel","Giolito, Lucas"
778115,2025-04-30,R,BAL,NYY,"Povich, Cade","Carrasco, Carlos"
778116,2025-04-30,R,CLE,MIN,"Ortiz, Luis","López, Pablo"
778117,2025-04-30,R,NYM,AZ,"Brazobán, Huascar","Burnes, Corbin"
778118,2025-04-30,R,PHI,WSH,"Sánchez, Cristopher","Irvin, Jake"
778119,2025-04-30,R,CIN,STL,"Petty, Chase","Matz, Steven"
778134,2025-04-30,R,CIN,STL,"Singer, Brady","Mikolas, Miles"
778094,2025-05-01,R,CWS,MIL,"Burke, Sean","Patrick, Chad"
778095,2025-05-01,R,TOR,BOS,"Berríos, José","Houck, Tanner"
778096,2025-05-01,R,TEX,ATH,"Mahle, Tyler","Springs, Jeffrey"
778097,2025-05-01,R,TB,KC,"Baz, Shane","Lugo, Seth"
778098,2025-05-01,R,SF,COL,"Verlander, Justin","Freeland, Kyle"
778099,2025-05-01,R,PHI,WSH,"Walker, Taijuan","Lord, Brad"
778100,2025-05-01,R,PIT,CHC,"Skenes, Paul","Rea, Colin"
778101,2025-05-01,R,LAA,DET,"Kikuchi, Yusei","Mize, Casey"
778103,2025-05-01,R,NYM,AZ,"Senga, Kodai","Gallen, Zac"
778107,2025-05-01,R,CIN,STL,"Abbott, Andrew","Liberatore, Matthew"
778108,2025-05-01,R,CLE,MIN,"Lively, Ben","Woods Richardson, Simeon"
778079,2025-05-02,R,CWS,HOU,"Cannon, Jonathan","Valdez, Framber"
778080,2025-05-02,R,MIL,CHC,"Alexander, Tyler","Brown, Ben"
778081,2025-05-02,R,TOR,CLE,"Bassitt, Chris","Allen, Logan"
778082,2025-05-02,R,SF,COL,"Ray, Robbie","Senzatela, Antonio"
778083,2025-05-02,R,TEX,SEA,"Leiter, Jack","Woo, Bryan"
778084,2025-05-02,R,STL,NYM,"Gray, Sonny","Holmes, Clay"
778085,2025-05-02,R,LAA,DET,"Soriano, José","Skubal, Tarik"
778086,2025-05-02,R,PHI,AZ,"Luzardo, Jesús","Kelly, Merrill"
778087,2025-05-02,R,CIN,WSH,"Greene, Hunter","Parker, Mitchell"
778088,2025-05-02,R,NYY,TB,"Fried, Max","Pepiot, Ryan"
778089,2025-05-02,R,BOS,MIN,"Bello, Brayan","Ryan, Joe"
778090,2025-05-02,R,PIT,SD,"Keller, Mitch","Cease, Dylan"
778091,2025-05-02,R,MIA,ATH,"Bellozo, Valente","Hoglund, Gunnar"
778092,2025-05-02,R,ATL,LAD,"Holmes, Grant","Yamamoto, Yoshinobu"
778093,2025-05-02,R,BAL,KC,"Kremer, Dean","Wacha, Michael"
778064,2025-05-03,R,TOR,CLE,"Gausman, Kevin","Williams, Gavin"
778065,2025-05-03,R,PIT,SD,"Falter, Bailey","Vásquez, Randy"
778066,2025-05-03,R,CWS,HOU,"Martin, Davis","Brown, Hunter"
778067,2025-05-03,R,LAA,DET,"Hendricks, Kyle","Flaherty, Jack"
778069,2025-05-03,R,SF,COL,"Hicks, Jordan","Blalock, Bradley"
778070,2025-05-03,R,TEX,SEA,"Corbin, Patrick","Castillo, Luis"
778071,2025-05-03,R,MIL,CHC,"Quintana, Jose","Taillon, Jameson"
778072,2025-05-03,R,BAL,KC,"Sugano, Tomoyuki","Bubic, Kris"
778073,2025-05-03,R,BOS,MIN,"Dobbins, Hunter","Ober, Bailey"
778074,2025-05-03,R,NYY,TB,"Yarbrough, Ryan","Littell, Zack"
778075,2025-05-03,R,MIA,ATH,"Meyer, Max","Bido, Osvaldo"
778076,2025-05-03,R,ATL,LAD,"Schwellenbach, Spencer","Sasaki, Roki"
778077,2025-05-03,R,CIN,WSH,"Lodolo, Nick","Williams, Trevor"
778078,2025-05-03,R,PHI,AZ,"Nola, Aaron","Pfaadt, Brandon"
778048,2025-05-04,R,SF,COL,"Webb, Logan","Márquez, Germán"
778050,2025-05-04,R,LAA,DET,"Kochanowicz, Jack","Olson, Reese"
778051,2025-05-04,R,PIT,SD,"Heaney, Andrew","Kolek, Stephen"
778052,2025-05-04,R,TEX,SEA,"deGrom, Jacob","Evans, Logan"
778053,2025-05-04,R,STL,NYM,"Fedde, Erick","Tidwell, Blade"
778054,2025-05-04,R,MIL,CHC,"Peralta, Freddy","Imanaga, Shota"
778055,2025-05-04,R,CWS,HOU,"Wilson, Bryse","McCullers Jr., Lance"
778056,2025-05-04,R,TOR,CLE,"Francis, Bowden","Bibee, Tanner"
778057,2025-05-04,R,NYY,TB,"Warren, Will","Bradley, Taj"
778058,2025-05-04,R,CIN,WSH,"Martinez, Nick","Gore, MacKenzie"
778059,2025-05-04,R,PHI,AZ,"Suarez, Ranger","Rodriguez, Eduardo"
778060,2025-05-04,R,ATL,LAD,"Elder, Bryce","May, Dustin"
778061,2025-05-04,R,MIA,ATH,"Cabrera, Edward","Sears, JP"
778062,2025-05-04,R,BAL,KC,"Gibson, Kyle","Lorenzen, Michael"
778063,2025-05-04,R,BOS,MIN,"Crochet, Garrett","Paddack, Chris"
778068,2025-05-04,R,STL,NYM,"Pallante, Andre","Megill, Tylor"
778036,2025-05-05,R,STL,PIT,"Mikolas, Miles","Mlodzinski, Carmen"
778038,2025-05-05,R,ATH,SEA,"Severino, Luis","Miller, Bryce"
778039,2025-05-05,R,AZ,NYM,"Nelson, Ryne","Canning, Griffin"
778042,2025-05-05,R,MIL,HOU,"Myers, Tobias","Blanco, Ronel"
778043,2025-05-05,R,KC,CWS,"Ragans, Cole","Smith, Shane"
778044,2025-05-05,R,CHC,SF,"Boyd, Matthew","Roupp, Landen"
778045,2025-05-05,R,NYY,SD,"Rodón, Carlos","Pivetta, Nick"
778047,2025-05-05,R,MIA,LAD,"Alcantara, Sandy","Dreyer, Jack"
778049,2025-05-05,R,ATL,CIN,"Smith-Shawver, AJ","Singer, Brady"
778024,2025-05-06,R,ATH,SEA,"Springs, Jeffrey","Hancock, Emerson"
778025,2025-05-06,R,LAA,TOR,"Anderson, Tyler","Ureña, José"
778026,2025-05-06,R,WSH,CLE,"Irvin, Jake","Ortiz, Luis"
778027,2025-05-06,R,CHC,SF,"Rea, Colin","Verlander, Justin"
778028,2025-05-06,R,MIN,BAL,"López, Pablo","Povich, Cade"
778030,2025-05-06,R,STL,PIT,"Liberatore, Matthew","Skenes, Paul"
778031,2025-05-06,R,MIL,HOU,"Patrick, Chad","Wesneski, Hayden"
778032,2025-05-06,R,AZ,NYM,"Gallen, Zac","Peterson, David"
778033,2025-05-06,R,KC,CWS,"Lugo, Seth","Burke, Sean"
778034,2025-05-06,R,ATL,CIN,"Sale, Chris","Abbott, Andrew"
778035,2025-05-06,R,MIA,LAD,"Quantrill, Cal","Gonsolin, Tony"
778037,2025-05-06,R,BOS,TEX,"Giolito, Lucas","Eovaldi, Nathan"
778040,2025-05-06,R,TB,PHI,"Rasmussen, Drew","Wheeler, Zack"
778041,2025-05-06,R,NYY,SD,"Schmidt, Clarke","King, Michael"
778046,2025-05-06,R,WSH,CLE,"Lord, Brad","Lively, Ben"
778009,2025-05-07,R,LAA,TOR,"Kikuchi, Yusei","Berríos, José"
778010,2025-05-07,R,ATH,SEA,"Hoglund, Gunnar","Woo, Bryan"
778011,2025-05-07,R,MIN,BAL,"Woods Richardson, Simeon","Morton, Charlie"
778012,2025-05-07,R,KC,CWS,"Wacha, Michael","Cannon, Jonathan"
778013,2025-05-07,R,COL,DET,"Dollander, Chase","Jobe, Jackson"
778014,2025-05-07,R,AZ,NYM,"Kelly, Merrill","Senga, Kodai"
778015,2025-05-07,R,MIL,HOU,"Priester, Quinn","Valdez, Framber"
778016,2025-05-07,R,STL,PIT,"Gray, Sonny","Keller, Mitch"
778017,2025-05-07,R,MIA,LAD,"Bellozo, Valente","Knack, Landon"
778018,2025-05-07,R,BOS,TEX,"Houck, Tanner","Mahle, Tyler"
778019,2025-05-07,R,NYY,SD,"Fried, Max","Cease, Dylan"
778020,2025-05-07,R,CHC,SF,"Brown, Ben","Ray, Robbie"
778021,2025-05-07,R,TB,PHI,"Baz, Shane","Sánchez, Cristopher"
778022,2025-05-07,R,WSH,CLE,"Soroka, Michael","Allen, Logan"
778023,2025-05-07,R,ATL,CIN,"Holmes, Grant","Greene, Hunter"
777999,2025-05-08,R,AZ,LAD,"Pfaadt, Brandon","Yamamoto, Yoshinobu"
778000,2025-05-08,R,LAA,TOR,"Soriano, José","Bassitt, Chris"
778003,2025-05-08,R,ATL,CIN,"Schwellenbach, Spencer","Lodolo, Nick"
778004,2025-05-08,R,COL,DET,"Freeland, Kyle","Mize, Casey"
778005,2025-05-08,R,TB,PHI,"Pepiot, Ryan","Luzardo, Jesús"
778006,2025-05-08,R,BOS,TEX,"Bello, Brayan","Leiter, Jack"
778007,2025-05-08,R,MIN,BAL,"Ober, Bailey","Kremer, Dean"
778008,2025-05-08,R,KC,CWS,"Bubic, Kris","Martin, Davis"
778029,2025-05-08,R,COL,DET,"Gordon, Tanner","Montero, Keider"
777984,2025-05-09,R,SEA,TOR,"Castillo, Luis","Gausman, Kevin"
777986,2025-05-09,R,LAA,BAL,"Hendricks, Kyle","Sugano, Tomoyuki"
777988,2025-05-09,R,AZ,LAD,"Rodriguez, Eduardo","Sasaki, Roki"
777989,2025-05-09,R,HOU,CIN,"Brown, Hunter","Martinez, Nick"
777990,2025-05-09,R,KC,BOS,"Lorenzen, Michael","Dobbins, Hunter"
777991,2025-05-09,R,CWS,MIA,"Wilson, Bryse","Meyer, Max"
777992,2025-05-09,R,MIN,SF,"Paddack, Chris","Hicks, Jordan"
777993,2025-05-09,R,COL,SD,"Senzatela, Antonio","Vásquez, Randy"
777994,2025-05-09,R,ATH,NYY,"Bido, Osvaldo","Warren, Will"
777995,2025-05-09,R,WSH,STL,"Parker, Mitchell","Fedde, Erick"
777996,2025-05-09,R,DET,TEX,"Skubal, Tarik","Corbin, Patrick"
777997,2025-05-09,R,CLE,PHI,"Williams, Gavin","Nola, Aaron"
777998,2025-05-09,R,PIT,ATL,"Falter, Bailey","Elder, Bryce"
778001,2025-05-09,R,NYM,CHC,"Holmes, Clay","Taillon, Jameson"
778002,2025-05-09,R,TB,MIL,"Littell, Zack","Quintana, Jose"
777970,2025-05-10,R,SEA,TOR,"Evans, Logan","Francis, Bowden"
777972,2025-05-10,R,ATH,NYY,"Sears, JP","Rodón, Carlos"
777973,2025-05-10,R,LAA,BAL,"Kochanowicz, Jack","Gibson, Kyle"
777974,2025-05-10,R,MIN,SF,"Ryan, Joe","Webb, Logan"
777975,2025-05-10,R,AZ,LAD,"Burnes, Corbin","May, Dustin"
777976,2025-05-10,R,COL,SD,"Blalock, Bradley","Kolek, Stephen"
777977,2025-05-10,R,KC,BOS,"Ragans, Cole","Crochet, Garrett"
777978,2025-05-10,R,CWS,MIA,"Smith, Shane","Cabrera, Edward"
777979,2025-05-10,R,HOU,CIN,"McCullers Jr., Lance","Singer, Brady"
777980,2025-05-10,R,WSH,STL,"Williams, Trevor","Pallante, Andre"
777981,2025-05-10,R,TB,MIL,"Bradley, Taj","Myers, Tobias"
777982,2025-05-10,R,NYM,CHC,"Megill, Tylor","Keller, Brad"
777983,2025-05-10,R,CLE,PHI,"Bibee, Tanner","Suarez, Ranger"
777985,2025-05-10,R,PIT,ATL,"Heaney, Andrew","Smith-Shawver, AJ"
777987,2025-05-10,R,DET,TEX,"Flaherty, Jack","deGrom, Jacob"
777954,2025-05-11,R,AZ,LAD,"Gallen, Zac","Gonsolin, Tony"
777955,2025-05-11,R,COL,SD,"Márquez, Germán","Pivetta, Nick"
777956,2025-05-11,R,MIN,SF,"López, Pablo","Roupp, Landen"
777957,2025-05-11,R,ATH,NYY,"Severino, Luis","Yarbrough, Ryan"
777958,2025-05-11,R,SEA,TOR,"Miller, Bryce","Ureña, José"
777961,2025-05-11,R,LAA,BAL,"Anderson, Tyler","Eflin, Zach"
777962,2025-05-11,R,WSH,STL,"Gore, MacKenzie","Mikolas, Miles"
777963,2025-05-11,R,HOU,CIN,"Blanco, Ronel","Petty, Chase"
777964,2025-05-11,R,TB,MIL,"Rasmussen, Drew","Patrick, Chad"
777965,2025-05-11,R,KC,BOS,"Lugo, Seth","Giolito, Lucas"
777966,2025-05-11,R,CWS,MIA,"Burke, Sean","Alcantara, Sandy"
777967,2025-05-11,R,PIT,ATL,"Mlodzinski, Carmen","Sale, Chris"
777968,2025-05-11,R,NYM,CHC,"Canning, Griffin","Boyd, Matthew"
777969,2025-05-11,R,DET,TEX,"Olson, Reese","Eovaldi, Nathan"
777971,2025-05-11,R,CLE,PHI,"Ortiz, Luis","Wheeler, Zack"
777939,2025-05-12,R,SF,AZ,"Verlander, Justin","Kelly, Merrill"
777941,2025-05-12,R,SEA,NYY,"Hancock, Emerson","Schmidt, Clarke"
777947,2025-05-12,R,SD,LAA,"King, Michael","Kikuchi, Yusei"
777948,2025-05-12,R,HOU,KC,"Gusto, Ryan","Wacha, Michael"
777949,2025-05-12,R,TEX,COL,"Mahle, Tyler","Dollander, Chase"
777950,2025-05-12,R,NYM,PIT,"Peterson, David","Skenes, Paul"
777951,2025-05-12,R,DET,BOS,"Jobe, Jackson","Houck, Tanner"
777952,2025-05-12,R,CHC,MIA,"Rea, Colin","Quantrill, Cal"
777953,2025-05-12,R,PHI,STL,"Sánchez, Cristopher","Liberatore, Matthew"
777959,2025-05-12,R,ATL,WSH,"Holmes, Grant","Irvin, Jake"
777960,2025-05-12,R,CLE,MIL,"Lively, Ben","Peralta, Freddy"
777926,2025-05-13,R,SEA,NYY,"Woo, Bryan","Fried, Max"
777930,2025-05-13,R,SF,AZ,"Ray, Robbie","Pfaadt, Brandon"
777931,2025-05-13,R,HOU,KC,"Valdez, Framber","Bubic, Kris"
777932,2025-05-13,R,SD,LAA,"Cease, Dylan","Soriano, José"
777934,2025-05-13,R,TEX,COL,"Leiter, Jack","Freeland, Kyle"
777935,2025-05-13,R,TOR,TB,"Berríos, José","Baz, Shane"
777936,2025-05-13,R,CHC,MIA,"Brown, Ben","Bellozo, Valente"
777937,2025-05-13,R,LAD,ATH,"Knack, Landon","Springs, Jeffrey"
777940,2025-05-13,R,DET,BOS,"Holton, Tyler","Bello, Brayan"
777942,2025-05-13,R,ATL,WSH,"Schwellenbach, Spencer","Soroka, Michael"
777943,2025-05-13,R,NYM,PIT,"Senga, Kodai","Keller, Mitch"
777944,2025-05-13,R,CLE,MIL,"Allen, Logan","Priester, Quinn"
777945,2025-05-13,R,CIN,CWS,"Abbott, Andrew","Eisert, Brandon"
777914,2025-05-14,R,SD,LAA,"Vásquez, Randy","Hendricks, Kyle"
777915,2025-05-14,R,SEA,NYY,"Castillo, Luis","Warren, Will"
777916,2025-05-14,R,SF,AZ,"Hicks, Jordan","Rodriguez, Eduardo"
777917,2025-05-14,R,LAD,ATH,"Yamamoto, Yoshinobu","Hoglund, Gunnar"
777918,2025-05-14,R,TEX,COL,"Corbin, Patrick","Senzatela, Antonio"
777919,2025-05-14,R,NYM,PIT,"Holmes, Clay","Falter, Bailey"
777920,2025-05-14,R,HOU,KC,"Gordon, Colton","Lorenzen, Michael"
777921,2025-05-14,R,CHC,MIA,"Taillon, Jameson","Weathers, Ryan"
777922,2025-05-14,R,PHI,STL,"Luzardo, Jesús","Fedde, Erick"
777923,2025-05-14,R,TOR,TB,"Bassitt, Chris","Pepiot, Ryan"
777924,2025-05-14,R,BAL,MIN,"Kremer, Dean","Ober, Bailey"
777925,2025-05-14,R,CLE,MIL,"Williams, Gavin","Henderson, Logan"
777927,2025-05-14,R,DET,BOS,"Skubal, Tarik","Dobbins, Hunter"
777928,2025-05-14,R,CIN,CWS,"Lodolo, Nick","Martin, Davis"
777929,2025-05-14,R,ATL,WSH,"Elder, Bryce","Parker, Mitchell"
777933,2025-05-14,R,PHI,STL,"Nola, Aaron","Gray, Sonny"
777938,2025-05-14,R,BAL,MIN,"McDermott, Chayce","Woods Richardson, Simeon"
777909,2025-05-15,R,ATL,WSH,"Smith-Shawver, AJ","Williams, Trevor"
777910,2025-05-15,R,TEX,HOU,"deGrom, Jacob","Brown, Hunter"
777911,2025-05-15,R,BAL,MIN,"Sugano, Tomoyuki","Paddack, Chris"
777912,2025-05-15,R,CIN,CWS,"Martinez, Nick","Wilson, Bryse"
777913,2025-05-15,R,TOR,TB,"Gausman, Kevin","Littell, Zack"
777946,2025-05-15,R,LAD,ATH,"Sauer, Matt","Bido, Osvaldo"
777891,2025-05-16,R,SF,ATH,"Webb, Logan","Sears, JP"
777895,2025-05-16,R,TEX,HOU,"Eovaldi, Nathan","McCullers Jr., Lance"
777896,2025-05-16,R,SD,SEA,"Kolek, Stephen","Evans, Logan"
777897,2025-05-16,R,AZ,COL,"Burnes, Corbin","Palmquist, Carson"
777898,2025-05-16,R,MIL,MIN,"Patrick, Chad","Ryan, Joe"
777899,2025-05-16,R,LAD,LAA,"May, Dustin","Kochanowicz, Jack"
777900,2025-05-16,R,CHC,CWS,"Horton, Cade","Smith, Shane"
777901,2025-05-16,R,KC,STL,"Ragans, Cole","Pallante, Andre"
777902,2025-05-16,R,CIN,CLE,"Singer, Brady","Bibee, Tanner"
777903,2025-05-16,R,MIA,TB,"Meyer, Max","Bradley, Taj"
777904,2025-05-16,R,NYY,NYM,"Rodón, Carlos","Megill, Tylor"
777905,2025-05-16,R,PHI,PIT,"Suarez, Ranger","Heaney, Andrew"
777906,2025-05-16,R,TOR,DET,"Francis, Bowden","Flaherty, Jack"
777907,2025-05-16,R,BAL,WSH,"Povich, Cade","Gore, MacKenzie"
777908,2025-05-16,R,BOS,ATL,"Crochet, Garrett","Sale, Chris"
777875,2025-05-17,R,SD,SEA,"Pivetta, Nick","Hancock, Emerson"
777879,2025-05-17,R,SF,ATH,"Roupp, Landen","Severino, Luis"
777881,2025-05-17,R,CHC,CWS,"Boyd, Matthew","Burke, Sean"
777882,2025-05-17,R,TEX,HOU,"Mahle, Tyler","Blanco, Ronel"
777883,2025-05-17,R,MIL,MIN,"Myers, Tobias","López, Pablo"
777884,2025-05-17,R,LAD,LAA,"Kershaw, Clayton","Anderson, Tyler"
777885,2025-05-17,R,KC,STL,"Cameron, Noah","Mikolas, Miles"
777886,2025-05-17,R,TOR,DET,"Lauer, Eric","Olson, Reese"
777887,2025-05-17,R,AZ,COL,"Gallen, Zac","Márquez, Germán"
777888,2025-05-17,R,NYY,NYM,"Schmidt, Clarke","Canning, Griffin"
777889,2025-05-17,R,MIA,TB,"Alcantara, Sandy","Rasmussen, Drew"
777890,2025-05-17,R,BAL,WSH,"Gibson, Kyle","Irvin, Jake"
777892,2025-05-17,R,CIN,CLE,"Suter, Brent","Cecconi, Slade"
777893,2025-05-17,R,BOS,ATL,"Giolito, Lucas","Holmes, Grant"
777894,2025-05-17,R,PHI,PIT,"Wheeler, Zack","Mlodzinski, Carmen"
777864,2025-05-18,R,KC,STL,"Wacha, Michael","Liberatore, Matthew"
777865,2025-05-18,R,MIL,MIN,"Peralta, Freddy","Matthews, Zebby"
777866,2025-05-18,R,LAD,LAA,"Gonsolin, Tony","Kikuchi, Yusei"
777867,2025-05-18,R,SF,ATH,"Verlander, Justin","Springs, Jeffrey"
777868,2025-05-18,R,SD,SEA,"King, Michael","Woo, Bryan"
777869,2025-05-18,R,TEX,HOU,"Leiter, Jack","Valdez, Framber"
777870,2025-05-18,R,AZ,COL,"Kelly, Merrill","Dollander, Chase"
777871,2025-05-18,R,TOR,DET,"Berríos, José","Jobe, Jackson"
777872,2025-05-18,R,CHC,CWS,"Rea, Colin","Cannon, Jonathan"
777873,2025-05-18,R,BAL,WSH,"Eflin, Zach","Soroka, Michael"
777874,2025-05-18,R,CIN,CLE,"Abbott, Andrew","Ortiz, Luis"
777876,2025-05-18,R,BOS,ATL,"Bello, Brayan","Schwellenbach, Spencer"
777877,2025-05-18,R,MIA,TB,"Quantrill, Cal","Baz, Shane"
777878,2025-05-18,R,NYY,NYM,"Fried, Max","Peterson, David"
777880,2025-05-18,R,PHI,PIT,"Abel, Mick","Skenes, Paul"
777852,2025-05-19,R,COL,PHI,"Freeland, Kyle","Sánchez, Cristopher"
777853,2025-05-19,R,ATH,LAA,"Ginn, J.T.","Soriano, José"
777854,2025-05-19,R,LAD,AZ,"Dreyer, Jack","Pfaadt, Brandon"
777855,2025-05-19,R,SF,KC,"Ray, Robbie","Bubic, Kris"
777856,2025-05-19,R,BOS,NYM,"Dobbins, Hunter","Senga, Kodai"
777857,2025-05-19,R,CWS,SEA,"Martin, Davis","Castillo, Luis"
777858,2025-05-19,R,TB,HOU,"Pepiot, Ryan","Gordon, Colton"
777859,2025-05-19,R,PIT,CIN,"Keller, Mitch","Lodolo, Nick"
777860,2025-05-19,R,MIL,BAL,"Zastryzny, Rob","Kremer, Dean"
777861,2025-05-19,R,MIN,CLE,"Ober, Bailey","Allen, Logan"
777862,2025-05-19,R,STL,DET,"Gray, Sonny","Guenther, Sean"
777863,2025-05-19,R,MIA,CHC,"Cabrera, Edward","Brown, Ben"
777836,2025-05-20,R,SF,KC,"Birdsong, Hayden","Lorenzen, Michael"
777838,2025-05-20,R,LAD,AZ,"Yamamoto, Yoshinobu","Nelson, Ryne"
777840,2025-05-20,R,STL,DET,"Fedde, Erick","Skubal, Tarik"
777841,2025-05-20,R,WSH,ATL,"Parker, Mitchell","Strider, Spencer"
777842,2025-05-20,R,COL,PHI,"Senzatela, Antonio","Luzardo, Jesús"
777843,2025-05-20,R,ATH,LAA,"Hoglund, Gunnar","Hendricks, Kyle"
777844,2025-05-20,R,MIL,BAL,"Henderson, Logan","Akin, Keegan"
777845,2025-05-20,R,TOR,SD,"Bassitt, Chris","Cease, Dylan"
777846,2025-05-20,R,CWS,SEA,"Houser, Adrian","Legumina, Casey"
777847,2025-05-20,R,PIT,CIN,"Falter, Bailey","Martinez, Nick"
777848,2025-05-20,R,TB,HOU,"Littell, Zack","Walter, Brandon"
777849,2025-05-20,R,NYY,TEX,"Warren, Will","Corbin, Patrick"
777850,2025-05-20,R,MIA,CHC,"Weathers, Ryan","Taillon, Jameson"
777851,2025-05-20,R,BOS,NYM,"Buehler, Walker","Holmes, Clay"
777819,2025-05-21,R,SF,KC,"Webb, Logan","Lynch IV, Daniel"
777823,2025-05-21,R,COL,PHI,"Palmquist, Carson","Walker, Taijuan"
777824,2025-05-21,R,LAD,AZ,"May, Dustin","Burnes, Corbin"
777826,2025-05-21,R,MIL,BAL,"Patrick, Chad","Sugano, Tomoyuki"
777827,2025-05-21,R,STL,DET,"Pallante, Andre","Hurter, Brant"
777828,2025-05-21,R,ATH,LAA,"Sears, JP","Kochanowicz, Jack"
777829,2025-05-21,R,MIN,CLE,"Paddack, Chris","Williams, Gavin"
777830,2025-05-21,R,CWS,SEA,"Smith, Shane","Evans, Logan"
777831,2025-05-21,R,BOS,NYM,"Crochet, Garrett","Megill, Tylor"
777832,2025-05-21,R,TB,HOU,"Bradley, Taj","Brown, Hunter"
777833,2025-05-21,R,MIA,CHC,"Meyer, Max","Horton, Cade"
777834,2025-05-21,R,PIT,CIN,"Heaney, Andrew","Singer, Brady"
777835,2025-05-21,R,NYY,TEX,"Yarbrough, Ryan","deGrom, Jacob"
777837,2025-05-21,R,TOR,SD,"Gausman, Kevin","Vásquez, Randy"
777812,2025-05-22,R,ATH,LAA,"Severino, Luis","Anderson, Tyler"
777814,2025-05-22,R,PIT,MIL,"Burrows, Mike","Civale, Aaron"
777816,2025-05-22,R,TOR,SD,"Francis, Bowden","Kolek, Stephen"
777817,2025-05-22,R,COL,PHI,"Márquez, Germán","Suarez, Ranger"
777818,2025-05-22,R,NYY,TEX,"Rodón, Carlos","Eovaldi, Nathan"
777820,2025-05-22,R,WSH,ATL,"Williams, Trevor","Smith-Shawver, AJ"
777821,2025-05-22,R,DET,CLE,"Flaherty, Jack","Bibee, Tanner"
777822,2025-05-22,R,HOU,SEA,"McCullers Jr., Lance","Kirby, George"
777797,2025-05-23,R,STL,AZ,"Mikolas, Miles","Gallen, Zac"
777798,2025-05-23,R,LAA,MIA,"Kikuchi, Yusei","Alcantara, Sandy"
777799,2025-05-23,R,MIN,KC,"López, Pablo","Cameron, Noah"
777800,2025-05-23,R,HOU,SEA,"Gusto, Ryan","Hancock, Emerson"
777801,2025-05-23,R,WSH,SF,"Gore, MacKenzie","Roupp, Landen"
777802,2025-05-23,R,COL,NYY,"Gordon, Tanner","Schmidt, Clarke"
777804,2025-05-23,R,ATH,PHI,"Lopez, Jacob","Wheeler, Zack"
777805,2025-05-23,R,CWS,TEX,"Burke, Sean","Mahle, Tyler"
777806,2025-05-23,R,PIT,MIL,"Skenes, Paul","Peralta, Freddy"
777807,2025-05-23,R,DET,CLE,"Jobe, Jackson","Cecconi, Slade"
777808,2025-05-23,R,NYM,LAD,"Canning, Griffin","Kershaw, Clayton"
777810,2025-05-23,R,TB,TOR,"Rasmussen, Drew","Lauer, Eric"
777811,2025-05-23,R,CIN,CHC,"Greene, Hunter","Boyd, Matthew"
777813,2025-05-23,R,ATL,SD,"Sale, Chris","Pivetta, Nick"
777815,2025-05-23,R,BOS,BAL,"Bello, Brayan","Povich, Cade"
777781,2025-05-24,R,LAA,MIA,"Soriano, José","Quantrill, Cal"
777782,2025-05-24,R,COL,NYY,"Freeland, Kyle","Fried, Max"
777784,2025-05-24,R,ATH,PHI,"Springs, Jeffrey","Sánchez, Cristopher"
777786,2025-05-24,R,STL,AZ,"Liberatore, Matthew","Kelly, Merrill"
777787,2025-05-24,R,HOU,SEA,"Valdez, Framber","Woo, Bryan"
777788,2025-05-24,R,MIN,KC,"Matthews, Zebby","Wacha, Michael"
777789,2025-05-24,R,NYM,LAD,"Peterson, David","Gonsolin, Tony"
777790,2025-05-24,R,BOS,BAL,"Giolito, Lucas","Rogers, Trevor"
777791,2025-05-24,R,CIN,CHC,"Abbott, Andrew","Rea, Colin"
777792,2025-05-24,R,CWS,TEX,"Wilson, Bryse","Leiter, Jack"
777793,2025-05-24,R,WSH,SF,"Irvin, Jake","Harrison, Kyle"
777794,2025-05-24,R,PIT,MIL,"Keller, Mitch","Priester, Quinn"
777795,2025-05-24,R,TB,TOR,"Baz, Shane","Berríos, José"
777796,2025-05-24,R,DET,CLE,"Mize, Casey","Ortiz, Luis"
777803,2025-05-24,R,ATL,SD,"Holmes, Grant","Reynolds, Sean"
777809,2025-05-24,R,BOS,BAL,"Dobbins, Hunter","Eflin, Zach"
777765,2025-05-25,R,ATH,PHI,"Hoglund, Gunnar","Luzardo, Jesús"
777766,2025-05-25,R,STL,AZ,"Gray, Sonny","Pfaadt, Brandon"
777767,2025-05-25,R,LAA,MIA,"Hendricks, Kyle","Cabrera, Edward"
777768,2025-05-25,R,COL,NYY,"Senzatela, Antonio","Warren, Will"
777772,2025-05-25,R,MIN,KC,"Ober, Bailey","Bubic, Kris"
777773,2025-05-25,R,NYM,LAD,"Senga, Kodai","Knack, Landon"
777774,2025-05-25,R,HOU,SEA,"Gordon, Colton","Castillo, Luis"
777775,2025-05-25,R,TB,TOR,"Pepiot, Ryan","Bassitt, Chris"
777776,2025-05-25,R,PIT,MIL,"Falter, Bailey","Henderson, Logan"
777777,2025-05-25,R,CWS,TEX,"Martin, Davis","Corbin, Patrick"
777778,2025-05-25,R,WSH,SF,"Soroka, Michael","Ray, Robbie"
777779,2025-05-25,R,CIN,CHC,"Lodolo, Nick","Brown, Ben"
777780,2025-05-25,R,DET,CLE,"Skubal, Tarik","Allen, Logan"
777783,2025-05-25,R,ATL,SD,"Schwellenbach, Spencer","Cease, Dylan"
777785,2025-05-25,R,BOS,BAL,"Buehler, Walker","Kremer, Dean"
777756,2025-05-26,R,SD,MIA,"Vásquez, Randy","Weathers, Ryan"
777757,2025-05-26,R,CHC,COL,"Taillon, Jameson","Palmquist, Carson"
777758,2025-05-26,R,NYM,CWS,"Holmes, Clay","Houser, Adrian"
777759,2025-05-26,R,TEX,TOR,"deGrom, Jacob","Gausman, Kevin"
777760,2025-05-26,R,KC,CIN,"Lorenzen, Michael","Martinez, Nick"
777761,2025-05-26,R,AZ,PIT,"Nelson, Ryne","Heaney, Andrew"
777762,2025-05-26,R,TB,MIN,"Littell, Zack","Paddack, Chris"
777763,2025-05-26,R,LAA,NYY,"Kochanowicz, Jack","Yarbrough, Ryan"
777764,2025-05-26,R,MIL,BOS,"Patrick, Chad","Crochet, Garrett"
777769,2025-05-26,R,CLE,LAD,"Williams, Gavin","Yamamoto, Yoshinobu"
777770,2025-05-26,R,DET,SF,"Montero, Keider","Birdsong, Hayden"
777771,2025-05-26,R,BAL,STL,"Morton, Charlie","Fedde, Erick"
777741,2025-05-27,R,TEX,TOR,"Eovaldi, Nathan","Francis, Bowden"
777742,2025-05-27,R,SD,MIA,"Kolek, Stephen","Meyer, Max"
777743,2025-05-27,R,SEA,WSH,"Evans, Logan","Parker, Mitchell"
777744,2025-05-27,R,AZ,PIT,"Burnes, Corbin","Burrows, Mike"
777745,2025-05-27,R,LAA,NYY,"Anderson, Tyler","Rodón, Carlos"
777746,2025-05-27,R,TB,MIN,"Bradley, Taj","Ryan, Joe"
777747,2025-05-27,R,MIL,BOS,"Civale, Aaron","Fitts, Richard"
777748,2025-05-27,R,PHI,ATL,"Suarez, Ranger","Strider, Spencer"
777749,2025-05-27,R,NYM,CWS,"Megill, Tylor","Cannon, Jonathan"
777750,2025-05-27,R,KC,CIN,"Lynch IV, Daniel","Singer, Brady"
777751,2025-05-27,R,CHC,COL,"Horton, Cade","Márquez, Germán"
777752,2025-05-27,R,HOU,ATH,"Brown, Hunter","Sears, JP"
777753,2025-05-27,R,CLE,LAD,"Bibee, Tanner","May, Dustin"
777754,2025-05-27,R,BAL,STL,"Sugano, Tomoyuki","Pallante, Andre"
777755,2025-05-27,R,DET,SF,"Flaherty, Jack","Webb, Logan"
777724,2025-05-28,R,TEX,TOR,"Mahle, Tyler","Schultz, Paxton"
777726,2025-05-28,R,SD,MIA,"Hart, Kyle","Alcantara, Sandy"
777728,2025-05-28,R,LAA,NYY,"Kikuchi, Yusei","Schmidt, Clarke"
777729,2025-05-28,R,AZ,PIT,"Gallen, Zac","Skenes, Paul"
777730,2025-05-28,R,SEA,WSH,"Kirby, George","Williams, Trevor"
777731,2025-05-28,R,CHC,COL,"Boyd, Matthew","Gordon, Tanner"
777732,2025-05-28,R,TB,MIN,"Rasmussen, Drew","López, Pablo"
777733,2025-05-28,R,KC,CIN,"Cameron, Noah","Greene, Hunter"
777734,2025-05-28,R,HOU,ATH,"McCullers Jr., Lance","Severino, Luis"
777736,2025-05-28,R,MIL,BOS,"Peralta, Freddy","Bello, Brayan"
777737,2025-05-28,R,NYM,CWS,"Canning, Griffin","Smith, Shane"
777738,2025-05-28,R,DET,SF,"Jobe, Jackson","Roupp, Landen"
777739,2025-05-28,R,CLE,LAD,"Allard, Kolby","Kershaw, Clayton"
777740,2025-05-28,R,BAL,STL,"Povich, Cade","Mikolas, Miles"
777722,2025-05-29,R,SEA,WSH,"Hancock, Emerson","Gore, MacKenzie"
777723,2025-05-29,R,PHI,ATL,"Wheeler, Zack","Sale, Chris"
777725,2025-05-29,R,HOU,TB,"Gusto, Ryan","Baz, Shane"
777727,2025-05-29,R,TOR,ATH,"Berríos, José","Lopez, Jacob"
777735,2025-05-29,R,PHI,ATL,"Sánchez, Cristopher","Smith-Shawver, AJ"
777707,2025-05-30,R,SD,PIT,"Pivetta, Nick","Keller, Mitch"
777708,2025-05-30,R,LAD,NYY,"Gonsolin, Tony","Fried, Max"
777709,2025-05-30,R,TEX,STL,"Leiter, Jack","Liberatore, Matthew"
777710,2025-05-30,R,AZ,WSH,"Kelly, Merrill","Irvin, Jake"
777711,2025-05-30,R,KC,DET,"Lugo, Seth","Mize, Casey"
777712,2025-05-30,R,CHC,CIN,"Rea, Colin","Abbott, Andrew"
777713,2025-05-30,R,SEA,MIN,"Woo, Bryan","Matthews, Zebby"
777714,2025-05-30,R,HOU,TB,"Valdez, Framber","Pepiot, Ryan"
777715,2025-05-30,R,PHI,MIL,"Walker, Taijuan","Hall, DL"
777716,2025-05-30,R,TOR,ATH,"Bassitt, Chris","Springs, Jeffrey"
777717,2025-05-30,R,MIA,SF,"Quantrill, Cal","Harrison, Kyle"
777718,2025-05-30,R,NYM,COL,"Peterson, David","Freeland, Kyle"
777719,2025-05-30,R,ATL,BOS,"Holmes, Grant","Giolito, Lucas"
777720,2025-05-30,R,BAL,CWS,"Eflin, Zach","Shuster, Jared"
777721,2025-05-30,R,CLE,LAA,"Ortiz, Luis","Soriano, José"
777691,2025-05-31,R,SD,PIT,"Cease, Dylan","Falter, Bailey"
777693,2025-05-31,R,HOU,TB,"Gordon, Colton","Littell, Zack"
777694,2025-05-31,R,KC,DET,"Wacha, Michael","Skubal, Tarik"
777695,2025-05-31,R,SEA,MIN,"Miller, Bryce","Ober, Bailey"
777696,2025-05-31,R,AZ,WSH,"Pfaadt, Brandon","Soroka, Michael"
777697,2025-05-31,R,TEX,STL,"Corbin, Patrick","Gray, Sonny"
777698,2025-05-31,R,LAD,NYY,"Knack, Landon","Warren, Will"
777699,2025-05-31,R,BAL,CWS,"Kremer, Dean","Martin, Davis"
777700,2025-05-31,R,NYM,COL,"Senga, Kodai","Senzatela, Antonio"
777701,2025-05-31,R,TOR,ATH,"Fisher, Braydon","Hoglund, Gunnar"
777702,2025-05-31,R,PHI,MIL,"Luzardo, Jesús","Patrick, Chad"
777703,2025-05-31,R,CLE,LAA,"Cecconi, Slade","Hendricks, Kyle"
777704,2025-05-31,R,CHC,CIN,"Pomeranz, Drew","Lodolo, Nick"
777705,2025-05-31,R,MIA,SF,"Cabrera, Edward","Ray, Robbie"
777706,2025-05-31,R,ATL,BOS,"Schwellenbach, Spencer","Buehler, Walker"
777677,2025-06-01,R,KC,DET,"Bubic, Kris","Montero, Keider"
777678,2025-06-01,R,TEX,STL,"deGrom, Jacob","Fedde, Erick"
777679,2025-06-01,R,AZ,WSH,"Burnes, Corbin","Parker, Mitchell"
777680,2025-06-01,R,SEA,MIN,"Castillo, Luis","Paddack, Chris"
777681,2025-06-01,R,SD,PIT,"Vásquez, Randy","Heaney, Andrew"
777682,2025-06-01,R,LAD,NYY,"Yamamoto, Yoshinobu","Yarbrough, Ryan"
777683,2025-06-01,R,CLE,LAA,"Williams, Gavin","Kochanowicz, Jack"
777684,2025-06-01,R,BAL,CWS,"Morton, Charlie","Houser, Adrian"
777685,2025-06-01,R,TOR,ATH,"Gausman, Kevin","Sears, JP"
777686,2025-06-01,R,NYM,COL,"Holmes, Clay","Palmquist, Carson"
777687,2025-06-01,R,CHC,CIN,"Taillon, Jameson","Martinez, Nick"
777688,2025-06-01,R,PHI,MIL,"Suarez, Ranger","Quintana, Jose"
777689,2025-06-01,R,MIA,SF,"Weathers, Ryan","Birdsong, Hayden"
777690,2025-06-01,R,HOU,TB,"Brown, Hunter","Bradley, Taj"
777692,2025-06-01,R,ATL,BOS,"Elder, Bryce","Crochet, Garrett"
777669,2025-06-02,R,ATH,MIN,"Severino, Luis","Ryan, Joe"
777670,2025-06-02,R,BOS,LAA,"Fitts, Richard","Anderson, Tyler"
777671,2025-06-02,R,CIN,MIL,"Singer, Brady","Civale, Aaron"
777673,2025-06-02,R,MIA,COL,"Meyer, Max","Márquez, Germán"
777674,2025-06-02,R,CWS,DET,"Cannon, Jonathan","Flaherty, Jack"
777675,2025-06-02,R,LAD,NYM,"May, Dustin","Blackburn, Paul"
777676,2025-06-02,R,SF,SD,"Webb, Logan","Kolek, Stephen"
777655,2025-06-03,R,SEA,BAL,"Kirby, George","Sugano, Tomoyuki"
777656,2025-06-03,R,SF,SD,"Roupp, Landen","Bergert, Ryan"
777657,2025-06-03,R,LAD,NYM,"Kershaw, Clayton","Megill, Tylor"
777658,2025-06-03,R,ATH,MIN,"Holman, Grant","López, Pablo"
777659,2025-06-03,R,WSH,CHC,"Williams, Trevor","Horton, Cade"
777660,2025-06-03,R,STL,KC,"Pallante, Andre","Lorenzen, Michael"
777661,2025-06-03,R,CWS,DET,"Smith, Shane","Brieske, Beau"
777662,2025-06-03,R,TB,TEX,"Rasmussen, Drew","Mahle, Tyler"
777663,2025-06-03,R,PIT,HOU,"Skenes, Paul","McCullers Jr., Lance"
777664,2025-06-03,R,NYY,CLE,"Rodón, Carlos","Bibee, Tanner"
777665,2025-06-03,R,TOR,PHI,"Francis, Bowden","Sánchez, Cristopher"
777666,2025-06-03,R,MIA,COL,"Alcantara, Sandy","Dollander, Chase"
777667,2025-06-03,R,BOS,LAA,"Bello, Brayan","Kikuchi, Yusei"
777668,2025-06-03,R,CIN,MIL,"Greene, Hunter","Peralta, Freddy"
777672,2025-06-03,R,ATL,AZ,"Strider, Spencer","Gallen, Zac"
777638,2025-06-04,R,LAD,NYM,"Gonsolin, Tony","Canning, Griffin"
777639,2025-06-04,R,CWS,DET,"Shuster, Jared","Gipson-Long, Sawyer"
777641,2025-06-04,R,SF,SD,"Harrison, Kyle","Pivetta, Nick"
777643,2025-06-04,R,ATH,MIN,"Sterner, Justin","Matthews, Zebby"
777645,2025-06-04,R,SEA,BAL,"Hancock, Emerson","Povich, Cade"
777646,2025-06-04,R,TB,TEX,"Baz, Shane","Rocker, Kumar"
777647,2025-06-04,R,CIN,MIL,"Abbott, Andrew","Hall, DL"
777648,2025-06-04,R,PIT,HOU,"Burrows, Mike","Gusto, Ryan"
777649,2025-06-04,R,BOS,LAA,"Giolito, Lucas","Soriano, José"
777650,2025-06-04,R,WSH,CHC,"Gore, MacKenzie","Boyd, Matthew"
777651,2025-06-04,R,TOR,PHI,"Berríos, José","Abel, Mick"
777652,2025-06-04,R,MIA,COL,"Quantrill, Cal","Freeland, Kyle"
777653,2025-06-04,R,NYY,CLE,"Schmidt, Clarke","Ortiz, Luis"
777654,2025-06-04,R,ATL,AZ,"Sale, Chris","Kelly, Merrill"
777628,2025-06-05,R,SEA,BAL,"Woo, Bryan","Eflin, Zach"
777629,2025-06-05,R,TB,TEX,"Pepiot, Ryan","Leiter, Jack"
777630,2025-06-05,R,PIT,HOU,"Keller, Mitch","Valdez, Framber"
777631,2025-06-05,R,LAD,NYM,"Knack, Landon","Peterson, David"
777632,2025-06-05,R,WSH,CHC,"Irvin, Jake","Pomeranz, Drew"
777633,2025-06-05,R,SF,SD,"Ray, Robbie","Cease, Dylan"
777634,2025-06-05,R,CWS,DET,"Burke, Sean","Mize, Casey"
777635,2025-06-05,R,STL,KC,"Liberatore, Matthew","Ragans, Cole"
777636,2025-06-05,R,ATH,MIN,"Spence, Mitch","Festa, David"
777637,2025-06-05,R,TOR,PHI,"Bassitt, Chris","Luzardo, Jesús"
777640,2025-06-05,R,ATL,AZ,"Holmes, Grant","Pfaadt, Brandon"
777642,2025-06-05,R,STL,KC,"Mikolas, Miles","Cameron, Noah"
777644,2025-06-05,R,NYY,CLE,"Fried, Max","Cecconi, Slade"
777613,2025-06-06,R,ATH,BAL,"Sears, JP","Kremer, Dean"
777614,2025-06-06,R,LAA,SEA,"Hendricks, Kyle","Miller, Bryce"
777615,2025-06-06,R,MIN,TOR,"Ober, Bailey","Schultz, Paxton"
777616,2025-06-06,R,COL,NYM,"Rolison, Ryan","Senga, Kodai"
777617,2025-06-06,R,MIL,SD,"Patrick, Chad","Vásquez, Randy"
777618,2025-06-06,R,CWS,KC,"Martin, Davis","Lugo, Seth"
777619,2025-06-06,R,SF,ATL,"Birdsong, Hayden","Schwellenbach, Spencer"
777620,2025-06-06,R,STL,LAD,"Gray, Sonny","Wrobleski, Justin"
777621,2025-06-06,R,PIT,PHI,"Falter, Bailey","Ross, Joe"
777622,2025-06-06,R,CLE,HOU,"Allen, Logan","Gordon, Colton"
777623,2025-06-06,R,CIN,AZ,"Lodolo, Nick","Rodriguez, Eduardo"
777624,2025-06-06,R,WSH,TEX,"Soroka, Michael","Corbin, Patrick"
777625,2025-06-06,R,TB,MIA,"Littell, Zack","Cabrera, Edward"
777626,2025-06-06,R,DET,CHC,"Skubal, Tarik","Brown, Ben"
777627,2025-06-06,R,NYY,BOS,"Warren, Will","Buehler, Walker"
777597,2025-06-07,R,MIL,SD,"Quintana, Jose","Kolek, Stephen"
777598,2025-06-07,R,SF,ATL,"Webb, Logan","Elder, Bryce"
777599,2025-06-07,R,ATH,BAL,"Severino, Luis","Morton, Charlie"
777600,2025-06-07,R,MIN,TOR,"Paddack, Chris","Gausman, Kevin"
777601,2025-06-07,R,STL,LAD,"Fedde, Erick","Yamamoto, Yoshinobu"
777603,2025-06-07,R,LAA,SEA,"Kochanowicz, Jack","Castillo, Luis"
777604,2025-06-07,R,COL,NYM,"Márquez, Germán","Holmes, Clay"
777605,2025-06-07,R,NYY,BOS,"Yarbrough, Ryan","Crochet, Garrett"
777606,2025-06-07,R,CWS,KC,"Houser, Adrian","Wacha, Michael"
777607,2025-06-07,R,PIT,PHI,"Heaney, Andrew","Suarez, Ranger"
777608,2025-06-07,R,CLE,HOU,"Williams, Gavin","Brown, Hunter"
777609,2025-06-07,R,DET,CHC,"Holton, Tyler","Taillon, Jameson"
777610,2025-06-07,R,WSH,TEX,"Parker, Mitchell","deGrom, Jacob"
777611,2025-06-07,R,TB,MIA,"Bradley, Taj","Weathers, Ryan"
777612,2025-06-07,R,CIN,AZ,"Martinez, Nick","Nelson, Ryne"
777582,2025-06-08,R,STL,LAD,"McGreevy, Michael","Kershaw, Clayton"
777583,2025-06-08,R,COL,NYM,"Dollander, Chase","Megill, Tylor"
777585,2025-06-08,R,MIN,TOR,"Ryan, Joe","Francis, Bowden"
777586,2025-06-08,R,MIL,SD,"Peralta, Freddy","Bergert, Ryan"
777587,2025-06-08,R,SF,ATL,"Roupp, Landen","Strider, Spencer"
777588,2025-06-08,R,ATH,BAL,"Lopez, Jacob","Sugano, Tomoyuki"
777589,2025-06-08,R,LAA,SEA,"Anderson, Tyler","Kirby, George"
777590,2025-06-08,R,CWS,KC,"Vasil, Mike","Lorenzen, Michael"
777591,2025-06-08,R,CLE,HOU,"Bibee, Tanner","Walter, Brandon"
777592,2025-06-08,R,TB,MIA,"Rasmussen, Drew","Veneziano, Anthony"
777593,2025-06-08,R,NYY,BOS,"Rodón, Carlos","Dobbins, Hunter"
777594,2025-06-08,R,DET,CHC,"Flaherty, Jack","Horton, Cade"
777595,2025-06-08,R,PIT,PHI,"Skenes, Paul","Sánchez, Cristopher"
777596,2025-06-08,R,WSH,TEX,"Williams, Trevor","Latz, Jacob"
777602,2025-06-08,R,CIN,AZ,"Singer, Brady","Gallen, Zac"
777574,2025-06-09,R,PIT,MIA,"Burrows, Mike","Pérez, Eury"
777575,2025-06-09,R,MIL,ATL,"Civale, Aaron","Sale, Chris"
777576,2025-06-09,R,LAA,ATH,"Kikuchi, Yusei","Holman, Grant"
777577,2025-06-09,R,AZ,SEA,"Kelly, Merrill","Hancock, Emerson"
777578,2025-06-09,R,PHI,CHC,"Wheeler, Zack","Boyd, Matthew"
777579,2025-06-09,R,SD,LAD,"Pivetta, Nick","May, Dustin"
777580,2025-06-09,R,CLE,CIN,"Ortiz, Luis","Miley, Wade"
777581,2025-06-09,R,STL,TOR,"Pallante, Andre","Berríos, José"
777584,2025-06-09,R,BOS,TB,"Bello, Brayan","Baz, Shane"
777557,2025-06-10,R,MIN,TEX,"Woods Richardson, Simeon","Mahle, Tyler"
777558,2025-06-10,R,STL,TOR,"Mikolas, Miles","Bassitt, Chris"
777559,2025-06-10,R,AZ,SEA,"Pfaadt, Brandon","Evans, Logan"
777560,2025-06-10,R,SD,LAD,"Cease, Dylan","Trivino III, Lou"
777563,2025-06-10,R,COL,SF,"Palmquist, Carson","Harrison, Kyle"
777564,2025-06-10,R,LAA,ATH,"Soriano, José","Spence, Mitch"
777565,2025-06-10,R,BOS,TB,"Giolito, Lucas","Pepiot, Ryan"
777566,2025-06-10,R,PIT,MIA,"Keller, Mitch","Alcantara, Sandy"
777567,2025-06-10,R,HOU,CWS,"McCullers Jr., Lance","Smith, Shane"
777568,2025-06-10,R,MIL,ATL,"Priester, Quinn","Holmes, Grant"
777569,2025-06-10,R,CLE,CIN,"Cecconi, Slade","Abbott, Andrew"
777570,2025-06-10,R,NYM,WSH,"Canning, Griffin","Gore, MacKenzie"
777571,2025-06-10,R,PHI,CHC,"Abel, Mick","Rea, Colin"
777572,2025-06-10,R,KC,NYY,"Cameron, Noah","Fried, Max"
777573,2025-06-10,R,BAL,DET,"Povich, Cade","Hurter, Brant"
777542,2025-06-11,R,LAA,ATH,"Hendricks, Kyle","Sears, JP"
777543,2025-06-11,R,SD,LAD,"Vásquez, Randy","Casparius, Ben"
777545,2025-06-11,R,STL,TOR,"Liberatore, Matthew","Lauer, Eric"
777547,2025-06-11,R,COL,SF,"Freeland, Kyle","Ray, Robbie"
777548,2025-06-11,R,AZ,SEA,"Rodriguez, Eduardo","Woo, Bryan"
777549,2025-06-11,R,CLE,CIN,"Allen, Logan","Lodolo, Nick"
777550,2025-06-11,R,HOU,CWS,"Gusto, Ryan","Burke, Sean"
777551,2025-06-11,R,KC,NYY,"Bubic, Kris","Schmidt, Clarke"
777552,2025-06-11,R,PIT,MIA,"Falter, Bailey","Quantrill, Cal"
777553,2025-06-11,R,PHI,CHC,"Luzardo, Jesús","Brown, Ben"
777554,2025-06-11,R,MIL,ATL,"Patrick, Chad","Schwellenbach, Spencer"
777555,2025-06-11,R,NYM,WSH,"Peterson, David","Irvin, Jake"
777556,2025-06-11,R,MIN,TEX,"Festa, David","Leiter, Jack"
777561,2025-06-11,R,BOS,TB,"Buehler, Walker","Littell, Zack"
777562,2025-06-11,R,BAL,DET,"Eflin, Zach","Mize, Casey"
777532,2025-06-12,R,MIL,STL,"Misiorowski, Jacob","Gray, Sonny"
777533,2025-06-12,R,MIN,TEX,"Ober, Bailey","Corbin, Patrick"
777534,2025-06-12,R,COL,SF,"Senzatela, Antonio","Birdsong, Hayden"
777536,2025-06-12,R,KC,NYY,"Lugo, Seth","Warren, Will"
777540,2025-06-12,R,BAL,DET,"Akin, Keegan","Skubal, Tarik"
777541,2025-06-12,R,CHC,PIT,"Taillon, Jameson","Heaney, Andrew"
777544,2025-06-12,R,NYM,WSH,"Senga, Kodai","Soroka, Michael"
777546,2025-06-12,R,HOU,CWS,"Valdez, Framber","Martin, Davis"
777520,2025-06-13,R,SEA,CLE,"Castillo, Luis","Williams, Gavin"
777521,2025-06-13,R,AZ,SD,"Nelson, Ryne","Kolek, Stephen"
777522,2025-06-13,R,LAD,SF,"Yamamoto, Yoshinobu","Webb, Logan"
777524,2025-06-13,R,TEX,CWS,"Armstrong, Shawn","Houser, Adrian"
777525,2025-06-13,R,MIL,STL,"Peralta, Freddy","Fedde, Erick"
777526,2025-06-13,R,CHC,PIT,"Horton, Cade","Skenes, Paul"
777527,2025-06-13,R,HOU,MIN,"Gordon, Colton","Paddack, Chris"
777528,2025-06-13,R,NYM,TB,"Holmes, Clay","Bradley, Taj"
777529,2025-06-13,R,KC,ATH,"Wacha, Michael","Severino, Luis"
777530,2025-06-13,R,WSH,MIA,"Parker, Mitchell","Cabrera, Edward"
777531,2025-06-13,R,PHI,TOR,"Suarez, Ranger","Gausman, Kevin"
777535,2025-06-13,R,ATL,COL,"Elder, Bryce","Márquez, Germán"
777537,2025-06-13,R,BOS,NYY,"Crochet, Garrett","Yarbrough, Ryan"
777538,2025-06-13,R,DET,CIN,"Hurter, Brant","Martinez, Nick"
777539,2025-06-13,R,BAL,LAA,"Morton, Charlie","Kochanowicz, Jack"
777506,2025-06-14,R,LAD,SF,"Kershaw, Clayton","Roupp, Landen"
777507,2025-06-14,R,SEA,CLE,"Kirby, George","Bibee, Tanner"
777508,2025-06-14,R,TEX,CWS,"deGrom, Jacob","Vasil, Mike"
777509,2025-06-14,R,PHI,TOR,"Sánchez, Cristopher","Francis, Bowden"
777510,2025-06-14,R,HOU,MIN,"Brown, Hunter","Ryan, Joe"
777511,2025-06-14,R,KC,ATH,"Lorenzen, Michael","Lopez, Jacob"
777512,2025-06-14,R,MIL,STL,"Quintana, Jose","Pallante, Andre"
777513,2025-06-14,R,CHC,PIT,"Boyd, Matthew","Burrows, Mike"
777514,2025-06-14,R,WSH,MIA,"Williams, Trevor","Gibson, Cade"
777515,2025-06-14,R,AZ,SD,"Gallen, Zac","Bergert, Ryan"
777516,2025-06-14,R,BOS,NYY,"Dobbins, Hunter","Rodón, Carlos"
777517,2025-06-14,R,DET,CIN,"Flaherty, Jack","Singer, Brady"
777518,2025-06-14,R,NYM,TB,"Megill, Tylor","Rasmussen, Drew"
777519,2025-06-14,R,BAL,LAA,"Sugano, Tomoyuki","Anderson, Tyler"
777523,2025-06-14,R,ATL,COL,"Strider, Spencer","Dollander, Chase"
777491,2025-06-15,R,AZ,SD,"Kelly, Merrill","Pivetta, Nick"
777492,2025-06-15,R,MIL,STL,"Priester, Quinn","Mikolas, Miles"
777493,2025-06-15,R,TEX,CWS,"Rocker, Kumar","Civale, Aaron"
777494,2025-06-15,R,HOU,MIN,"Walter, Brandon","Woods Richardson, Simeon"
777495,2025-06-15,R,SEA,CLE,"Hancock, Emerson","Ortiz, Luis"
777496,2025-06-15,R,KC,ATH,"Cameron, Noah","Springs, Jeffrey"
777497,2025-06-15,R,CHC,PIT,"Rea, Colin","Keller, Mitch"
777498,2025-06-15,R,LAD,SF,"May, Dustin","Hjelle, Sean"
777499,2025-06-15,R,PHI,TOR,"Wheeler, Zack","Berríos, José"
777500,2025-06-15,R,BOS,NYY,"Bello, Brayan","Fried, Max"
777501,2025-06-15,R,BAL,LAA,"Blewett, Scott","Kikuchi, Yusei"
777502,2025-06-15,R,NYM,TB,"Canning, Griffin","Baz, Shane"
777503,2025-06-15,R,WSH,MIA,"Gore, MacKenzie","Pérez, Eury"
777504,2025-06-15,R,ATL,COL,"Holmes, Grant","Gomber, Austin"
777505,2025-06-15,R,DET,CIN,"Holton, Tyler","Miley, Wade"
777483,2025-06-16,R,MIA,PHI,"Alcantara, Sandy","Abel, Mick"
777484,2025-06-16,R,TB,BAL,"Pepiot, Ryan","Eflin, Zach"
777485,2025-06-16,R,ATH,HOU,"Spence, Mitch","Gusto, Ryan"
777486,2025-06-16,R,SEA,BOS,"Gilbert, Logan","Giolito, Lucas"
777487,2025-06-16,R,NYY,LAA,"Schmidt, Clarke","Soriano, José"
777488,2025-06-16,R,WSH,COL,"Irvin, Jake","Palmquist, Carson"
777490,2025-06-16,R,LAD,SD,"Ohtani, Shohei","Cease, Dylan"
777467,2025-06-17,R,CWS,STL,"Smith, Shane","Liberatore, Matthew"
777468,2025-06-17,R,TEX,KC,"Leiter, Jack","Lugo, Seth"
777469,2025-06-17,R,ATH,HOU,"Sears, JP","Alexander, Jason"
777471,2025-06-17,R,LAD,SD,"Dreyer, Jack","Vásquez, Randy"
777472,2025-06-17,R,SF,CLE,"Ray, Robbie","Cecconi, Slade"
777473,2025-06-17,R,SEA,BOS,"Woo, Bryan","Buehler, Walker"
777475,2025-06-17,R,DET,PIT,"Mize, Casey","Falter, Bailey"
777476,2025-06-17,R,NYY,LAA,"Warren, Will","Hendricks, Kyle"
777477,2025-06-17,R,TB,BAL,"Littell, Zack","Kremer, Dean"
777478,2025-06-17,R,CIN,MIN,"Abbott, Andrew","Festa, David"
777479,2025-06-17,R,TOR,AZ,"Bassitt, Chris","Pfaadt, Brandon"
777480,2025-06-17,R,WSH,COL,"Soroka, Michael","Senzatela, Antonio"
777481,2025-06-17,R,MIA,PHI,"Quantrill, Cal","Luzardo, Jesús"
777482,2025-06-17,R,CHC,MIL,"Brown, Ben","Patrick, Chad"
777489,2025-06-17,R,ATL,NYM,"Schwellenbach, Spencer","Peterson, David"
777453,2025-06-18,R,SEA,BOS,"Castillo, Luis","Crochet, Garrett"
777454,2025-06-18,R,SF,CLE,"Verlander, Justin","Allen, Logan"
777456,2025-06-18,R,ATH,HOU,"Severino, Luis","Valdez, Framber"
777457,2025-06-18,R,LAD,SD,"Sheehan, Emmet","Kolek, Stephen"
777460,2025-06-18,R,TEX,KC,"Corbin, Patrick","Bubic, Kris"
777461,2025-06-18,R,WSH,COL,"Parker, Mitchell","Márquez, Germán"
777462,2025-06-18,R,TOR,AZ,"Lauer, Eric","Rodriguez, Eduardo"
777463,2025-06-18,R,TB,BAL,"Bradley, Taj","Rogers, Trevor"
777465,2025-06-18,R,MIA,PHI,"Mazur, Adam","Suarez, Ranger"
777466,2025-06-18,R,NYY,LAA,"Yarbrough, Ryan","Kochanowicz, Jack"
777470,2025-06-18,R,ATL,NYM,"Sale, Chris","Blackburn, Paul"
777474,2025-06-18,R,CIN,MIN,"Lodolo, Nick","Ober, Bailey"
777440,2025-06-19,R,SF,CLE,"Webb, Logan","Williams, Gavin"
777441,2025-06-19,R,ATH,HOU,"Lopez, Jacob","Gordon, Colton"
777442,2025-06-19,R,LAD,SD,"Yamamoto, Yoshinobu","Bergert, Ryan"
777443,2025-06-19,R,TEX,KC,"Armstrong, Shawn","Wacha, Michael"
777444,2025-06-19,R,MIA,PHI,"Cabrera, Edward","Sánchez, Cristopher"
777445,2025-06-19,R,WSH,COL,"Williams, Trevor","Dollander, Chase"
777446,2025-06-19,R,TB,BAL,"Rasmussen, Drew","Morton, Charlie"
777447,2025-06-19,R,CWS,STL,"Burke, Sean","Fedde, Erick"
777448,2025-06-19,R,TOR,AZ,"Gausman, Kevin","Nelson, Ryne"
777449,2025-06-19,R,NYY,LAA,"Rodón, Carlos","Anderson, Tyler"
777450,2025-06-19,R,CHC,MIL,"Taillon, Jameson","Peralta, Freddy"
777451,2025-06-19,R,DET,PIT,"Skubal, Tarik","Heaney, Andrew"
777452,2025-06-19,R,CIN,MIN,"Martinez, Nick","Paddack, Chris"
777455,2025-06-19,R,ATL,NYM,"Strider, Spencer","Holmes, Clay"
777458,2025-06-19,R,CWS,STL,"Vasil, Mike","McGreevy, Michael"
777464,2025-06-19,R,DET,PIT,"Holton, Tyler","Skenes, Paul"
777425,2025-06-20,R,SF,BOS,"Birdsong, Hayden","Dobbins, Hunter"
777426,2025-06-20,R,SD,KC,"Pivetta, Nick","Lorenzen, Michael"
777427,2025-06-20,R,LAD,WSH,"Kershaw, Clayton","Gore, MacKenzie"
777428,2025-06-20,R,LAA,HOU,"Kikuchi, Yusei","Brown, Hunter"
777429,2025-06-20,R,ATH,CLE,"Springs, Jeffrey","Bibee, Tanner"
777430,2025-06-20,R,COL,AZ,"Gomber, Austin","Gallen, Zac"
777431,2025-06-20,R,TB,DET,"Baz, Shane","Flaherty, Jack"
777432,2025-06-20,R,PIT,TEX,"Burrows, Mike","deGrom, Jacob"
777433,2025-06-20,R,STL,CIN,"Pallante, Andre","Singer, Brady"
777434,2025-06-20,R,MIN,MIL,"Ryan, Joe","Misiorowski, Jacob"
777435,2025-06-20,R,TOR,CWS,"Turnbull, Spencer","Taylor, Grant"
777436,2025-06-20,R,CHC,SEA,"Boyd, Matthew","Kirby, George"
777437,2025-06-20,R,PHI,NYM,"Wheeler, Zack","Tidwell, Blade"
777438,2025-06-20,R,NYY,BAL,"Fried, Max","Sugano, Tomoyuki"
777439,2025-06-20,R,MIA,ATL,"Junk, Janson","Fuentes, Didier"
777410,2025-06-21,R,COL,AZ,"Palmquist, Carson","Kelly, Merrill"
777411,2025-06-21,R,ATH,CLE,"Spence, Mitch","Ortiz, Luis"
777412,2025-06-21,R,MIN,MIL,"Woods Richardson, Simeon","Quintana, Jose"
777413,2025-06-21,R,SD,KC,"Cease, Dylan","Cameron, Noah"
777414,2025-06-21,R,LAA,HOU,"Soriano, José","Walter, Brandon"
777415,2025-06-21,R,STL,CIN,"Gray, Sonny","Suter, Brent"
777416,2025-06-21,R,LAD,WSH,"May, Dustin","Irvin, Jake"
777417,2025-06-21,R,SF,BOS,"Roupp, Landen","Bello, Brayan"
777418,2025-06-21,R,TOR,CWS,"Berríos, José","Civale, Aaron"
777419,2025-06-21,R,CHC,SEA,"Horton, Cade","Hancock, Emerson"
777420,2025-06-21,R,TB,DET,"Pepiot, Ryan","Hurter, Brant"
777421,2025-06-21,R,PIT,TEX,"Keller, Mitch","Rocker, Kumar"
777422,2025-06-21,R,NYY,BAL,"Schmidt, Clarke","Eflin, Zach"
777423,2025-06-21,R,PHI,NYM,"Abel, Mick","Canning, Griffin"
777424,2025-06-21,R,MIA,ATL,"Pérez, Eury","Holmes, Grant"
777395,2025-06-22,R,SF,BOS,"Ray, Robbie","Giolito, Lucas"
777396,2025-06-22,R,SD,KC,"Vásquez, Randy","Lugo, Seth"
777397,2025-06-22,R,LAA,HOU,"Hendricks, Kyle","Gusto, Ryan"
777398,2025-06-22,R,LAD,WSH,"Ohtani, Shohei","Soroka, Michael"
777399,2025-06-22,R,COL,AZ,"Senzatela, Antonio","Pfaadt, Brandon"
777400,2025-06-22,R,ATH,CLE,"Sears, JP","Cecconi, Slade"
777401,2025-06-22,R,MIN,MIL,"Coulombe, Danny","Priester, Quinn"
777402,2025-06-22,R,MIA,ATL,"Alcantara, Sandy","Elder, Bryce"
777403,2025-06-22,R,CHC,SEA,"Rea, Colin","Gilbert, Logan"
777404,2025-06-22,R,PIT,TEX,"Falter, Bailey","Leiter, Jack"
777405,2025-06-22,R,PHI,NYM,"Luzardo, Jesús","Peterson, David"
777406,2025-06-22,R,NYY,BAL,"Warren, Will","Kremer, Dean"
777407,2025-06-22,R,STL,CIN,"Mikolas, Miles","Abbott, Andrew"
777408,2025-06-22,R,TOR,CWS,"Bassitt, Chris","Houser, Adrian"
777409,2025-06-22,R,TB,DET,"Littell, Zack","Mize, Casey"
777381,2025-06-23,R,LAA,BOS,"Kochanowicz, Jack","Buehler, Walker"
777382,2025-06-23,R,SD,WSH,"Kolek, Stephen","Parker, Mitchell"
777388,2025-06-23,R,MIN,SEA,"Ober, Bailey","Woo, Bryan"
777389,2025-06-23,R,NYM,ATL,"Blackburn, Paul","Schwellenbach, Spencer"
777390,2025-06-23,R,CIN,NYY,"Lodolo, Nick","Winans, Allan"
777391,2025-06-23,R,MIL,PIT,"Patrick, Chad","Ashcraft, Braxton"
777392,2025-06-23,R,STL,CHC,"Liberatore, Matthew","Brown, Ben"
777393,2025-06-23,R,CWS,AZ,"Smith, Shane","Rodriguez, Eduardo"
777394,2025-06-23,R,BAL,TEX,"Rogers, Trevor","Corbin, Patrick"
777364,2025-06-24,R,SF,MIA,"Verlander, Justin","Quantrill, Cal"
777372,2025-06-24,R,SD,WSH,"Bergert, Ryan","Williams, Trevor"
777373,2025-06-24,R,STL,CHC,"McGreevy, Michael","Taillon, Jameson"
777374,2025-06-24,R,MIL,PIT,"Peralta, Freddy","Heaney, Andrew"
777375,2025-06-24,R,MIN,SEA,"Paddack, Chris","Castillo, Luis"
777376,2025-06-24,R,LAA,BOS,"Anderson, Tyler","Crochet, Garrett"
777377,2025-06-24,R,HOU,PHI,"Valdez, Framber","Suarez, Ranger"
777378,2025-06-24,R,KC,TB,"Bubic, Kris","Bradley, Taj"
777379,2025-06-24,R,COL,LAD,"Márquez, Germán","Dreyer, Jack"
777380,2025-06-24,R,BAL,TEX,"Morton, Charlie","Latz, Jacob"
777383,2025-06-24,R,CWS,AZ,"Leasure, Jordan","Nelson, Ryne"
777384,2025-06-24,R,CLE,TOR,"Allen, Logan","Lauer, Eric"
777385,2025-06-24,R,CIN,NYY,"Burns, Chase","Rodón, Carlos"
777386,2025-06-24,R,DET,ATH,"Skubal, Tarik","Severino, Luis"
777387,2025-06-24,R,NYM,ATL,"Montas, Frankie","Strider, Spencer"
777355,2025-06-25,R,SF,MIA,"Webb, Logan","Cabrera, Edward"
777357,2025-06-25,R,STL,CHC,"Fedde, Erick","Boyd, Matthew"
777358,2025-06-25,R,COL,LAD,"Dollander, Chase","Yamamoto, Yoshinobu"
777359,2025-06-25,R,KC,TB,"Wacha, Michael","Rasmussen, Drew"
777360,2025-06-25,R,SD,WSH,"Pivetta, Nick","Gore, MacKenzie"
777361,2025-06-25,R,MIL,PIT,"Misiorowski, Jacob","Skenes, Paul"
777362,2025-06-25,R,LAA,BOS,"Kikuchi, Yusei","Fitts, Richard"
777363,2025-06-25,R,MIN,SEA,"Ryan, Joe","Kirby, George"
777365,2025-06-25,R,BAL,TEX,"Young, Brandon","deGrom, Jacob"
777366,2025-06-25,R,HOU,PHI,"Gordon, Colton","Wheeler, Zack"
777367,2025-06-25,R,CIN,NYY,"Singer, Brady","Fried, Max"
777368,2025-06-25,R,CLE,TOR,"Williams, Gavin","Scherzer, Max"
777369,2025-06-25,R,NYM,ATL,"Holmes, Clay","Fuentes, Didier"
777370,2025-06-25,R,CWS,AZ,"Burke, Sean","Gallen, Zac"
777371,2025-06-25,R,DET,ATH,"Flaherty, Jack","Lopez, Jacob"
777344,2025-06-26,R,COL,LAD,"Gomber, Austin","Kershaw, Clayton"
777347,2025-06-26,R,SF,MIA,"Birdsong, Hayden","Junk, Janson"
777348,2025-06-26,R,STL,CHC,"Pallante, Andre","Imanaga, Shota"
777350,2025-06-26,R,HOU,PHI,"Brown, Hunter","Sánchez, Cristopher"
777351,2025-06-26,R,DET,ATH,"Enns, Dietrich","Springs, Jeffrey"
777352,2025-06-26,R,NYM,ATL,"Canning, Griffin","Holmes, Grant"
777353,2025-06-26,R,KC,TB,"Lorenzen, Michael","Baz, Shane"
777354,2025-06-26,R,CLE,TOR,"Bibee, Tanner","Gausman, Kevin"
777356,2025-06-26,R,MIN,SEA,"Woods Richardson, Simeon","Hancock, Emerson"
777331,2025-06-27,R,LAA,WSH,"Soriano, José","Irvin, Jake"
777332,2025-06-27,R,AZ,MIA,"Kelly, Merrill","Pérez, Eury"
777334,2025-06-27,R,DET,MIN,"Gipson-Long, Sawyer","Festa, David"
777335,2025-06-27,R,KC,LAD,"Cameron, Noah","May, Dustin"
777336,2025-06-27,R,HOU,CHC,"Walter, Brandon","Horton, Cade"
777337,2025-06-27,R,NYY,ATH,"Warren, Will","Spence, Mitch"
777338,2025-06-27,R,CWS,SF,"Civale, Aaron","Roupp, Landen"
777339,2025-06-27,R,MIL,COL,"Quintana, Jose","Freeland, Kyle"
777340,2025-06-27,R,TEX,SEA,"Eovaldi, Nathan","Gilbert, Logan"
777341,2025-06-27,R,PIT,NYM,"Keller, Mitch","Peterson, David"
777342,2025-06-27,R,ATL,PHI,"Elder, Bryce","Banks, Tanner"
777343,2025-06-27,R,BAL,TB,"Sugano, Tomoyuki","Pepiot, Ryan"
777345,2025-06-27,R,BOS,TOR,"Bello, Brayan","Berríos, José"
777346,2025-06-27,R,CIN,SD,"Martinez, Nick","Cease, Dylan"
777349,2025-06-27,R,CLE,STL,"Ortiz, Luis","Gray, Sonny"
777315,2025-06-28,R,LAA,WSH,"Hendricks, Kyle","Soroka, Michael"
777318,2025-06-28,R,AZ,MIA,"Pfaadt, Brandon","Alcantara, Sandy"
777319,2025-06-28,R,KC,LAD,"Lugo, Seth","Ohtani, Shohei"
777320,2025-06-28,R,HOU,CHC,"McCullers Jr., Lance","Rea, Colin"
777321,2025-06-28,R,MIL,COL,"Priester, Quinn","Senzatela, Antonio"
777322,2025-06-28,R,TEX,SEA,"Rocker, Kumar","Woo, Bryan"
777323,2025-06-28,R,BOS,TOR,"Giolito, Lucas","Bassitt, Chris"
777324,2025-06-28,R,DET,MIN,"Mize, Casey","Ober, Bailey"
777325,2025-06-28,R,PIT,NYM,"Falter, Bailey","Blackburn, Paul"
777326,2025-06-28,R,NYY,ATH,"Schmidt, Clarke","Sears, JP"
777327,2025-06-28,R,CWS,SF,"Houser, Adrian","Ray, Robbie"
777328,2025-06-28,R,CIN,SD,"Abbott, Andrew","Vásquez, Randy"
777329,2025-06-28,R,CLE,STL,"Cecconi, Slade","Mikolas, Miles"
777330,2025-06-28,R,BAL,TB,"Eflin, Zach","Littell, Zack"
777333,2025-06-28,R,ATL,PHI,"Schwellenbach, Spencer","Luzardo, Jesús"
777301,2025-06-29,R,MIL,COL,"Patrick, Chad","Márquez, Germán"
777302,2025-06-29,R,TEX,SEA,"Leiter, Jack","Castillo, Luis"
777303,2025-06-29,R,AZ,MIA,"Rodriguez, Eduardo","Quantrill, Cal"
777304,2025-06-29,R,KC,LAD,"Bubic, Kris","Trivino III, Lou"
777305,2025-06-29,R,LAA,WSH,"Kochanowicz, Jack","Parker, Mitchell"
777307,2025-06-29,R,NYY,ATH,"Stroman, Marcus","Severino, Luis"
777308,2025-06-29,R,HOU,CHC,"Valdez, Framber","Taillon, Jameson"
777309,2025-06-29,R,CLE,STL,"Allen, Logan","Liberatore, Matthew"
777310,2025-06-29,R,BOS,TOR,"Buehler, Walker","Lauer, Eric"
777311,2025-06-29,R,CWS,SF,"Cannon, Jonathan","Verlander, Justin"
777312,2025-06-29,R,CIN,SD,"Lodolo, Nick","Kolek, Stephen"
777313,2025-06-29,R,PIT,NYM,"Burrows, Mike","Montas, Frankie"
777314,2025-06-29,R,DET,MIN,"Skubal, Tarik","Paddack, Chris"
777316,2025-06-29,R,ATL,PHI,"Strider, Spencer","Suarez, Ranger"
777317,2025-06-29,R,BAL,TB,"Kremer, Dean","Bradley, Taj"
777291,2025-06-30,R,AZ,SF,"Nelson, Ryne","Webb, Logan"
777292,2025-06-30,R,TEX,BAL,"Corbin, Patrick","Rogers, Trevor"
777295,2025-06-30,R,TOR,NYY,"Scherzer, Max","Rodón, Carlos"
777296,2025-06-30,R,TB,ATH,"Rasmussen, Drew","Lopez, Jacob"
777297,2025-06-30,R,SEA,KC,"Kirby, George","Wacha, Michael"
777299,2025-06-30,R,PIT,STL,"Heaney, Andrew","Fedde, Erick"
777300,2025-06-30,R,BOS,CIN,"Crochet, Garrett","Burns, Chase"
777306,2025-06-30,R,PHI,SD,"Wheeler, Zack","Waldron, Matt"
777278,2025-07-01,R,AZ,SF,"Gallen, Zac","Birdsong, Hayden"
777280,2025-07-01,R,LAD,CWS,"Yamamoto, Yoshinobu","Smith, Shane"
777281,2025-07-01,R,SEA,KC,"Hancock, Emerson","Lorenzen, Michael"
777282,2025-07-01,R,TEX,BAL,"deGrom, Jacob","Young, Brandon"
777283,2025-07-01,R,TOR,NYY,"Gausman, Kevin","Fried, Max"
777285,2025-07-01,R,COL,HOU,"Dollander, Chase","Gordon, Colton"
777286,2025-07-01,R,TB,ATH,"Baz, Shane","Springs, Jeffrey"
777287,2025-07-01,R,CHC,CLE,"Boyd, Matthew","Williams, Gavin"
777288,2025-07-01,R,PIT,STL,"Skenes, Paul","Pallante, Andre"
777293,2025-07-01,R,MIA,MIN,"Cabrera, Edward","Ryan, Joe"
777294,2025-07-01,R,BOS,CIN,"Fitts, Richard","Singer, Brady"
777298,2025-07-01,R,ATL,LAA,"Holmes, Grant","Anderson, Tyler"
777262,2025-07-02,R,SEA,KC,"Gilbert, Logan","Cameron, Noah"
777265,2025-07-02,R,WSH,DET,"Gore, MacKenzie","Flaherty, Jack"
777266,2025-07-02,R,CHC,CLE,"Imanaga, Shota","Bibee, Tanner"
777267,2025-07-02,R,LAD,CWS,"Kershaw, Clayton","Eisert, Brandon"
777268,2025-07-02,R,TEX,BAL,"Eovaldi, Nathan","Sugano, Tomoyuki"
777269,2025-07-02,R,COL,HOU,"Gomber, Austin","Brown, Hunter"
777270,2025-07-02,R,AZ,SF,"Kelly, Merrill","Roupp, Landen"
777271,2025-07-02,R,TB,ATH,"Pepiot, Ryan","Spence, Mitch"
777272,2025-07-02,R,PIT,STL,"Keller, Mitch","Gray, Sonny"
777273,2025-07-02,R,PHI,SD,"Abel, Mick","Pivetta, Nick"
777274,2025-07-02,R,TOR,NYY,"Berríos, José","Warren, Will"
777275,2025-07-02,R,MIA,MIN,"Junk, Janson","Woods Richardson, Simeon"
777276,2025-07-02,R,NYM,MIL,"Brazobán, Huascar","Misiorowski, Jacob"
777277,2025-07-02,R,BOS,CIN,"Bernardino, Brennan","Martinez, Nick"
777279,2025-07-02,R,ATL,LAA,"Fuentes, Didier","Kikuchi, Yusei"
777284,2025-07-02,R,WSH,DET,"Williams, Trevor","Holton, Tyler"
777289,2025-07-02,R,NYM,MIL,"Holmes, Clay","Peralta, Freddy"
777290,2025-07-02,R,PHI,SD,"Sánchez, Cristopher","Cease, Dylan"
777251,2025-07-03,R,SEA,KC,"Evans, Logan","Lugo, Seth"
777253,2025-07-03,R,LAD,CWS,"May, Dustin","Civale, Aaron"
777256,2025-07-03,R,AZ,SF,"Pfaadt, Brandon","Ray, Robbie"
777257,2025-07-03,R,NYM,MIL,"Peterson, David","Quintana, Jose"
777258,2025-07-03,R,WSH,DET,"Irvin, Jake","Enns, Dietrich"
777259,2025-07-03,R,CHC,CLE,"Horton, Cade","Cantillo, Joey"
777260,2025-07-03,R,TOR,NYY,"Bassitt, Chris","Schmidt, Clarke"
777261,2025-07-03,R,ATL,LAA,"Elder, Bryce","Soriano, José"
777263,2025-07-03,R,MIA,MIN,"Pérez, Eury","Festa, David"
777264,2025-07-03,R,COL,HOU,"Freeland, Kyle","Walter, Brandon"
777235,2025-07-04,R,LAD,HOU,"Casparius, Ben","McCullers Jr., Lance"
777236,2025-07-04,R,SEA,PIT,"Woo, Bryan","Falter, Bailey"
777239,2025-07-04,R,SD,TEX,"Vásquez, Randy","Rocker, Kumar"
777242,2025-07-04,R,TOR,LAA,"Lauer, Eric","Hendricks, Kyle"
777243,2025-07-04,R,COL,CWS,"Senzatela, Antonio","Houser, Adrian"
777244,2025-07-04,R,ATH,SF,"Sears, JP","Verlander, Justin"
777245,2025-07-04,R,WSH,BOS,"Soroka, Michael","Giolito, Lucas"
777246,2025-07-04,R,CHC,STL,"Rea, Colin","Mikolas, Miles"
777247,2025-07-04,R,MIN,TB,"Paddack, Chris","Littell, Zack"
777248,2025-07-04,R,AZ,KC,"Rodriguez, Eduardo","Bubic, Kris"
777249,2025-07-04,R,CLE,DET,"Cecconi, Slade","Olson, Reese"
777250,2025-07-04,R,NYM,NYY,"Hagenman, Justin","Stroman, Marcus"
777252,2025-07-04,R,ATL,BAL,"Strider, Spencer","Morton, Charlie"
777254,2025-07-04,R,MIA,MIL,"Alcantara, Sandy","Priester, Quinn"
777255,2025-07-04,R,PHI,CIN,"Luzardo, Jesús","Abbott, Andrew"
777221,2025-07-05,R,LAD,HOU,"Ohtani, Shohei","Valdez, Framber"
777223,2025-07-05,R,SD,TEX,"Kolek, Stephen","Corbin, Patrick"
777225,2025-07-05,R,SEA,PIT,"Castillo, Luis","Burrows, Mike"
777227,2025-07-05,R,ATH,SF,"Severino, Luis","Webb, Logan"
777228,2025-07-05,R,WSH,BOS,"Parker, Mitchell","Buehler, Walker"
777229,2025-07-05,R,CHC,STL,"Pomeranz, Drew","Liberatore, Matthew"
777230,2025-07-05,R,MIN,TB,"Sands, Cole","Bradley, Taj"
777231,2025-07-05,R,TOR,LAA,"Scherzer, Max","Kochanowicz, Jack"
777232,2025-07-05,R,COL,CWS,"Márquez, Germán","Cannon, Jonathan"
777233,2025-07-05,R,PHI,CIN,"Suarez, Ranger","Lodolo, Nick"
777234,2025-07-05,R,AZ,KC,"Nelson, Ryne","Wacha, Michael"
777237,2025-07-05,R,ATL,BAL,"Bummer, Aaron","Kremer, Dean"
777238,2025-07-05,R,MIA,MIL,"Quantrill, Cal","Patrick, Chad"
777240,2025-07-05,R,CLE,DET,"Allen, Logan","Mize, Casey"
777241,2025-07-05,R,NYM,NYY,"Montas, Frankie","Rodón, Carlos"
777205,2025-07-06,R,SEA,PIT,"Kirby, George","Skenes, Paul"
777206,2025-07-06,R,LAD,HOU,"Sheehan, Emmet","Gusto, Ryan"
777207,2025-07-06,R,SD,TEX,"Morgan, David","Leiter, Jack"
777210,2025-07-06,R,ATH,SF,"Lopez, Jacob","Birdsong, Hayden"
777213,2025-07-06,R,WSH,BOS,"Ogasawara, Shinnosuke","Crochet, Garrett"
777214,2025-07-06,R,TOR,LAA,"Gausman, Kevin","Anderson, Tyler"
777215,2025-07-06,R,COL,CWS,"Dollander, Chase","Smith, Shane"
777216,2025-07-06,R,NYM,NYY,"Devenski, Chris","Fried, Max"
777217,2025-07-06,R,PHI,CIN,"Wheeler, Zack","Burns, Chase"
777218,2025-07-06,R,AZ,KC,"DeSclafani, Anthony","Lorenzen, Michael"
777219,2025-07-06,R,CHC,STL,"Boyd, Matthew","Fedde, Erick"
777220,2025-07-06,R,MIN,TB,"Ryan, Joe","Rasmussen, Drew"
777222,2025-07-06,R,ATL,BAL,"Holmes, Grant","Rogers, Trevor"
777224,2025-07-06,R,MIA,MIL,"Cabrera, Edward","Woodruff, Brandon"
777226,2025-07-06,R,CLE,DET,"Williams, Gavin","Skubal, Tarik"
777199,2025-07-07,R,SF,PHI,"Roupp, Landen","Sánchez, Cristopher"
777200,2025-07-07,R,LAA,TEX,"Kikuchi, Yusei","deGrom, Jacob"
777201,2025-07-07,R,MIL,LAD,"Peralta, Freddy","Yamamoto, Yoshinobu"
777202,2025-07-07,R,HOU,CLE,"Gordon, Colton","Bibee, Tanner"
777203,2025-07-07,R,SD,AZ,"Darvish, Yu","Gallen, Zac"
777204,2025-07-07,R,KC,PIT,"Cameron, Noah","Heaney, Andrew"
777208,2025-07-07,R,CIN,MIA,"Singer, Brady","Junk, Janson"
777209,2025-07-07,R,BOS,COL,"Fitts, Richard","Gomber, Austin"
777211,2025-07-07,R,DET,TB,"Montero, Keider","Baz, Shane"
777212,2025-07-07,R,CWS,TOR,"Burke, Sean","Berríos, José"
777180,2025-07-08,R,LAA,TEX,"Soriano, José","Eovaldi, Nathan"
777185,2025-07-08,R,SD,AZ,"Pivetta, Nick","Kelly, Merrill"
777186,2025-07-08,R,SF,PHI,"Ray, Robbie","Walker, Taijuan"
777187,2025-07-08,R,NYY,SEA,"Warren, Will","Gilbert, Logan"
777188,2025-07-08,R,CWS,TOR,"Civale, Aaron","Bassitt, Chris"
777189,2025-07-08,R,ATH,ATL,"Springs, Jeffrey","Fuentes, Didier"
777190,2025-07-08,R,MIN,CHC,"Woods Richardson, Simeon","Imanaga, Shota"
777191,2025-07-08,R,STL,WSH,"Gray, Sonny","Irvin, Jake"
777192,2025-07-08,R,HOU,CLE,"Brown, Hunter","Cantillo, Joey"
777193,2025-07-08,R,MIL,LAD,"Misiorowski, Jacob","Kershaw, Clayton"
777194,2025-07-08,R,KC,PIT,"Lugo, Seth","Keller, Mitch"
777195,2025-07-08,R,DET,TB,"Flaherty, Jack","Pepiot, Ryan"
777196,2025-07-08,R,BOS,COL,"Bello, Brayan","Freeland, Kyle"
777197,2025-07-08,R,CIN,MIA,"Martinez, Nick","Pérez, Eury"
777198,2025-07-08,R,BAL,NYM,"Young, Brandon","Holmes, Clay"
777162,2025-07-09,R,SD,AZ,"Cease, Dylan","Pfaadt, Brandon"
777163,2025-07-09,R,SF,PHI,"Verlander, Justin","Luzardo, Jesús"
777171,2025-07-09,R,LAA,TEX,"Hendricks, Kyle","Rocker, Kumar"
777172,2025-07-09,R,CWS,TOR,"Houser, Adrian","Lauer, Eric"
777173,2025-07-09,R,MIN,CHC,"Festa, David","Horton, Cade"
777174,2025-07-09,R,HOU,CLE,"Walter, Brandon","Cecconi, Slade"
777175,2025-07-09,R,MIL,LAD,"Quintana, Jose","Glasnow, Tyler"
777176,2025-07-09,R,ATH,ATL,"Spence, Mitch","Elder, Bryce"
777177,2025-07-09,R,KC,PIT,"Bubic, Kris","Falter, Bailey"
777178,2025-07-09,R,STL,WSH,"Pallante, Andre","Gore, MacKenzie"
777179,2025-07-09,R,BOS,COL,"Giolito, Lucas","Senzatela, Antonio"
777182,2025-07-09,R,DET,TB,"Olson, Reese","Littell, Zack"
777183,2025-07-09,R,CIN,MIA,"Abbott, Andrew","Alcantara, Sandy"
777184,2025-07-09,R,NYY,SEA,"Schlittler, Cam","Evans, Logan"
777156,2025-07-10,R,ATH,ATL,"Sears, JP","Strider, Spencer"
777158,2025-07-10,R,SD,AZ,"Vásquez, Randy","Rodriguez, Eduardo"
777159,2025-07-10,R,LAA,TEX,"Kochanowicz, Jack","Corbin, Patrick"
777165,2025-07-10,R,BAL,NYM,"Morton, Charlie","Peterson, David"
777166,2025-07-10,R,MIN,CHC,"Paddack, Chris","Rea, Colin"
777167,2025-07-10,R,STL,WSH,"Mikolas, Miles","Soroka, Michael"
777168,2025-07-10,R,CIN,MIA,"Lodolo, Nick","Quantrill, Cal"
777169,2025-07-10,R,NYY,SEA,"Stroman, Marcus","Woo, Bryan"
777170,2025-07-10,R,BOS,TB,"Buehler, Walker","Bradley, Taj"
777181,2025-07-10,R,BAL,NYM,"Sugano, Tomoyuki","Waddell, Brandon"
777139,2025-07-11,R,SD,PHI,"Bergert, Ryan","Suarez, Ranger"
777143,2025-07-11,R,SF,LAD,"Webb, Logan","May, Dustin"
777146,2025-07-11,R,CWS,CLE,"Cannon, Jonathan","Williams, Gavin"
777147,2025-07-11,R,STL,ATL,"Liberatore, Matthew","Holmes, Grant"
777148,2025-07-11,R,MIN,PIT,"Ryan, Joe","Skenes, Paul"
777149,2025-07-11,R,MIL,WSH,"Hall, DL","Parker, Mitchell"
777150,2025-07-11,R,LAA,AZ,"Anderson, Tyler","Nelson, Ryne"
777151,2025-07-11,R,KC,NYM,"Wacha, Michael","Senga, Kodai"
777152,2025-07-11,R,ATH,TOR,"Severino, Luis","Scherzer, Max"
777153,2025-07-11,R,NYY,CHC,"Rodón, Carlos","Flexen, Chris"
777154,2025-07-11,R,HOU,TEX,"McCullers Jr., Lance","Leiter, Jack"
777155,2025-07-11,R,BOS,TB,"Dobbins, Hunter","Rasmussen, Drew"
777157,2025-07-11,R,BAL,MIA,"Kremer, Dean","Cabrera, Edward"
777160,2025-07-11,R,CIN,COL,"Burns, Chase","Márquez, Germán"
777161,2025-07-11,R,DET,SEA,"Skubal, Tarik","Castillo, Luis"
777164,2025-07-11,R,CWS,CLE,"Smith, Shane","Allen, Logan"
777126,2025-07-12,R,SD,PHI,"Darvish, Yu","Wheeler, Zack"
777127,2025-07-12,R,SF,LAD,"Roupp, Landen","Ohtani, Shohei"
777131,2025-07-12,R,LAA,AZ,"Kikuchi, Yusei","Gallen, Zac"
777132,2025-07-12,R,ATH,TOR,"Lopez, Jacob","Gausman, Kevin"
777133,2025-07-12,R,STL,ATL,"Fedde, Erick","Bummer, Aaron"
777134,2025-07-12,R,MIN,PIT,"Sands, Cole","Burrows, Mike"
777135,2025-07-12,R,MIL,WSH,"Woodruff, Brandon","Ogasawara, Shinnosuke"
777136,2025-07-12,R,KC,NYM,"Zerpa, Angel","Montas, Frankie"
777137,2025-07-12,R,HOU,TEX,"Valdez, Framber","deGrom, Jacob"
777138,2025-07-12,R,CWS,CLE,"Burke, Sean","Bibee, Tanner"
777140,2025-07-12,R,CIN,COL,"Singer, Brady","Blalock, Bradley"
777141,2025-07-12,R,BAL,MIA,"Rogers, Trevor","Junk, Janson"
777142,2025-07-12,R,NYY,CHC,"Fried, Max","Boyd, Matthew"
777144,2025-07-12,R,BOS,TB,"Crochet, Garrett","Baz, Shane"
777145,2025-07-12,R,DET,SEA,"Mize, Casey","Kirby, George"
777113,2025-07-13,R,MIN,PIT,"Woods Richardson, Simeon","Keller, Mitch"
777115,2025-07-13,R,LAA,AZ,"Soriano, José","Kelly, Merrill"
777116,2025-07-13,R,ATH,TOR,"Springs, Jeffrey","Berríos, José"
777117,2025-07-13,R,SD,PHI,"Pivetta, Nick","Sánchez, Cristopher"
777118,2025-07-13,R,STL,ATL,"Gray, Sonny","Daniel, Davis"
777119,2025-07-13,R,SF,LAD,"Ray, Robbie","Yamamoto, Yoshinobu"
777120,2025-07-13,R,CWS,CLE,"Civale, Aaron","Cantillo, Joey"
777121,2025-07-13,R,DET,SEA,"Flaherty, Jack","Gilbert, Logan"
777122,2025-07-13,R,NYY,CHC,"Warren, Will","Imanaga, Shota"
777123,2025-07-13,R,MIL,WSH,"Peralta, Freddy","Irvin, Jake"
777124,2025-07-13,R,KC,NYM,"Cameron, Noah","Holmes, Clay"
777125,2025-07-13,R,HOU,TEX,"Brown, Hunter","Eovaldi, Nathan"
777128,2025-07-13,R,CIN,COL,"Martinez, Nick","Gomber, Austin"
777129,2025-07-13,R,BAL,MIA,"Young, Brandon","Pérez, Eury"
777130,2025-07-13,R,BOS,TB,"Bello, Brayan","Pepiot, Ryan"
777098,2025-07-18,R,TEX,DET,"Corbin, Patrick","Olson, Reese"
777099,2025-07-18,R,SEA,HOU,"Castillo, Luis","Walter, Brandon"
777100,2025-07-18,R,AZ,STL,"Pfaadt, Brandon","Pallante, Andre"
777101,2025-07-18,R,CHC,BOS,"Rea, Colin","Giolito, Lucas"
777102,2025-07-18,R,COL,MIN,"Freeland, Kyle","Paddack, Chris"
777103,2025-07-18,R,LAD,MIL,"Glasnow, Tyler","Priester, Quinn"
777105,2025-07-18,R,CLE,ATH,"Cecconi, Slade","Sears, JP"
777106,2025-07-18,R,PHI,LAA,"Luzardo, Jesús","Zeferjahn, Ryan"
777107,2025-07-18,R,PIT,CWS,"Falter, Bailey","Cannon, Jonathan"
777108,2025-07-18,R,TOR,SF,"Bassitt, Chris","Verlander, Justin"
777109,2025-07-18,R,MIA,KC,"Alcantara, Sandy","Lugo, Seth"
777110,2025-07-18,R,TB,BAL,"Bradley, Taj","Morton, Charlie"
777111,2025-07-18,R,NYM,CIN,"Manaea, Sean","Lodolo, Nick"
777112,2025-07-18,R,WSH,SD,"Soroka, Michael","Cease, Dylan"
777114,2025-07-18,R,ATL,NYY,"Strider, Spencer","Hamilton, Ian"
777080,2025-07-19,R,COL,MIN,"Senzatela, Antonio","Matthews, Zebby"
777081,2025-07-19,R,AZ,STL,"Nelson, Ryne","Gray, Sonny"
777085,2025-07-19,R,LAD,MIL,"Sheehan, Emmet","Peralta, Freddy"
777086,2025-07-19,R,SEA,HOU,"Evans, Logan","McCullers Jr., Lance"
777088,2025-07-19,R,TEX,DET,"Rocker, Kumar","Montero, Keider"
777089,2025-07-19,R,PHI,LAA,"Walker, Taijuan","Kikuchi, Yusei"
777090,2025-07-19,R,PIT,CWS,"Burrows, Mike","Houser, Adrian"
777091,2025-07-19,R,WSH,SD,"Parker, Mitchell","Darvish, Yu"
777092,2025-07-19,R,NYM,CIN,"Holmes, Clay","Martinez, Nick"
777093,2025-07-19,R,MIA,KC,"Quantrill, Cal","Wacha, Michael"
777094,2025-07-19,R,TOR,SF,"Lauer, Eric","Webb, Logan"
777095,2025-07-19,R,TB,BAL,"Littell, Zack","Kremer, Dean"
777096,2025-07-19,R,CHC,BOS,"Imanaga, Shota","Bello, Brayan"
777097,2025-07-19,R,ATL,NYY,"Wentz, Joey","Warren, Will"
777104,2025-07-19,R,CLE,ATH,"Allen, Logan","Severino, Luis"
777067,2025-07-20,R,SEA,HOU,"Woo, Bryan","Brown, Hunter"
777070,2025-07-20,R,LAD,MIL,"Kershaw, Clayton","Quintana, Jose"
777071,2025-07-20,R,AZ,STL,"Kelly, Merrill","Mikolas, Miles"
777072,2025-07-20,R,COL,MIN,"Márquez, Germán","Ryan, Joe"
777073,2025-07-20,R,TEX,DET,"Latz, Jacob","Skubal, Tarik"
777074,2025-07-20,R,PIT,CWS,"Heaney, Andrew","Civale, Aaron"
777075,2025-07-20,R,CHC,BOS,"Horton, Cade","Crochet, Garrett"
777076,2025-07-20,R,TB,BAL,"Pepiot, Ryan","Rogers, Trevor"
777077,2025-07-20,R,WSH,SD,"Gore, MacKenzie","Pivetta, Nick"
777078,2025-07-20,R,PHI,LAA,"Suarez, Ranger","Soriano, José"
777079,2025-07-20,R,TOR,SF,"Berríos, José","Ray, Robbie"
777082,2025-07-20,R,MIA,KC,"Junk, Janson","Bubic, Kris"
777083,2025-07-20,R,ATL,NYY,"Holmes, Grant","Stroman, Marcus"
777084,2025-07-20,R,CLE,ATH,"Williams, Gavin","Springs, Jeffrey"
777087,2025-07-20,R,NYM,CIN,"Peterson, David","Abbott, Andrew"
777050,2025-07-21,R,SEA,MIL,"Kirby, George","Woodruff, Brandon"
777051,2025-07-21,R,LAD,MIN,"Ohtani, Shohei","Festa, David"
777053,2025-07-21,R,COL,STL,"Gomber, Austin","McGreevy, Michael"
777055,2025-07-21,R,AZ,HOU,"Gallen, Zac","Gordon, Colton"
777057,2025-07-21,R,TEX,ATH,"Leiter, Jack","Lopez, Jacob"
777059,2025-07-21,R,TB,CWS,"Baz, Shane","Burke, Sean"
777060,2025-07-21,R,PIT,DET,"Skenes, Paul","Flaherty, Jack"
777061,2025-07-21,R,NYM,LAA,"Senga, Kodai","Anderson, Tyler"
777062,2025-07-21,R,MIA,SD,"Pérez, Eury","Vásquez, Randy"
777063,2025-07-21,R,PHI,BOS,"Wheeler, Zack","Buehler, Walker"
777064,2025-07-21,R,WSH,CIN,"Irvin, Jake","Singer, Brady"
777065,2025-07-21,R,CHC,KC,"Brasier, Ryan","Cameron, Noah"
777066,2025-07-21,R,TOR,NYY,"Gausman, Kevin","Rodón, Carlos"
777068,2025-07-21,R,CLE,BAL,"Bibee, Tanner","Sugano, Tomoyuki"
777069,2025-07-21,R,ATL,SF,"Elder, Bryce","Birdsong, Hayden"
777035,2025-07-22,R,SEA,MIL,"Gilbert, Logan","Misiorowski, Jacob"
777039,2025-07-22,R,LAD,MIN,"Yamamoto, Yoshinobu","Woods Richardson, Simeon"
777040,2025-07-22,R,AZ,HOU,"Rodriguez, Eduardo","Valdez, Framber"
777042,2025-07-22,R,WSH,CIN,"Lord, Brad","Burns, Chase"
777043,2025-07-22,R,TEX,ATH,"deGrom, Jacob","Ginn, J.T."
777044,2025-07-22,R,PIT,DET,"Keller, Mitch","Mize, Casey"
777045,2025-07-22,R,PHI,BOS,"Sánchez, Cristopher","Fitts, Richard"
777046,2025-07-22,R,TOR,NYY,"Scherzer, Max","Schlittler, Cam"
777047,2025-07-22,R,CHC,KC,"Boyd, Matthew","Hill, Rich"
777048,2025-07-22,R,TB,CWS,"Rasmussen, Drew","Martin, Davis"
777049,2025-07-22,R,COL,STL,"Blalock, Bradley","Fedde, Erick"
777052,2025-07-22,R,MIA,SD,"Cabrera, Edward","Kolek, Stephen"
777054,2025-07-22,R,NYM,LAA,"Montas, Frankie","Hendricks, Kyle"
777056,2025-07-22,R,CLE,BAL,"Cantillo, Joey","Young, Brandon"
777058,2025-07-22,R,ATL,SF,"Daniel, Davis","Roupp, Landen"
777022,2025-07-23,R,LAD,MIN,"Glasnow, Tyler","Paddack, Chris"
777024,2025-07-23,R,SEA,MIL,"Castillo, Luis","Priester, Quinn"
777026,2025-07-23,R,WSH,CIN,"Soroka, Michael","Lodolo, Nick"
777027,2025-07-23,R,TOR,NYY,"Bassitt, Chris","Fried, Max"
777028,2025-07-23,R,COL,STL,"Gordon, Tanner","Pallante, Andre"
777029,2025-07-23,R,PIT,DET,"Falter, Bailey","Melton, Troy"
777030,2025-07-23,R,TB,CWS,"Bradley, Taj","Cannon, Jonathan"
777031,2025-07-23,R,CHC,KC,"Rea, Colin","Lugo, Seth"
777032,2025-07-23,R,AZ,HOU,"Pfaadt, Brandon","Walter, Brandon"
777033,2025-07-23,R,TEX,ATH,"Corbin, Patrick","Sears, JP"
777034,2025-07-23,R,NYM,LAA,"Manaea, Sean","Burke, Brock"
777036,2025-07-23,R,CLE,BAL,"Cecconi, Slade","Eflin, Zach"
777037,2025-07-23,R,MIA,SD,"Alcantara, Sandy","Cease, Dylan"
777038,2025-07-23,R,PHI,BOS,"Luzardo, Jesús","Giolito, Lucas"
777041,2025-07-23,R,ATL,SF,"Strider, Spencer","Verlander, Justin"
777018,2025-07-24,R,LAA,SEA,"Kikuchi, Yusei","Evans, Logan"
777019,2025-07-24,R,CLE,BAL,"Allen, Logan","Morton, Charlie"
777021,2025-07-24,R,DET,TOR,"Olson, Reese","Lauer, Eric"
777023,2025-07-24,R,STL,SD,"Gray, Sonny","Darvish, Yu"
777025,2025-07-24,R,HOU,ATH,"Alexander, Jason","Severino, Luis"
777004,2025-07-25,R,SF,NYM,"Webb, Logan","Holmes, Clay"
777005,2025-07-25,R,STL,SD,"Mikolas, Miles","Pivetta, Nick"
777006,2025-07-25,R,LAA,SEA,"Soriano, José","Woo, Bryan"
777007,2025-07-25,R,HOU,ATH,"Gusto, Ryan","Springs, Jeffrey"
777008,2025-07-25,R,MIL,MIA,"Peralta, Freddy","Quantrill, Cal"
777009,2025-07-25,R,TEX,ATL,"Eovaldi, Nathan","Wentz, Joey"
777011,2025-07-25,R,MIN,WSH,"Matthews, Zebby","Gore, MacKenzie"
777012,2025-07-25,R,BOS,LAD,"Bello, Brayan","Sheehan, Emmet"
777013,2025-07-25,R,CIN,TB,"Martinez, Nick","Littell, Zack"
777014,2025-07-25,R,PIT,AZ,"Burrows, Mike","Nelson, Ryne"
777015,2025-07-25,R,NYY,PHI,"Warren, Will","Walker, Taijuan"
777016,2025-07-25,R,DET,TOR,"Montero, Keider","Berríos, José"
777017,2025-07-25,R,CWS,CHC,"Houser, Adrian","Imanaga, Shota"
777020,2025-07-25,R,BAL,COL,"Kremer, Dean","Freeland, Kyle"
776985,2025-07-26,R,SF,NYM,"Ray, Robbie","Peterson, David"
776990,2025-07-26,R,KC,CLE,"Bubic, Kris","Bibee, Tanner"
776991,2025-07-26,R,HOU,ATH,"Brown, Hunter","Lopez, Jacob"
776992,2025-07-26,R,STL,SD,"Liberatore, Matthew","Vásquez, Randy"
776993,2025-07-26,R,TEX,ATL,"Rocker, Kumar","Holmes, Grant"
776994,2025-07-26,R,CWS,CHC,"Civale, Aaron","Horton, Cade"
776995,2025-07-26,R,LAA,SEA,"Anderson, Tyler","Kirby, George"
776996,2025-07-26,R,MIL,MIA,"Quintana, Jose","Junk, Janson"
776997,2025-07-26,R,MIN,WSH,"Ryan, Joe","Parker, Mitchell"
776998,2025-07-26,R,BOS,LAD,"Crochet, Garrett","Kershaw, Clayton"
776999,2025-07-26,R,BAL,COL,"Rogers, Trevor","Senzatela, Antonio"
777000,2025-07-26,R,CIN,TB,"Abbott, Andrew","Pepiot, Ryan"
777001,2025-07-26,R,NYY,PHI,"Stroman, Marcus","Suarez, Ranger"
777002,2025-07-26,R,PIT,AZ,"Heaney, Andrew","Kelly, Merrill"
777003,2025-07-26,R,DET,TOR,"Skubal, Tarik","Gausman, Kevin"
777010,2025-07-26,R,KC,CLE,"Wacha, Michael","Williams, Gavin"
776974,2025-07-27,R,SF,NYM,"Gage, Matt","Senga, Kodai"
776975,2025-07-27,R,KC,CLE,"Cameron, Noah","Cantillo, Joey"
776976,2025-07-27,R,HOU,ATH,"Gordon, Colton","Ginn, J.T."
776977,2025-07-27,R,LAA,SEA,"Hendricks, Kyle","Gilbert, Logan"
776978,2025-07-27,R,MIL,MIA,"Woodruff, Brandon","Pérez, Eury"
776979,2025-07-27,R,MIN,WSH,"Sands, Cole","Irvin, Jake"
776980,2025-07-27,R,STL,SD,"McGreevy, Michael","Kolek, Stephen"
776981,2025-07-27,R,TEX,ATL,"Leiter, Jack","Elder, Bryce"
776982,2025-07-27,R,CIN,TB,"Singer, Brady","Baz, Shane"
776983,2025-07-27,R,BOS,LAD,"Buehler, Walker","May, Dustin"
776984,2025-07-27,R,PIT,AZ,"Skenes, Paul","Gallen, Zac"
776986,2025-07-27,R,BAL,COL,"Sugano, Tomoyuki","Gomber, Austin"
776987,2025-07-27,R,DET,TOR,"Flaherty, Jack","Scherzer, Max"
776988,2025-07-27,R,NYY,PHI,"Rodón, Carlos","Wheeler, Zack"
776989,2025-07-27,R,CWS,CHC,"Taylor, Grant","Brown, Ben"
776957,2025-07-28,R,ATH,SEA,"Sears, JP","Castillo, Luis"
776958,2025-07-28,R,LAA,TEX,"Kochanowicz, Jack","deGrom, Jacob"
776959,2025-07-28,R,SD,NYM,"Cease, Dylan","Montas, Frankie"
776960,2025-07-28,R,STL,MIA,"Pallante, Andre","Cabrera, Edward"
776961,2025-07-28,R,MIN,BOS,"Woods Richardson, Simeon","Fitts, Richard"
776964,2025-07-28,R,SF,PIT,"Whisenhunt, Carson","Keller, Mitch"
776965,2025-07-28,R,MIL,CHC,"Misiorowski, Jacob","Boyd, Matthew"
776966,2025-07-28,R,BAL,TOR,"Eflin, Zach","Bassitt, Chris"
776967,2025-07-28,R,CIN,LAD,"Burns, Chase","Yamamoto, Yoshinobu"
776968,2025-07-28,R,CLE,COL,"Cecconi, Slade","Blalock, Bradley"
776969,2025-07-28,R,HOU,WSH,"Valdez, Framber","Lord, Brad"
776970,2025-07-28,R,NYY,TB,"Schlittler, Cam","Rasmussen, Drew"
776971,2025-07-28,R,KC,ATL,"Hill, Rich","Strider, Spencer"
776972,2025-07-28,R,CWS,PHI,"Martin, Davis","Sánchez, Cristopher"
776973,2025-07-28,R,DET,AZ,"Melton, Troy","Rodriguez, Eduardo"
776943,2025-07-29,R,SF,PIT,"Verlander, Justin","Falter, Bailey"
776944,2025-07-29,R,ATH,SEA,"Severino, Luis","Evans, Logan"
776945,2025-07-29,R,LAA,TEX,"Kikuchi, Yusei","Corbin, Patrick"
776946,2025-07-29,R,STL,MIA,"Gray, Sonny","Alcantara, Sandy"
776947,2025-07-29,R,SD,NYM,"Bergert, Ryan","Manaea, Sean"
776949,2025-07-29,R,NYY,TB,"Fried, Max","Boyle, Joe"
776950,2025-07-29,R,HOU,WSH,"Alexander, Jason","Soroka, Michael"
776951,2025-07-29,R,CLE,COL,"Allen, Logan","Gordon, Tanner"
776952,2025-07-29,R,CWS,PHI,"Cannon, Jonathan","Luzardo, Jesús"
776953,2025-07-29,R,DET,AZ,"Mize, Casey","Pfaadt, Brandon"
776954,2025-07-29,R,MIN,BOS,"Ohl, Pierson","Giolito, Lucas"
776955,2025-07-29,R,KC,ATL,"Lugo, Seth","Fedde, Erick"
776956,2025-07-29,R,MIL,CHC,"Priester, Quinn","Rea, Colin"
776962,2025-07-29,R,BAL,TOR,"Young, Brandon","Lauer, Eric"
776963,2025-07-29,R,CIN,LAD,"Lodolo, Nick","Glasnow, Tyler"
778372,2025-07-29,R,BAL,TOR,"Morton, Charlie","Lucas, Easton"
776929,2025-07-30,R,MIL,CHC,"Peralta, Freddy","Imanaga, Shota"
776930,2025-07-30,R,ATH,SEA,"Springs, Jeffrey","Woo, Bryan"
776931,2025-07-30,R,SD,NYM,"Darvish, Yu","Holmes, Clay"
776932,2025-07-30,R,LAA,TEX,"Soriano, José","Eovaldi, Nathan"
776933,2025-07-30,R,SF,PIT,"Webb, Logan","Burrows, Mike"
776934,2025-07-30,R,STL,MIA,"Mikolas, Miles","Quantrill, Cal"
776935,2025-07-30,R,MIN,BOS,"Matthews, Zebby","Bello, Brayan"
776936,2025-07-30,R,KC,ATL,"Zerpa, Angel","Wentz, Joey"
776937,2025-07-30,R,HOU,WSH,"Gusto, Ryan","Gore, MacKenzie"
776938,2025-07-30,R,NYY,TB,"Warren, Will","Littell, Zack"
776939,2025-07-30,R,CWS,PHI,"Alexander, Tyler","Walker, Taijuan"
776940,2025-07-30,R,DET,AZ,"Paddack, Chris","Nelson, Ryne"
776941,2025-07-30,R,CIN,LAD,"Martinez, Nick","Ohtani, Shohei"
776942,2025-07-30,R,CLE,COL,"Allard, Kolby","Freeland, Kyle"
776948,2025-07-30,R,BAL,TOR,"Kremer, Dean","Berríos, José"
776923,2025-07-31,R,SEA,TEX,"Kirby, George","Rocker, Kumar"
776927,2025-07-31,R,NYY,TB,"Stroman, Marcus","Pepiot, Ryan"
776928,2025-07-31,R,CIN,ATL,"Abbott, Andrew","Carrasco, Carlos"
776906,2025-08-01,R,SD,STL,"Pivetta, Nick","Liberatore, Matthew"
776908,2025-08-01,R,SEA,TEX,"Gilbert, Logan","Leiter, Jack"
776913,2025-08-01,R,PHI,DET,"Suarez, Ranger","Flaherty, Jack"
776914,2025-08-01,R,ATH,AZ,"Lopez, Jacob","DeSclafani, Anthony"
776915,2025-08-01,R,CHC,BAL,"Horton, Cade","Rogers, Trevor"
776916,2025-08-01,R,LAA,CWS,"Anderson, Tyler","Smith, Shane"
776917,2025-08-01,R,WSH,MIL,"Parker, Mitchell","Quintana, Jose"
776918,2025-08-01,R,TB,LAD,"Baz, Shane","Kershaw, Clayton"
776919,2025-08-01,R,COL,PIT,"Senzatela, Antonio","Heaney, Andrew"
776920,2025-08-01,R,TOR,KC,"Gausman, Kevin","Wacha, Michael"
776921,2025-08-01,R,CIN,ATL,"Singer, Brady","Elder, Bryce"
776922,2025-08-01,R,BOS,HOU,"Criswell, Cooper","Brown, Hunter"
776924,2025-08-01,R,CLE,MIN,"Williams, Gavin","Ryan, Joe"
776925,2025-08-01,R,MIA,NYY,"Junk, Janson","Rodón, Carlos"
776926,2025-08-01,R,NYM,SF,"Peterson, David","Ray, Robbie"
776896,2025-08-02,R,SD,STL,"Vásquez, Randy","McGreevy, Michael"
776897,2025-08-02,R,SEA,TEX,"Castillo, Luis","Kelly, Merrill"
776898,2025-08-02,R,LAA,CWS,"Hendricks, Kyle","Civale, Aaron"
776899,2025-08-02,R,ATH,AZ,"Ginn, J.T.","Gallen, Zac"
776900,2025-08-02,R,TOR,KC,"Scherzer, Max","Cameron, Noah"
776901,2025-08-02,R,TB,LAD,"Rasmussen, Drew","Snell, Blake"
776902,2025-08-02,R,CHC,BAL,"Boyd, Matthew","Sugano, Tomoyuki"
776903,2025-08-02,R,WSH,MIL,"Irvin, Jake","Woodruff, Brandon"
776904,2025-08-02,R,COL,PIT,"Gomber, Austin","Skenes, Paul"
776905,2025-08-02,R,CLE,MIN,"Bibee, Tanner","Ober, Bailey"
776907,2025-08-02,R,CIN,ATL,"Burns, Chase","Cox, Austin"
776909,2025-08-02,R,BOS,HOU,"Buehler, Walker","Gordon, Colton"
776910,2025-08-02,R,MIA,NYY,"Pérez, Eury","Schlittler, Cam"
776911,2025-08-02,R,NYM,SF,"Senga, Kodai","Teng, Kai-Wei"
776912,2025-08-02,R,PHI,DET,"Wheeler, Zack","Skubal, Tarik"
776881,2025-08-03,R,ATH,AZ,"Perkins, Jack","Rodriguez, Eduardo"
776883,2025-08-03,R,SEA,TEX,"Evans, Logan","deGrom, Jacob"
776884,2025-08-03,R,SD,STL,"Cease, Dylan","Pallante, Andre"
776885,2025-08-03,R,LAA,CWS,"Kochanowicz, Jack","Burke, Sean"
776886,2025-08-03,R,COL,PIT,"Blalock, Bradley","Keller, Mitch"
776887,2025-08-03,R,NYM,SF,"Montas, Frankie","Whisenhunt, Carson"
776888,2025-08-03,R,CHC,BAL,"Rea, Colin","Young, Brandon"
776889,2025-08-03,R,TB,LAD,"Boyle, Joe","Yamamoto, Yoshinobu"
776890,2025-08-03,R,PHI,DET,"Sánchez, Cristopher","Morton, Charlie"
776891,2025-08-03,R,MIA,NYY,"Cabrera, Edward","Gil, Luis"
776892,2025-08-03,R,CLE,MIN,"Cantillo, Joey","Ureña, José"
776893,2025-08-03,R,TOR,KC,"Bassitt, Chris","Lugo, Seth"
776894,2025-08-03,R,WSH,MIL,"Lord, Brad","Henderson, Logan"
776895,2025-08-03,R,BOS,HOU,"Giolito, Lucas","Valdez, Framber"
776867,2025-08-04,R,LAA,TB,"Kikuchi, Yusei","Houser, Adrian"
776870,2025-08-04,R,LAD,STL,"Glasnow, Tyler","Gray, Sonny"
776871,2025-08-04,R,TEX,NYY,"Corbin, Patrick","Fried, Max"
776872,2025-08-04,R,COL,TOR,"Gordon, Tanner","Lauer, Eric"
776873,2025-08-04,R,AZ,SD,"Pfaadt, Brandon","Sears, JP"
776874,2025-08-04,R,DET,MIN,"Mize, Casey","Adams, Travis"
776875,2025-08-04,R,MIA,HOU,"Alcantara, Sandy","Alexander, Jason"
776876,2025-08-04,R,NYM,CLE,"Manaea, Sean","Cecconi, Slade"
776877,2025-08-04,R,PHI,BAL,"Luzardo, Jesús","Povich, Cade"
776878,2025-08-04,R,CHC,CIN,"Soroka, Michael","Lodolo, Nick"
776879,2025-08-04,R,PIT,SF,"Oviedo, Johan","Verlander, Justin"
776880,2025-08-04,R,BOS,KC,"Bello, Brayan","Falter, Bailey"
776882,2025-08-04,R,ATL,MIL,"Fedde, Erick","Priester, Quinn"
776848,2025-08-05,R,LAA,TB,"Soriano, José","Pepiot, Ryan"
776852,2025-08-05,R,AZ,SD,"Nelson, Ryne","Darvish, Yu"
776854,2025-08-05,R,COL,TOR,"Molina, Anthony","Berríos, José"
776855,2025-08-05,R,TEX,NYY,"Eovaldi, Nathan","Warren, Will"
776857,2025-08-05,R,SEA,CWS,"Woo, Bryan","Martin, Davis"
776858,2025-08-05,R,LAD,STL,"Sheehan, Emmet","Mikolas, Miles"
776860,2025-08-05,R,CHC,CIN,"Imanaga, Shota","Littell, Zack"
776861,2025-08-05,R,DET,MIN,"Paddack, Chris","Matthews, Zebby"
776862,2025-08-05,R,MIA,HOU,"Quantrill, Cal","Okert, Steven"
776863,2025-08-05,R,NYM,CLE,"Holmes, Clay","Allen, Logan"
776864,2025-08-05,R,BOS,KC,"Crochet, Garrett","Bergert, Ryan"
776865,2025-08-05,R,WSH,ATH,"Gore, MacKenzie","Severino, Luis"
776866,2025-08-05,R,PIT,SF,"Burrows, Mike","Webb, Logan"
776868,2025-08-05,R,PHI,BAL,"Walker, Taijuan","Kremer, Dean"
776869,2025-08-05,R,ATL,MIL,"Wentz, Joey","Peralta, Freddy"
776836,2025-08-06,R,COL,TOR,"Freeland, Kyle","Gausman, Kevin"
776838,2025-08-06,R,AZ,SD,"DeSclafani, Anthony","Cortes, Nestor"
776839,2025-08-06,R,LAD,STL,"Ohtani, Shohei","Liberatore, Matthew"
776841,2025-08-06,R,SEA,CWS,"Kirby, George","Cannon, Jonathan"
776843,2025-08-06,R,LAA,TB,"Anderson, Tyler","Baz, Shane"
776844,2025-08-06,R,PIT,SF,"Heaney, Andrew","Ray, Robbie"
776845,2025-08-06,R,TEX,NYY,"Leiter, Jack","Rodón, Carlos"
776846,2025-08-06,R,NYM,CLE,"Peterson, David","Williams, Gavin"
776847,2025-08-06,R,CHC,CIN,"Horton, Cade","Abbott, Andrew"
776849,2025-08-06,R,MIA,HOU,"Junk, Janson","Arrighetti, Spencer"
776850,2025-08-06,R,WSH,ATH,"Cavalli, Cade","Springs, Jeffrey"
776851,2025-08-06,R,PHI,BAL,"Suarez, Ranger","Rogers, Trevor"
776853,2025-08-06,R,ATL,MIL,"Strider, Spencer","Quintana, Jose"
776856,2025-08-06,R,BOS,KC,"May, Dustin","Wacha, Michael"
776859,2025-08-06,R,DET,MIN,"Flaherty, Jack","Ohl, Pierson"
776830,2025-08-07,R,SEA,CWS,"Gilbert, Logan","Smith, Shane"
776837,2025-08-07,R,WSH,ATH,"Parker, Mitchell","Lopez, Jacob"
776840,2025-08-07,R,PIT,CIN,"Skenes, Paul","Singer, Brady"
776842,2025-08-07,R,ATL,MIA,"Carrasco, Carlos","Pérez, Eury"
776820,2025-08-08,R,SD,BOS,"Pivetta, Nick","Buehler, Walker"
776821,2025-08-08,R,TEX,PHI,"Kelly, Merrill","Sánchez, Cristopher"
776822,2025-08-08,R,SF,WSH,"Gage, Matt","Irvin, Jake"
776823,2025-08-08,R,LAD,TOR,"Kershaw, Clayton","Scherzer, Max"
776824,2025-08-08,R,SEA,TB,"Castillo, Luis","Rasmussen, Drew"
776825,2025-08-08,R,AZ,COL,"Gallen, Zac","Gomber, Austin"
776826,2025-08-08,R,STL,CHC,"McGreevy, Michael","Boyd, Matthew"
776827,2025-08-08,R,MIN,KC,"Ryan, Joe","Lugo, Seth"
776828,2025-08-08,R,MIL,NYM,"Woodruff, Brandon","Senga, Kodai"
776829,2025-08-08,R,PIT,CIN,"Keller, Mitch","Burns, Chase"
776831,2025-08-08,R,BAL,ATH,"Sugano, Tomoyuki","Ginn, J.T."
776832,2025-08-08,R,DET,LAA,"Skubal, Tarik","Hendricks, Kyle"
776833,2025-08-08,R,CWS,CLE,"Civale, Aaron","Bibee, Tanner"
776834,2025-08-08,R,ATL,MIA,"Elder, Bryce","Cabrera, Edward"
776835,2025-08-08,R,NYY,HOU,"Schlittler, Cam","Brown, Hunter"
776802,2025-08-09,R,SF,WSH,"Whisenhunt, Carson","Lord, Brad"
776805,2025-08-09,R,SEA,TB,"Evans, Logan","Boyle, Joe"
776807,2025-08-09,R,SD,BOS,"King, Michael","Giolito, Lucas"
776808,2025-08-09,R,LAD,TOR,"Snell, Blake","Bassitt, Chris"
776809,2025-08-09,R,AZ,COL,"Rodriguez, Eduardo","Blalock, Bradley"
776810,2025-08-09,R,TEX,PHI,"deGrom, Jacob","Luzardo, Jesús"
776811,2025-08-09,R,BAL,ATH,"Young, Brandon","Perkins, Jack"
776812,2025-08-09,R,PIT,CIN,"Ashcraft, Braxton","Martinez, Nick"
776813,2025-08-09,R,DET,LAA,"Morton, Charlie","Kikuchi, Yusei"
776814,2025-08-09,R,CWS,CLE,"Burke, Sean","Cantillo, Joey"
776815,2025-08-09,R,NYY,HOU,"Gil, Luis","Valdez, Framber"
776816,2025-08-09,R,MIN,KC,"Ober, Bailey","Cameron, Noah"
776817,2025-08-09,R,MIL,NYM,"Myers, Tobias","Garrett, Reed"
776818,2025-08-09,R,STL,CHC,"Pallante, Andre","Rea, Colin"
776819,2025-08-09,R,ATL,MIA,"Fedde, Erick","Alcantara, Sandy"
778431,2025-08-09,R,ATL,MIA,"Waldrep, Hurston","Gusto, Ryan"
776788,2025-08-10,R,LAD,TOR,"Glasnow, Tyler","Lauer, Eric"
776789,2025-08-10,R,SD,BOS,"Cease, Dylan","Bello, Brayan"
776791,2025-08-10,R,SEA,TB,"Woo, Bryan","Houser, Adrian"
776793,2025-08-10,R,SF,WSH,"Verlander, Justin","Gore, MacKenzie"
776794,2025-08-10,R,AZ,COL,"Pfaadt, Brandon","Gordon, Tanner"
776795,2025-08-10,R,STL,CHC,"Gray, Sonny","Imanaga, Shota"
776796,2025-08-10,R,MIN,KC,"Ureña, José","Bergert, Ryan"
776797,2025-08-10,R,NYY,HOU,"Fried, Max","Alexander, Jason"
776798,2025-08-10,R,CWS,CLE,"Martin, Davis","Cecconi, Slade"
776799,2025-08-10,R,MIL,NYM,"Priester, Quinn","Manaea, Sean"
776800,2025-08-10,R,TEX,PHI,"Corbin, Patrick","Wheeler, Zack"
776801,2025-08-10,R,PIT,CIN,"Burrows, Mike","Littell, Zack"
776803,2025-08-10,R,ATL,MIA,"Wentz, Joey","Quantrill, Cal"
776804,2025-08-10,R,BAL,ATH,"Povich, Cade","Morales, Luis"
776806,2025-08-10,R,DET,LAA,"Mize, Casey","Kochanowicz, Jack"
776779,2025-08-11,R,LAA,LAD,"Soriano, José","Yamamoto, Yoshinobu"
776780,2025-08-11,R,SF,SD,"Webb, Logan","Darvish, Yu"
776781,2025-08-11,R,CWS,DET,"Peguero, Elvis","Paddack, Chris"
776782,2025-08-11,R,HOU,BOS,"Javier, Cristian","Crochet, Garrett"
776783,2025-08-11,R,STL,COL,"Mikolas, Miles","Dollander, Chase"
776784,2025-08-11,R,KC,WSH,"Falter, Bailey","Cavalli, Cade"
776785,2025-08-11,R,TEX,AZ,"Eovaldi, Nathan","Nelson, Ryne"
776786,2025-08-11,R,MIL,PIT,"Quintana, Jose","Heaney, Andrew"
776787,2025-08-11,R,ATH,TB,"Springs, Jeffrey","Pepiot, Ryan"
776790,2025-08-11,R,NYY,MIN,"Warren, Will","Matthews, Zebby"
776792,2025-08-11,R,CIN,PHI,"Abbott, Andrew","Walker, Taijuan"
776762,2025-08-12,R,ATH,TB,"Lopez, Jacob","Baz, Shane"
776763,2025-08-12,R,LAA,LAD,"Mederos, Victor","Sheehan, Emmet"
776764,2025-08-12,R,TEX,AZ,"Leiter, Jack","DeSclafani, Anthony"
776767,2025-08-12,R,SF,SD,"Ray, Robbie","Cortes, Nestor"
776768,2025-08-12,R,TOR,CHC,"Berríos, José","Assad, Javier"
776769,2025-08-12,R,HOU,BOS,"Arrighetti, Spencer","May, Dustin"
776770,2025-08-12,R,KC,WSH,"Wacha, Michael","Parker, Mitchell"
776771,2025-08-12,R,MIL,PIT,"Peralta, Freddy","Skenes, Paul"
776772,2025-08-12,R,NYM,ATL,"Holmes, Clay","Strider, Spencer"
776773,2025-08-12,R,CWS,DET,"Gómez, Yoendrys","Flaherty, Jack"
776774,2025-08-12,R,NYY,MIN,"Rodón, Carlos","Adams, Travis"
776775,2025-08-12,R,STL,COL,"Liberatore, Matthew","Freeland, Kyle"
776776,2025-08-12,R,BAL,SEA,"Kremer, Dean","Kirby, George"
776777,2025-08-12,R,CIN,PHI,"Singer, Brady","Suarez, Ranger"
776778,2025-08-12,R,CLE,MIA,"Allen, Logan","Junk, Janson"
776746,2025-08-13,R,TEX,AZ,"Kelly, Merrill","Gallen, Zac"
776749,2025-08-13,R,SF,SD,"Teng, Kai-Wei","Pivetta, Nick"
776751,2025-08-13,R,ATH,TB,"Ginn, J.T.","Rasmussen, Drew"
776752,2025-08-13,R,LAA,LAD,"Hendricks, Kyle","Ohtani, Shohei"
776753,2025-08-13,R,HOU,BOS,"Brown, Hunter","Buehler, Walker"
776754,2025-08-13,R,CWS,DET,"Smith, Shane","Melton, Troy"
776755,2025-08-13,R,MIL,PIT,"Woodruff, Brandon","Keller, Mitch"
776756,2025-08-13,R,NYM,ATL,"Peterson, David","Carrasco, Carlos"
776757,2025-08-13,R,TOR,CHC,"Gausman, Kevin","Horton, Cade"
776758,2025-08-13,R,STL,COL,"McGreevy, Michael","Gomber, Austin"
776759,2025-08-13,R,KC,WSH,"Lugo, Seth","Irvin, Jake"
776760,2025-08-13,R,NYY,MIN,"Schlittler, Cam","Ryan, Joe"
776761,2025-08-13,R,BAL,SEA,"Rogers, Trevor","Gilbert, Logan"
776765,2025-08-13,R,CIN,PHI,"Greene, Hunter","Sánchez, Cristopher"
776766,2025-08-13,R,CLE,MIA,"Williams, Gavin","Pérez, Eury"
776742,2025-08-14,R,COL,AZ,"Blalock, Bradley","Rodriguez, Eduardo"
776743,2025-08-14,R,WSH,PHI,"Lord, Brad","Luzardo, Jesús"
776744,2025-08-14,R,MIN,DET,"Ober, Bailey","Skubal, Tarik"
776745,2025-08-14,R,CLE,MIA,"Bibee, Tanner","Cabrera, Edward"
776747,2025-08-14,R,TOR,CHC,"Scherzer, Max","Boyd, Matthew"
776748,2025-08-14,R,NYM,ATL,"Senga, Kodai","Elder, Bryce"
776750,2025-08-14,R,BAL,SEA,"Sugano, Tomoyuki","Evans, Logan"
776727,2025-08-15,R,LAD,SD,"Kershaw, Clayton","Peralta, Wandy"
776728,2025-08-15,R,KC,CWS,"Cameron, Noah","Civale, Aaron"
776729,2025-08-15,R,SF,TB,"Roupp, Landen","Boyle, Joe"
776730,2025-08-15,R,COL,AZ,"Gordon, Tanner","Pfaadt, Brandon"
776731,2025-08-15,R,STL,NYY,"Pallante, Andre","Gil, Luis"
776732,2025-08-15,R,MIN,DET,"Ohl, Pierson","Morton, Charlie"
776733,2025-08-15,R,HOU,BAL,"Valdez, Framber","Young, Brandon"
776734,2025-08-15,R,ATH,LAA,"Perkins, Jack","Kikuchi, Yusei"
776735,2025-08-15,R,TOR,TEX,"Bassitt, Chris","deGrom, Jacob"
776736,2025-08-15,R,NYM,SEA,"Manaea, Sean","Castillo, Luis"
776737,2025-08-15,R,CHC,PIT,"Rea, Colin","Ashcraft, Braxton"
776738,2025-08-15,R,CLE,ATL,"Cantillo, Joey","Waldrep, Hurston"
776739,2025-08-15,R,WSH,PHI,"Gore, MacKenzie","Wheeler, Zack"
776740,2025-08-15,R,CIN,MIL,"Martinez, Nick","Misiorowski, Jacob"
776741,2025-08-15,R,BOS,MIA,"Giolito, Lucas","Alcantara, Sandy"
776711,2025-08-16,R,SF,TB,"Verlander, Justin","Houser, Adrian"
776712,2025-08-16,R,KC,CWS,"Lorenzen, Michael","Burke, Sean"
776713,2025-08-16,R,STL,NYY,"Gray, Sonny","Fried, Max"
776715,2025-08-16,R,COL,AZ,"Dollander, Chase","Nelson, Ryne"
776716,2025-08-16,R,MIN,DET,"Matthews, Zebby","Mize, Casey"
776717,2025-08-16,R,LAD,SD,"Snell, Blake","Cease, Dylan"
776718,2025-08-16,R,ATH,LAA,"Morales, Luis","Anderson, Tyler"
776719,2025-08-16,R,CHC,PIT,"Imanaga, Shota","Burrows, Mike"
776720,2025-08-16,R,CLE,ATL,"Cecconi, Slade","Wentz, Joey"
776721,2025-08-16,R,CIN,MIL,"Littell, Zack","Priester, Quinn"
776722,2025-08-16,R,HOU,BAL,"Alexander, Jason","Garcia, Rico"
776723,2025-08-16,R,TOR,TEX,"Lauer, Eric","Corbin, Patrick"
776724,2025-08-16,R,BOS,MIA,"Bello, Brayan","Quantrill, Cal"
776725,2025-08-16,R,WSH,PHI,"Cavalli, Cade","Walker, Taijuan"
776726,2025-08-16,R,NYM,SEA,"McLean, Nolan","Woo, Bryan"
776697,2025-08-17,R,LAD,SD,"Glasnow, Tyler","Darvish, Yu"
776698,2025-08-17,R,STL,NYY,"Mikolas, Miles","Warren, Will"
776699,2025-08-17,R,ATH,LAA,"Springs, Jeffrey","Soriano, José"
776700,2025-08-17,R,MIN,DET,"Hatch, Thomas","Paddack, Chris"
776701,2025-08-17,R,COL,AZ,"Senzatela, Antonio","Crismatt, Nabil"
776702,2025-08-17,R,KC,CWS,"Bergert, Ryan","Martin, Davis"
776703,2025-08-17,R,SF,TB,"Webb, Logan","Pepiot, Ryan"
776704,2025-08-17,R,CHC,PIT,"Assad, Javier","Mlodzinski, Carmen"
776705,2025-08-17,R,HOU,BAL,"Javier, Cristian","Kremer, Dean"
776706,2025-08-17,R,CLE,ATL,"Allen, Logan","Fedde, Erick"
776707,2025-08-17,R,NYM,SEA,"Holmes, Clay","Kirby, George"
776708,2025-08-17,R,WSH,PHI,"Parker, Mitchell","Nola, Aaron"
776709,2025-08-17,R,CIN,MIL,"Abbott, Andrew","Quintana, Jose"
776710,2025-08-17,R,TOR,TEX,"Berríos, José","Eovaldi, Nathan"
776714,2025-08-17,R,BOS,MIA,"Crochet, Garrett","Junk, Janson"
776681,2025-08-18,R,LAA,CIN,"Mederos, Victor","Singer, Brady"
776682,2025-08-18,R,AZ,CLE,"Gallen, Zac","Williams, Gavin"
776683,2025-08-18,R,SD,SF,"Cortes, Nestor","Ray, Robbie"
776688,2025-08-18,R,MIA,STL,"Pérez, Eury","Liberatore, Matthew"
776689,2025-08-18,R,PHI,SEA,"Suarez, Ranger","Gilbert, Logan"
776690,2025-08-18,R,KC,TEX,"Wacha, Michael","Leiter, Jack"
776692,2025-08-18,R,DET,HOU,"Flaherty, Jack","Arrighetti, Spencer"
776693,2025-08-18,R,COL,LAD,"Freeland, Kyle","Yamamoto, Yoshinobu"
776694,2025-08-18,R,PIT,TOR,"Skenes, Paul","Gausman, Kevin"
776695,2025-08-18,R,BOS,BAL,"May, Dustin","Rogers, Trevor"
776696,2025-08-18,R,ATL,CWS,"Strider, Spencer","Gómez, Yoendrys"
777459,2025-08-18,R,CHC,MIL,"Horton, Cade","Peralta, Freddy"
776667,2025-08-19,R,SD,SF,"Pivetta, Nick","Teng, Kai-Wei"
776668,2025-08-19,R,LAA,CIN,"Hendricks, Kyle","Greene, Hunter"
776671,2025-08-19,R,COL,LAD,"Gomber, Austin","Sheehan, Emmet"
776672,2025-08-19,R,AZ,CLE,"Rodriguez, Eduardo","Bibee, Tanner"
776674,2025-08-19,R,MIN,ATH,"Ryan, Joe","Lopez, Jacob"
776675,2025-08-19,R,KC,TEX,"Lugo, Seth","Kelly, Merrill"
776676,2025-08-19,R,CHC,MIL,"Taillon, Jameson","Woodruff, Brandon"
776677,2025-08-19,R,TB,NYY,"Baz, Shane","Rodón, Carlos"
776678,2025-08-19,R,WSH,NYM,"Irvin, Jake","Peterson, David"
776679,2025-08-19,R,PIT,TOR,"Keller, Mitch","Scherzer, Max"
776680,2025-08-19,R,PHI,SEA,"Sánchez, Cristopher","Miller, Bryce"
776684,2025-08-19,R,BOS,BAL,"Buehler, Walker","Sugano, Tomoyuki"
776685,2025-08-19,R,DET,HOU,"Skubal, Tarik","Brown, Hunter"
776686,2025-08-19,R,MIA,STL,"Cabrera, Edward","McGreevy, Michael"
776687,2025-08-19,R,ATL,CWS,"Elder, Bryce","Smith, Shane"
776691,2025-08-19,R,CHC,MIL,"Boyd, Matthew","Patrick, Chad"
776652,2025-08-20,R,LAA,CIN,"Kikuchi, Yusei","Martinez, Nick"
776656,2025-08-20,R,SD,SF,"Sears, JP","Roupp, Landen"
776658,2025-08-20,R,AZ,CLE,"Pfaadt, Brandon","Messick, Parker"
776659,2025-08-20,R,WSH,NYM,"Lord, Brad","Senga, Kodai"
776660,2025-08-20,R,COL,LAD,"Gordon, Tanner","Ohtani, Shohei"
776661,2025-08-20,R,PIT,TOR,"Oviedo, Johan","Bassitt, Chris"
776662,2025-08-20,R,PHI,SEA,"Luzardo, Jesús","Castillo, Luis"
776663,2025-08-20,R,CHC,MIL,"Rea, Colin","Misiorowski, Jacob"
776664,2025-08-20,R,TB,NYY,"Rasmussen, Drew","Schlittler, Cam"
776665,2025-08-20,R,MIN,ATH,"Ober, Bailey","Ginn, J.T."
776666,2025-08-20,R,KC,TEX,"Cameron, Noah","Boushley, Caleb"
776669,2025-08-20,R,ATL,CWS,"Waldrep, Hurston","Pérez, Martín"
776670,2025-08-20,R,MIA,STL,"Alcantara, Sandy","Pallante, Andre"
776673,2025-08-20,R,DET,HOU,"Morton, Charlie","Valdez, Framber"
776631,2025-08-21,R,TB,STL,"Boyle, Joe","Gray, Sonny"
776642,2025-08-21,R,SD,SF,"Cease, Dylan","Verlander, Justin"
776644,2025-08-21,R,COL,LAD,"Dollander, Chase","Kershaw, Clayton"
776650,2025-08-21,R,WSH,NYM,"Gore, MacKenzie","Manaea, Sean"
776651,2025-08-21,R,CHC,MIL,"Imanaga, Shota","Priester, Quinn"
776653,2025-08-21,R,MIN,ATH,"Ureña, José","Perkins, Jack"
776654,2025-08-21,R,NYY,BOS,"Gil, Luis","Giolito, Lucas"
776655,2025-08-21,R,BAL,HOU,"Young, Brandon","Alexander, Jason"
776657,2025-08-21,R,KC,TEX,"Lorenzen, Michael","Corbin, Patrick"
776633,2025-08-22,R,TB,STL,"Houser, Adrian","Mikolas, Miles"
776634,2025-08-22,R,MIL,SF,"Quintana, Jose","Whisenhunt, Carson"
776635,2025-08-22,R,AZ,CIN,"Nelson, Ryne","Littell, Zack"
776636,2025-08-22,R,SD,LAD,"Darvish, Yu","Snell, Blake"
776637,2025-08-22,R,PIT,COL,"Ashcraft, Braxton","Senzatela, Antonio"
776638,2025-08-22,R,SEA,ATH,"Woo, Bryan","Morales, Luis"
776639,2025-08-22,R,CWS,MIN,"Civale, Aaron","Matthews, Zebby"
776640,2025-08-22,R,LAA,CHC,"Anderson, Tyler","Assad, Javier"
776641,2025-08-22,R,TEX,CLE,"Eovaldi, Nathan","Cecconi, Slade"
776643,2025-08-22,R,BAL,HOU,"Povich, Cade","McCullers Jr., Lance"
776645,2025-08-22,R,ATL,NYM,"Wentz, Joey","McLean, Nolan"
776646,2025-08-22,R,MIA,TOR,"Gusto, Ryan","Bieber, Shane"
776647,2025-08-22,R,NYY,BOS,"Fried, Max","Bello, Brayan"
776648,2025-08-22,R,PHI,WSH,"Walker, Taijuan","Cavalli, Cade"
776649,2025-08-22,R,DET,KC,"Mize, Casey","Bergert, Ryan"
776617,2025-08-23,R,SD,LAD,"Cortes, Nestor","Glasnow, Tyler"
776618,2025-08-23,R,LAA,CHC,"Mederos, Victor","Horton, Cade"
776619,2025-08-23,R,CWS,MIN,"Martin, Davis","Abel, Mick"
776620,2025-08-23,R,SEA,ATH,"Kirby, George","Springs, Jeffrey"
776621,2025-08-23,R,MIL,SF,"Peralta, Freddy","Webb, Logan"
776622,2025-08-23,R,AZ,CIN,"Beeks, Jalen","Abbott, Andrew"
776623,2025-08-23,R,TEX,CLE,"Leiter, Jack","Allen, Logan"
776625,2025-08-23,R,DET,KC,"Paddack, Chris","Wacha, Michael"
776626,2025-08-23,R,ATL,NYM,"Quantrill, Cal","Holmes, Clay"
776627,2025-08-23,R,NYY,BOS,"Warren, Will","Crochet, Garrett"
776628,2025-08-23,R,PHI,WSH,"Nola, Aaron","Parker, Mitchell"
776629,2025-08-23,R,BAL,HOU,"Kremer, Dean","Javier, Cristian"
776630,2025-08-23,R,MIA,TOR,"Junk, Janson","Berríos, José"
776632,2025-08-23,R,PIT,COL,"Burrows, Mike","Freeland, Kyle"
776602,2025-08-24,R,SEA,ATH,"Gilbert, Logan","Lopez, Jacob"
776603,2025-08-24,R,SD,LAD,"Pivetta, Nick","Yamamoto, Yoshinobu"
776605,2025-08-24,R,LAA,CHC,"Hendricks, Kyle","Taillon, Jameson"
776606,2025-08-24,R,TB,STL,"Pepiot, Ryan","Liberatore, Matthew"
776607,2025-08-24,R,CWS,MIN,"Gómez, Yoendrys","Bradley, Taj"
776608,2025-08-24,R,MIL,SF,"Patrick, Chad","Ray, Robbie"
776609,2025-08-24,R,AZ,CIN,"Gallen, Zac","Singer, Brady"
776610,2025-08-24,R,PIT,COL,"Skenes, Paul","Brown, McCade"
776611,2025-08-24,R,TEX,CLE,"Kelly, Merrill","Williams, Gavin"
776612,2025-08-24,R,BAL,HOU,"Rogers, Trevor","Arrighetti, Spencer"
776613,2025-08-24,R,PHI,WSH,"Suarez, Ranger","Irvin, Jake"
776614,2025-08-24,R,MIA,TOR,"Pérez, Eury","Gausman, Kevin"
776615,2025-08-24,R,DET,KC,"Flaherty, Jack","Lugo, Seth"
776616,2025-08-24,R,NYY,BOS,"Rodón, Carlos","May, Dustin"
776624,2025-08-24,R,ATL,NYM,"Elder, Bryce","Peterson, David"
776589,2025-08-25,R,STL,PIT,"McGreevy, Michael","Oviedo, Johan"
776590,2025-08-25,R,ATH,DET,"Ginn, J.T.","Skubal, Tarik"
776592,2025-08-25,R,TEX,LAA,"deGrom, Jacob","Soriano, José"
776593,2025-08-25,R,MIL,AZ,"Woodruff, Brandon","Rodriguez, Eduardo"
776594,2025-08-25,R,LAD,CIN,"Sheehan, Emmet","Greene, Hunter"
776595,2025-08-25,R,SEA,SD,"Miller, Bryce","Sears, JP"
776596,2025-08-25,R,TOR,MIN,"Scherzer, Max","Ryan, Joe"
776597,2025-08-25,R,NYY,WSH,"Schlittler, Cam","Lord, Brad"
776598,2025-08-25,R,NYM,PHI,"Senga, Kodai","Sánchez, Cristopher"
776599,2025-08-25,R,CWS,KC,"Smith, Shane","Cameron, Noah"
776600,2025-08-25,R,MIA,ATL,"Cabrera, Edward","Strider, Spencer"
776601,2025-08-25,R,CLE,TB,"Bibee, Tanner","Seymour, Ian"
776604,2025-08-25,R,BAL,BOS,"Sugano, Tomoyuki","Bernardino, Brennan"
776573,2025-08-26,R,ATH,DET,"Bido, Osvaldo","Morton, Charlie"
776574,2025-08-26,R,LAD,CIN,"Kershaw, Clayton","Martinez, Nick"
776575,2025-08-26,R,TEX,LAA,"Corbin, Patrick","Kikuchi, Yusei"
776576,2025-08-26,R,SF,CHC,"Verlander, Justin","Boyd, Matthew"
776577,2025-08-26,R,SEA,SD,"Castillo, Luis","Cease, Dylan"
776578,2025-08-26,R,STL,PIT,"Pallante, Andre","Keller, Mitch"
776581,2025-08-26,R,MIA,ATL,"Alcantara, Sandy","Waldrep, Hurston"
776582,2025-08-26,R,TOR,MIN,"Bassitt, Chris","Ober, Bailey"
776583,2025-08-26,R,CWS,KC,"Pérez, Martín","Lorenzen, Michael"
776584,2025-08-26,R,CLE,TB,"Messick, Parker","Baz, Shane"
776585,2025-08-26,R,NYM,PHI,"Manaea, Sean","Luzardo, Jesús"
776586,2025-08-26,R,MIL,AZ,"Misiorowski, Jacob","Pfaadt, Brandon"
776587,2025-08-26,R,HOU,COL,"Brown, Hunter","Gordon, Tanner"
776588,2025-08-26,R,NYY,WSH,"Gil, Luis","Gore, MacKenzie"
776591,2025-08-26,R,BAL,BOS,"Bradish, Kyle","Giolito, Lucas"
776557,2025-08-27,R,SF,CHC,"Whisenhunt, Carson","Rea, Colin"
776559,2025-08-27,R,ATH,DET,"Morales, Luis","Mize, Casey"
776561,2025-08-27,R,SEA,SD,"Woo, Bryan","Darvish, Yu"
776562,2025-08-27,R,LAD,CIN,"Ohtani, Shohei","Lodolo, Nick"
776563,2025-08-27,R,TEX,LAA,"Latz, Jacob","Kochanowicz, Jack"
776565,2025-08-27,R,MIA,ATL,"Gusto, Ryan","Wentz, Joey"
776566,2025-08-27,R,NYM,PHI,"McLean, Nolan","Walker, Taijuan"
776567,2025-08-27,R,TOR,MIN,"Lauer, Eric","Woods Richardson, Simeon"
776568,2025-08-27,R,STL,PIT,"Gray, Sonny","Mlodzinski, Carmen"
776569,2025-08-27,R,CWS,KC,"Civale, Aaron","Bergert, Ryan"
776570,2025-08-27,R,NYY,WSH,"Fried, Max","Cavalli, Cade"
776571,2025-08-27,R,HOU,COL,"Valdez, Framber","Dollander, Chase"
776572,2025-08-27,R,MIL,AZ,"Ashby, Aaron","Nelson, Ryne"
776579,2025-08-27,R,BAL,BOS,"Enns, Dietrich","Bello, Brayan"
776580,2025-08-27,R,CLE,TB,"Cecconi, Slade","Rasmussen, Drew"
776550,2025-08-28,R,SF,CHC,"Webb, Logan","Imanaga, Shota"
776553,2025-08-28,R,MIL,AZ,"Quintana, Jose","Crismatt, Nabil"
776554,2025-08-28,R,STL,PIT,"Mikolas, Miles","Ashcraft, Braxton"
776555,2025-08-28,R,HOU,COL,"Alexander, Jason","Freeland, Kyle"
776556,2025-08-28,R,CWS,NYY,"Martin, Davis","Warren, Will"
776558,2025-08-28,R,NYM,MIA,"Holmes, Clay","Mazur, Adam"
776560,2025-08-28,R,PHI,ATL,"Nola, Aaron","Quantrill, Cal"
776564,2025-08-28,R,BAL,BOS,"Povich, Cade","Crochet, Garrett"
776533,2025-08-29,R,SF,BAL,"Ray, Robbie","Kremer, Dean"
776534,2025-08-29,R,LAD,AZ,"Snell, Blake","Gallen, Zac"
776538,2025-08-29,R,ATH,TEX,"Springs, Jeffrey","Leiter, Jack"
776540,2025-08-29,R,KC,DET,"Lugo, Seth","Paddack, Chris"
776541,2025-08-29,R,MIN,SD,"Matthews, Zebby","Cortes, Nestor"
776542,2025-08-29,R,COL,CHC,"Márquez, Germán","Horton, Cade"
776543,2025-08-29,R,HOU,LAA,"Javier, Cristian","Anderson, Tyler"
776544,2025-08-29,R,CWS,NYY,"Gómez, Yoendrys","Rodón, Carlos"
776545,2025-08-29,R,WSH,TB,"Parker, Mitchell","Houser, Adrian"
776546,2025-08-29,R,TOR,MIL,"Bieber, Shane","Peralta, Freddy"
776547,2025-08-29,R,CLE,SEA,"Allen, Logan","Kirby, George"
776548,2025-08-29,R,NYM,MIA,"Tong, Jonah","Pérez, Eury"
776549,2025-08-29,R,BOS,PIT,"Tolle, Payton","Skenes, Paul"
776551,2025-08-29,R,CIN,STL,"Littell, Zack","Liberatore, Matthew"
776552,2025-08-29,R,PHI,ATL,"Suarez, Ranger","Elder, Bryce"
776516,2025-08-30,R,SF,BAL,"Seymour, Carson","Rogers, Trevor"
776523,2025-08-30,R,LAD,AZ,"Glasnow, Tyler","Rodriguez, Eduardo"
776524,2025-08-30,R,ATH,TEX,"Barnett, Mason","Kelly, Merrill"
776525,2025-08-30,R,WSH,TB,"Irvin, Jake","Pepiot, Ryan"
776526,2025-08-30,R,COL,CHC,"Brown, McCade","Assad, Javier"
776527,2025-08-30,R,TOR,MIL,"Gausman, Kevin","Priester, Quinn"
776528,2025-08-30,R,KC,DET,"Kolek, Stephen","Flaherty, Jack"
776529,2025-08-30,R,CWS,NYY,"Smith, Shane","Schlittler, Cam"
776530,2025-08-30,R,MIN,SD,"Bradley, Taj","Pivetta, Nick"
776531,2025-08-30,R,HOU,LAA,"Arrighetti, Spencer","Hendricks, Kyle"
776532,2025-08-30,R,PHI,ATL,"Sánchez, Cristopher","Sale, Chris"
776535,2025-08-30,R,NYM,MIA,"Peterson, David","Cabrera, Edward"
776536,2025-08-30,R,CIN,STL,"Abbott, Andrew","McGreevy, Michael"
776537,2025-08-30,R,CLE,SEA,"Williams, Gavin","Gilbert, Logan"
776539,2025-08-30,R,BOS,PIT,"May, Dustin","Oviedo, Johan"
776507,2025-08-31,R,SF,BAL,"Verlander, Justin","Sugano, Tomoyuki"
776508,2025-08-31,R,ATH,TEX,"Ginn, J.T.","deGrom, Jacob"
776509,2025-08-31,R,LAD,AZ,"Yamamoto, Yoshinobu","Pfaadt, Brandon"
776510,2025-08-31,R,HOU,LAA,"Brown, Hunter","Soriano, José"
776511,2025-08-31,R,COL,CHC,"Gordon, Tanner","Boyd, Matthew"
776512,2025-08-31,R,KC,DET,"Wacha, Michael","Skubal, Tarik"
776513,2025-08-31,R,MIN,SD,"Ryan, Joe","Morgan, David"
776514,2025-08-31,R,CWS,NYY,"Pérez, Martín","Gil, Luis"
776515,2025-08-31,R,TOR,MIL,"Scherzer, Max","Woodruff, Brandon"
776517,2025-08-31,R,BOS,PIT,"Giolito, Lucas","Keller, Mitch"
776518,2025-08-31,R,CIN,STL,"Singer, Brady","Pallante, Andre"
776519,2025-08-31,R,NYM,MIA,"Senga, Kodai","Alcantara, Sandy"
776520,2025-08-31,R,WSH,TB,"Lord, Brad","Seymour, Ian"
776521,2025-08-31,R,CLE,SEA,"Bibee, Tanner","Miller, Bryce"
776522,2025-08-31,R,PHI,ATL,"Luzardo, Jesús","Waldrep, Hurston"
776492,2025-09-01,R,COL,SF,"Dollander, Chase","Teng, Kai-Wei"
776494,2025-09-01,R,SD,BAL,"Cease, Dylan","Bradish, Kyle"
776495,2025-09-01,R,AZ,TEX,"Nelson, Ryne","Corbin, Patrick"
776497,2025-09-01,R,STL,ATH,"Gray, Sonny","Morales, Luis"
776498,2025-09-01,R,WSH,MIA,"Alvarez, Andrew","Bachar, Lake"
776499,2025-09-01,R,HOU,LAA,"Garcia, Luis","Kikuchi, Yusei"
776500,2025-09-01,R,MIL,PHI,"Misiorowski, Jacob","Walker, Taijuan"
776501,2025-09-01,R,DET,NYM,"Morton, Charlie","Manaea, Sean"
776502,2025-09-01,R,MIN,CWS,"Ober, Bailey","Ellard, Fraser"
776503,2025-09-01,R,CIN,TOR,"Greene, Hunter","Bassitt, Chris"
776504,2025-09-01,R,TB,SEA,"Baz, Shane","Castillo, Luis"
776505,2025-09-01,R,BOS,CLE,"Bello, Brayan","Messick, Parker"
776506,2025-09-01,R,CHC,ATL,"Rea, Colin","Strider, Spencer"
776480,2025-09-02,R,SD,BAL,"Darvish, Yu","Wells, Tyler"
776481,2025-09-02,R,AZ,TEX,"Crismatt, Nabil","Latz, Jacob"
776482,2025-09-02,R,WSH,MIA,"Cavalli, Cade","Mazur, Adam"
776483,2025-09-02,R,STL,ATH,"Mikolas, Miles","Severino, Luis"
776484,2025-09-02,R,MIN,CWS,"Woods Richardson, Simeon","Martin, Davis"
776485,2025-09-02,R,TB,SEA,"Rasmussen, Drew","Woo, Bryan"
776486,2025-09-02,R,COL,SF,"Freeland, Kyle","Webb, Logan"
776487,2025-09-02,R,CHC,ATL,"Imanaga, Shota","Wentz, Joey"
776488,2025-09-02,R,KC,LAA,"Lorenzen, Michael","Farris, Mitch"
776489,2025-09-02,R,HOU,NYY,"Valdez, Framber","Fried, Max"
776490,2025-09-02,R,DET,NYM,"Gipson-Long, Sawyer","McLean, Nolan"
776491,2025-09-02,R,CIN,TOR,"Barlow, Scott","Berríos, José"
776493,2025-09-02,R,BOS,CLE,"Crochet, Garrett","Cecconi, Slade"
776496,2025-09-02,R,PIT,LAD,"Mlodzinski, Carmen","Kershaw, Clayton"
776465,2025-09-03,R,SD,BAL,"Cortes, Nestor","Povich, Cade"
776466,2025-09-03,R,KC,LAA,"Bergert, Ryan","Dana, Caden"
776467,2025-09-03,R,COL,SF,"Márquez, Germán","Ray, Robbie"
776468,2025-09-03,R,AZ,TEX,"Gallen, Zac","Leiter, Jack"
776469,2025-09-03,R,MIN,CWS,"Matthews, Zebby","Gómez, Yoendrys"
776470,2025-09-03,R,STL,ATH,"Liberatore, Matthew","Springs, Jeffrey"
776471,2025-09-03,R,MIL,PHI,"Quintana, Jose","Nola, Aaron"
776472,2025-09-03,R,HOU,NYY,"Alexander, Jason","Warren, Will"
776473,2025-09-03,R,CHC,ATL,"Horton, Cade","Elder, Bryce"
776474,2025-09-03,R,BOS,CLE,"Bernardino, Brennan","Cantillo, Joey"
776475,2025-09-03,R,CIN,TOR,"Littell, Zack","Bieber, Shane"
776476,2025-09-03,R,TB,SEA,"Houser, Adrian","Kirby, George"
776477,2025-09-03,R,WSH,MIA,"Parker, Mitchell","Pérez, Eury"
776478,2025-09-03,R,DET,NYM,"Mize, Casey","Holmes, Clay"
776479,2025-09-03,R,PIT,LAD,"Ashcraft, Braxton","Sheehan, Emmet"
776458,2025-09-04,R,TB,CLE,"Pepiot, Ryan","Allen, Logan"
776459,2025-09-04,R,MIL,PHI,"Peralta, Freddy","Suarez, Ranger"
776461,2025-09-04,R,PIT,LAD,"Skenes, Paul","Snell, Blake"
776462,2025-09-04,R,MIN,CWS,"Bradley, Taj","Ellard, Fraser"
776463,2025-09-04,R,KC,LAA,"Cameron, Noah","Hendricks, Kyle"
776464,2025-09-04,R,HOU,NYY,"Javier, Cristian","Rodón, Carlos"
776442,2025-09-05,R,COL,SD,"Freeland, Kyle","Pivetta, Nick"
776444,2025-09-05,R,LAA,ATH,"Soriano, José","Barnett, Mason"
776445,2025-09-05,R,STL,SF,"McGreevy, Michael","Seymour, Carson"
776446,2025-09-05,R,KC,MIN,"Wacha, Michael","López, Pablo"
776448,2025-09-05,R,AZ,BOS,"Rodriguez, Eduardo","Tolle, Payton"
776449,2025-09-05,R,TEX,HOU,"Kelly, Merrill","Gordon, Colton"
776450,2025-09-05,R,CIN,NYM,"Abbott, Andrew","Peterson, David"
776451,2025-09-05,R,TB,CLE,"Jax, Griffin","Williams, Gavin"
776452,2025-09-05,R,DET,CWS,"Flaherty, Jack","Smith, Shane"
776453,2025-09-05,R,PIT,MIL,"Oviedo, Johan","Priester, Quinn"
776454,2025-09-05,R,BAL,LAD,"Kremer, Dean","Ohtani, Shohei"
776455,2025-09-05,R,CHC,WSH,"Assad, Javier","Irvin, Jake"
776456,2025-09-05,R,MIA,PHI,"Bellozo, Valente","Sánchez, Cristopher"
776457,2025-09-05,R,NYY,TOR,"Schlittler, Cam","Gausman, Kevin"
776460,2025-09-05,R,ATL,SEA,"Sale, Chris","Gilbert, Logan"
776424,2025-09-06,R,AZ,BOS,"Pfaadt, Brandon","Giolito, Lucas"
776430,2025-09-06,R,LAA,ATH,"Kikuchi, Yusei","Ginn, J.T."
776431,2025-09-06,R,COL,SD,"Brown, McCade","Vásquez, Randy"
776432,2025-09-06,R,TEX,HOU,"deGrom, Jacob","Brown, Hunter"
776433,2025-09-06,R,MIA,PHI,"Alcantara, Sandy","Luzardo, Jesús"
776434,2025-09-06,R,KC,MIN,"Kolek, Stephen","Ryan, Joe"
776435,2025-09-06,R,DET,CWS,"Skubal, Tarik","Pérez, Martín"
776436,2025-09-06,R,NYY,TOR,"Gil, Luis","Bassitt, Chris"
776437,2025-09-06,R,STL,SF,"Pallante, Andre","Verlander, Justin"
776438,2025-09-06,R,TB,CLE,"Baz, Shane","Bibee, Tanner"
776439,2025-09-06,R,CIN,NYM,"Singer, Brady","Tong, Jonah"
776440,2025-09-06,R,CHC,WSH,"Boyd, Matthew","Lord, Brad"
776441,2025-09-06,R,PIT,MIL,"Keller, Mitch","Woodruff, Brandon"
776443,2025-09-06,R,BAL,LAD,"Rogers, Trevor","Yamamoto, Yoshinobu"
776447,2025-09-06,R,ATL,SEA,"Waldrep, Hurston","Miller, Bryce"
776414,2025-09-07,R,LAA,ATH,"Farris, Mitch","Severino, Luis"
776415,2025-09-07,R,AZ,BOS,"Nelson, Ryne","Bello, Brayan"
776416,2025-09-07,R,STL,SF,"Gray, Sonny","Teng, Kai-Wei"
776417,2025-09-07,R,COL,SD,"Gordon, Tanner","Cease, Dylan"
776418,2025-09-07,R,TEX,HOU,"Corbin, Patrick","Valdez, Framber"
776419,2025-09-07,R,PIT,MIL,"Chandler, Bubba","Misiorowski, Jacob"
776420,2025-09-07,R,CHC,WSH,"Pomeranz, Drew","Alvarez, Andrew"
776421,2025-09-07,R,TB,CLE,"Rasmussen, Drew","Messick, Parker"
776422,2025-09-07,R,KC,MIN,"Lorenzen, Michael","Ober, Bailey"
776423,2025-09-07,R,NYY,TOR,"Fried, Max","Scherzer, Max"
776425,2025-09-07,R,DET,CWS,"Morton, Charlie","Martin, Davis"
776426,2025-09-07,R,MIA,PHI,"Phillips, Tyler","Walker, Taijuan"
776427,2025-09-07,R,BAL,LAD,"Sugano, Tomoyuki","Kershaw, Clayton"
776428,2025-09-07,R,ATL,SEA,"Wentz, Joey","Castillo, Luis"
776429,2025-09-07,R,CIN,NYM,"Greene, Hunter","Sproat, Brandon"
776399,2025-09-08,R,SF,AZ,"Webb, Logan","Crismatt, Nabil"
776400,2025-09-08,R,SEA,STL,"Woo, Bryan","Mikolas, Miles"
776405,2025-09-08,R,PHI,NYM,"Nola, Aaron","McLean, Nolan"
776406,2025-09-08,R,TEX,MIL,"Latz, Jacob","Quintana, Jose"
776407,2025-09-08,R,SD,CIN,"Darvish, Yu","Lodolo, Nick"
776408,2025-09-08,R,LAD,COL,"Glasnow, Tyler","Dollander, Chase"
776409,2025-09-08,R,MIA,WSH,"Junk, Janson","Cavalli, Cade"
776410,2025-09-08,R,ATH,BOS,"Morales, Luis","Crochet, Garrett"
776411,2025-09-08,R,LAA,MIN,"Dana, Caden","Woods Richardson, Simeon"
776412,2025-09-08,R,ATL,CHC,"Elder, Bryce","Imanaga, Shota"
776413,2025-09-08,R,CLE,KC,"Cecconi, Slade","Bergert, Ryan"
776388,2025-09-09,R,CWS,TB,"Gómez, Yoendrys","Houser, Adrian"
776389,2025-09-09,R,LAD,COL,"Sheehan, Emmet","Márquez, Germán"
776390,2025-09-09,R,LAA,MIN,"Hendricks, Kyle","Matthews, Zebby"
776391,2025-09-09,R,SEA,STL,"Kirby, George","Liberatore, Matthew"
776392,2025-09-09,R,SD,CIN,"King, Michael","Littell, Zack"
776393,2025-09-09,R,TOR,HOU,"Bieber, Shane","Garcia, Luis"
776394,2025-09-09,R,SF,AZ,"Ray, Robbie","Gallen, Zac"
776395,2025-09-09,R,TEX,MIL,"Leiter, Jack","Patrick, Chad"
776396,2025-09-09,R,ATH,BOS,"Springs, Jeffrey","Early, Connelly"
776397,2025-09-09,R,MIA,WSH,"Mazur, Adam","Parker, Mitchell"
776398,2025-09-09,R,NYY,DET,"Warren, Will","Mize, Casey"
776401,2025-09-09,R,BAL,PIT,"Bradish, Kyle","Burrows, Mike"
776402,2025-09-09,R,ATL,CHC,"Strider, Spencer","Horton, Cade"
776403,2025-09-09,R,CLE,KC,"Cantillo, Joey","Cameron, Noah"
776404,2025-09-09,R,PHI,NYM,"Suarez, Ranger","Manaea, Sean"
776373,2025-09-10,R,SEA,STL,"Gilbert, Logan","McGreevy, Michael"
776374,2025-09-10,R,SF,AZ,"Seymour, Carson","Rodriguez, Eduardo"
776375,2025-09-10,R,TEX,MIL,"Kelly, Merrill","Peralta, Freddy"
776376,2025-09-10,R,LAA,MIN,"Ureña, José","Bradley, Taj"
776377,2025-09-10,R,SD,CIN,"Pivetta, Nick","Abbott, Andrew"
776378,2025-09-10,R,CWS,TB,"Burke, Sean","Jax, Griffin"
776379,2025-09-10,R,ATH,BOS,"Barnett, Mason","Tolle, Payton"
776380,2025-09-10,R,LAD,COL,"Snell, Blake","Freeland, Kyle"
776381,2025-09-10,R,ATL,CHC,"Sale, Chris","Taillon, Jameson"
776382,2025-09-10,R,CLE,KC,"Allen, Logan","Bowlan, Jonathan"
776383,2025-09-10,R,NYY,DET,"Rodón, Carlos","Flaherty, Jack"
776384,2025-09-10,R,PHI,NYM,"Sánchez, Cristopher","Holmes, Clay"
776385,2025-09-10,R,TOR,HOU,"Berríos, José","Alexander, Jason"
776386,2025-09-10,R,MIA,WSH,"Pérez, Eury","Irvin, Jake"
776387,2025-09-10,R,BAL,PIT,"Wells, Tyler","Skenes, Paul"
776362,2025-09-11,R,SEA,LAA,"Miller, Bryce","Soriano, José"
776364,2025-09-11,R,CWS,TB,"Smith, Shane","Seymour, Ian"
776365,2025-09-11,R,SD,COL,"Vásquez, Randy","Brown, McCade"
776367,2025-09-11,R,MIA,WSH,"Weathers, Ryan","Gore, MacKenzie"
776368,2025-09-11,R,NYY,DET,"Schlittler, Cam","Holton, Tyler"
776369,2025-09-11,R,TOR,HOU,"Gausman, Kevin","Javier, Cristian"
776370,2025-09-11,R,CLE,KC,"Williams, Gavin","Kolek, Stephen"
776371,2025-09-11,R,PHI,NYM,"Luzardo, Jesús","Peterson, David"
776372,2025-09-11,R,BAL,PIT,"Povich, Cade","Oviedo, Johan"
776345,2025-09-12,R,SEA,LAA,"Castillo, Luis","Kikuchi, Yusei"
776350,2025-09-12,R,SF,LAD,"Verlander, Justin","Yamamoto, Yoshinobu"
776351,2025-09-12,R,WSH,PIT,"Lord, Brad","Keller, Mitch"
776352,2025-09-12,R,CHC,TB,"Boyd, Matthew","Baz, Shane"
776353,2025-09-12,R,TOR,BAL,"Bassitt, Chris","Rogers, Trevor"
776354,2025-09-12,R,PHI,KC,"Buehler, Walker","Lorenzen, Michael"
776355,2025-09-12,R,MIN,AZ,"López, Pablo","Pfaadt, Brandon"
776356,2025-09-12,R,MIL,STL,"Priester, Quinn","Pallante, Andre"
776357,2025-09-12,R,SD,COL,"Sears, JP","Gordon, Tanner"
776358,2025-09-12,R,ATH,CIN,"Ginn, J.T.","Singer, Brady"
776359,2025-09-12,R,NYM,TEX,"Tong, Jonah","deGrom, Jacob"
776360,2025-09-12,R,ATL,HOU,"Waldrep, Hurston","Murray, Jayden"
776361,2025-09-12,R,CLE,CWS,"Bibee, Tanner","Pérez, Martín"
776363,2025-09-12,R,BOS,NYY,"Giolito, Lucas","Gil, Luis"
776366,2025-09-12,R,MIA,DET,"Alcantara, Sandy","Skubal, Tarik"
776328,2025-09-13,R,SF,LAD,"Webb, Logan","Kershaw, Clayton"
776333,2025-09-13,R,SEA,LAA,"Woo, Bryan","Farris, Mitch"
776336,2025-09-13,R,WSH,PIT,"Alvarez, Andrew","Chandler, Bubba"
776337,2025-09-13,R,MIN,AZ,"Ryan, Joe","Nelson, Ryne"
776338,2025-09-13,R,CHC,TB,"Rea, Colin","Rasmussen, Drew"
776339,2025-09-13,R,MIL,STL,"Misiorowski, Jacob","Gray, Sonny"
776340,2025-09-13,R,ATH,CIN,"Severino, Luis","Greene, Hunter"
776341,2025-09-13,R,SD,COL,"Cease, Dylan","Blalock, Bradley"
776342,2025-09-13,R,PHI,KC,"Walker, Taijuan","Bergert, Ryan"
776343,2025-09-13,R,TOR,BAL,"Scherzer, Max","Sugano, Tomoyuki"
776344,2025-09-13,R,BOS,NYY,"Bello, Brayan","Fried, Max"
776346,2025-09-13,R,ATL,HOU,"Elder, Bryce","Brown, Hunter"
776347,2025-09-13,R,MIA,DET,"Junk, Janson","Morton, Charlie"
776348,2025-09-13,R,CLE,CWS,"Messick, Parker","Martin, Davis"
776349,2025-09-13,R,NYM,TEX,"Sproat, Brandon","Corbin, Patrick"
776317,2025-09-14,R,SEA,LAA,"Kirby, George","Hendricks, Kyle"
776320,2025-09-14,R,WSH,PIT,"Cavalli, Cade","Burrows, Mike"
776321,2025-09-14,R,CHC,TB,"Imanaga, Shota","Houser, Adrian"
776322,2025-09-14,R,TOR,BAL,"Bieber, Shane","Suárez, Albert"
776323,2025-09-14,R,SD,COL,"Darvish, Yu","Márquez, Germán"
776324,2025-09-14,R,MIN,AZ,"Ober, Bailey","Crismatt, Nabil"
776325,2025-09-14,R,SF,LAD,"Ray, Robbie","Glasnow, Tyler"
776326,2025-09-14,R,MIL,STL,"Quintana, Jose","Mikolas, Miles"
776327,2025-09-14,R,ATH,CIN,"Morales, Luis","Lodolo, Nick"
776329,2025-09-14,R,ATL,HOU,"Wentz, Joey","Valdez, Framber"
776330,2025-09-14,R,BOS,NYY,"Crochet, Garrett","Warren, Will"
776331,2025-09-14,R,CLE,CWS,"Cecconi, Slade","Gómez, Yoendrys"
776332,2025-09-14,R,MIA,DET,"Mazur, Adam","Montero, Keider"
776334,2025-09-14,R,PHI,KC,"Nola, Aaron","Cameron, Noah"
776335,2025-09-14,R,NYM,TEX,"McLean, Nolan","Latz, Jacob"
776309,2025-09-15,R,AZ,SF,"Gallen, Zac","Teng, Kai-Wei"
776311,2025-09-15,R,LAD,PHI,"Banda, Anthony","Suarez, Ranger"
776312,2025-09-15,R,STL,CIN,"Liberatore, Matthew","Littell, Zack"
776313,2025-09-15,R,MIN,NYY,"Woods Richardson, Simeon","Rodón, Carlos"
776314,2025-09-15,R,CWS,BAL,"Gilbert, Tyler","Bradish, Kyle"
776315,2025-09-15,R,WSH,ATL,"Parker, Mitchell","Strider, Spencer"
776316,2025-09-15,R,TB,TOR,"Boyle, Joe","Yesavage, Trey"
776318,2025-09-15,R,PIT,CHC,"Ashcraft, Braxton","Taillon, Jameson"
776319,2025-09-15,R,HOU,TEX,"Alexander, Jason","Leiter, Jack"
776293,2025-09-16,R,COL,MIA,"Freeland, Kyle","Pérez, Eury"
776294,2025-09-16,R,AZ,SF,"Rodriguez, Eduardo","Beck, Tristan"
776295,2025-09-16,R,MIL,LAA,"Peralta, Freddy","Dana, Caden"
776297,2025-09-16,R,LAD,PHI,"Ohtani, Shohei","Sánchez, Cristopher"
776298,2025-09-16,R,MIN,NYY,"Matthews, Zebby","Schlittler, Cam"
776300,2025-09-16,R,STL,CIN,"McGreevy, Michael","Abbott, Andrew"
776301,2025-09-16,R,HOU,TEX,"Blubaugh, AJ","Kelly, Merrill"
776302,2025-09-16,R,KC,SEA,"Wacha, Michael","Gilbert, Logan"
776303,2025-09-16,R,DET,CLE,"Mize, Casey","Cantillo, Joey"
776304,2025-09-16,R,NYM,SD,"Holmes, Clay","King, Michael"
776305,2025-09-16,R,TB,TOR,"Pepiot, Ryan","Berríos, José"
776306,2025-09-16,R,CWS,BAL,"Smith, Shane","Kremer, Dean"
776307,2025-09-16,R,WSH,ATL,"Gore, MacKenzie","Sale, Chris"
776308,2025-09-16,R,PIT,CHC,"Skenes, Paul","Horton, Cade"
776310,2025-09-16,R,BOS,ATH,"Early, Connelly","Springs, Jeffrey"
777825,2025-09-16,R,WSH,ATL,"Irvin, Jake","Suarez, José"
776277,2025-09-17,R,COL,MIA,"Brown, McCade","Weathers, Ryan"
776279,2025-09-17,R,AZ,SF,"Pfaadt, Brandon","Verlander, Justin"
776280,2025-09-17,R,LAD,PHI,"Snell, Blake","Luzardo, Jesús"
776283,2025-09-17,R,STL,CIN,"Pallante, Andre","Singer, Brady"
776284,2025-09-17,R,MIN,NYY,"Bradley, Taj","Gil, Luis"
776285,2025-09-17,R,CWS,BAL,"Pérez, Martín","Wells, Tyler"
776286,2025-09-17,R,WSH,ATL,"Lord, Brad","Waldrep, Hurston"
776287,2025-09-17,R,PIT,CHC,"Oviedo, Johan","Boyd, Matthew"
776288,2025-09-17,R,NYM,SD,"Peterson, David","Pivetta, Nick"
776289,2025-09-17,R,KC,SEA,"Ragans, Cole","Miller, Bryce"
776290,2025-09-17,R,TB,TOR,"Seymour, Ian","Gausman, Kevin"
776291,2025-09-17,R,MIL,LAA,"Woodruff, Brandon","Soriano, José"
776292,2025-09-17,R,HOU,TEX,"Javier, Cristian","deGrom, Jacob"
776296,2025-09-17,R,DET,CLE,"Flaherty, Jack","Williams, Gavin"
776299,2025-09-17,R,BOS,ATH,"Giolito, Lucas","Barnett, Mason"
776269,2025-09-18,R,TB,TOR,"Baz, Shane","Bassitt, Chris"
776270,2025-09-18,R,COL,MIA,"Gordon, Tanner","Alcantara, Sandy"
776271,2025-09-18,R,LAD,SF,"Yamamoto, Yoshinobu","Webb, Logan"
776272,2025-09-18,R,KC,SEA,"Kolek, Stephen","Castillo, Luis"
776274,2025-09-18,R,MIL,LAA,"Priester, Quinn","Kikuchi, Yusei"
776275,2025-09-18,R,DET,CLE,"Skubal, Tarik","Bibee, Tanner"
776276,2025-09-18,R,NYM,SD,"Tong, Jonah","Vásquez, Randy"
776278,2025-09-18,R,BAL,NYY,"Povich, Cade","Fried, Max"
776281,2025-09-18,R,BOS,ATH,"Bello, Brayan","Ginn, J.T."
776282,2025-09-18,R,CIN,CHC,"Greene, Hunter","Rea, Colin"
776251,2025-09-19,R,TEX,MIA,"Mahle, Tyler","Junk, Janson"
776253,2025-09-19,R,COL,LAA,"Blalock, Bradley","Farris, Mitch"
776255,2025-09-19,R,AZ,PHI,"Nelson, Ryne","Walker, Taijuan"
776256,2025-09-19,R,LAD,SF,"Kershaw, Clayton","Ray, Robbie"
776259,2025-09-19,R,NYM,WSH,"Sproat, Brandon","Alvarez, Andrew"
776260,2025-09-19,R,KC,TOR,"Lorenzen, Michael","Scherzer, Max"
776261,2025-09-19,R,TB,BOS,"Rasmussen, Drew","Crochet, Garrett"
776262,2025-09-19,R,HOU,SEA,"Brown, Hunter","Woo, Bryan"
776263,2025-09-19,R,MIN,CLE,"López, Pablo","Messick, Parker"
776264,2025-09-19,R,CWS,SD,"Martin, Davis","Cease, Dylan"
776265,2025-09-19,R,STL,MIL,"Gray, Sonny","Misiorowski, Jacob"
776266,2025-09-19,R,PIT,ATH,"Keller, Mitch","Severino, Luis"
776267,2025-09-19,R,CIN,CHC,"Lodolo, Nick","Imanaga, Shota"
776268,2025-09-19,R,DET,ATL,"Morton, Charlie","Elder, Bryce"
776273,2025-09-19,R,BAL,NYY,"Rogers, Trevor","Warren, Will"
776233,2025-09-20,R,LAD,SF,"Glasnow, Tyler","Teng, Kai-Wei"
776241,2025-09-20,R,COL,LAA,"Márquez, Germán","Hendricks, Kyle"
776242,2025-09-20,R,TEX,MIA,"Leiter, Jack","Mazur, Adam"
776243,2025-09-20,R,MIN,CLE,"Ober, Bailey","Allen, Logan"
776244,2025-09-20,R,STL,MIL,"Mikolas, Miles","Patrick, Chad"
776245,2025-09-20,R,KC,TOR,"Cameron, Noah","Bieber, Shane"
776246,2025-09-20,R,AZ,PHI,"Gallen, Zac","Nola, Aaron"
776247,2025-09-20,R,TB,BOS,"Houser, Adrian","Harrison, Kyle"
776248,2025-09-20,R,HOU,SEA,"Valdez, Framber","Kirby, George"
776249,2025-09-20,R,PIT,ATH,"Chandler, Bubba","Morales, Luis"
776250,2025-09-20,R,CWS,SD,"Gómez, Yoendrys","Darvish, Yu"
776252,2025-09-20,R,NYM,WSH,"McLean, Nolan","Cavalli, Cade"
776254,2025-09-20,R,CIN,CHC,"Littell, Zack","Assad, Javier"
776257,2025-09-20,R,BAL,NYY,"Sugano, Tomoyuki","Rodón, Carlos"
776258,2025-09-20,R,DET,ATL,"Montero, Keider","Wentz, Joey"
777839,2025-09-20,R,MIN,CLE,"Ryan, Joe","Cecconi, Slade"
776225,2025-09-21,R,MIN,CLE,"Woods Richardson, Simeon","Cantillo, Joey"
776226,2025-09-21,R,TEX,MIA,"Kelly, Merrill","Pérez, Eury"
776227,2025-09-21,R,LAD,SF,"Sheehan, Emmet","McDonald, Trevor"
776228,2025-09-21,R,HOU,SEA,"Alexander, Jason","Gilbert, Logan"
776229,2025-09-21,R,KC,TOR,"Wacha, Michael","Yesavage, Trey"
776230,2025-09-21,R,AZ,PHI,"Rodriguez, Eduardo","Suarez, Ranger"
776231,2025-09-21,R,STL,MIL,"Liberatore, Matthew","Gasser, Robert"
776232,2025-09-21,R,COL,LAA,"Freeland, Kyle","Dana, Caden"
776234,2025-09-21,R,PIT,ATH,"Burrows, Mike","Spence, Mitch"
776235,2025-09-21,R,CWS,SD,"Burke, Sean","King, Michael"
776236,2025-09-21,R,TB,BOS,"Boyle, Joe","Early, Connelly"
776237,2025-09-21,R,NYM,WSH,"Manaea, Sean","Irvin, Jake"
776238,2025-09-21,R,DET,ATL,"Mize, Casey","Strider, Spencer"
776239,2025-09-21,R,CIN,CHC,"Abbott, Andrew","Taillon, Jameson"
776240,2025-09-21,R,BAL,NYY,"Bradish, Kyle","Schlittler, Cam"
776220,2025-09-22,R,SF,STL,"Verlander, Justin","McGreevy, Michael"
776221,2025-09-22,R,ATL,WSH,"Sale, Chris","Gore, MacKenzie"
776222,2025-09-22,R,SD,MIL,"Pivetta, Nick","Peralta, Freddy"
776207,2025-09-23,R,LAA,KC,"Aldegheri, Sam","Ragans, Cole"
776208,2025-09-23,R,ATH,HOU,"Springs, Jeffrey","Javier, Cristian"
776209,2025-09-23,R,CHC,NYM,"Horton, Cade","Peterson, David"
776210,2025-09-23,R,TEX,MIN,"Corbin, Patrick","Matthews, Zebby"
776211,2025-09-23,R,SF,STL,"Webb, Logan","Pallante, Andre"
776212,2025-09-23,R,SEA,COL,"Miller, Bryce","Brown, McCade"
776213,2025-09-23,R,AZ,LAD,"Pfaadt, Brandon","Ohtani, Shohei"
776214,2025-09-23,R,SD,MIL,"Vásquez, Randy","Zimmermann, Bruce"
776215,2025-09-23,R,PHI,MIA,"Sánchez, Cristopher","Cabrera, Edward"
776216,2025-09-23,R,NYY,CWS,"Gil, Luis","Smith, Shane"
776217,2025-09-23,R,TOR,BOS,"Gausman, Kevin","Giolito, Lucas"
776218,2025-09-23,R,CLE,DET,"Williams, Gavin","Skubal, Tarik"
776219,2025-09-23,R,ATL,WSH,"Waldrep, Hurston","Lord, Brad"
776223,2025-09-23,R,BAL,TB,"Kremer, Dean","Pepiot, Ryan"
776224,2025-09-23,R,CIN,PIT,"Singer, Brady","Oviedo, Johan"
776192,2025-09-24,R,TEX,MIN,"deGrom, Jacob","Bradley, Taj"
776193,2025-09-24,R,AZ,LAD,"Nelson, Ryne","Snell, Blake"
776194,2025-09-24,R,SEA,COL,"Castillo, Luis","Gordon, Tanner"
776195,2025-09-24,R,ATH,HOU,"Severino, Luis","Brown, Hunter"
776196,2025-09-24,R,SF,STL,"Brubaker, JT","Gray, Sonny"
776197,2025-09-24,R,LAA,KC,"Kikuchi, Yusei","Kolek, Stephen"
776198,2025-09-24,R,SD,MIL,"Cease, Dylan","Patrick, Chad"
776199,2025-09-24,R,NYY,CWS,"Fried, Max","Ellard, Fraser"
776200,2025-09-24,R,ATL,WSH,"Elder, Bryce","Alvarez, Andrew"
776201,2025-09-24,R,PHI,MIA,"Luzardo, Jesús","Weathers, Ryan"
776202,2025-09-24,R,CIN,PIT,"Greene, Hunter","Skenes, Paul"
776203,2025-09-24,R,BAL,TB,"Wells, Tyler","Baz, Shane"
776204,2025-09-24,R,CLE,DET,"Bibee, Tanner","Flaherty, Jack"
776205,2025-09-24,R,CHC,NYM,"Boyd, Matthew","Tong, Jonah"
776206,2025-09-24,R,TOR,BOS,"Scherzer, Max","Crochet, Garrett"
776178,2025-09-25,R,LAA,KC,"Farris, Mitch","Lorenzen, Michael"
776179,2025-09-25,R,SEA,COL,"Hancock, Emerson","Blalock, Bradley"
776182,2025-09-25,R,ATH,HOU,"Ginn, J.T.","Valdez, Framber"
776183,2025-09-25,R,TEX,MIN,"Mahle, Tyler","Ober, Bailey"
776184,2025-09-25,R,NYY,CWS,"Rodón, Carlos","Martin, Davis"
776185,2025-09-25,R,AZ,LAD,"Beeks, Jalen","Yamamoto, Yoshinobu"
776186,2025-09-25,R,TOR,BOS,"Varland, Louis","Bello, Brayan"
776187,2025-09-25,R,CHC,NYM,"Imanaga, Shota","McLean, Nolan"
776188,2025-09-25,R,PHI,MIA,"Buehler, Walker","Junk, Janson"
776189,2025-09-25,R,CLE,DET,"Messick, Parker","Melton, Troy"
776190,2025-09-25,R,CIN,PIT,"Lodolo, Nick","Ashcraft, Braxton"
776191,2025-09-25,R,BAL,TB,"Povich, Cade","Rasmussen, Drew"
776165,2025-09-26,R,WSH,CWS,"Cavalli, Cade","Gómez, Yoendrys"
776166,2025-09-26,R,SF,COL,"McDonald, Trevor","Márquez, Germán"
776167,2025-09-26,R,CHC,STL,"Rea, Colin","Mikolas, Miles"
776168,2025-09-26,R,SEA,LAD,"Kirby, George","Sheehan, Emmet"
776169,2025-09-26,R,LAA,HOU,"Hendricks, Kyle","Alexander, Jason"
776170,2025-09-26,R,SD,AZ,"Darvish, Yu","Gallen, Zac"
776171,2025-09-26,R,MIL,CIN,"Priester, Quinn","Littell, Zack"
776172,2025-09-26,R,ATH,KC,"Barnett, Mason","Cameron, Noah"
776173,2025-09-26,R,MIA,NYM,"Alcantara, Sandy","Sproat, Brandon"
776174,2025-09-26,R,NYY,BAL,"Warren, Will","Rogers, Trevor"
776175,2025-09-26,R,CLE,TEX,"Cecconi, Slade","Leiter, Jack"
776176,2025-09-26,R,PHI,MIN,"Nola, Aaron","Ryan, Joe"
776177,2025-09-26,R,TOR,TB,"Bieber, Shane","Houser, Adrian"
776180,2025-09-26,R,ATL,PIT,"Wentz, Joey","Keller, Mitch"
776181,2025-09-26,R,BOS,DET,"Harrison, Kyle","Mize, Casey"
776146,2025-09-27,R,SF,COL,"Verlander, Justin","Freeland, Kyle"
776150,2025-09-27,R,SEA,LAD,"Gilbert, Logan","Glasnow, Tyler"
776152,2025-09-27,R,SD,AZ,"King, Michael","Rodriguez, Eduardo"
776153,2025-09-27,R,MIL,CIN,"Gasser, Robert","Abbott, Andrew"
776154,2025-09-27,R,ATH,KC,"Morales, Luis","Wacha, Michael"
776155,2025-09-27,R,LAA,HOU,"Dana, Caden","Blubaugh, AJ"
776156,2025-09-27,R,ATL,PIT,"Strider, Spencer","Chandler, Bubba"
776157,2025-09-27,R,BOS,DET,"Early, Connelly","Montero, Keider"
776158,2025-09-27,R,CLE,TEX,"Cantillo, Joey","Latz, Jacob"
776159,2025-09-27,R,TOR,TB,"Yesavage, Trey","Boyle, Joe"
776160,2025-09-27,R,WSH,CWS,"Irvin, Jake","Gilbert, Tyler"
776161,2025-09-27,R,MIA,NYM,"Pérez, Eury","Holmes, Clay"
776162,2025-09-27,R,NYY,BAL,"Schlittler, Cam","Sugano, Tomoyuki"
776163,2025-09-27,R,PHI,MIN,"Suarez, Ranger","Abel, Mick"
776164,2025-09-27,R,CHC,STL,"Taillon, Jameson","McGreevy, Michael"
776135,2025-09-28,R,LAA,HOU,"Aldegheri, Sam","McCullers Jr., Lance"
776136,2025-09-28,R,SD,AZ,"Sears, JP","Pfaadt, Brandon"
776137,2025-09-28,R,SF,COL,"Webb, Logan","Brown, McCade"
776138,2025-09-28,R,ATH,KC,"Basso, Brady","Ragans, Cole"
776139,2025-09-28,R,SEA,LAD,"Miller, Bryce","Kershaw, Clayton"
776140,2025-09-28,R,NYY,BAL,"Gil, Luis","Bradish, Kyle"
776141,2025-09-28,R,PHI,MIN,"Sánchez, Cristopher","Woods Richardson, Simeon"
776142,2025-09-28,R,CHC,STL,"Assad, Javier","Leahy, Kyle"
776143,2025-09-28,R,WSH,CWS,"Lord, Brad","Smith, Shane"
776144,2025-09-28,R,MIL,CIN,"Peralta, Freddy","Singer, Brady"
776145,2025-09-28,R,TOR,TB,"Gausman, Kevin","Seymour, Ian"
776147,2025-09-28,R,CLE,TEX,"Allen, Logan","Corbin, Patrick"
776148,2025-09-28,R,MIA,NYM,"Cabrera, Edward","Manaea, Sean"
776149,2025-09-28,R,ATL,PIT,"Morton, Charlie","Oviedo, Johan"
776151,2025-09-28,R,BOS,DET,"De León, José","Paddack, Chris"
813066,2025-09-30,F,CHC,SD,"Boyd, Matthew","Pivetta, Nick"
813069,2025-09-30,F,LAD,CIN,"Snell, Blake","Greene, Hunter"
813072,2025-09-30,F,CLE,DET,"Williams, Gavin","Skubal, Tarik"
813074,2025-09-30,F,NYY,BOS,"Fried, Max","Crochet, Garrett"
813064,2025-10-01,F,CHC,SD,"Kittredge, Andrew","Cease, Dylan"
813068,2025-10-01,F,LAD,CIN,"Yamamoto, Yoshinobu","Littell, Zack"
813070,2025-10-01,F,NYY,BOS,"Rodón, Carlos","Bello, Brayan"
813071,2025-10-01,F,CLE,DET,"Bibee, Tanner","Mize, Casey"
813059,2025-10-02,F,CHC,SD,"Taillon, Jameson","Darvish, Yu"
813065,2025-10-02,F,NYY,BOS,"Schlittler, Cam","Early, Connelly"
813073,2025-10-02,F,CLE,DET,"Cecconi, Slade","Flaherty, Jack"
813047,2025-10-04,D,MIL,CHC,"Peralta, Freddy","Boyd, Matthew"
813051,2025-10-04,D,PHI,LAD,"Sánchez, Cristopher","Ohtani, Shohei"
813058,2025-10-04,D,SEA,DET,"Kirby, George","Melton, Troy"
813063,2025-10-04,D,TOR,NYY,"Gausman, Kevin","Gil, Luis"
813057,2025-10-05,D,SEA,DET,"Castillo, Luis","Skubal, Tarik"
813062,2025-10-05,D,TOR,NYY,"Yesavage, Trey","Fried, Max"
813048,2025-10-06,D,MIL,CHC,"Ashby, Aaron","Imanaga, Shota"
813052,2025-10-06,D,PHI,LAD,"Luzardo, Jesús","Snell, Blake"
813056,2025-10-07,D,DET,SEA,"Flaherty, Jack","Gilbert, Logan"
813061,2025-10-07,D,NYY,TOR,"Rodón, Carlos","Bieber, Shane"
813041,2025-10-08,D,LAD,PHI,"Yamamoto, Yoshinobu","Nola, Aaron"
813049,2025-10-08,D,CHC,MIL,"Taillon, Jameson","Priester, Quinn"
813055,2025-10-08,D,DET,SEA,"Mize, Casey","Miller, Bryce"
813060,2025-10-08,D,NYY,TOR,"Schlittler, Cam","Varland, Louis"
813042,2025-10-09,D,LAD,PHI,"Glasnow, Tyler","Sánchez, Cristopher"
813050,2025-10-09,D,CHC,MIL,"Boyd, Matthew","Peralta, Freddy"
813054,2025-10-10,D,SEA,DET,"Kirby, George","Skubal, Tarik"
813046,2025-10-11,D,MIL,CHC,"Megill, Trevor","Pomeranz, Drew"
813040,2025-10-12,L,TOR,SEA,"Gausman, Kevin","Miller, Bryce"
813036,2025-10-13,L,MIL,LAD,"Ashby, Aaron","Snell, Blake"
813044,2025-10-13,L,TOR,SEA,"Yesavage, Trey","Gilbert, Logan"
813034,2025-10-14,L,MIL,LAD,"Peralta, Freddy","Yamamoto, Yoshinobu"
813043,2025-10-15,L,SEA,TOR,"Kirby, George","Bieber, Shane"
813033,2025-10-16,L,LAD,MIL,"Glasnow, Tyler","Ashby, Aaron"
813035,2025-10-16,L,SEA,TOR,"Castillo, Luis","Scherzer, Max"
813031,2025-10-17,L,LAD,MIL,"Ohtani, Shohei","Quintana, Jose"
813039,2025-10-17,L,SEA,TOR,"Miller, Bryce","Gausman, Kevin"
813038,2025-10-19,L,TOR,SEA,"Yesavage, Trey","Gilbert, Logan"
813037,2025-10-20,L,TOR,SEA,"Bieber, Shane","Kirby, George"
813027,2025-10-24,W,TOR,LAD,"Yesavage, Trey","Snell, Blake"
813026,2025-10-25,W,TOR,LAD,"Gausman, Kevin","Yamamoto, Yoshinobu"
813032,2025-10-27,W,LAD,TOR,"Glasnow, Tyler","Scherzer, Max"
813023,2025-10-28,W,LAD,TOR,"Ohtani, Shohei","Bieber, Shane"
813022,2025-10-29,W,LAD,TOR,"Snell, Blake","Yesavage, Trey"
813025,2025-10-31,W,TOR,LAD,"Gausman, Kevin","Yamamoto, Yoshinobu"
813024,2025-11-01,W,TOR,LAD,"Scherzer, Max","Ohtani, Shohei"
