team,game_date,appearances,pitches,bf,k,bb,hbp,hr,hits,fb,outs,runs,close_outs
ATH,2024-03-28,3,90,24,4,2,2,0,4,6,17.0,2,0.0
ATH,2024-03-29,2,68,16,3,4,0,0,2,4,12.0,1,3.0
ATH,2024-03-30,5,106,30,5,3,1,1,9,8,16.0,7,3.0
ATH,2024-03-31,3,39,13,2,1,1,0,4,1,6.0,3,5.0
ATH,2024-04-01,2,95,23,7,3,0,0,1,7,19.0,1,0.0
ATH,2024-04-02,6,86,24,8,2,0,0,6,3,18.0,2,18.0
ATH,2024-04-03,2,30,8,2,1,0,0,2,0,6.0,0,6.0
ATH,2024-04-05,4,41,11,3,3,0,0,2,2,7.0,1,7.0
ATH,2024-04-06,2,51,12,5,1,0,0,2,2,9.0,0,0.0
ATH,2024-04-07,3,65,17,1,0,0,1,5,4,12.0,1,0.0
ATH,2024-04-09,3,62,17,3,0,0,1,2,5,15.0,1,15.0
ATH,2024-04-10,2,28,7,0,1,0,0,1,2,6.0,0,0.0
ATH,2024-04-11,3,33,8,3,0,1,0,0,1,8.0,0,8.0
ATH,2024-04-12,5,60,14,6,1,0,1,3,3,11.0,1,11.0
ATH,2024-04-13,3,62,18,6,1,0,0,5,1,12.0,2,12.0
ATH,2024-04-14,4,72,18,4,1,0,0,5,4,14.0,2,9.0
ATH,2024-04-15,2,38,12,3,0,1,0,2,3,10.0,1,3.0
ATH,2024-04-16,3,61,16,5,3,0,0,2,2,12.0,2,12.0
ATH,2024-04-17,4,46,11,5,1,0,0,0,2,10.0,0,1.0
ATH,2024-04-19,1,38,11,0,0,0,1,4,2,6.0,3,0.0
ATH,2024-04-20,4,55,15,4,0,0,0,6,2,9.0,2,5.0
ATH,2024-04-21,3,51,15,4,1,3,0,2,3,9.0,3,5.0
ATH,2024-04-22,2,40,9,4,1,0,0,0,2,9.0,0,9.0
ATH,2024-04-23,2,36,8,0,1,2,0,0,0,6.0,0,6.0
ATH,2024-04-24,3,79,22,2,0,0,2,8,3,15.0,5,2.0
ATH,2024-04-25,4,50,14,6,1,0,0,3,1,10.0,0,10.0
ATH,2024-04-26,3,59,14,4,1,0,0,0,1,13.0,0,13.0
ATH,2024-04-27,1,20,6,1,0,0,0,1,2,5.0,0,0.0
ATH,2024-04-28,4,79,18,7,1,0,0,2,2,15.0,0,15.0
ATH,2024-04-29,2,39,12,3,1,0,0,1,4,12.0,0,0.0
ATH,2024-04-30,3,58,16,8,0,0,0,1,1,15.0,0,9.0
ATH,2024-05-01,5,61,14,3,4,0,0,1,3,9.0,0,0.0
ATH,2024-05-03,3,52,13,4,1,1,0,3,1,8.0,1,1.0
ATH,2024-05-04,2,35,10,1,1,0,1,3,2,6.0,3,0.0
ATH,2024-05-05,3,141,38,7,2,1,0,13,5,24.0,8,0.0
ATH,2024-05-06,3,72,17,5,4,0,1,3,4,9.0,4,9.0
ATH,2024-05-07,2,146,36,8,3,1,0,9,9,22.0,6,0.0
ATH,2024-05-08,6,189,47,11,5,0,0,14,7,29.0,10,16.0
ATH,2024-05-10,3,74,16,6,1,0,0,4,2,12.0,3,0.0
ATH,2024-05-11,4,54,13,2,0,0,0,1,4,12.0,0,6.0
ATH,2024-05-12,3,84,23,6,3,0,2,4,6,18.0,3,0.0
ATH,2024-05-13,3,71,17,2,2,0,1,6,4,9.0,6,5.0
ATH,2024-05-14,4,63,15,9,1,0,0,1,1,15.0,1,15.0
ATH,2024-05-15,2,11,4,0,0,0,0,1,0,3.0,0,0.0
ATH,2024-05-16,2,64,15,4,2,1,0,0,3,13.0,0,0.0
ATH,2024-05-17,3,67,18,1,2,0,2,6,7,10.0,5,1.0
ATH,2024-05-18,3,33,10,2,0,0,1,2,4,9.0,1,9.0
ATH,2024-05-19,4,65,17,1,2,0,0,5,3,11.0,5,1.0
ATH,2024-05-21,4,54,11,3,0,0,1,2,3,9.0,1,9.0
ATH,2024-05-22,6,123,34,7,2,0,1,7,11,27.0,2,27.0
ATH,2024-05-23,4,63,17,6,2,0,0,4,0,12.0,5,8.0
ATH,2024-05-24,3,70,21,1,2,0,0,4,6,16.0,0,0.0
ATH,2024-05-25,4,43,11,5,0,0,0,2,0,9.0,0,9.0
ATH,2024-05-26,2,57,17,4,2,0,0,2,3,14.0,0,0.0
ATH,2024-05-28,3,61,13,4,1,0,0,2,5,11.0,0,0.0
ATH,2024-05-29,5,64,16,3,1,0,0,7,1,12.0,3,12.0
ATH,2024-05-30,6,78,23,5,4,1,1,2,7,19.0,3,19.0
ATH,2024-05-31,1,8,3,1,0,0,0,0,1,3.0,0,0.0
ATH,2024-06-01,6,85,22,3,3,0,1,6,10,14.0,3,14.0
ATH,2024-06-02,3,50,15,2,3,0,0,5,4,7.0,2,7.0
ATH,2024-06-04,2,47,11,4,1,0,0,1,3,9.0,0,9.0
ATH,2024-06-05,4,62,13,2,2,1,1,3,3,8.0,1,8.0
ATH,2024-06-06,2,51,13,4,3,0,1,1,2,9.0,1,6.0
ATH,2024-06-07,3,44,12,3,0,1,0,2,3,9.0,1,9.0
ATH,2024-06-08,2,78,21,2,3,0,0,5,4,13.0,2,0.0
ATH,2024-06-09,3,59,15,2,3,1,0,2,3,9.0,4,7.0
ATH,2024-06-10,3,69,15,3,3,1,0,2,2,9.0,3,4.0
ATH,2024-06-11,4,56,14,2,2,0,1,3,6,12.0,1,12.0
ATH,2024-06-12,4,57,14,5,1,0,2,2,3,12.0,3,12.0
ATH,2024-06-13,2,48,14,0,1,0,1,5,4,9.0,2,5.0
ATH,2024-06-14,5,56,16,2,3,1,0,1,4,13.0,2,13.0
ATH,2024-06-16,7,132,36,7,3,0,2,9,11,27.0,4,16.0
ATH,2024-06-18,5,54,16,4,1,0,0,3,6,12.0,2,4.0
ATH,2024-06-19,4,49,12,4,1,0,0,2,4,10.0,0,4.0
ATH,2024-06-20,2,38,10,2,0,0,1,1,5,9.0,1,9.0
ATH,2024-06-21,3,45,15,2,2,0,1,5,4,9.0,3,9.0
ATH,2024-06-22,3,148,34,8,4,1,0,7,6,23.0,3,0.0
ATH,2024-06-23,3,36,9,4,0,0,0,1,0,9.0,1,1.0
ATH,2024-06-24,1,65,19,2,2,0,0,4,3,15.0,1,0.0
ATH,2024-06-25,3,39,12,1,3,0,1,1,1,8.0,1,3.0
ATH,2024-06-26,4,45,13,4,1,1,0,4,1,7.0,5,0.0
ATH,2024-06-28,4,49,13,3,1,1,0,2,2,9.0,1,6.0
ATH,2024-06-29,1,63,18,2,3,1,0,2,5,14.0,0,0.0
ATH,2024-06-30,3,50,13,0,3,2,0,4,0,6.0,4,2.0
ATH,2024-07-02,4,66,16,4,2,0,0,5,2,11.0,4,1.0
ATH,2024-07-04,4,55,16,5,1,1,0,2,3,12.0,0,0.0
ATH,2024-07-05,4,59,17,1,1,0,0,3,7,12.0,0,12.0
ATH,2024-07-06,2,88,24,5,2,0,2,10,5,12.0,7,0.0
ATH,2024-07-07,3,52,12,2,2,0,0,1,4,9.0,1,4.0
ATH,2024-07-09,4,126,31,9,4,2,2,6,6,19.0,6,0.0
ATH,2024-07-10,4,49,15,4,1,0,0,4,1,10.0,1,2.0
ATH,2024-07-11,2,49,11,6,0,0,1,3,2,9.0,2,0.0
ATH,2024-07-12,5,98,21,6,1,0,0,3,7,18.0,0,12.0
ATH,2024-07-13,5,79,22,6,4,1,1,4,3,13.0,5,0.0
ATH,2024-07-14,3,36,9,2,0,0,0,0,1,9.0,0,0.0
ATH,2024-07-19,4,49,12,4,2,0,0,0,3,10.0,0,0.0
ATH,2024-07-20,3,57,13,3,1,0,0,1,6,11.0,0,0.0
ATH,2024-07-21,4,87,20,5,2,1,0,7,4,10.0,5,9.0
ATH,2024-07-22,3,37,8,2,0,0,0,1,1,7.0,0,0.0
ATH,2024-07-23,4,61,17,3,0,0,1,5,3,12.0,1,0.0
ATH,2024-07-24,1,41,11,3,1,0,0,2,2,9.0,1,0.0
ATH,2024-07-25,4,43,10,5,0,0,0,1,2,10.0,0,10.0
ATH,2024-07-26,3,56,17,2,2,0,0,3,8,12.0,0,12.0
ATH,2024-07-27,3,44,11,3,1,0,0,1,3,9.0,0,9.0
ATH,2024-07-28,4,71,21,2,3,1,0,4,5,13.0,1,13.0
ATH,2024-07-30,3,40,10,3,2,0,0,2,1,6.0,2,0.0
ATH,2024-07-31,3,35,8,3,1,0,0,0,1,7.0,0,7.0
ATH,2024-08-02,4,67,16,5,2,1,1,4,2,9.0,3,1.0
ATH,2024-08-03,4,92,22,6,3,0,0,9,3,10.0,7,5.0
ATH,2024-08-04,3,44,10,5,2,0,0,0,2,9.0,0,9.0
ATH,2024-08-05,2,28,7,4,0,0,0,1,2,6.0,0,0.0
ATH,2024-08-06,3,56,13,2,1,0,0,2,4,11.0,1,1.0
ATH,2024-08-07,4,46,13,4,0,0,0,1,4,12.0,0,12.0
ATH,2024-08-09,3,27,10,2,0,1,1,2,4,7.0,1,7.0
ATH,2024-08-10,3,42,10,4,1,1,0,0,0,9.0,0,9.0
ATH,2024-08-11,2,16,8,1,0,1,0,2,2,6.0,3,0.0
ATH,2024-08-13,5,72,19,7,2,0,0,2,3,15.0,0,0.0
ATH,2024-08-14,3,59,14,1,3,0,0,4,2,8.0,5,2.0
ATH,2024-08-15,4,124,27,7,2,1,1,5,5,19.0,3,18.0
ATH,2024-08-17,4,66,14,4,2,0,0,3,2,9.0,0,9.0
ATH,2024-08-18,3,41,9,6,0,0,2,2,2,7.0,3,4.0
ATH,2024-08-19,3,50,11,5,2,0,0,0,0,9.0,0,0.0
ATH,2024-08-20,1,7,4,1,0,0,0,0,0,4.0,0,4.0
ATH,2024-08-21,1,31,7,3,1,0,0,0,0,6.0,0,6.0
ATH,2024-08-22,5,60,17,5,1,0,0,4,2,12.0,0,12.0
ATH,2024-08-23,2,101,23,5,3,0,0,5,0,16.0,4,0.0
ATH,2024-08-24,3,84,20,4,3,0,0,5,4,12.0,3,6.0
ATH,2024-08-25,4,58,13,4,1,0,1,2,3,10.0,1,10.0
ATH,2024-08-27,5,77,20,3,3,0,0,6,4,11.0,3,3.0
ATH,2024-08-28,4,59,15,3,1,0,1,5,4,9.0,5,1.0
ATH,2024-08-29,4,72,19,0,6,2,0,4,4,12.0,6,12.0
ATH,2024-08-30,2,34,9,2,1,0,0,2,1,6.0,1,0.0
ATH,2024-08-31,2,35,12,3,1,1,0,3,5,9.0,1,9.0
ATH,2024-09-01,4,73,21,6,2,0,1,5,6,15.0,4,15.0
ATH,2024-09-02,4,66,15,7,4,0,0,0,1,11.0,0,11.0
ATH,2024-09-03,1,37,10,3,2,0,0,0,2,9.0,0,9.0
ATH,2024-09-04,2,80,23,1,3,0,1,11,6,9.0,11,0.0
ATH,2024-09-05,5,90,23,5,3,1,1,5,6,15.0,3,11.0
ATH,2024-09-06,7,135,34,11,5,0,0,4,5,26.0,4,26.0
ATH,2024-09-07,3,67,15,4,3,0,0,2,4,9.0,2,9.0
ATH,2024-09-08,5,111,24,4,3,0,0,9,5,12.0,6,5.0
ATH,2024-09-10,6,77,25,6,1,0,0,6,6,18.0,3,18.0
ATH,2024-09-11,3,29,10,1,0,0,0,2,3,7.0,1,7.0
ATH,2024-09-12,2,25,9,0,1,0,0,5,3,3.0,4,2.0
ATH,2024-09-13,3,53,12,7,0,0,0,1,2,11.0,0,11.0
ATH,2024-09-14,4,64,19,2,1,0,1,6,7,15.0,4,11.0
ATH,2024-09-15,2,22,8,1,1,0,0,1,4,6.0,0,6.0
ATH,2024-09-16,2,96,28,4,1,0,0,9,7,21.0,3,0.0
ATH,2024-09-17,5,78,17,7,1,0,1,4,3,12.0,1,12.0
ATH,2024-09-18,4,49,13,4,2,0,0,0,3,13.0,0,13.0
ATH,2024-09-20,6,90,20,5,2,0,0,4,5,15.0,2,12.0
ATH,2024-09-21,2,85,22,2,4,1,1,5,5,12.0,4,0.0
ATH,2024-09-22,5,89,23,3,5,1,0,2,3,15.0,3,8.0
ATH,2024-09-24,5,72,16,6,0,0,1,3,2,13.0,1,13.0
ATH,2024-09-25,3,99,23,11,3,0,0,2,2,18.0,0,0.0
ATH,2024-09-26,4,51,12,4,1,0,0,0,2,11.0,1,11.0
ATH,2024-09-27,2,21,6,2,0,0,0,0,1,6.0,0,6.0
ATH,2024-09-28,5,76,22,6,4,0,1,4,4,15.0,4,15.0
ATH,2024-09-29,2,65,15,3,2,1,0,2,2,11.0,0,0.0
ATH,2025-03-27,3,51,10,1,3,0,2,2,5,6.0,4,6.0
ATH,2025-03-28,3,56,13,4,2,0,0,2,0,9.0,0,0.0
ATH,2025-03-29,4,79,16,8,2,0,0,2,4,12.0,1,12.0
ATH,2025-03-30,1,16,4,2,0,0,0,0,1,4.0,0,4.0
ATH,2025-03-31,5,161,36,5,6,1,1,12,9,15.0,13,0.0
ATH,2025-04-01,3,52,12,2,0,0,0,3,6,9.0,1,1.0
ATH,2025-04-02,5,113,28,6,3,1,1,6,6,18.0,5,0.0
ATH,2025-04-04,5,96,25,9,4,0,0,5,3,18.0,1,15.0
ATH,2025-04-05,3,46,12,3,1,0,1,3,4,8.0,1,0.0
ATH,2025-04-06,2,79,24,8,1,1,0,8,5,15.0,6,0.0
ATH,2025-04-07,2,26,7,2,1,0,0,1,0,6.0,0,6.0
ATH,2025-04-08,3,56,13,5,0,0,0,4,2,9.0,0,0.0
ATH,2025-04-09,4,65,16,4,2,0,0,3,2,12.0,0,12.0
ATH,2025-04-11,4,109,23,5,4,0,1,3,6,15.0,4,10.0
ATH,2025-04-12,3,56,13,4,1,0,0,1,3,11.0,0,11.0
ATH,2025-04-13,4,80,22,1,4,1,0,7,4,10.0,6,3.0
ATH,2025-04-15,2,53,16,4,1,0,0,3,2,12.0,0,0.0
ATH,2025-04-16,4,72,15,5,3,0,0,2,2,10.0,0,10.0
ATH,2025-04-17,3,43,12,4,1,0,0,1,3,9.0,0,0.0
ATH,2025-04-18,3,56,16,1,1,0,0,4,5,10.0,3,5.0
ATH,2025-04-19,1,17,3,2,0,0,0,0,1,3.0,0,3.0
ATH,2025-04-20,4,117,31,0,3,1,0,12,8,17.0,8,0.0
ATH,2025-04-22,4,62,16,5,3,0,0,2,4,11.0,0,0.0
ATH,2025-04-23,4,50,14,6,0,0,0,2,3,12.0,1,0.0
ATH,2025-04-24,3,76,18,4,1,0,0,1,5,16.0,0,16.0
ATH,2025-04-25,3,54,13,3,1,0,1,3,5,9.0,2,9.0
ATH,2025-04-26,2,74,16,4,3,0,0,4,3,9.0,3,0.0
ATH,2025-04-27,5,60,18,4,2,1,0,4,1,14.0,1,14.0
ATH,2025-04-28,3,50,13,1,2,0,0,1,3,10.0,0,10.0
ATH,2025-04-29,4,107,31,4,5,0,0,12,7,16.0,12,0.0
ATH,2025-04-30,3,66,15,5,2,0,0,1,3,12.0,0,9.0
ATH,2025-05-01,4,42,11,3,1,0,0,1,2,9.0,0,3.0
ATH,2025-05-02,2,40,11,3,1,0,0,1,1,9.0,0,0.0
ATH,2025-05-03,5,78,18,5,4,1,1,2,4,12.0,5,12.0
ATH,2025-05-04,2,35,9,2,0,0,0,1,1,8.0,0,8.0
ATH,2025-05-05,5,84,20,4,3,0,0,3,8,15.0,2,15.0
ATH,2025-05-06,5,70,21,7,2,2,0,5,4,12.0,3,12.0
ATH,2025-05-07,5,75,19,4,2,0,1,6,3,11.0,5,11.0
ATH,2025-05-09,2,79,23,4,4,1,2,6,7,11.0,7,0.0
ATH,2025-05-10,4,91,21,5,3,0,2,5,4,12.0,6,9.0
ATH,2025-05-11,4,96,26,8,3,2,1,6,4,15.0,6,0.0
ATH,2025-05-13,2,36,8,1,0,0,0,2,2,6.0,0,0.0
ATH,2025-05-14,3,68,17,2,3,0,1,6,6,8.0,6,6.0
ATH,2025-05-15,3,143,38,4,6,0,4,13,14,19.0,14,0.0
ATH,2025-05-16,4,87,21,6,2,0,2,7,6,12.0,5,0.0
ATH,2025-05-17,3,65,15,5,4,0,0,1,3,12.0,1,12.0
ATH,2025-05-18,3,35,8,0,2,0,0,3,2,4.0,2,4.0
ATH,2025-05-19,3,75,17,6,0,0,0,2,5,15.0,0,15.0
ATH,2025-05-20,4,79,20,4,1,1,0,5,7,13.0,3,11.0
ATH,2025-05-21,4,83,19,4,3,0,0,6,1,12.0,3,8.0
ATH,2025-05-22,4,91,20,5,4,1,2,6,4,9.0,8,6.0
ATH,2025-05-23,3,55,12,2,0,1,0,5,4,6.0,3,5.0
ATH,2025-05-24,7,92,25,6,4,1,1,6,3,15.0,5,14.0
ATH,2025-05-25,3,51,15,4,0,0,1,3,3,12.0,1,12.0
ATH,2025-05-27,3,82,18,6,1,0,1,3,6,14.0,2,0.0
ATH,2025-05-28,2,40,12,1,2,0,1,4,3,6.0,3,6.0
ATH,2025-05-29,4,105,35,3,4,0,2,12,6,19.0,6,0.0
ATH,2025-05-30,5,120,31,2,5,0,1,9,10,18.0,5,2.0
ATH,2025-05-31,2,23,6,1,0,0,0,0,2,6.0,0,0.0
ATH,2025-06-01,3,59,17,3,1,0,1,6,4,9.0,6,8.0
ATH,2025-06-02,3,84,19,4,4,0,0,5,4,10.0,2,0.0
ATH,2025-06-03,4,170,40,14,4,2,3,11,7,23.0,9,14.0
ATH,2025-06-04,2,139,35,8,4,0,1,7,8,24.0,5,16.0
ATH,2025-06-05,3,73,17,3,4,0,0,2,4,12.0,2,0.0
ATH,2025-06-06,4,87,19,6,3,0,0,4,0,12.0,0,12.0
ATH,2025-06-07,2,62,14,3,0,1,0,3,6,10.0,1,2.0
ATH,2025-06-08,4,63,19,4,0,0,0,4,5,15.0,0,0.0
ATH,2025-06-09,2,115,32,9,1,1,1,8,9,21.0,7,5.0
ATH,2025-06-10,4,78,20,2,3,0,1,4,6,15.0,2,15.0
ATH,2025-06-11,2,63,15,3,2,1,1,5,3,8.0,6,7.0
ATH,2025-06-13,2,30,7,1,2,0,0,1,2,4.0,3,2.0
ATH,2025-06-14,2,35,10,3,0,0,0,1,5,9.0,0,0.0
ATH,2025-06-15,3,48,11,5,0,0,0,1,5,9.0,0,9.0
ATH,2025-06-16,2,47,12,7,0,0,0,1,1,12.0,0,12.0
ATH,2025-06-17,5,124,32,4,4,2,2,10,5,17.0,7,0.0
ATH,2025-06-18,3,77,23,3,2,0,2,11,2,12.0,9,2.0
ATH,2025-06-19,3,56,16,1,2,0,1,4,5,12.0,3,10.0
ATH,2025-06-20,2,35,7,2,1,0,0,1,1,5.0,0,0.0
ATH,2025-06-21,3,81,18,7,2,0,0,2,5,13.0,0,3.0
ATH,2025-06-22,2,44,13,4,0,0,0,1,3,12.0,0,0.0
ATH,2025-06-24,3,78,16,2,2,0,0,6,1,9.0,4,0.0
ATH,2025-06-25,2,30,7,3,0,0,0,1,1,6.0,0,0.0
ATH,2025-06-26,2,69,15,2,0,0,1,7,2,9.0,5,0.0
ATH,2025-06-27,1,44,11,2,1,0,0,1,3,9.0,0,0.0
ATH,2025-06-28,1,48,12,3,2,0,0,1,3,10.0,0,0.0
ATH,2025-06-29,4,95,22,6,5,0,2,4,6,13.0,5,0.0
ATH,2025-06-30,4,61,18,6,1,0,0,3,2,17.0,0,17.0
ATH,2025-07-01,4,76,20,4,3,0,1,4,4,14.0,1,14.0
ATH,2025-07-02,2,41,12,2,0,0,0,3,4,9.0,2,2.0
ATH,2025-07-04,1,54,13,5,0,0,1,3,3,9.0,2,0.0
ATH,2025-07-05,4,80,21,4,2,1,0,5,3,14.0,2,0.0
ATH,2025-07-06,4,100,22,5,3,0,1,4,9,14.0,4,1.0
ATH,2025-07-08,2,32,10,2,0,0,0,0,3,9.0,0,0.0
ATH,2025-07-09,2,63,13,1,3,0,0,2,2,9.0,1,0.0
ATH,2025-07-10,5,94,20,6,1,0,1,1,6,18.0,1,18.0
ATH,2025-07-11,2,72,21,3,2,2,0,5,5,13.0,3,0.0
ATH,2025-07-12,4,81,17,8,3,0,0,2,3,12.0,1,12.0
ATH,2025-07-13,3,42,7,4,0,0,0,1,1,7.0,0,0.0
ATH,2025-07-18,3,74,17,7,2,0,0,3,3,12.0,1,0.0
ATH,2025-07-19,2,51,13,4,2,0,0,0,1,12.0,0,6.0
ATH,2025-07-20,2,59,17,1,1,1,1,3,8,12.0,3,0.0
ATH,2025-07-21,3,45,12,3,0,0,0,3,3,9.0,2,0.0
ATH,2025-07-22,3,46,14,1,0,0,2,5,7,9.0,5,5.0
ATH,2025-07-23,1,54,11,4,2,0,0,1,3,9.0,1,9.0
ATH,2025-07-24,2,36,9,1,1,0,0,2,4,6.0,0,0.0
ATH,2025-07-25,2,54,12,3,1,0,0,2,4,9.0,1,0.0
ATH,2025-07-26,3,58,15,6,1,0,0,2,3,14.0,1,11.0
ATH,2025-07-27,2,54,15,1,1,0,0,4,7,9.0,1,0.0
ATH,2025-07-28,4,61,15,4,0,0,0,4,1,13.0,0,9.0
ATH,2025-07-29,3,62,15,5,2,0,0,1,2,12.0,0,0.0
ATH,2025-07-30,2,43,12,0,1,0,2,2,5,9.0,3,8.0
ATH,2025-08-01,3,62,16,1,2,0,0,3,4,12.0,1,0.0
ATH,2025-08-02,4,90,20,5,3,0,2,3,6,14.0,3,3.0
ATH,2025-08-03,5,99,24,4,1,0,1,7,7,18.0,2,9.0
ATH,2025-08-05,4,70,18,3,3,1,0,5,2,9.0,4,0.0
ATH,2025-08-06,2,35,9,3,0,0,0,3,2,9.0,1,9.0
ATH,2025-08-07,1,11,4,2,0,0,0,0,2,4.0,0,0.0
ATH,2025-08-08,3,31,9,1,1,0,0,0,3,9.0,0,9.0
ATH,2025-08-09,2,48,11,3,0,0,0,1,3,9.0,0,0.0
ATH,2025-08-10,5,100,26,8,3,0,1,5,4,19.0,2,19.0
ATH,2025-08-11,3,98,27,5,2,0,2,8,8,17.0,3,2.0
ATH,2025-08-12,2,42,8,2,2,0,0,0,1,6.0,0,0.0
ATH,2025-08-13,5,102,28,8,1,0,1,6,4,21.0,2,0.0
ATH,2025-08-15,4,61,13,6,1,0,0,0,3,12.0,0,0.0
ATH,2025-08-16,3,78,18,6,3,1,0,2,3,12.0,1,0.0
ATH,2025-08-17,6,109,23,7,4,0,1,3,5,16.0,6,14.0
ATH,2025-08-19,2,42,11,2,0,0,0,2,2,9.0,0,0.0
ATH,2025-08-20,5,99,22,1,3,0,0,4,3,16.0,0,16.0
ATH,2025-08-21,2,59,14,6,0,0,0,2,4,12.0,1,0.0
ATH,2025-08-22,2,41,8,2,0,0,2,3,4,6.0,2,6.0
ATH,2025-08-23,4,63,17,4,2,0,0,1,7,14.0,0,14.0
ATH,2025-08-24,2,69,22,3,0,1,0,3,9,18.0,4,0.0
ATH,2025-08-25,3,60,16,3,3,0,0,3,3,11.0,2,3.0
ATH,2025-08-26,6,122,30,8,3,0,1,6,9,21.0,2,21.0
ATH,2025-08-27,2,28,6,3,1,0,0,0,0,6.0,0,0.0
ATH,2025-08-29,3,64,13,3,1,0,1,3,4,10.0,2,2.0
ATH,2025-08-30,4,92,24,2,0,0,1,9,12,15.0,4,0.0
ATH,2025-08-31,3,85,19,4,5,0,0,4,6,9.0,4,0.0
ATH,2025-09-01,2,55,14,4,0,1,0,3,5,10.0,1,0.0
ATH,2025-09-02,3,38,12,1,1,0,1,2,4,9.0,2,9.0
ATH,2025-09-03,2,46,10,1,2,0,1,2,2,6.0,3,3.0
ATH,2025-09-05,3,61,13,8,0,1,0,0,1,12.0,0,0.0
ATH,2025-09-06,3,78,22,4,3,0,2,6,6,12.0,3,0.0
ATH,2025-09-07,4,60,15,1,3,2,0,2,4,9.0,1,9.0
ATH,2025-09-08,2,69,17,6,0,0,0,5,3,13.0,2,0.0
ATH,2025-09-09,4,70,17,4,3,1,0,1,5,12.0,1,0.0
ATH,2025-09-10,4,72,19,3,2,0,0,2,7,16.0,1,16.0
ATH,2025-09-12,4,77,18,8,1,0,0,4,1,14.0,0,11.0
ATH,2025-09-13,4,49,15,1,2,0,0,2,4,12.0,0,9.0
ATH,2025-09-14,5,64,15,1,1,0,1,3,5,12.0,1,6.0
ATH,2025-09-16,2,62,18,1,2,0,0,3,4,15.0,0,15.0
ATH,2025-09-17,5,99,27,6,3,0,0,5,6,18.0,3,18.0
ATH,2025-09-18,2,38,10,4,0,0,1,2,2,9.0,1,5.0
ATH,2025-09-19,4,72,17,5,3,0,0,3,2,12.0,0,12.0
ATH,2025-09-20,2,18,6,2,0,0,0,0,1,6.0,0,6.0
ATH,2025-09-21,2,87,20,7,2,0,1,6,4,13.0,4,0.0
ATH,2025-09-23,3,50,13,3,1,1,0,0,2,12.0,0,0.0
ATH,2025-09-24,2,51,10,4,0,0,0,2,4,8.0,0,0.0
ATH,2025-09-25,3,110,26,6,4,0,1,6,5,16.0,5,0.0
ATH,2025-09-26,2,47,11,4,0,0,0,1,3,10.0,0,10.0
ATH,2025-09-27,4,75,18,2,3,0,0,3,4,13.0,1,6.0
ATH,2025-09-28,6,134,38,8,2,0,3,12,11,23.0,9,6.0
ATL,2024-03-29,4,54,15,7,1,0,0,2,1,12.0,1,6.0
ATL,2024-03-30,5,96,30,3,2,0,1,6,6,25.0,1,4.0
ATL,2024-03-31,3,43,13,2,1,0,0,4,1,8.0,3,8.0
ATL,2024-04-01,2,38,8,5,1,0,0,0,1,7.0,0,0.0
ATL,2024-04-02,2,37,10,2,1,0,1,3,4,6.0,2,6.0
ATL,2024-04-05,5,83,23,4,3,0,0,2,6,18.0,0,6.0
ATL,2024-04-06,3,70,18,1,1,1,0,2,7,14.0,1,6.0
ATL,2024-04-07,3,52,13,2,1,0,0,1,4,11.0,0,8.0
ATL,2024-04-08,4,72,17,4,2,0,2,6,4,10.0,4,9.0
ATL,2024-04-09,4,70,18,2,0,0,1,9,2,9.0,5,3.0
ATL,2024-04-11,3,76,23,2,2,0,1,8,3,12.0,8,0.0
ATL,2024-04-12,3,40,10,3,0,0,0,2,0,8.0,1,0.0
ATL,2024-04-13,1,20,5,0,0,0,0,2,2,3.0,0,0.0
ATL,2024-04-14,4,52,13,6,1,0,1,2,3,10.0,2,10.0
ATL,2024-04-15,4,77,17,3,1,0,0,3,2,13.0,0,10.0
ATL,2024-04-16,4,54,13,3,1,0,1,3,2,9.0,2,6.0
ATL,2024-04-17,5,78,18,5,2,0,1,2,7,15.0,1,15.0
ATL,2024-04-19,2,29,7,2,0,0,0,1,1,6.0,0,0.0
ATL,2024-04-20,3,41,10,5,0,0,0,1,1,9.0,0,6.0
ATL,2024-04-21,3,61,15,5,1,0,1,4,3,12.0,2,9.0
ATL,2024-04-22,3,22,7,3,0,0,0,0,1,7.0,0,0.0
ATL,2024-04-24,3,50,15,3,1,0,0,4,0,9.0,2,9.0
ATL,2024-04-26,3,44,9,3,0,0,0,3,2,6.0,1,0.0
ATL,2024-04-27,3,70,18,3,3,0,0,4,3,12.0,3,12.0
ATL,2024-04-28,4,68,17,3,0,0,0,6,5,14.0,1,14.0
ATL,2024-04-29,3,52,11,5,1,0,1,4,2,9.0,2,9.0
ATL,2024-04-30,2,41,11,4,1,0,0,1,0,9.0,0,3.0
ATL,2024-05-01,4,62,18,3,2,0,0,4,7,12.0,1,0.0
ATL,2024-05-03,5,80,19,3,3,0,0,4,9,15.0,2,15.0
ATL,2024-05-04,3,82,24,3,1,0,2,9,8,14.0,6,0.0
ATL,2024-05-05,2,16,5,1,0,0,1,1,2,3.0,1,0.0
ATL,2024-05-07,4,61,16,4,2,0,0,2,5,11.0,1,11.0
ATL,2024-05-08,2,36,11,3,0,0,0,1,2,9.0,0,0.0
ATL,2024-05-10,2,36,8,3,1,0,0,1,3,6.0,1,1.0
ATL,2024-05-11,2,55,11,3,3,0,1,2,2,6.0,1,0.0
ATL,2024-05-12,4,55,14,3,2,0,1,3,3,11.0,2,11.0
ATL,2024-05-13,3,53,15,4,1,0,0,3,3,12.0,0,12.0
ATL,2024-05-14,2,23,7,2,0,0,0,1,3,6.0,0,0.0
ATL,2024-05-15,3,79,27,4,1,1,1,8,10,18.0,3,0.0
ATL,2024-05-17,4,70,18,4,0,0,0,4,4,14.0,0,14.0
ATL,2024-05-19,4,106,25,6,1,0,2,5,9,18.0,3,0.0
ATL,2024-05-20,5,84,23,2,3,0,0,7,8,14.0,5,5.0
ATL,2024-05-21,4,67,18,2,2,0,0,3,5,15.0,2,15.0
ATL,2024-05-23,5,73,16,5,1,0,0,1,6,14.0,0,8.0
ATL,2024-05-24,2,93,23,3,1,2,1,7,5,12.0,6,0.0
ATL,2024-05-25,3,58,15,6,2,1,0,2,2,10.0,1,5.0
ATL,2024-05-26,2,31,8,4,1,0,0,1,2,6.0,0,0.0
ATL,2024-05-27,2,45,13,3,0,0,0,3,4,10.0,0,0.0
ATL,2024-05-28,1,11,3,2,0,0,0,0,0,3.0,0,3.0
ATL,2024-05-29,4,85,20,4,2,0,0,8,2,12.0,4,3.0
ATL,2024-05-30,3,62,19,3,1,0,0,3,4,16.0,0,16.0
ATL,2024-05-31,3,40,13,3,2,0,0,2,1,9.0,1,1.0
ATL,2024-06-01,4,70,22,4,0,0,0,7,8,15.0,3,12.0
ATL,2024-06-02,3,41,12,3,2,0,1,1,4,9.0,1,9.0
ATL,2024-06-04,2,22,7,1,0,1,0,1,2,6.0,0,0.0
ATL,2024-06-05,2,76,17,4,1,0,2,6,6,10.0,4,0.0
ATL,2024-06-06,3,31,9,2,0,0,0,0,1,9.0,0,3.0
ATL,2024-06-07,1,13,3,1,1,0,0,0,1,3.0,0,3.0
ATL,2024-06-08,3,47,14,5,1,0,1,5,3,9.0,2,0.0
ATL,2024-06-09,4,75,20,6,4,0,0,3,3,13.0,4,0.0
ATL,2024-06-11,3,35,9,4,0,0,0,0,4,9.0,0,0.0
ATL,2024-06-12,3,34,11,3,0,0,1,5,3,6.0,2,6.0
ATL,2024-06-13,3,47,15,1,1,1,1,4,5,9.0,3,4.0
ATL,2024-06-14,3,32,10,2,1,0,0,3,2,6.0,1,0.0
ATL,2024-06-15,3,61,15,4,4,0,1,3,3,9.0,1,0.0
ATL,2024-06-16,3,71,18,8,1,0,1,3,4,17.0,2,9.0
ATL,2024-06-17,3,55,13,5,1,0,0,1,1,11.0,0,11.0
ATL,2024-06-18,3,45,11,3,0,0,0,2,5,9.0,0,9.0
ATL,2024-06-19,3,56,13,5,0,0,0,1,0,12.0,0,0.0
ATL,2024-06-21,4,51,12,4,0,0,0,2,4,12.0,0,0.0
ATL,2024-06-22,2,65,14,2,3,0,1,4,4,7.0,4,0.0
ATL,2024-06-23,3,37,10,5,0,0,0,1,1,9.0,0,9.0
ATL,2024-06-24,2,42,12,3,0,0,0,3,3,9.0,0,0.0
ATL,2024-06-26,5,108,25,5,3,1,0,4,3,18.0,2,5.0
ATL,2024-06-27,1,18,3,1,0,0,0,0,2,3.0,0,3.0
ATL,2024-06-28,3,49,11,6,0,0,0,3,0,8.0,1,0.0
ATL,2024-06-29,4,69,15,6,3,0,0,1,3,12.0,0,12.0
ATL,2024-06-30,2,44,13,5,0,0,0,1,1,12.0,0,0.0
ATL,2024-07-02,4,84,20,3,1,0,1,5,4,14.0,3,14.0
ATL,2024-07-03,3,36,10,3,0,0,0,1,3,9.0,0,9.0
ATL,2024-07-04,2,57,13,5,1,1,0,1,0,11.0,0,11.0
ATL,2024-07-05,2,45,14,4,0,0,0,4,2,9.0,2,4.0
ATL,2024-07-06,3,43,10,5,1,0,0,0,1,9.0,0,0.0
ATL,2024-07-07,3,48,13,3,0,1,0,3,4,9.0,0,0.0
ATL,2024-07-08,3,68,20,1,2,0,0,0,6,18.0,3,18.0
ATL,2024-07-09,2,31,11,3,0,0,0,1,2,11.0,1,0.0
ATL,2024-07-10,2,32,10,1,1,1,0,4,1,5.0,4,5.0
ATL,2024-07-11,2,29,7,2,1,0,0,1,1,6.0,0,6.0
ATL,2024-07-12,2,37,8,3,0,0,0,2,2,6.0,0,0.0
ATL,2024-07-13,2,36,8,3,0,0,1,2,1,6.0,1,0.0
ATL,2024-07-14,4,61,17,2,1,0,1,4,5,12.0,2,1.0
ATL,2024-07-20,6,131,33,9,2,0,1,9,8,24.0,4,20.0
ATL,2024-07-21,2,49,13,3,3,0,1,2,2,9.0,1,4.0
ATL,2024-07-22,2,50,11,5,0,0,0,2,0,9.0,0,0.0
ATL,2024-07-24,3,92,27,8,1,1,0,6,8,19.0,2,0.0
ATL,2024-07-25,3,45,9,5,1,0,0,1,2,8.0,1,8.0
ATL,2024-07-26,4,95,22,6,3,1,0,2,4,16.0,1,0.0
ATL,2024-07-27,2,25,8,3,0,0,0,2,2,6.0,0,0.0
ATL,2024-07-28,4,94,23,8,2,0,1,4,6,18.0,2,0.0
ATL,2024-07-29,3,72,19,2,2,0,2,8,5,9.0,7,4.0
ATL,2024-07-30,3,33,10,2,1,0,0,1,3,8.0,1,0.0
ATL,2024-07-31,3,62,13,6,1,0,0,2,1,10.0,0,4.0
ATL,2024-08-01,4,48,12,4,2,0,0,1,2,9.0,1,7.0
ATL,2024-08-02,2,45,9,5,1,0,0,2,0,6.0,0,6.0
ATL,2024-08-03,3,82,18,5,3,0,0,3,0,13.0,1,13.0
ATL,2024-08-04,3,76,23,7,1,0,1,5,5,17.0,4,0.0
ATL,2024-08-06,4,107,27,2,3,1,0,8,5,16.0,3,0.0
ATL,2024-08-07,4,97,24,6,6,0,0,7,1,13.0,5,7.0
ATL,2024-08-08,4,139,36,5,5,1,2,11,8,19.0,8,0.0
ATL,2024-08-09,3,57,14,4,2,0,0,4,1,9.0,1,6.0
ATL,2024-08-10,4,63,17,5,0,0,0,5,3,12.0,3,6.0
ATL,2024-08-11,3,64,16,3,0,0,1,10,3,6.0,7,1.0
ATL,2024-08-12,2,30,10,5,0,1,0,0,3,9.0,0,9.0
ATL,2024-08-13,4,45,14,2,1,0,0,1,2,12.0,0,12.0
ATL,2024-08-14,2,21,8,1,0,1,0,1,4,6.0,0,0.0
ATL,2024-08-15,2,55,13,4,0,0,2,5,3,8.0,4,0.0
ATL,2024-08-16,3,45,11,5,0,0,0,2,1,9.0,1,9.0
ATL,2024-08-17,2,47,14,5,0,0,0,5,3,9.0,1,0.0
ATL,2024-08-18,3,52,13,7,0,1,0,1,1,11.0,0,11.0
ATL,2024-08-20,3,49,12,3,0,0,0,0,1,12.0,0,12.0
ATL,2024-08-21,2,26,7,1,0,0,0,1,4,6.0,1,6.0
ATL,2024-08-22,2,36,8,5,2,0,0,0,0,7.0,0,7.0
ATL,2024-08-23,2,30,9,1,0,1,0,1,2,9.0,0,9.0
ATL,2024-08-24,4,40,12,1,0,0,0,2,7,10.0,0,10.0
ATL,2024-08-25,3,56,15,4,0,0,0,5,4,9.0,3,1.0
ATL,2024-08-26,3,61,18,3,0,1,2,5,5,12.0,3,0.0
ATL,2024-08-27,5,90,26,6,1,0,0,9,5,16.0,6,10.0
ATL,2024-08-28,3,47,12,5,2,0,0,1,2,9.0,0,0.0
ATL,2024-08-29,2,32,10,1,2,0,1,2,2,7.0,2,7.0
ATL,2024-08-30,3,69,13,4,1,0,1,3,5,9.0,1,0.0
ATL,2024-08-31,1,8,3,1,0,0,0,0,2,3.0,0,0.0
ATL,2024-09-01,6,59,18,7,2,0,0,1,4,16.0,1,16.0
ATL,2024-09-03,2,32,7,4,1,0,0,0,1,6.0,0,0.0
ATL,2024-09-04,4,57,14,8,2,0,0,0,1,12.0,0,3.0
ATL,2024-09-05,3,57,13,5,3,0,0,1,3,9.0,1,9.0
ATL,2024-09-06,2,26,8,3,0,0,0,2,2,6.0,0,6.0
ATL,2024-09-07,5,75,18,3,0,0,0,7,6,12.0,3,0.0
ATL,2024-09-08,5,76,24,5,2,0,1,6,6,15.0,3,15.0
ATL,2024-09-09,2,36,10,5,0,0,0,2,0,7.0,0,7.0
ATL,2024-09-10,3,118,29,8,3,0,0,2,5,24.0,0,3.0
ATL,2024-09-11,2,44,8,4,0,0,0,2,2,6.0,1,0.0
ATL,2024-09-13,3,34,9,3,0,0,0,1,0,9.0,0,0.0
ATL,2024-09-14,3,39,12,1,1,0,0,2,1,9.0,0,0.0
ATL,2024-09-15,4,61,20,4,3,0,3,8,8,9.0,8,8.0
ATL,2024-09-16,3,64,16,2,4,0,1,2,4,9.0,6,0.0
ATL,2024-09-17,3,72,18,5,1,0,1,5,2,12.0,4,7.0
ATL,2024-09-18,3,34,10,3,1,0,0,0,2,9.0,0,0.0
ATL,2024-09-19,3,83,18,8,1,0,0,5,3,12.0,1,0.0
ATL,2024-09-20,3,32,8,5,1,0,0,1,1,6.0,0,6.0
ATL,2024-09-21,3,43,11,4,1,0,0,1,2,9.0,0,0.0
ATL,2024-09-22,5,85,22,8,0,0,2,6,5,15.0,2,15.0
ATL,2024-09-24,2,24,7,2,0,0,0,1,2,6.0,0,0.0
ATL,2024-09-27,1,1,1,0,0,0,0,0,1,1.0,0,0.0
ATL,2024-09-28,3,57,12,4,3,0,0,1,1,9.0,0,9.0
ATL,2024-09-29,4,69,15,11,1,0,0,0,2,14.0,0,14.0
ATL,2024-09-30,9,115,31,6,1,1,2,9,8,21.0,8,13.0
ATL,2024-10-01,3,78,20,4,1,0,1,1,7,20.0,1,0.0
ATL,2024-10-02,4,89,22,4,2,0,0,2,4,18.0,0,3.0
ATL,2025-03-27,4,59,14,2,1,0,1,4,5,9.0,4,5.0
ATL,2025-03-28,3,26,10,2,0,0,1,1,3,9.0,1,9.0
ATL,2025-03-29,3,34,10,3,1,0,0,3,1,6.0,1,6.0
ATL,2025-03-30,2,69,16,5,3,0,0,3,4,12.0,3,8.0
ATL,2025-03-31,3,81,19,4,2,0,1,5,5,12.0,2,0.0
ATL,2025-04-01,3,49,10,2,0,0,0,1,2,9.0,1,9.0
ATL,2025-04-02,5,75,20,5,2,1,1,6,6,15.0,3,15.0
ATL,2025-04-04,1,20,5,2,0,0,0,2,0,3.0,0,0.0
ATL,2025-04-05,2,67,17,4,2,0,1,3,2,13.0,1,0.0
ATL,2025-04-08,4,68,16,4,3,0,0,0,3,13.0,0,13.0
ATL,2025-04-09,5,94,21,8,1,0,2,6,4,15.0,4,15.0
ATL,2025-04-10,5,95,21,5,6,0,0,0,6,15.0,1,15.0
ATL,2025-04-11,2,34,9,2,1,0,0,2,3,6.0,1,2.0
ATL,2025-04-12,4,94,20,2,3,0,1,6,5,12.0,2,12.0
ATL,2025-04-13,3,72,15,5,1,0,1,3,3,11.0,4,2.0
ATL,2025-04-14,1,26,7,2,0,0,0,3,1,4.0,3,0.0
ATL,2025-04-15,2,60,11,2,1,0,0,0,5,10.0,0,0.0
ATL,2025-04-16,3,59,12,2,3,0,0,1,2,9.0,1,4.0
ATL,2025-04-18,3,50,12,1,0,0,0,0,4,12.0,0,3.0
ATL,2025-04-19,5,78,16,5,1,0,0,1,6,14.0,1,14.0
ATL,2025-04-20,2,46,12,3,0,0,1,1,3,10.0,1,0.0
ATL,2025-04-21,2,36,10,1,2,0,1,3,2,6.0,3,4.0
ATL,2025-04-22,5,139,32,7,5,1,0,8,5,18.0,7,14.0
ATL,2025-04-23,3,49,12,3,1,0,0,2,2,9.0,0,6.0
ATL,2025-04-25,4,71,17,4,3,0,0,2,5,12.0,1,0.0
ATL,2025-04-26,4,57,15,4,2,0,1,2,1,13.0,1,12.0
ATL,2025-04-27,3,49,10,1,1,1,0,2,2,6.0,2,2.0
ATL,2025-04-28,3,47,12,3,1,0,0,2,5,9.0,0,0.0
ATL,2025-04-29,3,49,13,2,1,0,0,2,2,11.0,1,0.0
ATL,2025-04-30,1,14,3,2,0,0,0,0,1,3.0,0,3.0
ATL,2025-05-02,3,41,9,2,1,0,0,0,4,9.0,0,9.0
ATL,2025-05-03,4,97,23,8,3,0,1,4,3,16.0,5,0.0
ATL,2025-05-04,4,71,15,6,0,0,1,3,2,12.0,2,10.0
ATL,2025-05-05,1,19,4,1,1,0,0,0,0,3.0,0,0.0
ATL,2025-05-06,4,56,13,7,1,0,0,2,0,10.0,1,10.0
ATL,2025-05-07,3,53,12,4,2,0,0,0,2,11.0,0,9.0
ATL,2025-05-08,5,81,22,5,2,0,1,5,3,15.0,3,15.0
ATL,2025-05-09,2,27,6,4,0,0,0,0,0,6.0,0,0.0
ATL,2025-05-10,5,80,23,3,4,0,0,4,4,16.0,1,16.0
ATL,2025-05-11,3,49,13,1,2,0,0,3,5,10.0,1,6.0
ATL,2025-05-12,3,53,13,4,1,1,0,4,0,8.0,2,8.0
ATL,2025-05-13,2,29,7,2,0,0,0,1,2,6.0,0,3.0
ATL,2025-05-14,3,67,16,3,1,0,0,6,2,9.0,4,7.0
ATL,2025-05-15,3,38,12,0,1,0,1,4,2,9.0,1,3.0
ATL,2025-05-16,2,38,9,2,1,1,0,1,1,6.0,1,4.0
ATL,2025-05-17,4,47,13,1,0,0,1,7,5,9.0,5,8.0
ATL,2025-05-18,2,32,8,2,0,0,0,2,1,6.0,0,0.0
ATL,2025-05-20,3,51,16,1,3,0,0,2,4,11.0,1,11.0
ATL,2025-05-22,6,87,26,5,2,1,0,4,9,21.0,3,21.0
ATL,2025-05-23,2,36,8,2,1,0,1,2,2,6.0,1,6.0
ATL,2025-05-24,2,30,9,0,3,0,0,0,1,6.0,0,0.0
ATL,2025-05-25,2,35,8,2,0,0,1,2,5,6.0,1,6.0
ATL,2025-05-27,4,64,16,4,3,0,0,4,1,10.0,1,10.0
ATL,2025-05-29,8,182,43,10,4,2,1,12,9,25.0,6,14.0
ATL,2025-05-30,4,70,16,5,1,0,0,5,0,10.0,2,8.0
ATL,2025-05-31,3,34,8,3,0,0,0,0,4,8.0,0,0.0
ATL,2025-06-01,3,49,12,8,0,0,0,1,3,11.0,0,11.0
ATL,2025-06-03,4,78,18,3,2,0,1,5,5,12.0,3,11.0
ATL,2025-06-04,4,56,14,2,3,0,0,2,0,9.0,1,9.0
ATL,2025-06-05,4,97,29,3,4,0,3,8,9,17.0,8,2.0
ATL,2025-06-06,3,47,12,3,1,0,0,2,2,12.0,1,12.0
ATL,2025-06-07,1,15,4,1,0,0,1,2,2,3.0,2,3.0
ATL,2025-06-08,2,28,6,1,0,1,0,0,1,6.0,0,6.0
ATL,2025-06-09,2,23,6,4,0,0,0,0,2,6.0,0,0.0
ATL,2025-06-10,3,54,12,3,2,1,0,1,2,8.0,1,3.0
ATL,2025-06-13,6,79,22,6,1,0,0,7,3,17.0,1,3.0
ATL,2025-06-14,2,48,11,6,0,0,0,1,1,9.0,1,0.0
ATL,2025-06-15,4,75,18,1,3,1,0,7,2,8.0,7,0.0
ATL,2025-06-17,3,37,9,3,0,0,0,1,3,9.0,0,6.0
ATL,2025-06-18,1,2,1,0,0,0,0,0,0,1.0,0,0.0
ATL,2025-06-19,3,39,10,5,0,0,0,1,2,9.0,0,0.0
ATL,2025-06-20,3,61,14,3,3,0,0,3,2,9.0,2,0.0
ATL,2025-06-21,3,50,11,3,1,0,0,0,1,10.0,0,0.0
ATL,2025-06-22,2,51,11,3,1,0,0,2,1,8.0,1,8.0
ATL,2025-06-23,2,38,8,2,0,0,0,2,0,6.0,0,6.0
ATL,2025-06-24,5,65,16,6,1,0,0,3,3,12.0,1,6.0
ATL,2025-06-25,2,73,19,5,0,0,1,5,2,14.0,3,0.0
ATL,2025-06-26,3,46,12,2,0,0,0,3,1,9.0,2,5.0
ATL,2025-06-27,5,121,32,7,3,0,2,9,9,21.0,4,0.0
ATL,2025-06-28,2,32,8,2,0,1,0,1,3,6.0,0,0.0
ATL,2025-06-29,2,24,8,2,0,0,0,2,4,6.0,0,6.0
ATL,2025-07-01,4,88,18,0,4,0,0,5,4,9.0,4,4.0
ATL,2025-07-02,4,69,18,6,0,0,1,3,5,16.0,1,7.0
ATL,2025-07-03,3,66,16,7,1,0,0,3,2,12.0,1,0.0
ATL,2025-07-04,2,41,9,2,0,0,0,0,4,9.0,0,9.0
ATL,2025-07-05,6,140,33,10,4,0,1,6,8,23.0,6,21.0
ATL,2025-07-06,3,42,12,4,1,0,0,2,3,9.0,0,9.0
ATL,2025-07-08,4,124,27,7,1,0,2,5,8,21.0,5,0.0
ATL,2025-07-09,3,37,8,3,0,0,0,1,1,7.0,0,0.0
ATL,2025-07-10,5,52,14,5,1,0,1,3,2,13.0,2,13.0
ATL,2025-07-11,5,77,21,2,2,0,0,1,10,18.0,0,18.0
ATL,2025-07-12,5,134,28,11,4,0,1,3,4,21.0,2,21.0
ATL,2025-07-13,2,66,19,4,1,0,1,6,9,12.0,4,12.0
ATL,2025-07-18,4,62,15,5,1,0,0,5,3,9.0,3,0.0
ATL,2025-07-19,6,124,29,3,4,0,4,9,14,15.0,12,10.0
ATL,2025-07-20,1,43,12,2,1,0,0,2,1,9.0,1,2.0
ATL,2025-07-21,3,58,17,2,0,1,1,4,7,12.0,2,0.0
ATL,2025-07-22,3,64,16,3,2,0,1,3,6,12.0,4,0.0
ATL,2025-07-23,5,76,19,5,1,1,1,5,3,12.0,6,0.0
ATL,2025-07-25,4,67,21,2,5,1,0,4,4,11.0,5,0.0
ATL,2025-07-26,5,73,18,7,2,0,0,2,3,18.0,2,18.0
ATL,2025-07-27,2,98,20,6,1,0,0,4,4,16.0,0,0.0
ATL,2025-07-28,5,69,19,2,2,0,1,5,8,12.0,5,6.0
ATL,2025-07-29,3,77,19,1,3,0,0,7,6,10.0,5,1.0
ATL,2025-07-30,4,34,9,2,0,0,0,2,1,10.0,1,10.0
ATL,2025-07-31,5,79,24,3,2,0,2,10,6,12.0,8,12.0
ATL,2025-08-01,1,28,5,3,0,0,1,1,2,4.0,2,0.0
ATL,2025-08-02,5,134,37,6,4,0,0,7,12,26.0,1,26.0
ATL,2025-08-04,3,52,13,2,2,1,0,0,3,11.0,0,11.0
ATL,2025-08-05,2,77,15,4,3,0,0,1,1,11.0,2,0.0
ATL,2025-08-06,3,76,18,2,1,1,0,3,4,13.0,0,9.0
ATL,2025-08-07,4,44,11,5,0,0,0,1,2,10.0,0,9.0
ATL,2025-08-08,1,38,12,4,0,1,0,2,2,9.0,0,0.0
ATL,2025-08-09,7,112,26,6,1,0,0,5,5,21.0,2,13.0
ATL,2025-08-10,4,59,13,2,0,0,0,2,5,11.0,0,5.0
ATL,2025-08-12,2,64,21,2,1,0,3,8,6,12.0,5,0.0
ATL,2025-08-13,5,128,28,7,3,1,0,6,4,21.0,0,0.0
ATL,2025-08-14,2,19,7,2,0,0,0,1,1,6.0,0,6.0
ATL,2025-08-15,3,39,9,2,0,0,0,0,4,9.0,0,9.0
ATL,2025-08-16,1,43,12,3,0,0,0,3,6,9.0,0,0.0
ATL,2025-08-17,4,85,23,5,3,1,0,4,5,15.0,0,15.0
ATL,2025-08-18,4,127,32,6,4,0,2,9,8,18.0,8,0.0
ATL,2025-08-19,4,65,16,3,1,0,1,2,5,13.0,2,6.0
ATL,2025-08-20,2,24,6,2,0,0,0,0,2,6.0,0,6.0
ATL,2025-08-22,2,114,30,2,2,0,1,12,8,17.0,7,0.0
ATL,2025-08-23,4,80,21,2,1,1,5,6,10,13.0,6,4.0
ATL,2025-08-24,4,59,16,1,3,1,0,3,4,9.0,1,9.0
ATL,2025-08-25,1,23,4,2,0,0,1,1,2,3.0,1,3.0
ATL,2025-08-26,4,52,16,3,1,0,0,4,3,11.0,0,8.0
ATL,2025-08-27,1,17,8,1,0,0,0,1,3,7.0,0,0.0
ATL,2025-08-28,3,116,29,3,4,0,3,11,9,14.0,11,0.0
ATL,2025-08-29,2,33,7,0,1,0,0,3,2,3.0,1,3.0
ATL,2025-08-30,6,62,16,6,1,1,0,3,1,12.0,2,12.0
ATL,2025-08-31,4,42,11,4,0,0,0,1,3,10.0,0,10.0
ATL,2025-09-01,4,83,20,5,0,0,1,6,5,15.0,5,13.0
ATL,2025-09-02,3,50,13,1,2,0,0,0,1,12.0,0,12.0
ATL,2025-09-03,2,37,8,3,2,0,0,0,1,6.0,0,0.0
ATL,2025-09-05,3,38,9,2,0,0,0,2,3,7.0,1,4.0
ATL,2025-09-06,5,101,26,5,4,1,4,9,7,12.0,8,5.0
ATL,2025-09-07,4,120,35,5,2,2,3,12,8,20.0,10,0.0
ATL,2025-09-08,3,28,8,2,0,0,0,0,1,8.0,1,4.0
ATL,2025-09-09,3,58,14,4,3,1,0,1,2,9.0,4,5.0
ATL,2025-09-10,4,66,17,4,2,0,0,4,2,12.0,0,12.0
ATL,2025-09-12,3,75,19,5,1,0,1,5,3,13.0,5,0.0
ATL,2025-09-13,2,65,16,4,2,0,0,0,4,14.0,0,0.0
ATL,2025-09-14,4,81,19,6,1,0,1,3,5,15.0,1,4.0
ATL,2025-09-15,3,53,10,3,3,0,0,2,1,6.0,2,0.0
ATL,2025-09-16,3,56,17,4,1,0,0,4,5,12.0,1,3.0
ATL,2025-09-17,5,68,18,4,0,1,0,5,4,12.0,1,6.0
ATL,2025-09-19,2,22,6,2,0,0,0,0,2,6.0,0,0.0
ATL,2025-09-20,5,58,15,4,0,0,2,3,5,12.0,3,12.0
ATL,2025-09-21,6,74,19,4,2,0,0,5,7,12.0,2,0.0
ATL,2025-09-22,2,59,17,3,1,0,0,5,2,12.0,0,0.0
ATL,2025-09-23,3,41,11,5,1,0,1,1,5,9.0,1,9.0
ATL,2025-09-24,2,26,8,2,0,0,1,3,2,6.0,1,4.0
ATL,2025-09-26,4,92,21,4,1,0,2,6,5,15.0,5,5.0
ATL,2025-09-27,3,55,13,2,2,0,0,2,3,9.0,0,9.0
ATL,2025-09-28,3,120,28,10,2,0,0,4,5,23.0,1,20.0
AZ,2024-03-28,4,47,13,3,1,0,0,1,1,12.0,0,0.0
AZ,2024-03-29,3,43,11,3,0,0,0,4,1,7.0,1,0.0
AZ,2024-03-30,3,85,22,5,4,0,1,4,4,15.0,5,0.0
AZ,2024-03-31,3,49,13,3,0,0,0,3,3,12.0,0,0.0
AZ,2024-04-01,4,86,22,2,1,0,0,3,4,19.0,0,0.0
AZ,2024-04-02,3,35,9,2,0,0,0,0,5,9.0,0,0.0
AZ,2024-04-03,4,60,15,3,0,0,1,3,7,12.0,3,12.0
AZ,2024-04-05,5,68,20,3,1,0,0,6,4,15.0,4,7.0
AZ,2024-04-06,3,57,15,3,1,0,0,7,2,7.0,4,5.0
AZ,2024-04-07,2,41,11,3,0,0,1,2,2,9.0,2,7.0
AZ,2024-04-08,3,69,16,4,3,0,1,5,3,9.0,4,7.0
AZ,2024-04-09,3,46,11,2,0,0,0,2,1,9.0,0,9.0
AZ,2024-04-10,3,76,17,5,3,0,0,2,4,12.0,0,12.0
AZ,2024-04-12,4,70,17,4,1,0,0,7,2,9.0,3,5.0
AZ,2024-04-13,3,35,12,1,0,0,0,4,3,9.0,1,5.0
AZ,2024-04-14,2,39,10,1,1,0,0,0,4,9.0,0,0.0
AZ,2024-04-15,6,105,26,6,3,0,0,6,3,18.0,1,18.0
AZ,2024-04-16,5,92,24,5,2,0,1,5,7,17.0,6,11.0
AZ,2024-04-17,2,42,11,1,2,0,0,3,3,6.0,2,1.0
AZ,2024-04-18,3,94,28,4,3,0,0,6,3,18.0,5,16.0
AZ,2024-04-19,2,50,12,2,3,0,0,0,3,9.0,0,0.0
AZ,2024-04-20,3,67,16,2,0,0,0,7,5,9.0,2,7.0
AZ,2024-04-21,3,54,14,1,3,0,0,3,2,9.0,1,7.0
AZ,2024-04-22,4,39,12,1,1,0,2,5,3,11.0,3,11.0
AZ,2024-04-23,1,34,12,2,1,1,0,1,0,9.0,0,0.0
AZ,2024-04-24,2,23,7,0,3,0,0,2,1,3.0,2,1.0
AZ,2024-04-26,2,51,12,3,2,0,1,2,3,9.0,4,0.0
AZ,2024-04-27,3,37,8,3,2,0,1,1,1,6.0,2,3.0
AZ,2024-04-28,3,33,9,4,0,0,0,0,2,9.0,0,9.0
AZ,2024-04-29,4,90,26,0,6,0,1,5,7,15.0,6,3.0
AZ,2024-04-30,6,143,37,7,6,1,0,4,6,27.0,1,27.0
AZ,2024-05-01,3,120,26,8,5,0,0,4,4,18.0,2,0.0
AZ,2024-05-03,3,86,21,5,0,0,1,7,6,14.0,2,0.0
AZ,2024-05-04,3,76,19,2,2,0,2,8,5,9.0,10,0.0
AZ,2024-05-05,4,62,16,3,0,0,0,4,2,12.0,0,0.0
AZ,2024-05-07,3,46,11,2,1,0,2,2,4,9.0,2,0.0
AZ,2024-05-08,3,47,9,2,1,0,0,2,3,6.0,1,6.0
AZ,2024-05-09,4,53,16,4,0,0,0,6,2,11.0,3,9.0
AZ,2024-05-10,2,39,10,5,2,0,0,2,1,6.0,1,6.0
AZ,2024-05-11,5,82,21,3,3,0,1,3,4,19.0,2,19.0
AZ,2024-05-12,2,53,11,1,2,0,0,0,0,9.0,0,0.0
AZ,2024-05-13,4,67,15,4,2,0,0,4,2,11.0,2,11.0
AZ,2024-05-14,2,55,16,2,0,1,0,6,3,10.0,2,0.0
AZ,2024-05-15,2,19,7,1,0,0,0,1,3,6.0,0,6.0
AZ,2024-05-17,2,82,22,7,1,0,0,6,4,15.0,7,0.0
AZ,2024-05-18,4,76,19,1,3,1,0,8,5,7.0,6,0.0
AZ,2024-05-19,2,41,11,4,0,0,0,3,3,9.0,1,9.0
AZ,2024-05-20,2,112,30,2,2,0,3,8,12,21.0,6,6.0
AZ,2024-05-21,3,28,11,3,0,0,0,2,3,9.0,0,0.0
AZ,2024-05-22,5,123,32,9,3,0,0,5,6,25.0,0,10.0
AZ,2024-05-24,2,21,7,0,0,1,0,1,2,6.0,0,0.0
AZ,2024-05-25,3,43,11,4,0,0,0,2,1,9.0,0,9.0
AZ,2024-05-26,4,89,21,6,1,1,0,5,3,13.0,3,9.0
AZ,2024-05-28,1,18,4,2,0,1,0,0,0,3.0,0,3.0
AZ,2024-05-29,3,38,10,0,2,0,0,3,4,6.0,2,0.0
AZ,2024-05-30,6,121,33,7,3,0,2,8,4,24.0,3,24.0
AZ,2024-05-31,1,67,17,2,1,0,1,5,4,12.0,2,0.0
AZ,2024-06-01,4,83,22,0,2,0,1,7,7,13.0,4,0.0
AZ,2024-06-02,2,44,9,4,0,0,0,0,2,9.0,0,9.0
AZ,2024-06-03,1,16,6,1,0,0,0,2,0,4.0,0,4.0
AZ,2024-06-04,5,112,22,7,3,1,1,4,3,14.0,4,7.0
AZ,2024-06-05,3,159,36,6,7,0,1,7,10,21.0,3,0.0
AZ,2024-06-06,4,70,19,2,2,0,0,3,4,14.0,2,14.0
AZ,2024-06-07,2,64,16,1,2,1,0,5,2,8.0,5,3.0
AZ,2024-06-08,4,105,25,3,2,1,2,8,7,14.0,9,0.0
AZ,2024-06-09,6,131,35,5,3,1,1,6,11,25.0,2,1.0
AZ,2024-06-11,3,60,16,2,1,0,0,5,2,10.0,1,1.0
AZ,2024-06-12,3,101,27,4,5,0,0,4,7,18.0,2,0.0
AZ,2024-06-13,3,43,10,0,1,2,0,0,0,9.0,0,0.0
AZ,2024-06-14,3,37,11,1,0,0,0,2,3,9.0,0,0.0
AZ,2024-06-15,3,135,35,7,4,0,4,11,10,20.0,9,12.0
AZ,2024-06-16,5,72,19,4,1,0,0,7,3,12.0,4,0.0
AZ,2024-06-18,2,26,9,2,0,0,0,1,2,9.0,0,0.0
AZ,2024-06-19,2,27,6,2,0,0,0,1,2,5.0,1,5.0
AZ,2024-06-20,2,18,7,2,0,0,0,1,1,6.0,0,3.0
AZ,2024-06-21,4,49,13,1,3,0,1,2,3,9.0,2,9.0
AZ,2024-06-22,3,68,25,0,3,1,2,8,7,13.0,6,0.0
AZ,2024-06-23,4,99,24,3,2,1,0,6,4,15.0,3,7.0
AZ,2024-06-25,3,35,9,1,0,0,0,1,1,8.0,0,8.0
AZ,2024-06-26,4,77,22,7,3,0,1,4,2,16.0,2,0.0
AZ,2024-06-27,4,100,26,3,3,2,1,4,8,19.0,5,0.0
AZ,2024-06-28,4,107,25,8,1,0,4,9,4,15.0,6,12.0
AZ,2024-06-29,2,33,10,3,0,0,0,1,2,9.0,0,0.0
AZ,2024-06-30,3,39,9,5,0,0,0,0,3,9.0,0,3.0
AZ,2024-07-02,4,131,37,7,2,0,1,11,7,25.0,6,25.0
AZ,2024-07-03,4,96,21,3,3,0,0,2,8,18.0,0,6.0
AZ,2024-07-04,3,66,17,8,0,0,0,2,0,15.0,0,12.0
AZ,2024-07-05,3,66,17,0,2,0,3,6,6,13.0,5,3.0
AZ,2024-07-06,6,111,26,8,2,0,0,7,3,17.0,4,15.0
AZ,2024-07-07,3,35,8,0,0,0,0,1,2,7.0,0,1.0
AZ,2024-07-08,4,82,20,6,1,0,1,4,5,15.0,4,15.0
AZ,2024-07-09,3,73,17,4,2,0,0,4,3,11.0,1,0.0
AZ,2024-07-10,5,70,19,6,0,0,1,4,5,15.0,2,15.0
AZ,2024-07-11,3,54,13,2,2,0,0,2,2,9.0,0,9.0
AZ,2024-07-12,2,25,8,1,0,0,0,3,2,6.0,1,6.0
AZ,2024-07-13,3,40,13,3,2,1,0,1,1,9.0,0,0.0
AZ,2024-07-14,5,79,21,6,0,0,1,5,4,16.0,1,12.0
AZ,2024-07-19,4,73,17,4,2,0,0,5,4,10.0,2,0.0
AZ,2024-07-20,4,54,13,3,0,0,0,1,3,12.0,0,0.0
AZ,2024-07-21,4,44,14,0,4,0,0,3,3,9.0,2,9.0
AZ,2024-07-22,2,62,22,4,0,1,2,6,6,15.0,5,0.0
AZ,2024-07-23,4,63,16,3,2,0,0,4,1,12.0,1,0.0
AZ,2024-07-24,3,53,13,2,1,0,0,3,4,9.0,2,7.0
AZ,2024-07-26,3,46,12,5,0,1,0,2,1,9.0,0,9.0
AZ,2024-07-27,3,51,11,3,1,0,0,1,3,9.0,0,0.0
AZ,2024-07-28,7,89,24,7,3,1,1,6,1,15.0,5,14.0
AZ,2024-07-29,3,83,23,3,2,1,0,6,2,15.0,2,0.0
AZ,2024-07-30,2,36,8,3,0,0,0,2,0,6.0,0,0.0
AZ,2024-07-31,4,77,17,3,4,0,0,4,3,9.0,2,2.0
AZ,2024-08-02,5,80,21,4,2,1,0,6,1,12.0,5,10.0
AZ,2024-08-03,3,86,19,6,1,0,1,5,7,15.0,3,7.0
AZ,2024-08-04,5,66,17,6,1,0,0,4,4,12.0,1,12.0
AZ,2024-08-05,4,43,12,5,1,0,0,2,4,9.0,1,9.0
AZ,2024-08-07,8,116,28,4,2,0,0,7,5,18.0,1,13.0
AZ,2024-08-08,2,70,17,2,1,0,1,6,5,10.0,5,7.0
AZ,2024-08-09,2,28,7,3,0,0,0,2,1,5.0,1,5.0
AZ,2024-08-10,3,67,16,4,2,0,0,0,2,14.0,0,2.0
AZ,2024-08-11,4,57,17,4,2,0,0,5,1,12.0,3,0.0
AZ,2024-08-12,2,18,6,0,0,0,0,1,1,6.0,0,6.0
AZ,2024-08-13,4,61,13,6,1,0,0,0,4,12.0,0,12.0
AZ,2024-08-14,3,43,13,3,1,0,0,3,3,9.0,1,0.0
AZ,2024-08-16,3,57,14,5,2,0,0,5,2,8.0,4,8.0
AZ,2024-08-17,3,50,14,3,0,1,1,4,3,9.0,2,0.0
AZ,2024-08-18,5,100,28,6,5,2,0,3,4,21.0,2,12.0
AZ,2024-08-19,3,45,13,3,0,0,0,3,3,11.0,2,2.0
AZ,2024-08-20,3,47,13,4,1,0,0,1,3,11.0,0,11.0
AZ,2024-08-21,4,67,16,6,1,1,0,4,1,10.0,1,7.0
AZ,2024-08-23,3,44,10,3,1,0,0,1,2,9.0,0,0.0
AZ,2024-08-24,3,44,13,4,1,0,0,3,1,9.0,1,0.0
AZ,2024-08-25,3,40,10,5,0,0,1,2,1,9.0,1,9.0
AZ,2024-08-27,1,70,21,2,1,1,0,5,3,13.0,3,0.0
AZ,2024-08-28,3,46,12,4,0,0,0,1,1,11.0,1,8.0
AZ,2024-08-29,3,39,10,4,0,0,0,2,1,8.0,1,8.0
AZ,2024-08-30,4,61,18,2,2,0,2,4,7,12.0,4,5.0
AZ,2024-08-31,5,81,19,4,2,0,0,6,2,11.0,2,11.0
AZ,2024-09-01,3,55,11,4,0,0,0,1,3,10.0,0,0.0
AZ,2024-09-02,3,108,26,4,2,0,1,10,6,15.0,8,8.0
AZ,2024-09-03,3,52,16,6,2,0,1,7,2,7.0,5,4.0
AZ,2024-09-04,3,55,14,6,1,0,1,4,3,9.0,4,6.0
AZ,2024-09-05,2,28,7,1,0,0,0,3,2,6.0,1,6.0
AZ,2024-09-06,2,64,15,3,1,0,1,4,4,10.0,4,0.0
AZ,2024-09-07,3,67,18,5,0,0,2,6,5,12.0,6,4.0
AZ,2024-09-08,4,69,19,8,0,0,0,6,6,13.0,1,0.0
AZ,2024-09-10,4,59,14,6,1,0,0,1,2,12.0,0,0.0
AZ,2024-09-11,4,80,22,0,3,0,0,5,6,15.0,2,0.0
AZ,2024-09-13,4,74,16,5,3,0,0,1,1,12.0,0,12.0
AZ,2024-09-14,3,144,35,4,4,0,3,9,10,22.0,7,0.0
AZ,2024-09-15,6,102,25,8,4,0,1,7,5,15.0,7,14.0
AZ,2024-09-16,3,27,10,1,1,0,1,2,4,9.0,2,9.0
AZ,2024-09-17,3,80,20,5,3,0,1,6,2,10.0,5,3.0
AZ,2024-09-18,3,30,11,0,1,0,0,3,1,8.0,2,0.0
AZ,2024-09-19,2,24,6,3,0,0,0,0,1,6.0,0,0.0
AZ,2024-09-20,4,61,17,6,0,0,0,5,1,12.0,0,0.0
AZ,2024-09-21,3,51,12,7,0,0,0,0,1,12.0,0,0.0
AZ,2024-09-22,4,96,22,3,2,0,0,10,3,11.0,7,4.0
AZ,2024-09-23,3,59,16,6,1,0,0,2,1,13.0,1,0.0
AZ,2024-09-24,3,107,29,3,3,0,3,8,10,19.0,7,0.0
AZ,2024-09-25,3,54,13,6,1,0,0,4,1,9.0,1,0.0
AZ,2024-09-27,4,40,13,1,1,0,0,2,4,10.0,0,9.0
AZ,2024-09-28,6,57,19,4,0,0,3,6,6,13.0,5,11.0
AZ,2024-09-29,2,48,11,2,0,0,0,1,1,11.0,1,0.0
AZ,2025-03-27,3,99,26,6,2,0,0,8,2,15.0,6,2.0
AZ,2025-03-28,3,30,12,4,0,0,0,0,4,11.0,0,0.0
AZ,2025-03-29,3,34,12,4,0,0,1,2,2,9.0,1,0.0
AZ,2025-03-30,4,75,18,5,1,0,1,6,4,11.0,3,4.0
AZ,2025-04-01,4,59,15,6,0,0,1,1,4,14.0,1,9.0
AZ,2025-04-02,3,36,10,3,0,0,1,3,4,7.0,3,2.0
AZ,2025-04-03,3,84,18,5,2,0,0,3,3,13.0,0,6.0
AZ,2025-04-04,3,48,11,2,0,0,0,2,2,9.0,0,9.0
AZ,2025-04-05,2,43,11,4,1,0,0,1,1,9.0,0,6.0
AZ,2025-04-06,2,48,12,4,1,0,0,2,2,9.0,1,9.0
AZ,2025-04-07,2,53,14,4,1,0,0,0,2,13.0,0,0.0
AZ,2025-04-08,3,34,10,2,0,2,0,1,1,9.0,1,9.0
AZ,2025-04-09,2,35,9,0,0,0,0,0,2,9.0,0,0.0
AZ,2025-04-11,2,52,14,1,1,1,0,4,2,8.0,4,0.0
AZ,2025-04-12,1,36,11,3,0,0,0,2,0,9.0,1,0.0
AZ,2025-04-13,3,59,12,6,1,1,0,1,0,9.0,0,6.0
AZ,2025-04-15,3,57,16,2,1,0,0,6,4,9.0,3,0.0
AZ,2025-04-16,4,43,13,4,1,0,0,2,3,10.0,1,1.0
AZ,2025-04-17,4,85,18,7,4,0,0,3,2,11.0,1,7.0
AZ,2025-04-18,3,78,21,5,2,1,4,12,6,6.0,11,4.0
AZ,2025-04-19,2,43,8,3,1,0,0,1,2,6.0,0,0.0
AZ,2025-04-20,4,91,18,5,1,0,0,2,4,16.0,1,16.0
AZ,2025-04-22,3,39,11,1,2,0,0,2,0,9.0,0,6.0
AZ,2025-04-23,5,81,21,5,2,0,0,7,2,13.0,5,13.0
AZ,2025-04-24,4,97,22,8,0,0,1,6,4,14.0,5,12.0
AZ,2025-04-25,2,82,22,2,3,0,0,7,5,12.0,5,2.0
AZ,2025-04-26,4,71,21,1,5,0,1,5,4,12.0,5,11.0
AZ,2025-04-27,3,57,14,3,3,1,0,2,3,9.0,2,4.0
AZ,2025-04-29,1,68,13,3,2,0,0,0,2,12.0,0,0.0
AZ,2025-04-30,5,77,17,3,4,1,1,3,4,9.0,2,9.0
AZ,2025-05-01,3,55,13,5,1,0,1,3,2,9.0,1,9.0
AZ,2025-05-02,3,45,12,2,1,0,2,2,4,9.0,2,9.0
AZ,2025-05-03,2,53,13,0,1,0,0,2,7,10.0,0,0.0
AZ,2025-05-04,5,82,23,4,1,0,2,9,5,14.0,7,13.0
AZ,2025-05-05,4,87,19,2,1,1,1,5,4,14.0,3,9.0
AZ,2025-05-06,2,39,8,2,1,0,0,2,1,6.0,0,0.0
AZ,2025-05-07,2,61,13,2,3,0,1,2,2,8.0,4,0.0
AZ,2025-05-08,3,54,12,3,0,0,1,5,4,8.0,3,1.0
AZ,2025-05-09,5,107,27,8,1,1,1,6,6,19.0,6,10.0
AZ,2025-05-10,1,17,6,1,0,0,0,0,3,6.0,0,3.0
AZ,2025-05-11,2,47,17,2,0,0,2,8,6,10.0,5,0.0
AZ,2025-05-12,2,32,7,2,1,0,0,0,1,6.0,0,6.0
AZ,2025-05-13,4,83,23,3,3,0,2,7,7,12.0,5,1.0
AZ,2025-05-14,3,109,25,8,4,0,1,6,5,15.0,3,9.0
AZ,2025-05-16,3,41,10,4,1,0,0,0,3,9.0,0,0.0
AZ,2025-05-17,5,76,24,2,3,0,1,11,3,12.0,8,10.0
AZ,2025-05-18,2,32,9,3,1,0,0,2,2,6.0,0,6.0
AZ,2025-05-19,4,56,14,2,1,1,0,3,3,9.0,2,0.0
AZ,2025-05-20,5,96,23,5,4,1,0,4,5,15.0,3,15.0
AZ,2025-05-21,1,13,4,1,0,0,0,1,1,3.0,0,3.0
AZ,2025-05-23,3,15,7,1,0,0,0,1,2,7.0,0,0.0
AZ,2025-05-24,2,33,10,2,1,1,0,2,1,6.0,3,5.0
AZ,2025-05-25,3,44,10,2,0,0,0,3,2,7.0,1,7.0
AZ,2025-05-26,4,50,11,1,2,0,0,2,2,7.0,0,0.0
AZ,2025-05-27,3,62,15,2,3,0,1,6,3,6.0,7,0.0
AZ,2025-05-28,4,62,17,6,0,0,1,5,4,12.0,6,0.0
AZ,2025-05-30,4,70,19,2,4,0,0,5,3,12.0,3,4.0
AZ,2025-05-31,5,141,39,5,3,3,0,7,9,27.0,4,0.0
AZ,2025-06-01,4,69,17,7,2,0,0,2,1,13.0,1,13.0
AZ,2025-06-03,2,28,8,1,0,0,0,2,1,6.0,0,3.0
AZ,2025-06-04,2,51,13,5,4,1,0,2,0,6.0,1,6.0
AZ,2025-06-05,3,101,24,7,2,0,3,7,3,18.0,4,3.0
AZ,2025-06-06,4,82,20,7,4,0,1,3,3,15.0,2,15.0
AZ,2025-06-07,4,96,26,3,3,1,1,7,7,15.0,8,0.0
AZ,2025-06-08,2,17,4,1,0,0,0,0,2,4.0,0,4.0
AZ,2025-06-09,7,94,23,5,1,0,1,8,3,15.0,4,10.0
AZ,2025-06-10,2,89,18,3,4,0,0,3,5,12.0,1,3.0
AZ,2025-06-11,3,33,10,2,1,0,0,2,1,8.0,0,0.0
AZ,2025-06-13,4,50,12,2,1,0,0,0,5,12.0,0,0.0
AZ,2025-06-14,3,52,16,2,2,0,0,5,2,8.0,6,6.0
AZ,2025-06-15,2,69,18,2,0,0,1,6,4,12.0,4,3.0
AZ,2025-06-17,5,56,15,5,0,0,2,5,3,12.0,3,12.0
AZ,2025-06-18,3,64,20,1,3,1,0,7,3,10.0,6,3.0
AZ,2025-06-19,3,63,15,3,0,1,2,5,4,10.0,4,0.0
AZ,2025-06-20,4,55,14,7,0,0,0,2,2,12.0,1,0.0
AZ,2025-06-21,3,35,9,4,0,0,0,1,4,8.0,0,8.0
AZ,2025-06-22,2,43,10,3,1,0,0,0,2,9.0,0,9.0
AZ,2025-06-23,1,45,11,4,2,0,0,0,1,9.0,0,0.0
AZ,2025-06-24,5,53,15,1,2,0,0,2,6,12.0,0,3.0
AZ,2025-06-25,3,41,11,0,0,0,1,4,3,8.0,3,1.0
AZ,2025-06-27,3,70,19,6,0,0,2,7,3,12.0,4,10.0
AZ,2025-06-28,6,85,21,7,1,0,1,6,3,15.0,5,9.0
AZ,2025-06-29,4,78,19,4,7,0,0,2,3,11.0,5,10.0
AZ,2025-06-30,3,28,9,3,0,0,0,2,3,7.0,2,7.0
AZ,2025-07-01,1,25,7,2,0,0,0,1,0,6.0,0,0.0
AZ,2025-07-02,3,80,18,2,2,0,0,5,3,12.0,3,11.0
AZ,2025-07-03,3,54,15,3,0,0,0,6,3,9.0,3,0.0
AZ,2025-07-04,4,64,17,3,0,1,0,2,6,14.0,0,0.0
AZ,2025-07-05,2,24,7,2,0,0,0,1,4,6.0,0,0.0
AZ,2025-07-06,2,76,20,2,2,0,0,4,6,15.0,1,0.0
AZ,2025-07-07,3,50,15,1,4,0,1,2,4,9.0,2,1.0
AZ,2025-07-08,1,16,4,1,1,0,0,0,2,3.0,0,3.0
AZ,2025-07-09,1,11,3,1,0,0,0,0,0,3.0,0,0.0
AZ,2025-07-10,2,64,19,3,3,0,0,5,4,12.0,1,12.0
AZ,2025-07-11,3,101,23,3,4,1,0,5,6,15.0,2,15.0
AZ,2025-07-12,2,54,16,3,0,0,0,7,3,9.0,4,1.0
AZ,2025-07-13,3,67,16,3,2,0,0,2,5,12.0,0,0.0
AZ,2025-07-18,2,41,12,0,1,0,1,6,2,6.0,3,0.0
AZ,2025-07-19,2,44,12,3,0,0,0,3,1,9.0,0,0.0
AZ,2025-07-20,1,38,12,4,0,0,0,4,1,9.0,1,1.0
AZ,2025-07-21,3,51,11,4,0,0,0,3,2,9.0,0,0.0
AZ,2025-07-22,3,55,15,3,2,1,1,4,4,8.0,2,8.0
AZ,2025-07-23,3,70,18,2,1,0,0,6,3,11.0,2,11.0
AZ,2025-07-25,2,57,18,3,2,1,0,0,3,15.0,0,15.0
AZ,2025-07-26,2,25,5,1,1,0,0,0,1,4.0,0,4.0
AZ,2025-07-27,2,40,10,0,1,0,0,4,2,6.0,2,0.0
AZ,2025-07-28,2,27,7,4,0,0,0,2,0,6.0,0,0.0
AZ,2025-07-29,4,61,19,1,0,1,0,8,2,10.0,5,0.0
AZ,2025-07-30,2,38,14,2,1,0,1,5,2,8.0,3,0.0
AZ,2025-08-01,4,82,25,3,2,0,0,6,8,17.0,1,0.0
AZ,2025-08-02,3,39,10,2,0,0,0,1,2,9.0,0,0.0
AZ,2025-08-03,4,52,14,3,1,0,1,2,5,12.0,2,9.0
AZ,2025-08-04,2,33,11,4,0,0,0,1,4,10.0,0,0.0
AZ,2025-08-05,6,118,31,2,7,0,0,8,2,16.0,8,14.0
AZ,2025-08-06,5,94,23,2,2,0,2,6,6,14.0,3,14.0
AZ,2025-08-08,3,37,11,2,1,0,0,2,3,9.0,0,0.0
AZ,2025-08-09,4,42,13,4,1,0,0,3,2,11.0,1,11.0
AZ,2025-08-10,3,76,17,3,1,0,1,5,2,12.0,3,0.0
AZ,2025-08-11,4,63,17,2,1,0,1,4,7,14.0,2,14.0
AZ,2025-08-12,3,95,21,3,2,0,0,1,6,18.0,0,18.0
AZ,2025-08-13,4,71,16,1,2,0,0,2,4,12.0,1,12.0
AZ,2025-08-14,2,36,9,2,0,0,1,3,2,6.0,1,0.0
AZ,2025-08-15,2,29,7,3,2,0,0,0,0,6.0,0,6.0
AZ,2025-08-16,3,49,11,2,2,0,1,4,2,5.0,7,1.0
AZ,2025-08-17,3,63,17,2,0,2,0,6,1,9.0,5,5.0
AZ,2025-08-18,2,35,9,1,0,0,0,0,2,9.0,0,0.0
AZ,2025-08-19,4,50,13,1,3,0,0,3,4,7.0,1,7.0
AZ,2025-08-20,3,48,10,5,1,0,0,1,1,9.0,0,9.0
AZ,2025-08-22,6,51,15,1,0,0,0,2,3,15.0,2,15.0
AZ,2025-08-23,2,126,33,5,3,0,0,7,10,24.0,1,0.0
AZ,2025-08-24,4,50,18,0,3,0,1,7,3,9.0,5,4.0
AZ,2025-08-25,1,88,22,6,1,0,2,4,11,17.0,2,9.0
AZ,2025-08-26,5,107,25,4,3,0,1,4,5,19.0,3,9.0
AZ,2025-08-27,3,61,14,3,2,0,1,4,1,9.0,1,9.0
AZ,2025-08-28,2,66,14,3,2,0,0,2,3,10.0,0,10.0
AZ,2025-08-29,3,50,11,2,1,0,0,1,0,9.0,0,0.0
AZ,2025-08-30,3,48,12,3,1,0,0,2,5,9.0,1,4.0
AZ,2025-08-31,2,56,13,5,1,0,1,2,3,14.0,1,6.0
AZ,2025-09-01,6,84,18,3,2,0,0,4,2,12.0,4,12.0
AZ,2025-09-02,2,63,13,2,2,0,0,3,1,8.0,1,4.0
AZ,2025-09-03,4,51,12,2,2,0,0,1,3,9.0,0,9.0
AZ,2025-09-05,4,60,14,4,1,0,0,4,4,9.0,4,2.0
AZ,2025-09-06,3,30,10,2,0,0,0,1,4,9.0,0,0.0
AZ,2025-09-07,4,65,18,3,1,1,0,5,4,9.0,6,8.0
AZ,2025-09-08,2,71,20,3,1,0,3,6,5,12.0,7,4.0
AZ,2025-09-09,1,22,4,2,0,0,0,0,2,4.0,0,4.0
AZ,2025-09-10,2,52,12,1,1,0,0,4,3,8.0,3,1.0
AZ,2025-09-12,6,74,18,3,3,1,1,3,4,13.0,4,9.0
AZ,2025-09-13,4,81,19,5,1,0,0,6,6,12.0,2,9.0
AZ,2025-09-14,4,90,20,4,2,1,2,4,6,12.0,2,12.0
AZ,2025-09-15,2,43,10,4,1,0,0,0,2,9.0,0,0.0
AZ,2025-09-16,4,40,12,1,0,0,0,0,7,12.0,0,12.0
AZ,2025-09-17,3,47,11,4,1,0,0,4,2,6.0,5,3.0
AZ,2025-09-19,4,104,24,7,3,0,1,8,5,12.0,6,6.0
AZ,2025-09-20,3,37,9,1,0,0,0,3,2,6.0,0,6.0
AZ,2025-09-21,3,49,15,3,2,0,0,5,2,9.0,2,0.0
AZ,2025-09-23,4,35,10,2,0,0,1,1,4,9.0,1,6.0
AZ,2025-09-24,5,64,18,4,1,0,0,4,5,15.0,2,14.0
AZ,2025-09-25,3,159,40,9,4,0,3,10,9,24.0,7,2.0
AZ,2025-09-26,4,67,18,5,2,0,0,5,1,11.0,2,2.0
AZ,2025-09-27,2,40,8,1,1,0,0,1,3,6.0,0,0.0
AZ,2025-09-28,5,97,21,4,4,0,0,5,4,12.0,6,0.0
BAL,2024-03-28,3,56,12,3,3,0,0,1,1,9.0,2,0.0
BAL,2024-03-30,4,70,15,4,0,0,0,5,2,9.0,3,0.0
BAL,2024-03-31,3,36,10,1,1,1,0,1,2,9.0,0,0.0
BAL,2024-04-01,3,61,16,4,1,0,0,4,5,11.0,1,11.0
BAL,2024-04-02,3,65,14,6,1,1,0,1,1,12.0,0,0.0
BAL,2024-04-03,3,43,12,4,1,0,1,1,3,10.0,1,4.0
BAL,2024-04-05,3,32,8,5,0,0,0,0,1,8.0,0,2.0
BAL,2024-04-06,7,95,21,6,2,0,0,4,4,17.0,2,15.0
BAL,2024-04-07,2,30,8,0,1,0,0,2,3,6.0,2,6.0
BAL,2024-04-09,2,27,6,4,0,0,0,0,1,6.0,0,0.0
BAL,2024-04-10,3,64,14,9,1,0,0,1,1,12.0,0,12.0
BAL,2024-04-11,5,59,15,2,0,0,1,2,4,13.0,2,10.0
BAL,2024-04-12,3,97,27,3,3,0,2,9,10,15.0,7,0.0
BAL,2024-04-13,3,86,22,3,1,1,0,5,6,15.0,3,0.0
BAL,2024-04-14,4,60,17,5,0,0,1,6,3,12.0,1,12.0
BAL,2024-04-15,4,70,17,5,0,0,0,5,1,13.0,2,1.0
BAL,2024-04-16,2,53,13,4,1,0,0,3,1,9.0,1,0.0
BAL,2024-04-17,5,61,14,5,2,0,0,2,1,10.0,2,10.0
BAL,2024-04-19,3,50,15,2,1,0,1,7,3,7.0,8,2.0
BAL,2024-04-20,6,58,18,2,3,1,0,4,1,10.0,3,7.0
BAL,2024-04-21,3,52,10,3,2,0,0,1,2,7.0,0,0.0
BAL,2024-04-22,4,67,16,3,2,1,1,4,5,10.0,2,7.0
BAL,2024-04-23,3,50,11,5,1,1,0,0,1,11.0,0,0.0
BAL,2024-04-24,4,54,15,6,1,0,2,3,4,11.0,4,6.0
BAL,2024-04-26,5,74,18,5,3,0,0,4,2,12.0,2,12.0
BAL,2024-04-27,2,23,8,1,1,1,0,1,2,6.0,0,0.0
BAL,2024-04-28,6,95,19,5,1,0,2,3,4,15.0,3,15.0
BAL,2024-04-29,3,40,12,0,0,0,0,2,3,10.0,0,10.0
BAL,2024-04-30,2,25,7,4,0,0,0,1,1,6.0,0,6.0
BAL,2024-05-01,2,34,9,2,0,0,0,0,2,9.0,0,9.0
BAL,2024-05-02,4,65,15,6,1,0,1,2,4,13.0,1,1.0
BAL,2024-05-03,3,34,8,4,0,0,0,0,2,8.0,0,0.0
BAL,2024-05-04,3,41,10,2,2,0,0,3,1,6.0,1,6.0
BAL,2024-05-05,2,44,13,2,2,0,0,2,4,9.0,1,0.0
BAL,2024-05-07,2,35,9,2,3,0,0,1,2,5.0,0,0.0
BAL,2024-05-08,7,99,29,2,5,0,1,5,7,21.0,5,21.0
BAL,2024-05-10,5,53,14,2,1,1,0,2,3,10.0,1,10.0
BAL,2024-05-11,5,84,21,3,1,1,0,1,3,19.0,0,19.0
BAL,2024-05-12,2,59,15,4,1,0,0,4,4,10.0,4,0.0
BAL,2024-05-13,5,68,16,2,3,0,1,2,5,12.0,2,12.0
BAL,2024-05-15,4,85,20,3,4,0,0,1,6,15.0,0,15.0
BAL,2024-05-17,4,42,12,0,1,0,0,3,3,9.0,0,0.0
BAL,2024-05-18,4,62,16,2,1,0,0,6,1,9.0,4,9.0
BAL,2024-05-19,3,38,12,2,2,0,0,2,3,9.0,2,4.0
BAL,2024-05-20,3,75,18,4,4,0,0,2,1,12.0,1,5.0
BAL,2024-05-21,2,48,11,2,1,0,1,1,3,9.0,2,9.0
BAL,2024-05-22,3,78,23,2,0,0,1,7,9,15.0,5,10.0
BAL,2024-05-23,5,77,18,4,2,1,0,4,5,12.0,4,3.0
BAL,2024-05-24,3,36,10,3,0,0,1,2,4,9.0,1,9.0
BAL,2024-05-25,3,74,21,7,3,0,0,3,2,15.0,3,8.0
BAL,2024-05-26,3,32,7,2,0,0,1,1,4,6.0,1,3.0
BAL,2024-05-27,4,76,20,4,4,0,0,4,4,12.0,3,0.0
BAL,2024-05-28,3,53,13,1,1,0,1,4,4,9.0,4,8.0
BAL,2024-05-29,2,29,9,1,0,0,0,3,3,6.0,0,0.0
BAL,2024-05-31,5,71,15,4,3,0,0,1,2,12.0,0,12.0
BAL,2024-06-01,5,88,23,7,1,0,0,3,7,19.0,0,4.0
BAL,2024-06-02,2,42,13,2,0,1,0,5,4,8.0,2,8.0
BAL,2024-06-03,2,27,8,1,0,0,0,1,3,7.0,0,0.0
BAL,2024-06-04,2,19,7,0,0,0,0,1,2,6.0,0,0.0
BAL,2024-06-05,4,47,14,4,0,0,0,4,4,12.0,1,12.0
BAL,2024-06-06,2,40,11,2,1,0,0,2,3,8.0,2,0.0
BAL,2024-06-07,3,57,12,2,1,0,0,1,3,10.0,0,4.0
BAL,2024-06-08,2,41,10,5,0,0,0,1,2,9.0,0,6.0
BAL,2024-06-09,3,65,16,5,2,0,0,4,3,10.0,1,1.0
BAL,2024-06-10,2,42,8,4,2,0,0,0,1,6.0,0,0.0
BAL,2024-06-11,4,68,15,5,2,0,0,1,3,11.0,0,0.0
BAL,2024-06-12,3,45,12,2,0,0,1,2,4,9.0,2,9.0
BAL,2024-06-13,3,58,15,2,0,1,0,3,4,10.0,1,4.0
BAL,2024-06-14,5,76,23,7,2,0,0,4,5,18.0,3,18.0
BAL,2024-06-15,2,27,7,4,1,0,0,0,2,6.0,0,3.0
BAL,2024-06-16,4,51,15,5,1,0,0,3,2,9.0,1,0.0
BAL,2024-06-18,3,49,15,0,1,1,0,0,5,13.0,1,0.0
BAL,2024-06-19,6,100,25,4,4,0,1,8,7,16.0,5,12.0
BAL,2024-06-20,3,59,14,3,1,0,0,1,4,13.0,0,0.0
BAL,2024-06-21,3,62,17,2,2,0,0,5,3,9.0,8,0.0
BAL,2024-06-22,1,18,4,0,0,0,1,1,1,3.0,1,0.0
BAL,2024-06-23,3,53,14,2,0,0,0,5,2,9.0,3,0.0
BAL,2024-06-24,3,45,12,7,1,0,0,1,1,10.0,0,10.0
BAL,2024-06-25,4,55,18,3,0,0,0,4,4,15.0,2,13.0
BAL,2024-06-26,2,30,7,3,1,0,0,0,1,6.0,0,6.0
BAL,2024-06-27,2,33,9,4,0,0,0,3,1,6.0,1,0.0
BAL,2024-06-28,4,75,15,5,5,0,0,1,1,9.0,1,9.0
BAL,2024-06-29,5,79,19,2,3,0,2,4,8,12.0,3,10.0
BAL,2024-06-30,4,99,28,6,2,2,2,8,6,16.0,6,0.0
BAL,2024-07-02,3,36,10,3,0,2,0,0,2,8.0,0,8.0
BAL,2024-07-03,4,60,15,5,0,0,1,3,6,12.0,1,0.0
BAL,2024-07-04,2,51,11,5,2,0,1,3,2,6.0,5,2.0
BAL,2024-07-05,3,41,10,5,0,0,0,1,1,9.0,0,9.0
BAL,2024-07-06,3,117,38,5,3,1,3,13,16,21.0,13,0.0
BAL,2024-07-07,3,42,11,5,1,0,0,1,2,9.0,1,4.0
BAL,2024-07-09,3,98,24,8,2,0,0,7,3,15.0,2,0.0
BAL,2024-07-10,3,45,12,3,0,1,0,2,1,9.0,1,0.0
BAL,2024-07-11,1,53,18,1,0,0,1,7,5,12.0,4,0.0
BAL,2024-07-12,4,64,16,4,3,0,0,2,3,11.0,1,10.0
BAL,2024-07-13,3,76,16,5,2,0,0,2,3,12.0,0,0.0
BAL,2024-07-14,4,79,19,4,4,0,1,3,2,13.0,3,13.0
BAL,2024-07-19,2,39,10,4,0,1,0,0,1,9.0,0,0.0
BAL,2024-07-20,4,77,15,5,3,0,0,3,1,9.0,2,0.0
BAL,2024-07-21,3,27,8,1,0,0,0,1,1,8.0,0,3.0
BAL,2024-07-23,4,94,20,6,0,0,0,2,6,18.0,2,2.0
BAL,2024-07-24,4,65,17,2,2,0,0,4,3,12.0,3,4.0
BAL,2024-07-25,4,61,14,5,2,0,0,3,0,8.0,4,5.0
BAL,2024-07-26,4,78,19,4,0,0,1,6,6,12.0,4,12.0
BAL,2024-07-27,2,57,17,1,1,0,1,7,7,9.0,5,0.0
BAL,2024-07-28,4,81,19,4,0,1,1,5,6,13.0,3,10.0
BAL,2024-07-29,5,129,35,11,2,0,2,9,7,23.0,5,0.0
BAL,2024-07-30,3,31,8,3,0,0,0,1,2,7.0,1,0.0
BAL,2024-07-31,3,51,11,3,1,0,0,1,2,9.0,0,0.0
BAL,2024-08-01,3,87,19,5,2,1,2,5,4,11.0,5,0.0
BAL,2024-08-02,3,66,16,2,4,0,0,4,4,9.0,4,0.0
BAL,2024-08-03,3,38,10,3,1,0,1,1,4,8.0,2,2.0
BAL,2024-08-04,5,59,16,2,2,0,0,3,6,12.0,0,0.0
BAL,2024-08-06,4,66,17,4,1,1,1,7,1,9.0,5,2.0
BAL,2024-08-07,4,52,15,4,0,0,0,3,6,12.0,0,6.0
BAL,2024-08-08,3,51,14,5,0,0,0,3,3,11.0,2,0.0
BAL,2024-08-09,2,24,7,2,0,0,1,1,1,6.0,1,0.0
BAL,2024-08-10,4,64,15,3,3,0,1,3,7,9.0,2,7.0
BAL,2024-08-11,2,35,9,2,3,0,0,2,3,4.0,2,4.0
BAL,2024-08-13,3,52,18,3,0,0,0,7,4,12.0,5,0.0
BAL,2024-08-14,3,39,9,2,1,0,0,0,0,9.0,0,3.0
BAL,2024-08-15,4,37,11,2,1,1,0,2,1,9.0,0,0.0
BAL,2024-08-16,4,100,22,5,2,0,2,4,7,15.0,4,9.0
BAL,2024-08-17,3,49,13,1,1,0,1,4,4,8.0,4,2.0
BAL,2024-08-18,3,55,15,5,2,0,1,4,2,9.0,2,2.0
BAL,2024-08-19,3,55,12,9,0,0,1,1,2,13.0,1,13.0
BAL,2024-08-20,4,56,13,4,0,0,1,3,2,9.0,4,2.0
BAL,2024-08-21,4,64,16,3,2,1,2,3,1,14.0,3,14.0
BAL,2024-08-22,3,50,13,5,2,1,0,0,1,10.0,0,0.0
BAL,2024-08-23,3,63,14,2,0,0,0,2,3,12.0,0,3.0
BAL,2024-08-24,3,41,12,5,0,0,0,2,3,10.0,0,10.0
BAL,2024-08-25,3,45,13,5,1,0,2,3,3,9.0,3,5.0
BAL,2024-08-27,4,76,17,4,1,0,0,2,4,14.0,0,14.0
BAL,2024-08-28,3,30,9,2,0,0,0,0,4,9.0,0,9.0
BAL,2024-08-29,4,76,20,3,3,0,0,4,7,14.0,2,11.0
BAL,2024-08-30,2,33,8,2,0,0,1,2,1,6.0,1,5.0
BAL,2024-08-31,6,83,20,6,3,0,0,3,4,14.0,4,12.0
BAL,2024-09-01,2,33,9,2,1,0,0,2,0,6.0,0,0.0
BAL,2024-09-02,2,55,13,2,0,0,0,2,2,12.0,1,0.0
BAL,2024-09-03,2,29,7,0,1,0,0,1,2,5.0,0,0.0
BAL,2024-09-04,5,91,22,2,2,0,0,7,3,14.0,3,0.0
BAL,2024-09-06,3,51,12,5,0,0,0,1,2,9.0,0,9.0
BAL,2024-09-07,4,66,17,4,4,0,0,4,3,10.0,3,2.0
BAL,2024-09-08,2,30,10,5,0,0,0,1,0,9.0,0,9.0
BAL,2024-09-09,4,70,21,8,1,1,2,10,2,10.0,8,2.0
BAL,2024-09-10,3,49,13,5,1,0,0,3,2,9.0,1,4.0
BAL,2024-09-11,4,40,12,3,1,0,1,3,5,9.0,3,9.0
BAL,2024-09-13,2,24,6,2,1,0,0,1,0,4.0,0,4.0
BAL,2024-09-14,2,32,11,1,0,0,1,5,3,6.0,2,1.0
BAL,2024-09-15,3,50,13,4,1,0,1,3,1,9.0,2,5.0
BAL,2024-09-17,4,100,24,8,3,0,0,4,3,17.0,6,0.0
BAL,2024-09-18,3,47,12,3,1,0,0,2,2,9.0,0,9.0
BAL,2024-09-19,4,49,13,4,3,0,0,2,2,9.0,1,9.0
BAL,2024-09-20,2,47,11,2,1,0,0,4,4,6.0,1,0.0
BAL,2024-09-21,7,91,24,4,1,0,0,9,4,15.0,4,15.0
BAL,2024-09-22,4,65,15,5,2,1,0,0,2,12.0,0,12.0
BAL,2024-09-24,6,68,17,2,2,0,0,4,6,12.0,2,10.0
BAL,2024-09-25,5,80,19,4,0,0,1,6,5,13.0,4,2.0
BAL,2024-09-26,4,71,20,5,4,0,2,6,4,9.0,9,1.0
BAL,2024-09-27,3,61,14,2,2,0,0,2,1,10.0,2,1.0
BAL,2024-09-28,4,109,30,4,2,0,1,6,7,23.0,2,0.0
BAL,2024-09-29,4,43,13,4,1,0,0,3,3,9.0,0,0.0
BAL,2024-10-01,2,16,4,1,1,0,0,0,1,3.0,0,3.0
BAL,2024-10-02,6,85,23,7,3,1,0,5,3,15.0,1,15.0
BAL,2025-03-27,3,51,12,1,4,0,0,2,3,9.0,0,0.0
BAL,2025-03-28,3,87,22,6,2,1,0,7,6,14.0,5,1.0
BAL,2025-03-29,5,77,17,8,3,0,0,3,1,11.0,0,0.0
BAL,2025-03-30,3,55,16,5,0,0,1,3,4,12.0,1,12.0
BAL,2025-03-31,5,73,19,5,2,0,0,3,4,14.0,2,11.0
BAL,2025-04-02,3,67,13,4,3,0,0,2,1,9.0,0,0.0
BAL,2025-04-03,3,63,17,1,0,0,1,5,5,12.0,3,5.0
BAL,2025-04-04,3,80,18,4,2,1,0,3,3,11.0,5,9.0
BAL,2025-04-05,3,49,12,2,2,0,0,0,5,11.0,0,0.0
BAL,2025-04-06,2,29,7,3,1,0,0,0,1,6.0,0,0.0
BAL,2025-04-07,3,38,10,2,0,0,0,1,2,9.0,0,0.0
BAL,2025-04-08,3,35,9,1,2,0,0,1,2,8.0,0,8.0
BAL,2025-04-09,3,71,17,4,2,0,1,6,4,10.0,4,0.0
BAL,2025-04-12,5,55,16,3,3,0,0,2,2,13.0,1,12.0
BAL,2025-04-13,6,95,25,3,1,0,0,9,3,16.0,5,13.0
BAL,2025-04-15,3,61,16,2,0,0,0,4,5,12.0,2,0.0
BAL,2025-04-16,4,61,15,5,1,0,0,4,3,11.0,0,0.0
BAL,2025-04-17,3,41,9,4,1,0,0,2,1,6.0,0,0.0
BAL,2025-04-18,3,93,24,7,2,0,0,5,8,17.0,1,0.0
BAL,2025-04-19,7,102,26,4,6,0,1,6,5,15.0,2,9.0
BAL,2025-04-20,4,166,46,4,7,2,2,18,13,20.0,18,0.0
BAL,2025-04-22,2,40,11,3,0,0,0,3,0,8.0,1,0.0
BAL,2025-04-23,1,22,5,0,1,0,0,1,1,3.0,1,3.0
BAL,2025-04-24,3,33,8,1,0,0,0,1,2,7.0,0,7.0
BAL,2025-04-26,7,189,46,11,8,0,2,10,9,29.0,8,25.0
BAL,2025-04-27,3,41,12,2,1,0,0,5,3,7.0,3,0.0
BAL,2025-04-28,4,67,17,7,0,0,0,5,3,12.0,3,5.0
BAL,2025-04-29,4,122,30,7,2,2,1,8,4,16.0,6,0.0
BAL,2025-04-30,6,76,18,6,2,0,0,4,3,13.0,1,13.0
BAL,2025-05-02,2,33,7,2,0,0,0,1,0,6.0,0,0.0
BAL,2025-05-03,3,47,14,2,1,0,2,4,4,9.0,2,3.0
BAL,2025-05-04,5,100,26,3,0,0,6,12,10,15.0,8,11.0
BAL,2025-05-06,3,48,12,3,1,0,1,4,2,6.0,4,0.0
BAL,2025-05-07,4,57,17,4,1,0,1,4,4,12.0,2,7.0
BAL,2025-05-08,2,41,8,3,3,0,0,2,1,3.0,3,2.0
BAL,2025-05-09,3,45,7,3,1,0,0,1,1,5.0,0,2.0
BAL,2025-05-10,3,69,15,4,3,0,0,0,2,12.0,1,0.0
BAL,2025-05-11,4,46,13,5,0,0,1,1,3,12.0,1,0.0
BAL,2025-05-14,6,144,39,10,5,0,2,8,7,28.0,5,27.0
BAL,2025-05-15,2,53,11,4,2,0,0,1,1,8.0,0,0.0
BAL,2025-05-16,4,58,16,4,3,1,1,2,3,10.0,2,10.0
BAL,2025-05-17,4,114,32,10,2,1,0,5,4,25.0,4,0.0
BAL,2025-05-18,3,59,14,6,0,0,1,3,3,11.0,2,0.0
BAL,2025-05-19,3,52,13,1,3,0,0,2,5,8.0,1,6.0
BAL,2025-05-20,4,122,34,4,6,0,3,7,12,21.0,5,12.0
BAL,2025-05-21,5,75,18,5,2,0,0,2,3,15.0,2,12.0
BAL,2025-05-23,4,119,30,1,5,0,3,16,9,9.0,18,1.0
BAL,2025-05-24,7,113,28,6,2,0,1,5,6,23.0,3,23.0
BAL,2025-05-25,4,52,14,4,0,0,0,3,4,11.0,1,0.0
BAL,2025-05-26,3,38,9,5,0,0,0,0,1,9.0,0,0.0
BAL,2025-05-27,5,77,18,6,2,0,1,6,7,11.0,4,7.0
BAL,2025-05-28,3,72,19,7,2,0,0,4,4,13.0,1,13.0
BAL,2025-05-30,2,43,9,3,1,0,0,2,2,6.0,1,6.0
BAL,2025-05-31,4,59,15,4,4,0,0,2,4,9.0,1,9.0
BAL,2025-06-01,3,25,8,2,0,0,1,1,3,7.0,1,7.0
BAL,2025-06-03,2,31,8,3,0,0,0,2,1,6.0,0,3.0
BAL,2025-06-04,4,59,14,6,2,0,0,1,3,11.0,0,11.0
BAL,2025-06-05,3,33,10,5,0,0,0,1,4,9.0,0,9.0
BAL,2025-06-06,4,62,12,6,0,0,0,3,2,8.0,0,8.0
BAL,2025-06-07,6,109,25,9,4,0,0,2,5,20.0,0,9.0
BAL,2025-06-08,3,44,13,3,0,0,1,1,3,11.0,1,0.0
BAL,2025-06-10,3,57,15,3,0,0,0,3,5,13.0,0,0.0
BAL,2025-06-11,3,21,7,3,0,0,0,0,0,7.0,0,4.0
BAL,2025-06-12,2,115,31,8,2,0,2,6,7,24.0,4,7.0
BAL,2025-06-13,4,53,13,5,0,0,0,3,1,12.0,0,12.0
BAL,2025-06-14,5,76,18,6,3,0,2,2,5,13.0,2,13.0
BAL,2025-06-15,4,87,23,7,2,0,0,3,5,19.0,0,10.0
BAL,2025-06-16,2,42,12,8,0,1,0,2,0,9.0,0,0.0
BAL,2025-06-17,4,55,16,3,1,0,0,3,7,12.0,0,3.0
BAL,2025-06-18,5,108,31,3,2,0,1,13,7,17.0,9,6.0
BAL,2025-06-19,4,70,14,6,3,0,0,2,2,9.0,0,0.0
BAL,2025-06-20,4,90,19,5,2,0,0,3,4,16.0,0,16.0
BAL,2025-06-21,4,85,21,5,2,0,1,4,4,15.0,3,0.0
BAL,2025-06-22,4,57,14,2,2,0,0,4,3,7.0,3,7.0
BAL,2025-06-23,1,5,3,0,0,0,0,0,1,3.0,0,0.0
BAL,2025-06-24,5,104,25,7,3,0,0,6,3,15.0,3,9.0
BAL,2025-06-25,4,74,20,3,1,0,1,4,4,15.0,4,0.0
BAL,2025-06-27,3,61,16,2,0,0,0,4,6,12.0,1,3.0
BAL,2025-06-28,5,135,36,5,6,0,1,9,8,24.0,7,0.0
BAL,2025-06-29,2,40,9,4,1,0,1,2,3,6.0,1,0.0
BAL,2025-06-30,5,101,23,9,2,0,1,4,6,17.0,3,13.0
BAL,2025-07-01,4,94,25,3,3,2,1,8,6,12.0,6,2.0
BAL,2025-07-02,3,48,12,3,1,0,0,1,4,10.0,0,0.0
BAL,2025-07-04,3,31,10,1,0,0,0,0,3,11.0,0,11.0
BAL,2025-07-05,6,92,23,8,3,1,0,2,0,17.0,1,14.0
BAL,2025-07-06,3,43,10,4,0,0,1,3,1,7.0,1,7.0
BAL,2025-07-08,6,96,24,7,4,0,2,6,4,14.0,5,11.0
BAL,2025-07-10,5,90,21,8,1,0,0,2,6,18.0,0,9.0
BAL,2025-07-11,2,31,8,2,0,0,1,2,2,6.0,2,0.0
BAL,2025-07-12,3,38,14,0,0,1,1,7,5,7.0,6,6.0
BAL,2025-07-13,4,91,24,2,2,0,0,9,2,14.0,4,0.0
BAL,2025-07-18,3,57,15,3,2,0,2,5,4,8.0,5,0.0
BAL,2025-07-19,2,35,8,0,2,0,0,2,2,3.0,3,3.0
BAL,2025-07-20,3,60,14,4,3,0,0,2,2,9.0,1,2.0
BAL,2025-07-21,3,87,26,3,4,1,2,8,4,13.0,6,9.0
BAL,2025-07-22,4,75,19,3,5,0,0,3,3,11.0,4,6.0
BAL,2025-07-23,3,46,12,1,1,0,0,2,6,9.0,1,9.0
BAL,2025-07-24,3,39,9,4,0,0,0,2,1,7.0,0,7.0
BAL,2025-07-25,3,40,11,5,1,0,1,1,2,9.0,1,9.0
BAL,2025-07-26,2,28,8,2,1,0,0,1,1,6.0,0,0.0
BAL,2025-07-27,3,49,13,4,2,0,0,2,2,9.0,0,0.0
BAL,2025-07-28,4,59,18,4,1,1,0,3,4,14.0,0,2.0
BAL,2025-07-29,5,91,24,4,3,1,1,5,5,18.0,1,9.0
BAL,2025-07-30,4,74,21,2,2,1,1,7,8,12.0,6,11.0
BAL,2025-08-02,4,71,18,6,3,0,0,3,2,12.0,0,6.0
BAL,2025-08-03,3,67,16,4,0,0,1,6,1,13.0,3,13.0
BAL,2025-08-04,3,62,17,2,1,0,4,9,6,7.0,10,0.0
BAL,2025-08-05,2,35,8,3,0,0,1,2,4,6.0,1,0.0
BAL,2025-08-06,2,44,10,5,1,0,0,1,1,9.0,0,0.0
BAL,2025-08-08,2,26,8,1,0,0,0,2,2,6.0,1,6.0
BAL,2025-08-09,4,118,28,7,3,0,0,7,4,18.0,5,0.0
BAL,2025-08-10,3,60,13,6,2,0,0,2,2,9.0,2,9.0
BAL,2025-08-12,1,23,4,0,0,0,0,1,2,3.0,0,3.0
BAL,2025-08-13,3,28,9,2,1,0,0,2,2,6.0,2,6.0
BAL,2025-08-14,4,69,18,2,2,0,1,5,3,11.0,3,1.0
BAL,2025-08-15,1,10,3,1,0,0,0,0,2,3.0,0,0.0
BAL,2025-08-16,6,178,46,15,9,0,1,6,4,33.0,5,30.0
BAL,2025-08-17,2,30,9,5,0,0,0,3,0,6.0,0,0.0
BAL,2025-08-18,2,41,9,1,1,0,0,2,3,6.0,2,0.0
BAL,2025-08-19,6,96,27,5,6,1,1,3,3,18.0,2,18.0
BAL,2025-08-21,3,53,15,1,1,0,0,3,2,11.0,0,0.0
BAL,2025-08-22,4,60,21,4,2,0,1,6,5,13.0,6,5.0
BAL,2025-08-23,3,44,17,1,1,0,1,4,6,12.0,2,12.0
BAL,2025-08-24,2,31,9,3,0,0,0,3,2,6.0,1,6.0
BAL,2025-08-25,2,43,10,5,0,0,0,1,1,9.0,0,9.0
BAL,2025-08-26,3,57,15,1,1,0,0,5,2,9.0,3,5.0
BAL,2025-08-27,2,97,25,4,1,1,1,5,8,19.0,2,19.0
BAL,2025-08-28,3,51,14,3,1,0,0,1,1,12.0,1,12.0
BAL,2025-08-29,3,102,28,7,2,0,2,9,6,15.0,8,0.0
BAL,2025-08-30,1,26,8,2,1,1,0,0,1,6.0,0,0.0
BAL,2025-08-31,4,98,26,2,6,0,0,6,3,14.0,6,0.0
BAL,2025-09-01,3,73,20,4,1,0,0,3,4,15.0,1,15.0
BAL,2025-09-02,4,69,16,2,3,1,0,1,3,12.0,0,0.0
BAL,2025-09-03,3,54,14,7,0,0,1,3,2,12.0,3,9.0
BAL,2025-09-05,5,96,25,4,3,0,1,5,4,18.0,1,18.0
BAL,2025-09-06,2,52,14,1,1,0,0,2,4,11.0,1,3.0
BAL,2025-09-07,5,103,24,5,4,0,0,3,3,18.0,1,6.0
BAL,2025-09-09,4,70,15,4,3,0,1,1,2,12.0,1,12.0
BAL,2025-09-10,4,73,13,4,2,0,0,1,2,10.0,0,10.0
BAL,2025-09-11,4,57,15,5,1,0,0,4,1,10.0,0,10.0
BAL,2025-09-12,2,68,17,1,2,0,0,7,2,9.0,5,8.0
BAL,2025-09-13,4,61,18,1,2,0,0,8,3,9.0,4,9.0
BAL,2025-09-14,3,103,28,3,1,0,1,12,11,15.0,10,3.0
BAL,2025-09-15,2,48,12,6,0,0,0,0,4,12.0,0,0.0
BAL,2025-09-16,4,76,16,6,2,0,1,4,2,10.0,5,4.0
BAL,2025-09-17,3,38,10,2,0,0,0,1,5,9.0,0,9.0
BAL,2025-09-18,4,79,19,6,4,0,0,4,0,12.0,4,0.0
BAL,2025-09-19,3,42,13,4,1,0,1,3,4,9.0,2,7.0
BAL,2025-09-20,3,83,21,7,2,0,0,4,4,18.0,2,0.0
BAL,2025-09-21,5,90,24,8,4,0,2,8,4,12.0,6,9.0
BAL,2025-09-23,3,38,10,2,1,0,0,1,1,8.0,0,0.0
BAL,2025-09-24,3,60,19,4,0,0,1,4,3,15.0,3,0.0
BAL,2025-09-25,4,55,15,5,0,0,0,5,1,10.0,1,3.0
BAL,2025-09-26,3,87,22,4,2,0,0,6,6,15.0,2,2.0
BAL,2025-09-27,3,58,16,4,3,1,0,2,3,11.0,3,0.0
BAL,2025-09-28,4,66,15,4,3,0,1,1,3,12.0,1,12.0
BOS,2024-03-28,4,65,16,7,1,0,1,3,4,12.0,2,9.0
BOS,2024-03-29,1,41,9,4,2,0,0,1,0,6.0,0,6.0
BOS,2024-03-30,5,68,16,5,1,0,0,4,3,12.0,3,12.0
BOS,2024-03-31,3,43,14,2,1,0,0,1,5,12.0,0,0.0
BOS,2024-04-01,1,40,10,3,0,0,0,1,2,9.0,0,0.0
BOS,2024-04-02,5,81,22,8,3,0,0,2,2,18.0,0,18.0
BOS,2024-04-03,4,63,17,2,2,0,0,3,2,12.0,0,12.0
BOS,2024-04-05,5,76,21,5,0,2,1,4,6,13.0,5,11.0
BOS,2024-04-06,3,67,16,6,2,0,0,2,4,11.0,2,11.0
BOS,2024-04-07,1,68,14,1,1,0,1,4,5,9.0,1,0.0
BOS,2024-04-09,2,79,21,5,1,0,0,9,2,11.0,4,4.0
BOS,2024-04-10,3,72,21,5,1,0,1,7,3,12.0,6,11.0
BOS,2024-04-11,5,101,24,4,4,0,3,5,7,15.0,8,14.0
BOS,2024-04-12,2,42,10,4,0,0,0,0,2,10.0,0,0.0
BOS,2024-04-13,3,76,18,6,1,0,0,3,5,15.0,0,0.0
BOS,2024-04-14,2,59,16,3,1,2,0,3,3,11.0,2,7.0
BOS,2024-04-15,4,68,18,2,1,0,1,7,4,10.0,6,6.0
BOS,2024-04-16,6,135,37,6,5,0,1,11,4,21.0,8,15.0
BOS,2024-04-18,4,124,31,4,1,1,0,8,4,21.0,5,17.0
BOS,2024-04-19,2,31,12,3,0,0,0,3,1,9.0,1,0.0
BOS,2024-04-20,4,54,10,4,0,0,1,2,3,9.0,1,6.0
BOS,2024-04-21,4,79,21,4,1,0,0,4,6,17.0,0,2.0
BOS,2024-04-23,2,42,11,2,3,0,1,2,3,6.0,3,5.0
BOS,2024-04-24,2,58,13,4,0,0,0,1,0,12.0,0,0.0
BOS,2024-04-25,5,82,23,2,3,0,0,5,7,19.0,0,9.0
BOS,2024-04-26,2,56,14,2,1,0,0,4,3,9.0,3,0.0
BOS,2024-04-27,4,89,22,6,2,0,0,2,2,18.0,0,3.0
BOS,2024-04-28,2,33,10,3,0,0,1,3,4,7.0,3,6.0
BOS,2024-04-30,4,71,16,6,0,1,0,2,3,12.0,0,0.0
BOS,2024-05-01,2,23,6,2,0,0,0,1,0,6.0,0,0.0
BOS,2024-05-02,4,63,18,2,0,0,0,4,6,14.0,2,14.0
BOS,2024-05-03,1,44,10,2,2,0,0,2,3,6.0,3,1.0
BOS,2024-05-04,4,115,29,7,1,0,1,7,8,21.0,2,21.0
BOS,2024-05-05,5,71,21,3,2,0,0,4,5,14.0,1,8.0
BOS,2024-05-07,3,36,10,1,2,0,0,2,3,6.0,2,6.0
BOS,2024-05-08,4,61,15,2,1,0,0,2,8,12.0,0,0.0
BOS,2024-05-10,2,30,9,4,1,0,0,2,2,6.0,1,5.0
BOS,2024-05-11,4,54,13,3,1,1,0,1,0,12.0,0,12.0
BOS,2024-05-12,4,53,15,2,2,1,0,1,4,12.0,0,12.0
BOS,2024-05-13,2,51,13,3,1,0,0,3,2,9.0,1,9.0
BOS,2024-05-14,5,87,26,7,2,0,0,4,4,19.0,2,19.0
BOS,2024-05-15,3,45,12,5,0,0,0,2,1,10.0,3,10.0
BOS,2024-05-16,5,96,24,8,5,0,0,4,3,16.0,2,12.0
BOS,2024-05-17,2,87,20,2,3,0,1,7,7,10.0,5,3.0
BOS,2024-05-18,3,65,16,2,1,0,0,8,2,7.0,6,5.0
BOS,2024-05-19,3,59,14,7,0,0,0,5,2,9.0,1,0.0
BOS,2024-05-20,1,22,6,3,0,0,0,1,0,6.0,0,0.0
BOS,2024-05-21,4,45,12,4,0,0,0,1,2,11.0,0,8.0
BOS,2024-05-22,3,60,15,2,2,0,1,4,4,9.0,2,0.0
BOS,2024-05-24,2,82,21,2,3,0,0,4,3,14.0,1,0.0
BOS,2024-05-25,3,78,21,5,1,0,1,4,4,17.0,1,0.0
BOS,2024-05-26,3,28,10,5,0,0,0,1,0,9.0,0,9.0
BOS,2024-05-27,1,58,20,2,1,0,0,7,5,12.0,4,0.0
BOS,2024-05-28,3,67,16,6,1,0,0,3,1,12.0,0,9.0
BOS,2024-05-29,1,28,8,2,0,0,1,2,5,6.0,1,0.0
BOS,2024-05-30,4,52,16,5,0,0,2,5,4,11.0,3,6.0
BOS,2024-05-31,2,38,10,2,0,0,1,4,3,6.0,2,0.0
BOS,2024-06-01,2,56,14,4,0,0,1,3,5,12.0,2,3.0
BOS,2024-06-02,4,62,17,3,0,0,0,6,5,11.0,6,10.0
BOS,2024-06-04,1,47,13,1,0,1,1,3,2,9.0,2,0.0
BOS,2024-06-05,2,25,6,2,0,0,0,0,1,6.0,0,0.0
BOS,2024-06-06,1,31,8,3,1,0,0,1,2,6.0,0,0.0
BOS,2024-06-07,2,57,14,3,1,0,2,3,5,10.0,3,1.0
BOS,2024-06-08,2,46,12,1,1,0,1,1,7,10.0,1,0.0
BOS,2024-06-09,6,152,35,14,2,0,1,8,9,24.0,4,24.0
BOS,2024-06-11,3,44,10,2,1,0,0,1,1,9.0,0,0.0
BOS,2024-06-12,5,74,21,4,3,0,0,3,6,15.0,2,5.0
BOS,2024-06-13,1,46,11,3,1,0,0,2,3,9.0,0,0.0
BOS,2024-06-14,3,79,18,6,1,0,1,4,5,13.0,4,0.0
BOS,2024-06-15,4,88,23,4,4,0,1,3,7,15.0,2,2.0
BOS,2024-06-16,3,57,14,5,1,0,0,3,1,9.0,0,3.0
BOS,2024-06-17,2,35,8,0,1,0,0,1,4,6.0,0,0.0
BOS,2024-06-18,4,41,11,2,0,0,0,1,7,10.0,0,10.0
BOS,2024-06-19,2,37,12,4,0,0,0,3,3,9.0,0,1.0
BOS,2024-06-21,2,31,9,1,2,0,0,2,0,5.0,2,0.0
BOS,2024-06-22,6,71,18,3,0,0,0,5,7,14.0,0,14.0
BOS,2024-06-23,7,126,30,5,0,2,0,9,9,19.0,4,1.0
BOS,2024-06-24,3,32,10,3,0,0,1,4,3,7.0,4,3.0
BOS,2024-06-25,2,97,28,8,1,0,0,6,4,20.0,2,0.0
BOS,2024-06-26,3,121,30,11,0,0,1,6,4,23.0,4,18.0
BOS,2024-06-28,2,86,22,3,3,0,1,5,9,15.0,7,0.0
BOS,2024-06-29,3,83,24,4,2,0,1,7,4,14.0,3,0.0
BOS,2024-06-30,4,54,16,3,0,0,0,4,4,12.0,1,0.0
BOS,2024-07-02,2,50,13,2,0,0,1,4,2,9.0,2,0.0
BOS,2024-07-03,3,40,9,2,0,0,0,2,2,7.0,1,4.0
BOS,2024-07-04,5,100,25,5,4,0,1,7,5,15.0,5,15.0
BOS,2024-07-05,4,68,25,5,1,0,0,4,9,20.0,1,19.0
BOS,2024-07-06,3,91,24,3,2,0,2,9,9,13.0,11,3.0
BOS,2024-07-07,2,29,7,2,1,0,0,0,1,6.0,0,3.0
BOS,2024-07-09,3,67,17,4,2,0,1,4,5,11.0,4,0.0
BOS,2024-07-10,1,38,10,1,1,0,0,2,3,7.0,1,2.0
BOS,2024-07-11,1,39,12,5,0,1,0,2,3,9.0,0,0.0
BOS,2024-07-12,2,35,10,1,0,0,1,1,8,9.0,1,0.0
BOS,2024-07-13,1,24,7,2,0,0,0,2,0,6.0,0,0.0
BOS,2024-07-14,2,41,10,4,1,0,0,2,1,8.0,1,8.0
BOS,2024-07-19,3,44,11,2,3,0,1,2,5,6.0,4,4.0
BOS,2024-07-20,4,98,23,5,5,0,1,7,4,15.0,4,15.0
BOS,2024-07-21,3,52,13,3,1,0,1,3,5,9.0,3,0.0
BOS,2024-07-22,6,100,26,5,4,0,1,5,3,18.0,5,18.0
BOS,2024-07-23,2,24,7,3,0,0,0,1,0,6.0,0,0.0
BOS,2024-07-24,5,121,31,4,2,1,2,11,7,16.0,12,0.0
BOS,2024-07-26,6,74,22,2,1,0,2,8,6,12.0,4,10.0
BOS,2024-07-27,7,110,28,3,5,0,0,8,8,16.0,6,15.0
BOS,2024-07-28,3,77,19,3,3,0,0,5,4,9.0,4,2.0
BOS,2024-07-29,2,43,12,3,1,0,0,4,2,7.0,3,0.0
BOS,2024-07-30,3,77,22,1,2,2,0,4,10,14.0,5,1.0
BOS,2024-07-31,4,56,16,3,3,2,0,0,3,11.0,0,11.0
BOS,2024-08-02,4,40,13,3,0,0,0,2,7,11.0,1,0.0
BOS,2024-08-03,2,47,14,0,2,0,0,5,1,9.0,2,1.0
BOS,2024-08-04,4,59,14,5,0,0,0,1,6,13.0,0,1.0
BOS,2024-08-05,4,60,14,3,1,0,1,4,4,9.0,3,0.0
BOS,2024-08-06,5,59,16,5,0,0,0,3,7,13.0,2,7.0
BOS,2024-08-07,3,66,17,5,1,1,2,2,2,13.0,3,0.0
BOS,2024-08-09,4,66,20,3,0,0,2,12,5,9.0,7,6.0
BOS,2024-08-10,3,113,28,8,2,0,3,8,6,18.0,4,16.0
BOS,2024-08-11,5,143,41,8,4,1,3,11,13,25.0,9,10.0
BOS,2024-08-12,5,56,15,4,1,0,1,2,4,12.0,3,12.0
BOS,2024-08-13,4,70,16,4,2,0,0,3,4,11.0,3,8.0
BOS,2024-08-14,5,59,20,3,0,0,3,9,6,10.0,7,8.0
BOS,2024-08-15,2,51,14,2,0,0,0,5,4,9.0,2,1.0
BOS,2024-08-16,7,165,46,6,5,0,1,17,9,25.0,10,15.0
BOS,2024-08-17,4,48,13,2,1,0,0,3,5,9.0,0,3.0
BOS,2024-08-18,2,49,10,1,0,1,1,1,2,8.0,2,0.0
BOS,2024-08-19,3,41,13,5,2,0,1,5,1,9.0,2,9.0
BOS,2024-08-20,4,38,13,2,0,0,0,1,5,12.0,0,12.0
BOS,2024-08-21,6,64,18,5,1,0,0,4,3,13.0,0,10.0
BOS,2024-08-23,2,62,22,3,1,1,1,9,5,11.0,8,0.0
BOS,2024-08-24,5,80,19,4,4,0,0,3,4,12.0,1,5.0
BOS,2024-08-25,3,55,12,3,0,0,1,3,2,9.0,1,6.0
BOS,2024-08-26,4,108,33,3,2,1,1,9,7,18.0,7,5.0
BOS,2024-08-27,4,72,21,2,0,0,2,6,6,17.0,2,5.0
BOS,2024-08-28,1,6,3,1,0,0,0,0,1,3.0,0,0.0
BOS,2024-08-29,2,35,8,2,1,0,0,1,1,7.0,0,7.0
BOS,2024-08-30,4,59,17,7,1,0,1,4,2,12.0,5,6.0
BOS,2024-08-31,2,23,6,1,0,0,0,2,1,6.0,0,6.0
BOS,2024-09-01,4,75,17,6,1,1,2,3,4,12.0,4,3.0
BOS,2024-09-02,1,48,10,4,1,0,0,1,1,9.0,0,0.0
BOS,2024-09-03,2,38,12,2,0,0,2,6,4,6.0,5,4.0
BOS,2024-09-04,5,73,16,2,5,0,0,2,1,9.0,4,7.0
BOS,2024-09-06,3,45,10,1,0,0,0,1,0,9.0,0,9.0
BOS,2024-09-07,4,69,17,6,1,0,1,4,6,12.0,3,8.0
BOS,2024-09-08,4,66,17,4,1,0,0,6,5,10.0,6,8.0
BOS,2024-09-09,2,55,15,3,1,0,1,3,6,11.0,1,2.0
BOS,2024-09-10,3,57,14,4,3,0,0,3,1,8.0,2,4.0
BOS,2024-09-11,4,49,15,1,0,0,1,4,3,12.0,2,12.0
BOS,2024-09-12,6,62,15,4,2,0,0,3,0,14.0,1,14.0
BOS,2024-09-13,5,57,17,5,3,0,1,5,3,9.0,5,9.0
BOS,2024-09-14,4,77,16,4,3,0,0,1,2,11.0,0,0.0
BOS,2024-09-15,4,75,16,5,2,0,0,3,0,11.0,1,7.0
BOS,2024-09-17,2,76,19,4,2,0,1,7,3,10.0,5,2.0
BOS,2024-09-18,5,76,20,7,2,0,0,4,3,15.0,0,15.0
BOS,2024-09-19,3,29,9,3,0,0,0,2,1,7.0,1,7.0
BOS,2024-09-20,7,114,32,5,3,0,0,8,8,21.0,4,20.0
BOS,2024-09-22,5,66,17,4,2,0,0,0,4,16.0,1,0.0
BOS,2024-09-23,4,39,15,1,0,0,0,5,3,12.0,1,0.0
BOS,2024-09-24,7,102,26,2,6,0,0,3,7,18.0,3,14.0
BOS,2024-09-25,3,54,13,4,0,0,1,5,3,9.0,2,0.0
BOS,2024-09-27,3,47,11,1,2,1,0,1,4,7.0,1,7.0
BOS,2024-09-28,4,57,20,4,0,1,0,5,5,14.0,3,0.0
BOS,2024-09-29,4,57,17,3,0,1,0,4,4,12.0,0,12.0
BOS,2025-03-27,3,47,14,3,0,0,0,2,6,12.0,0,9.0
BOS,2025-03-28,2,25,8,1,0,0,0,1,3,7.0,1,0.0
BOS,2025-03-29,3,48,13,2,1,1,0,1,2,11.0,0,11.0
BOS,2025-03-30,2,16,6,1,0,0,0,0,3,6.0,0,6.0
BOS,2025-03-31,4,57,20,3,1,0,0,7,4,12.0,4,9.0
BOS,2025-04-02,1,18,4,1,1,0,0,0,0,3.0,0,0.0
BOS,2025-04-03,4,86,18,5,1,0,0,3,2,15.0,1,6.0
BOS,2025-04-04,5,83,20,5,1,0,0,7,4,12.0,4,1.0
BOS,2025-04-06,7,176,43,8,4,1,1,9,11,28.0,8,16.0
BOS,2025-04-07,2,60,16,1,1,0,0,7,3,9.0,3,2.0
BOS,2025-04-08,2,57,16,3,1,1,0,4,1,10.0,4,0.0
BOS,2025-04-09,5,43,14,2,0,0,0,1,3,13.0,1,13.0
BOS,2025-04-10,4,71,17,4,2,0,0,4,4,11.0,3,11.0
BOS,2025-04-11,2,68,21,3,2,0,0,6,4,12.0,5,0.0
BOS,2025-04-12,4,56,14,4,2,0,1,2,2,12.0,3,12.0
BOS,2025-04-13,2,40,8,3,0,0,0,3,2,5.0,1,5.0
BOS,2025-04-14,4,111,24,8,2,0,2,6,6,17.0,7,0.0
BOS,2025-04-15,3,68,17,7,1,0,0,4,2,12.0,2,0.0
BOS,2025-04-16,3,55,14,9,0,0,0,1,3,13.0,0,13.0
BOS,2025-04-18,2,41,13,0,1,0,0,3,3,9.0,1,0.0
BOS,2025-04-19,4,64,17,5,2,0,1,3,3,12.0,3,10.0
BOS,2025-04-20,4,62,19,1,1,3,1,6,4,9.0,6,4.0
BOS,2025-04-21,2,28,8,2,0,0,1,1,4,6.0,1,5.0
BOS,2025-04-22,4,71,17,2,3,0,0,2,5,12.0,2,4.0
BOS,2025-04-23,2,108,21,4,3,0,0,5,4,12.0,4,2.0
BOS,2025-04-24,3,71,18,4,3,0,0,4,4,12.0,0,12.0
BOS,2025-04-26,6,82,22,9,1,1,0,2,4,18.0,1,9.0
BOS,2025-04-27,3,45,12,5,1,0,0,2,3,9.0,0,0.0
BOS,2025-04-29,2,23,6,2,0,0,0,0,2,6.0,0,0.0
BOS,2025-04-30,3,64,17,1,2,0,1,5,6,12.0,4,10.0
BOS,2025-05-01,1,29,7,0,1,0,1,3,3,3.0,3,3.0
BOS,2025-05-02,3,26,8,4,0,0,0,2,0,7.0,0,4.0
BOS,2025-05-03,3,55,13,2,0,0,0,3,2,10.0,1,6.0
BOS,2025-05-04,3,59,18,4,1,0,0,5,5,12.0,4,12.0
BOS,2025-05-06,2,106,23,7,1,0,0,6,2,16.0,0,0.0
BOS,2025-05-07,4,55,16,3,1,0,1,2,6,13.0,1,13.0
BOS,2025-05-08,3,55,16,2,1,1,0,1,9,13.0,0,1.0
BOS,2025-05-09,7,96,22,6,4,0,0,3,4,18.0,2,18.0
BOS,2025-05-10,2,26,8,2,0,0,0,2,2,6.0,0,0.0
BOS,2025-05-11,3,33,10,2,0,0,0,2,3,7.0,0,7.0
BOS,2025-05-12,1,98,27,4,0,0,0,9,8,17.0,4,0.0
BOS,2025-05-13,6,111,24,9,2,1,2,5,7,19.0,7,19.0
BOS,2025-05-14,4,40,13,3,1,0,0,1,3,12.0,2,11.0
BOS,2025-05-16,4,53,11,1,5,0,0,0,1,6.0,2,5.0
BOS,2025-05-17,4,94,21,5,3,0,0,5,3,15.0,0,6.0
BOS,2025-05-18,1,79,20,4,2,0,1,6,3,14.0,3,0.0
BOS,2025-05-19,4,60,16,5,2,0,0,3,3,13.0,0,13.0
BOS,2025-05-20,6,80,24,3,2,0,0,4,2,20.0,0,20.0
BOS,2025-05-21,3,79,19,2,3,0,1,5,4,11.0,4,4.0
BOS,2025-05-23,5,77,25,4,2,0,0,8,5,15.0,3,6.0
BOS,2025-05-24,8,163,35,6,8,1,0,4,4,24.0,4,23.0
BOS,2025-05-25,3,58,17,2,1,0,1,3,4,12.0,3,1.0
BOS,2025-05-26,1,28,8,1,2,0,0,2,1,4.0,1,4.0
BOS,2025-05-27,6,111,28,6,3,1,1,5,8,21.0,5,21.0
BOS,2025-05-28,4,96,23,3,3,0,0,5,5,16.0,4,16.0
BOS,2025-05-30,5,69,16,5,1,1,0,1,2,13.0,0,10.0
BOS,2025-05-31,2,27,8,3,0,0,0,1,0,7.0,0,0.0
BOS,2025-06-01,2,28,7,2,1,0,0,0,2,6.0,0,6.0
BOS,2025-06-02,3,100,29,5,2,0,1,4,7,24.0,1,12.0
BOS,2025-06-03,4,47,14,2,1,0,0,1,1,12.0,1,12.0
BOS,2025-06-04,6,113,28,7,3,0,0,4,2,22.0,2,22.0
BOS,2025-06-06,3,97,26,8,2,0,1,7,5,18.0,2,0.0
BOS,2025-06-07,3,47,12,6,2,0,0,1,1,9.0,2,1.0
BOS,2025-06-08,7,101,24,6,6,0,1,6,5,12.0,4,4.0
BOS,2025-06-09,4,102,25,4,6,0,0,5,6,14.0,6,13.0
BOS,2025-06-10,2,29,9,3,0,0,0,0,3,9.0,0,9.0
BOS,2025-06-11,3,39,9,3,1,1,0,2,1,6.0,0,6.0
BOS,2025-06-13,2,31,4,1,0,0,0,0,2,4.0,0,4.0
BOS,2025-06-14,3,49,15,3,2,0,0,4,2,9.0,3,8.0
BOS,2025-06-15,2,24,7,3,0,0,0,2,0,6.0,0,6.0
BOS,2025-06-16,3,48,13,5,3,0,0,1,3,9.0,0,9.0
BOS,2025-06-17,4,63,17,4,2,0,0,1,5,14.0,1,0.0
BOS,2025-06-18,3,35,9,2,1,0,0,0,0,9.0,0,9.0
BOS,2025-06-20,6,94,20,7,3,0,0,3,4,15.0,1,15.0
BOS,2025-06-21,2,20,6,1,0,0,0,0,4,6.0,0,0.0
BOS,2025-06-22,3,47,14,0,0,0,1,7,5,6.0,5,2.0
BOS,2025-06-23,3,81,18,5,4,0,0,3,2,12.0,4,11.0
BOS,2025-06-24,3,44,12,5,1,0,2,4,2,9.0,3,9.0
BOS,2025-06-25,4,86,20,6,3,0,0,6,1,12.0,3,5.0
BOS,2025-06-27,4,88,21,1,5,0,0,8,3,9.0,6,0.0
BOS,2025-06-28,1,31,8,2,2,0,0,0,2,6.0,0,0.0
BOS,2025-06-29,5,68,19,4,1,1,0,2,5,15.0,1,14.0
BOS,2025-06-30,3,54,13,2,1,1,0,2,2,9.0,1,0.0
BOS,2025-07-01,2,74,20,4,1,2,1,1,3,18.0,2,18.0
BOS,2025-07-02,5,120,37,4,2,0,1,11,6,22.0,8,17.0
BOS,2025-07-04,2,21,6,1,0,0,0,2,1,4.0,1,0.0
BOS,2025-07-05,3,38,13,2,0,0,0,1,4,12.0,0,0.0
BOS,2025-07-06,5,93,20,4,4,1,0,3,4,12.0,2,8.0
BOS,2025-07-07,4,63,15,5,2,0,0,2,3,10.0,2,4.0
BOS,2025-07-09,2,31,12,1,0,0,1,4,3,9.0,2,0.0
BOS,2025-07-10,3,46,11,4,0,0,0,2,1,9.0,0,9.0
BOS,2025-07-11,6,110,32,6,3,0,0,6,7,22.0,2,18.0
BOS,2025-07-13,3,50,10,5,0,0,0,2,0,8.0,0,0.0
BOS,2025-07-18,3,42,11,1,2,0,0,1,4,8.0,1,0.0
BOS,2025-07-19,1,36,12,1,0,1,3,5,3,6.0,3,0.0
BOS,2025-07-20,3,37,9,3,0,0,0,0,2,9.0,0,3.0
BOS,2025-07-21,3,49,10,4,2,0,0,1,1,9.0,1,9.0
BOS,2025-07-22,3,78,17,4,2,1,0,1,3,14.0,0,0.0
BOS,2025-07-23,7,94,25,5,0,0,1,5,7,21.0,3,21.0
BOS,2025-07-25,3,66,15,5,1,0,1,4,3,11.0,2,5.0
BOS,2025-07-26,3,40,10,5,1,0,0,1,2,9.0,0,9.0
BOS,2025-07-27,5,77,20,2,4,1,0,3,7,13.0,0,13.0
BOS,2025-07-28,5,94,23,4,3,3,0,4,6,15.0,3,15.0
BOS,2025-07-29,4,52,15,5,0,0,2,5,5,9.0,4,0.0
BOS,2025-07-30,1,24,6,0,0,0,0,0,3,6.0,0,0.0
BOS,2025-08-01,3,33,10,2,0,0,0,0,4,9.0,0,9.0
BOS,2025-08-02,6,83,21,6,3,0,0,5,4,14.0,0,0.0
BOS,2025-08-03,1,10,3,1,0,0,0,0,1,3.0,0,0.0
BOS,2025-08-04,5,73,16,4,2,0,2,6,5,9.0,4,0.0
BOS,2025-08-05,2,34,8,0,0,0,0,1,4,6.0,0,0.0
BOS,2025-08-06,3,84,25,6,1,3,1,6,4,16.0,4,8.0
BOS,2025-08-08,4,72,16,2,5,0,0,2,3,9.0,2,0.0
BOS,2025-08-09,4,68,18,3,2,1,0,2,3,16.0,1,16.0
BOS,2025-08-10,3,62,12,3,2,0,0,3,2,7.0,2,0.0
BOS,2025-08-11,3,44,15,2,1,0,1,3,3,12.0,2,6.0
BOS,2025-08-12,2,42,13,2,1,0,0,4,4,9.0,1,0.0
BOS,2025-08-13,2,23,6,0,0,0,0,0,2,6.0,0,0.0
BOS,2025-08-15,3,23,9,1,0,0,0,2,1,8.0,0,8.0
BOS,2025-08-16,4,35,12,1,0,0,0,4,2,8.0,3,1.0
BOS,2025-08-17,3,40,12,1,0,1,2,5,3,6.0,4,6.0
BOS,2025-08-18,2,73,16,5,2,1,0,4,2,9.0,4,1.0
BOS,2025-08-19,7,101,27,8,3,1,0,2,4,21.0,3,21.0
BOS,2025-08-21,5,78,18,2,2,0,0,3,5,13.0,1,10.0
BOS,2025-08-22,2,24,6,4,0,0,0,0,0,6.0,0,6.0
BOS,2025-08-23,3,29,9,2,1,0,0,2,2,6.0,0,0.0
BOS,2025-08-24,2,53,14,4,1,0,1,2,3,11.0,2,0.0
BOS,2025-08-25,4,114,32,11,3,1,1,5,6,24.0,3,24.0
BOS,2025-08-26,1,17,5,2,0,0,0,2,0,3.0,0,0.0
BOS,2025-08-27,3,33,7,4,0,0,0,0,1,7.0,0,7.0
BOS,2025-08-28,3,47,13,1,2,0,0,3,3,9.0,0,9.0
BOS,2025-08-29,5,63,20,3,2,0,0,7,1,11.0,4,11.0
BOS,2025-08-30,4,58,17,4,3,0,0,4,2,11.0,4,0.0
BOS,2025-08-31,3,62,13,6,1,0,1,3,4,9.0,1,0.0
BOS,2025-09-01,4,36,13,2,0,0,1,2,3,12.0,1,9.0
BOS,2025-09-02,3,39,11,2,0,0,0,2,4,9.0,0,6.0
BOS,2025-09-03,4,146,37,6,2,0,1,11,12,25.0,6,1.0
BOS,2025-09-05,3,83,23,3,3,0,1,6,5,15.0,5,2.0
BOS,2025-09-06,3,48,11,5,1,0,0,2,3,9.0,1,0.0
BOS,2025-09-07,3,57,13,6,1,0,0,2,2,9.0,1,6.0
BOS,2025-09-08,2,17,6,0,0,0,0,0,2,6.0,0,0.0
BOS,2025-09-09,4,59,17,2,1,0,0,5,1,12.0,0,0.0
BOS,2025-09-10,6,111,31,7,2,2,0,9,8,21.0,3,21.0
BOS,2025-09-12,3,57,16,2,3,0,0,4,2,10.0,2,2.0
BOS,2025-09-13,3,66,17,3,1,0,0,5,2,12.0,1,9.0
BOS,2025-09-14,3,45,11,4,0,0,1,2,2,9.0,1,8.0
BOS,2025-09-16,5,65,16,4,1,0,0,4,4,11.0,2,11.0
BOS,2025-09-17,7,88,23,7,1,0,0,5,7,17.0,3,17.0
BOS,2025-09-18,2,71,19,7,0,0,0,3,0,15.0,1,11.0
BOS,2025-09-19,3,59,15,4,2,0,1,4,2,9.0,4,3.0
BOS,2025-09-20,4,68,13,2,2,0,0,3,1,9.0,2,6.0
BOS,2025-09-21,4,70,19,5,1,0,1,6,5,12.0,4,6.0
BOS,2025-09-23,4,62,14,3,1,0,0,0,3,13.0,0,1.0
BOS,2025-09-24,1,26,5,1,1,0,1,1,2,3.0,1,0.0
BOS,2025-09-25,3,51,14,2,1,0,2,4,8,9.0,6,0.0
BOS,2025-09-26,6,96,21,6,1,0,0,3,3,18.0,0,15.0
BOS,2025-09-27,2,61,15,3,2,0,0,2,2,12.0,0,12.0
BOS,2025-09-28,3,33,9,2,1,0,0,1,2,7.0,0,7.0
BOS,2025-09-30,1,24,7,2,0,0,0,3,2,4.0,0,4.0
BOS,2025-10-01,6,125,26,5,3,0,0,6,4,17.0,2,17.0
BOS,2025-10-02,4,51,16,5,0,1,0,2,5,13.0,0,0.0
CHC,2024-03-28,6,95,24,4,5,0,2,5,4,16.0,3,16.0
CHC,2024-03-30,4,85,22,4,2,0,1,7,4,13.0,6,0.0
CHC,2024-03-31,4,77,19,7,1,0,0,3,5,15.0,0,12.0
CHC,2024-04-01,2,37,11,0,1,0,0,1,4,9.0,0,0.0
CHC,2024-04-02,2,49,14,1,1,2,1,3,4,9.0,2,0.0
CHC,2024-04-03,6,142,40,11,4,1,0,11,7,24.0,8,7.0
CHC,2024-04-05,3,93,21,8,2,0,0,4,2,15.0,2,13.0
CHC,2024-04-06,4,75,19,7,3,0,0,3,3,13.0,3,0.0
CHC,2024-04-07,3,72,19,5,2,0,0,2,3,15.0,1,0.0
CHC,2024-04-08,4,61,18,2,3,0,2,6,5,9.0,7,7.0
CHC,2024-04-09,4,77,15,6,1,0,1,1,3,13.0,1,0.0
CHC,2024-04-10,2,73,17,5,4,1,0,3,3,9.0,3,0.0
CHC,2024-04-12,2,49,13,5,1,0,0,1,4,12.0,0,0.0
CHC,2024-04-13,4,57,13,4,1,0,0,1,2,11.0,0,5.0
CHC,2024-04-14,4,62,13,4,4,1,0,1,1,10.0,0,10.0
CHC,2024-04-15,4,83,19,4,3,0,0,2,5,15.0,1,15.0
CHC,2024-04-16,6,125,28,2,7,0,1,7,4,17.0,7,13.0
CHC,2024-04-17,2,54,16,2,0,0,1,2,6,14.0,1,10.0
CHC,2024-04-19,2,69,17,5,1,0,0,3,1,12.0,2,0.0
CHC,2024-04-20,6,104,32,7,2,1,1,8,7,22.0,2,22.0
CHC,2024-04-21,4,84,21,4,2,0,0,5,6,15.0,2,8.0
CHC,2024-04-23,3,35,11,1,1,0,0,1,3,9.0,0,0.0
CHC,2024-04-24,4,58,14,3,0,1,1,3,3,10.0,1,10.0
CHC,2024-04-25,2,47,12,1,2,0,0,0,2,10.0,0,10.0
CHC,2024-04-26,1,36,10,2,1,0,0,2,3,8.0,0,0.0
CHC,2024-04-27,4,126,31,2,2,2,1,14,8,13.0,14,0.0
CHC,2024-04-28,4,84,20,6,4,0,0,4,4,15.0,3,11.0
CHC,2024-04-29,2,32,7,2,2,0,0,0,2,5.0,0,5.0
CHC,2024-04-30,2,61,13,3,1,0,1,2,5,9.0,3,2.0
CHC,2024-05-01,3,34,9,3,1,1,0,2,2,6.0,0,6.0
CHC,2024-05-02,5,79,23,6,0,1,0,5,2,19.0,5,18.0
CHC,2024-05-03,3,71,13,4,0,0,0,5,2,8.0,3,8.0
CHC,2024-05-04,3,58,17,4,2,0,1,6,3,9.0,5,9.0
CHC,2024-05-05,2,31,10,5,0,0,0,1,3,9.0,0,0.0
CHC,2024-05-06,4,75,20,3,2,0,0,8,2,13.0,6,1.0
CHC,2024-05-07,2,32,9,0,1,0,0,2,5,6.0,0,6.0
CHC,2024-05-08,3,51,11,5,1,0,0,1,2,9.0,0,0.0
CHC,2024-05-10,2,58,18,8,1,0,0,3,4,14.0,0,5.0
CHC,2024-05-11,3,84,19,4,3,0,2,5,4,12.0,4,12.0
CHC,2024-05-12,5,94,24,5,3,0,1,6,6,15.0,3,15.0
CHC,2024-05-13,1,53,13,2,1,0,0,3,1,9.0,2,9.0
CHC,2024-05-14,2,55,15,2,1,0,0,2,4,12.0,0,0.0
CHC,2024-05-15,2,42,14,4,1,1,0,4,1,9.0,1,0.0
CHC,2024-05-16,2,48,11,5,0,0,0,1,3,10.0,0,10.0
CHC,2024-05-17,4,82,18,5,1,0,1,4,3,13.0,1,0.0
CHC,2024-05-18,2,28,6,5,0,0,0,0,1,6.0,0,6.0
CHC,2024-05-19,3,87,21,5,4,0,0,4,3,13.0,2,13.0
CHC,2024-05-21,5,75,18,6,0,1,0,1,4,16.0,0,16.0
CHC,2024-05-22,2,53,13,5,1,0,2,3,5,8.0,5,1.0
CHC,2024-05-23,3,68,21,5,1,0,1,5,4,15.0,3,11.0
CHC,2024-05-25,4,50,13,4,0,0,0,6,2,7.0,4,6.0
CHC,2024-05-26,2,55,14,3,1,2,0,1,4,9.0,0,6.0
CHC,2024-05-27,2,29,9,1,2,0,1,3,2,3.0,5,1.0
CHC,2024-05-28,5,56,13,4,2,0,0,3,0,9.0,3,6.0
CHC,2024-05-29,1,46,13,1,1,0,1,2,3,11.0,3,0.0
CHC,2024-05-30,4,53,10,3,2,0,1,3,2,6.0,3,6.0
CHC,2024-05-31,3,84,17,5,4,0,1,3,5,11.0,3,11.0
CHC,2024-06-01,4,54,15,6,0,0,0,3,2,12.0,0,12.0
CHC,2024-06-02,2,64,16,4,2,0,0,4,2,12.0,0,0.0
CHC,2024-06-04,4,66,17,2,2,0,1,2,6,14.0,1,9.0
CHC,2024-06-05,5,78,17,6,3,0,1,3,3,12.0,1,12.0
CHC,2024-06-06,3,47,13,0,4,0,0,2,5,7.0,4,3.0
CHC,2024-06-07,1,8,3,0,0,0,0,0,2,3.0,0,3.0
CHC,2024-06-08,2,57,15,2,1,0,0,3,4,12.0,1,11.0
CHC,2024-06-09,2,31,8,4,1,0,0,0,0,7.0,0,7.0
CHC,2024-06-11,3,65,15,4,3,0,1,4,3,9.0,4,9.0
CHC,2024-06-12,3,59,16,5,1,0,1,2,6,13.0,1,13.0
CHC,2024-06-13,3,44,12,2,1,0,0,4,3,6.0,3,6.0
CHC,2024-06-14,4,116,29,5,1,0,1,7,7,22.0,3,21.0
CHC,2024-06-15,1,31,6,2,0,0,0,0,0,6.0,0,0.0
CHC,2024-06-16,2,53,12,3,1,0,0,2,3,9.0,0,9.0
CHC,2024-06-17,4,100,24,4,6,1,3,4,6,12.0,6,10.0
CHC,2024-06-18,2,30,7,4,0,0,0,0,0,7.0,0,4.0
CHC,2024-06-19,4,79,19,3,5,0,1,4,3,10.0,4,8.0
CHC,2024-06-21,3,108,24,8,5,0,0,3,1,18.0,3,0.0
CHC,2024-06-22,2,28,8,4,1,0,0,1,1,6.0,0,0.0
CHC,2024-06-23,3,78,19,5,3,0,1,2,4,14.0,2,1.0
CHC,2024-06-24,3,34,10,1,3,0,0,3,4,5.0,3,5.0
CHC,2024-06-25,1,25,7,1,1,0,0,3,2,3.0,3,2.0
CHC,2024-06-26,3,61,16,5,0,0,1,4,5,12.0,1,12.0
CHC,2024-06-27,4,71,14,7,1,0,0,1,3,12.0,0,12.0
CHC,2024-06-28,2,24,7,1,0,0,0,1,3,6.0,0,6.0
CHC,2024-06-29,3,60,13,3,1,0,0,4,2,9.0,0,9.0
CHC,2024-06-30,3,83,18,3,3,0,0,3,5,13.0,0,0.0
CHC,2024-07-02,3,58,15,4,0,0,0,4,3,12.0,1,0.0
CHC,2024-07-03,3,45,12,3,0,0,0,3,2,9.0,2,9.0
CHC,2024-07-04,2,41,9,4,1,0,0,2,2,6.0,0,0.0
CHC,2024-07-06,5,139,34,2,4,1,1,8,10,21.0,4,0.0
CHC,2024-07-07,3,38,11,1,1,0,0,2,2,8.0,0,0.0
CHC,2024-07-09,3,36,10,2,0,0,0,1,4,9.0,0,0.0
CHC,2024-07-10,3,45,12,2,0,1,0,3,2,9.0,0,0.0
CHC,2024-07-11,2,31,9,2,1,0,0,2,2,6.0,0,0.0
CHC,2024-07-12,3,51,10,3,3,0,0,1,1,6.0,1,0.0
CHC,2024-07-13,7,134,35,12,2,0,0,7,6,29.0,2,17.0
CHC,2024-07-14,2,46,12,2,1,0,0,1,1,10.0,0,0.0
CHC,2024-07-19,3,62,16,5,1,0,0,3,5,13.0,0,0.0
CHC,2024-07-20,3,61,15,4,0,0,0,3,5,12.0,0,0.0
CHC,2024-07-21,3,37,10,5,1,0,0,0,3,9.0,0,9.0
CHC,2024-07-22,5,82,21,5,0,0,1,4,5,17.0,1,14.0
CHC,2024-07-23,2,38,9,3,1,0,0,3,1,5.0,1,5.0
CHC,2024-07-24,4,62,16,5,1,0,0,4,3,11.0,2,11.0
CHC,2024-07-26,2,47,12,1,1,0,0,2,3,9.0,0,0.0
CHC,2024-07-27,3,52,14,1,1,0,0,3,5,10.0,2,1.0
CHC,2024-07-28,3,47,10,3,0,1,0,0,3,9.0,0,6.0
CHC,2024-07-29,3,44,15,2,0,1,1,3,4,11.0,1,0.0
CHC,2024-07-30,2,48,15,3,0,0,0,6,4,9.0,1,5.0
CHC,2024-07-31,3,65,16,4,2,0,0,2,4,12.0,1,0.0
CHC,2024-08-01,2,39,9,2,0,0,0,2,1,7.0,1,7.0
CHC,2024-08-02,4,80,21,5,6,0,0,0,2,15.0,2,1.0
CHC,2024-08-03,3,52,14,2,1,1,0,3,2,9.0,4,4.0
CHC,2024-08-04,3,20,8,0,0,0,0,1,4,7.0,0,0.0
CHC,2024-08-05,2,29,11,4,0,0,0,3,1,9.0,1,8.0
CHC,2024-08-06,2,28,7,1,0,0,1,1,2,6.0,1,0.0
CHC,2024-08-07,4,64,19,6,0,1,0,3,4,15.0,0,0.0
CHC,2024-08-09,4,60,16,3,1,0,1,5,5,12.0,1,12.0
CHC,2024-08-10,3,46,12,5,1,0,0,1,1,9.0,0,9.0
CHC,2024-08-12,3,38,12,3,1,0,1,4,2,9.0,2,6.0
CHC,2024-08-13,3,39,11,3,0,0,1,1,5,10.0,1,10.0
CHC,2024-08-14,2,40,10,0,2,1,0,2,1,6.0,2,0.0
CHC,2024-08-16,5,76,20,9,0,0,0,5,3,15.0,2,11.0
CHC,2024-08-17,6,108,31,7,4,0,1,7,11,21.0,2,16.0
CHC,2024-08-18,3,65,18,3,2,0,0,4,6,12.0,0,12.0
CHC,2024-08-20,3,49,13,7,0,0,0,3,3,10.0,0,10.0
CHC,2024-08-21,3,59,17,4,1,0,1,4,4,12.0,4,11.0
CHC,2024-08-22,2,36,8,3,1,0,0,1,3,6.0,0,0.0
CHC,2024-08-23,4,90,18,6,4,1,0,1,2,13.0,1,10.0
CHC,2024-08-24,2,25,6,2,0,0,0,0,1,6.0,0,0.0
CHC,2024-08-25,1,24,8,0,0,0,0,5,4,3.0,4,2.0
CHC,2024-08-26,3,52,15,3,2,1,1,5,1,7.0,4,0.0
CHC,2024-08-27,4,71,18,8,2,0,1,4,2,12.0,3,0.0
CHC,2024-08-28,5,132,35,12,5,1,1,8,4,22.0,4,3.0
CHC,2024-08-30,4,54,14,4,2,0,0,4,0,9.0,3,1.0
CHC,2024-08-31,3,51,13,5,2,0,0,2,2,9.0,0,9.0
CHC,2024-09-01,3,46,13,2,2,0,0,1,4,12.0,0,0.0
CHC,2024-09-02,2,40,12,2,1,0,2,5,4,6.0,5,6.0
CHC,2024-09-03,3,52,16,4,1,0,1,3,4,12.0,3,4.0
CHC,2024-09-04,2,19,6,0,0,0,0,0,2,6.0,0,0.0
CHC,2024-09-06,3,76,15,2,2,0,0,2,1,12.0,0,0.0
CHC,2024-09-07,3,62,13,2,3,0,0,1,4,10.0,0,10.0
CHC,2024-09-08,2,38,10,3,1,0,0,0,3,9.0,0,9.0
CHC,2024-09-09,5,80,20,5,1,0,1,6,4,14.0,3,1.0
CHC,2024-09-10,2,32,8,0,1,0,0,1,2,6.0,0,0.0
CHC,2024-09-11,5,80,21,3,2,0,1,4,6,15.0,3,11.0
CHC,2024-09-13,3,35,12,1,1,0,2,5,6,6.0,5,3.0
CHC,2024-09-14,4,54,15,3,2,0,1,3,6,12.0,4,12.0
CHC,2024-09-15,3,65,14,4,3,0,0,2,1,9.0,1,6.0
CHC,2024-09-16,2,51,14,2,1,0,0,4,1,9.0,0,0.0
CHC,2024-09-17,3,46,13,4,0,0,0,2,3,12.0,0,12.0
CHC,2024-09-18,6,105,28,6,1,0,1,7,9,19.0,5,19.0
CHC,2024-09-19,5,77,18,3,2,0,1,6,5,12.0,3,12.0
CHC,2024-09-20,3,43,13,3,1,0,1,3,4,9.0,1,9.0
CHC,2024-09-21,3,56,15,6,1,0,1,3,3,11.0,3,0.0
CHC,2024-09-22,2,40,8,2,0,0,0,2,0,6.0,0,0.0
CHC,2024-09-23,2,114,34,4,4,0,2,10,6,21.0,5,3.0
CHC,2024-09-24,4,66,18,7,1,0,1,3,6,15.0,2,0.0
CHC,2024-09-25,3,64,15,5,0,0,0,5,1,11.0,4,0.0
CHC,2024-09-27,2,18,7,2,0,1,0,0,2,6.0,0,6.0
CHC,2024-09-28,2,20,5,1,0,0,0,1,1,5.0,0,2.0
CHC,2024-09-29,5,87,21,3,2,0,0,6,5,14.0,3,12.0
CHC,2025-03-18,3,116,26,7,4,0,0,7,2,15.0,4,13.0
CHC,2025-03-19,5,82,21,4,6,0,1,2,3,15.0,1,0.0
CHC,2025-03-27,4,79,18,2,2,1,0,3,7,12.0,3,0.0
CHC,2025-03-28,2,69,17,6,0,1,0,5,3,11.0,3,0.0
CHC,2025-03-29,2,47,12,3,1,0,1,6,3,6.0,2,3.0
CHC,2025-03-30,4,80,24,1,6,0,1,10,5,9.0,10,5.0
CHC,2025-03-31,2,47,15,1,0,0,0,4,4,12.0,0,0.0
CHC,2025-04-01,3,29,7,0,1,0,0,1,2,7.0,0,0.0
CHC,2025-04-02,3,42,11,1,2,0,0,1,3,9.0,0,0.0
CHC,2025-04-04,2,48,8,2,1,0,0,2,0,5.0,0,5.0
CHC,2025-04-05,3,41,12,2,0,0,0,3,3,9.0,1,0.0
CHC,2025-04-06,5,96,25,5,4,0,0,6,4,15.0,3,15.0
CHC,2025-04-07,1,23,6,1,0,0,0,0,3,6.0,0,0.0
CHC,2025-04-08,3,52,15,4,0,0,0,7,1,9.0,3,5.0
CHC,2025-04-09,3,47,15,3,0,0,1,4,6,12.0,1,0.0
CHC,2025-04-11,2,41,8,2,0,0,0,2,2,6.0,0,0.0
CHC,2025-04-12,3,41,10,2,0,0,0,1,6,9.0,0,0.0
CHC,2025-04-13,6,84,21,5,2,0,0,3,5,16.0,1,16.0
CHC,2025-04-14,4,90,22,2,6,0,2,8,3,8.0,8,2.0
CHC,2025-04-15,5,66,16,4,1,0,0,1,3,15.0,0,15.0
CHC,2025-04-16,3,63,14,1,5,0,0,1,2,8.0,2,8.0
CHC,2025-04-18,7,89,26,4,3,0,2,10,6,13.0,10,12.0
CHC,2025-04-19,3,57,17,4,1,0,1,1,7,15.0,1,0.0
CHC,2025-04-20,5,80,23,5,0,0,0,5,4,18.0,2,18.0
CHC,2025-04-22,4,67,19,4,2,0,0,3,4,13.0,5,8.0
CHC,2025-04-23,3,41,10,4,0,0,0,1,1,9.0,0,9.0
CHC,2025-04-25,4,71,17,5,2,1,0,2,2,12.0,0,0.0
CHC,2025-04-26,4,75,22,4,2,1,1,3,9,16.0,4,0.0
CHC,2025-04-27,4,59,14,1,5,0,0,1,2,9.0,2,9.0
CHC,2025-04-29,3,59,15,3,2,0,0,1,5,12.0,0,0.0
CHC,2025-04-30,4,56,13,4,1,0,0,3,1,9.0,2,9.0
CHC,2025-05-01,3,50,12,0,1,0,0,1,3,9.0,1,2.0
CHC,2025-05-02,1,54,12,4,2,0,0,1,3,9.0,0,0.0
CHC,2025-05-03,2,44,9,2,0,0,0,1,3,9.0,0,0.0
CHC,2025-05-04,3,42,10,3,2,0,0,2,0,7.0,3,0.0
CHC,2025-05-05,2,41,11,3,0,0,0,2,3,9.0,0,0.0
CHC,2025-05-06,7,112,30,3,2,2,0,8,10,18.0,9,15.0
CHC,2025-05-07,5,76,17,2,3,0,0,3,1,12.0,0,12.0
CHC,2025-05-09,3,69,17,4,1,0,0,4,3,12.0,1,0.0
CHC,2025-05-10,5,150,35,10,2,1,2,8,7,24.0,5,17.0
CHC,2025-05-11,3,36,11,1,0,0,2,6,3,6.0,4,4.0
CHC,2025-05-12,2,37,9,4,1,0,0,1,2,7.0,0,0.0
CHC,2025-05-13,4,74,18,3,3,0,1,4,6,11.0,2,11.0
CHC,2025-05-14,3,52,12,4,1,0,0,2,3,9.0,0,9.0
CHC,2025-05-16,4,55,15,2,0,0,0,4,6,12.0,0,0.0
CHC,2025-05-17,3,55,12,4,1,0,0,2,3,9.0,0,0.0
CHC,2025-05-18,4,41,15,3,0,1,0,4,2,11.0,1,2.0
CHC,2025-05-19,4,70,16,4,1,0,0,4,4,12.0,2,12.0
CHC,2025-05-20,1,22,7,0,0,0,0,2,0,6.0,0,0.0
CHC,2025-05-21,3,48,11,0,1,0,0,0,3,11.0,0,11.0
CHC,2025-05-23,5,94,23,3,3,0,0,5,6,15.0,2,3.0
CHC,2025-05-24,2,44,12,2,2,0,0,2,2,9.0,0,0.0
CHC,2025-05-25,5,89,20,7,1,1,0,4,2,14.0,1,3.0
CHC,2025-05-26,4,47,10,2,2,0,0,1,1,8.0,0,8.0
CHC,2025-05-27,5,82,19,2,2,0,0,3,4,15.0,1,15.0
CHC,2025-05-28,3,32,10,3,0,0,0,2,2,9.0,0,9.0
CHC,2025-05-30,2,41,11,4,2,0,0,0,2,10.0,0,0.0
CHC,2025-05-31,3,99,26,10,1,0,0,1,7,24.0,0,24.0
CHC,2025-06-01,3,45,10,4,1,0,0,1,2,8.0,1,0.0
CHC,2025-06-03,3,39,12,1,0,0,0,2,5,11.0,0,0.0
CHC,2025-06-04,1,6,2,0,0,0,0,0,0,2.0,0,2.0
CHC,2025-06-05,4,127,33,1,1,1,0,7,8,24.0,1,0.0
CHC,2025-06-06,1,10,4,0,0,0,1,1,3,3.0,1,3.0
CHC,2025-06-07,2,37,10,2,1,0,0,3,3,6.0,0,0.0
CHC,2025-06-08,2,31,12,2,0,0,0,3,5,9.0,0,0.0
CHC,2025-06-09,4,52,19,2,1,1,0,8,2,15.0,2,15.0
CHC,2025-06-10,5,72,18,5,1,0,0,3,3,14.0,2,8.0
CHC,2025-06-11,2,35,8,4,0,0,1,2,3,7.0,1,0.0
CHC,2025-06-12,3,37,10,3,1,1,0,0,0,8.0,1,8.0
CHC,2025-06-13,5,64,16,3,2,0,0,3,0,13.0,2,13.0
CHC,2025-06-14,3,47,13,3,1,0,0,4,1,9.0,0,9.0
CHC,2025-06-15,4,55,13,2,2,0,0,0,2,12.0,0,12.0
CHC,2025-06-17,4,57,15,5,1,0,0,3,4,12.0,1,12.0
CHC,2025-06-19,3,89,21,5,3,0,1,4,6,15.0,3,5.0
CHC,2025-06-20,4,96,24,5,1,0,3,11,8,12.0,7,11.0
CHC,2025-06-21,4,72,20,6,0,1,1,7,5,13.0,3,0.0
CHC,2025-06-22,2,75,20,1,3,0,1,7,5,11.0,8,1.0
CHC,2025-06-23,2,33,10,1,0,0,0,2,4,9.0,0,0.0
CHC,2025-06-24,4,44,13,2,0,0,0,2,3,12.0,0,9.0
CHC,2025-06-25,3,27,10,1,0,0,0,1,4,9.0,0,0.0
CHC,2025-06-26,4,74,17,4,2,1,0,2,4,12.0,0,6.0
CHC,2025-06-27,1,50,15,1,1,0,0,2,3,12.0,0,0.0
CHC,2025-06-28,4,56,13,3,0,0,1,2,4,12.0,1,0.0
CHC,2025-06-29,3,43,12,2,0,0,0,2,0,10.0,0,10.0
CHC,2025-07-01,2,24,7,3,1,0,0,0,2,6.0,0,3.0
CHC,2025-07-02,4,69,17,0,2,0,0,3,5,11.0,1,11.0
CHC,2025-07-03,4,55,12,4,1,0,0,2,2,9.0,0,9.0
CHC,2025-07-04,3,44,12,3,3,0,0,2,2,7.0,2,0.0
CHC,2025-07-05,6,143,36,7,0,0,3,12,15,26.0,8,24.0
CHC,2025-07-06,2,46,14,2,0,0,0,3,4,12.0,0,0.0
CHC,2025-07-08,3,47,14,2,1,0,3,7,5,6.0,6,3.0
CHC,2025-07-09,3,49,13,3,0,1,0,2,2,10.0,0,10.0
CHC,2025-07-10,2,32,8,4,1,0,0,1,1,6.0,0,0.0
CHC,2025-07-11,2,88,25,5,1,0,2,12,4,12.0,8,0.0
CHC,2025-07-12,2,23,6,1,0,1,1,2,1,3.0,2,0.0
CHC,2025-07-13,2,27,6,2,0,0,0,0,2,6.0,0,0.0
CHC,2025-07-18,5,47,14,3,0,0,0,3,2,12.0,0,3.0
CHC,2025-07-19,2,35,7,5,0,0,0,1,0,6.0,0,0.0
CHC,2025-07-20,5,62,17,5,2,0,3,5,7,10.0,6,5.0
CHC,2025-07-21,3,127,39,4,1,0,4,14,11,24.0,10,5.0
CHC,2025-07-22,2,19,7,2,0,0,0,2,0,6.0,0,0.0
CHC,2025-07-23,3,73,18,3,3,1,1,2,4,12.0,2,0.0
CHC,2025-07-25,4,100,23,6,1,0,1,6,6,15.0,6,0.0
CHC,2025-07-26,3,30,9,0,0,0,1,2,5,8.0,1,0.0
CHC,2025-07-27,4,69,18,4,0,1,1,5,5,12.0,3,4.0
CHC,2025-07-28,2,36,13,1,0,0,2,4,7,9.0,3,2.0
CHC,2025-07-29,5,92,21,6,5,0,1,2,7,12.0,6,0.0
CHC,2025-07-30,3,51,14,2,0,0,0,2,3,12.0,0,0.0
CHC,2025-08-01,4,46,14,5,1,0,0,1,5,12.0,0,12.0
CHC,2025-08-02,3,32,11,1,2,0,1,3,1,6.0,4,4.0
CHC,2025-08-03,4,73,17,6,2,0,0,2,5,13.0,1,13.0
CHC,2025-08-04,5,110,27,8,0,0,0,5,5,21.0,2,21.0
CHC,2025-08-05,3,56,15,1,1,0,1,6,3,8.0,4,0.0
CHC,2025-08-06,4,46,12,6,0,0,0,2,0,10.0,1,4.0
CHC,2025-08-08,2,62,15,2,1,0,1,6,4,9.0,2,0.0
CHC,2025-08-09,3,62,14,4,2,0,0,4,1,9.0,0,0.0
CHC,2025-08-10,1,15,4,2,0,0,0,0,0,4.0,0,4.0
CHC,2025-08-12,1,55,16,0,1,0,1,4,4,12.0,1,0.0
CHC,2025-08-13,4,38,11,2,0,0,0,1,3,10.0,1,4.0
CHC,2025-08-14,1,16,4,1,0,0,0,1,0,3.0,0,3.0
CHC,2025-08-15,4,55,15,3,0,0,1,3,8,12.0,2,12.0
CHC,2025-08-16,2,35,8,5,0,0,0,2,0,6.0,0,6.0
CHC,2025-08-17,4,84,22,6,2,0,0,4,2,15.0,2,15.0
CHC,2025-08-18,4,120,30,8,6,0,1,5,4,19.0,5,9.0
CHC,2025-08-19,7,107,24,7,3,0,0,4,1,20.0,1,11.0
CHC,2025-08-20,3,55,15,5,2,0,0,3,1,10.0,2,10.0
CHC,2025-08-21,2,40,10,2,1,0,0,4,2,6.0,2,2.0
CHC,2025-08-22,3,41,10,5,0,0,1,1,2,9.0,1,9.0
CHC,2025-08-23,1,44,11,3,0,0,1,2,2,9.0,1,0.0
CHC,2025-08-24,4,85,18,6,1,0,0,4,2,12.0,2,11.0
CHC,2025-08-26,3,30,9,2,0,0,0,1,2,8.0,0,0.0
CHC,2025-08-27,3,49,17,2,1,1,3,5,5,10.0,5,0.0
CHC,2025-08-28,2,31,8,1,0,1,0,3,2,6.0,1,6.0
CHC,2025-08-29,4,88,21,6,1,0,1,8,5,12.0,5,0.0
CHC,2025-08-30,3,32,9,3,0,0,0,0,0,9.0,0,9.0
CHC,2025-08-31,3,50,12,2,2,0,0,5,0,9.0,2,8.0
CHC,2025-09-01,4,101,26,10,2,1,0,5,3,18.0,3,14.0
CHC,2025-09-02,3,50,12,3,0,0,0,3,3,9.0,0,9.0
CHC,2025-09-03,4,81,20,6,2,0,2,6,3,12.0,5,5.0
CHC,2025-09-05,4,48,13,5,0,0,0,3,2,11.0,3,0.0
CHC,2025-09-06,2,24,6,4,0,0,0,0,0,6.0,0,6.0
CHC,2025-09-07,5,110,32,10,2,0,2,7,8,24.0,6,24.0
CHC,2025-09-08,1,45,9,1,0,1,1,2,4,6.0,1,4.0
CHC,2025-09-09,3,37,8,4,0,0,0,0,2,8.0,0,2.0
CHC,2025-09-10,5,64,15,5,0,0,0,1,2,14.0,1,14.0
CHC,2025-09-12,4,48,12,5,0,0,0,0,2,12.0,0,12.0
CHC,2025-09-13,4,58,18,3,1,0,2,7,5,11.0,3,11.0
CHC,2025-09-14,3,69,16,4,3,0,0,2,2,12.0,0,12.0
CHC,2025-09-15,3,64,15,3,4,1,0,1,1,9.0,0,0.0
CHC,2025-09-16,4,50,13,6,0,0,0,1,4,12.0,0,0.0
CHC,2025-09-17,4,113,23,6,1,1,0,2,4,18.0,0,6.0
CHC,2025-09-18,1,19,4,1,1,0,0,0,0,3.0,0,3.0
CHC,2025-09-19,2,67,14,2,3,0,2,3,4,9.0,3,1.0
CHC,2025-09-20,3,61,18,7,0,0,3,6,4,12.0,4,10.0
CHC,2025-09-21,1,11,3,1,0,0,0,0,1,3.0,0,3.0
CHC,2025-09-23,6,102,30,5,2,0,2,9,6,18.0,8,13.0
CHC,2025-09-24,2,50,13,4,0,0,1,2,3,11.0,1,0.0
CHC,2025-09-25,3,46,12,4,1,0,0,1,2,10.0,0,0.0
CHC,2025-09-26,4,52,14,7,1,0,0,3,3,10.0,1,0.0
CHC,2025-09-27,3,52,14,5,1,0,1,4,5,9.0,2,4.0
CHC,2025-09-28,2,48,14,4,0,0,0,3,5,11.0,0,11.0
CHC,2025-09-30,4,55,14,4,0,0,0,0,3,14.0,0,14.0
CHC,2025-10-01,5,115,32,5,3,0,1,5,9,24.0,2,11.0
CHC,2025-10-02,5,87,22,4,1,2,1,5,5,15.0,1,12.0
CHC,2025-10-04,3,136,34,7,4,0,0,9,7,22.0,5,0.0
CHC,2025-10-06,3,87,23,2,2,1,1,6,7,16.0,3,3.0
CHC,2025-10-08,5,78,19,6,2,0,1,2,2,15.0,1,15.0
CHC,2025-10-09,4,50,14,2,1,0,0,1,3,13.0,0,0.0
CHC,2025-10-11,5,103,29,3,4,0,2,5,10,21.0,2,21.0
CIN,2024-03-28,2,55,11,5,0,0,1,2,3,9.0,2,0.0
CIN,2024-03-30,5,83,22,7,2,1,1,6,4,13.0,4,13.0
CIN,2024-03-31,5,71,19,4,3,1,1,3,6,12.0,2,12.0
CIN,2024-04-01,5,69,18,6,2,0,0,4,3,14.0,1,11.0
CIN,2024-04-02,2,51,14,1,2,0,2,5,5,6.0,6,1.0
CIN,2024-04-03,4,55,12,5,1,0,0,1,3,10.0,0,7.0
CIN,2024-04-05,3,60,14,4,4,0,1,1,3,9.0,2,9.0
CIN,2024-04-06,3,56,16,1,1,0,0,3,4,12.0,1,6.0
CIN,2024-04-07,2,48,14,1,0,0,0,2,5,12.0,0,12.0
CIN,2024-04-08,4,58,15,5,1,1,1,3,3,10.0,2,9.0
CIN,2024-04-09,1,81,22,1,3,0,0,7,9,12.0,4,0.0
CIN,2024-04-10,2,42,12,3,2,1,0,0,2,9.0,0,0.0
CIN,2024-04-12,2,22,6,2,0,0,0,0,3,6.0,0,0.0
CIN,2024-04-13,2,52,12,5,2,0,0,1,2,10.0,0,0.0
CIN,2024-04-14,4,63,16,4,3,0,0,3,5,10.0,2,0.0
CIN,2024-04-15,2,96,26,6,1,0,0,7,10,18.0,4,0.0
CIN,2024-04-16,4,84,20,7,4,0,0,4,4,12.0,2,12.0
CIN,2024-04-17,2,56,13,3,4,0,1,3,3,6.0,3,1.0
CIN,2024-04-19,3,37,9,3,1,0,0,0,2,8.0,0,5.0
CIN,2024-04-20,2,55,14,3,0,0,0,2,7,12.0,1,10.0
CIN,2024-04-21,5,144,33,6,4,0,0,6,8,25.0,0,16.0
CIN,2024-04-22,1,30,10,1,1,0,1,2,1,6.0,3,0.0
CIN,2024-04-23,4,58,18,4,0,1,0,4,6,14.0,0,0.0
CIN,2024-04-24,6,58,16,4,0,0,0,5,3,12.0,2,9.0
CIN,2024-04-25,2,46,11,3,1,1,0,0,3,9.0,0,0.0
CIN,2024-04-26,2,25,6,2,0,0,1,1,3,5.0,1,5.0
CIN,2024-04-27,2,45,12,2,0,0,2,6,4,6.0,4,0.0
CIN,2024-04-28,3,45,10,4,3,0,0,0,0,8.0,0,8.0
CIN,2024-04-29,2,37,9,3,0,0,0,3,4,6.0,1,0.0
CIN,2024-04-30,4,59,15,3,1,1,0,4,3,9.0,1,6.0
CIN,2024-05-01,2,34,10,2,1,0,1,3,4,6.0,4,0.0
CIN,2024-05-03,4,59,15,3,1,0,1,4,6,10.0,3,2.0
CIN,2024-05-04,3,47,13,5,1,0,0,0,1,12.0,0,12.0
CIN,2024-05-05,4,81,20,4,3,0,2,7,5,12.0,7,0.0
CIN,2024-05-07,3,59,14,5,1,0,2,4,2,9.0,4,1.0
CIN,2024-05-08,3,44,13,5,0,0,1,2,3,12.0,2,12.0
CIN,2024-05-09,3,90,20,4,3,0,0,5,2,12.0,4,11.0
CIN,2024-05-10,4,58,14,4,1,0,0,1,4,12.0,0,12.0
CIN,2024-05-11,2,45,9,3,0,1,0,2,1,6.0,1,0.0
CIN,2024-05-12,6,84,20,5,2,0,0,2,6,16.0,2,16.0
CIN,2024-05-13,6,98,24,7,5,2,0,4,2,15.0,3,15.0
CIN,2024-05-14,2,29,7,2,0,0,0,1,3,6.0,0,0.0
CIN,2024-05-15,1,22,5,2,0,0,0,2,2,3.0,1,3.0
CIN,2024-05-16,6,148,31,11,2,0,0,4,6,25.0,2,4.0
CIN,2024-05-17,3,58,14,1,1,0,1,5,5,9.0,3,7.0
CIN,2024-05-18,1,34,12,3,0,0,0,3,4,9.0,1,0.0
CIN,2024-05-19,4,53,13,2,1,0,0,3,4,11.0,1,11.0
CIN,2024-05-21,2,25,7,3,1,0,0,1,1,6.0,0,6.0
CIN,2024-05-22,2,54,18,1,0,1,0,6,2,13.0,3,0.0
CIN,2024-05-23,5,58,14,5,1,0,0,3,4,12.0,2,12.0
CIN,2024-05-24,4,68,17,2,2,1,1,3,8,11.0,1,0.0
CIN,2024-05-25,3,30,10,3,1,0,0,0,3,9.0,0,9.0
CIN,2024-05-26,3,138,29,8,0,0,0,4,8,25.0,1,7.0
CIN,2024-05-27,3,50,11,9,0,0,0,0,1,11.0,0,11.0
CIN,2024-05-28,3,54,15,2,1,0,0,6,2,9.0,2,0.0
CIN,2024-05-29,4,65,16,2,2,0,1,6,3,9.0,2,3.0
CIN,2024-05-31,4,73,17,1,2,0,0,3,6,13.0,2,13.0
CIN,2024-06-01,3,34,10,4,1,0,1,3,1,6.0,2,6.0
CIN,2024-06-02,2,39,11,4,1,0,0,1,4,9.0,0,0.0
CIN,2024-06-03,2,45,11,2,0,1,0,2,1,9.0,0,0.0
CIN,2024-06-04,2,27,8,3,0,0,0,2,4,6.0,1,0.0
CIN,2024-06-05,6,83,24,4,1,0,1,7,9,16.0,3,12.0
CIN,2024-06-06,3,43,8,5,1,0,0,0,1,7.0,0,1.0
CIN,2024-06-07,3,48,12,1,1,0,0,2,3,9.0,1,9.0
CIN,2024-06-08,5,56,18,2,1,0,0,5,4,12.0,2,11.0
CIN,2024-06-09,3,123,31,7,3,1,0,6,6,23.0,0,6.0
CIN,2024-06-11,6,141,37,7,5,0,1,8,9,24.0,5,23.0
CIN,2024-06-12,3,42,10,2,1,0,0,0,5,9.0,0,9.0
CIN,2024-06-14,4,87,21,4,3,0,0,5,4,12.0,3,2.0
CIN,2024-06-15,2,43,9,4,0,0,0,0,3,9.0,0,0.0
CIN,2024-06-16,3,48,14,5,1,0,1,4,1,9.0,4,9.0
CIN,2024-06-17,1,25,8,2,0,0,0,1,2,6.0,0,0.0
CIN,2024-06-18,2,24,6,1,1,0,0,0,1,6.0,0,6.0
CIN,2024-06-19,3,24,7,2,1,0,1,1,4,5.0,1,5.0
CIN,2024-06-21,4,62,12,4,0,0,0,2,3,10.0,0,4.0
CIN,2024-06-22,4,57,13,2,0,0,0,4,4,9.0,2,9.0
CIN,2024-06-23,3,68,18,6,0,0,1,5,3,13.0,3,0.0
CIN,2024-06-24,3,69,15,6,3,0,1,3,3,9.0,2,0.0
CIN,2024-06-25,3,80,20,5,2,0,1,3,5,15.0,3,0.0
CIN,2024-06-26,3,46,13,4,1,0,0,1,4,11.0,2,0.0
CIN,2024-06-27,3,54,16,3,0,0,0,5,8,12.0,2,0.0
CIN,2024-06-28,1,39,8,0,0,0,0,2,4,6.0,0,6.0
CIN,2024-06-29,4,74,15,5,1,0,0,5,2,9.0,2,0.0
CIN,2024-06-30,4,48,13,4,0,0,0,3,3,10.0,1,10.0
CIN,2024-07-02,4,52,14,2,0,0,1,2,6,12.0,3,12.0
CIN,2024-07-03,4,47,12,1,4,0,0,2,2,8.0,2,8.0
CIN,2024-07-04,3,57,15,2,0,0,1,3,3,12.0,2,0.0
CIN,2024-07-05,2,82,17,7,2,0,1,3,2,13.0,1,0.0
CIN,2024-07-06,4,71,14,2,3,0,1,4,1,6.0,5,2.0
CIN,2024-07-07,4,74,19,6,1,0,1,6,2,13.0,4,9.0
CIN,2024-07-08,2,16,6,1,0,0,0,1,1,6.0,0,3.0
CIN,2024-07-09,6,102,26,7,2,2,1,5,7,16.0,3,4.0
CIN,2024-07-10,2,25,9,1,0,0,0,4,1,6.0,1,0.0
CIN,2024-07-11,4,47,11,3,2,0,0,1,2,9.0,0,0.0
CIN,2024-07-12,2,59,17,2,1,0,0,5,2,12.0,1,0.0
CIN,2024-07-13,7,100,28,7,2,0,0,8,8,17.0,3,8.0
CIN,2024-07-14,7,80,19,4,0,0,0,6,5,13.0,1,13.0
CIN,2024-07-19,3,49,12,6,1,0,0,1,2,10.0,0,0.0
CIN,2024-07-20,3,35,9,0,0,1,0,3,1,5.0,2,5.0
CIN,2024-07-21,2,21,7,2,0,0,1,3,2,4.0,3,3.0
CIN,2024-07-22,2,30,9,1,2,0,0,1,3,6.0,1,0.0
CIN,2024-07-24,4,55,15,8,0,0,0,0,4,14.0,0,0.0
CIN,2024-07-26,3,59,14,3,1,1,0,2,6,10.0,0,10.0
CIN,2024-07-27,3,62,14,3,2,0,0,0,3,12.0,0,0.0
CIN,2024-07-28,2,44,8,3,3,0,0,1,0,3.0,2,3.0
CIN,2024-07-29,4,62,14,5,0,0,1,2,5,12.0,1,0.0
CIN,2024-07-30,6,137,35,7,4,0,1,7,13,24.0,2,7.0
CIN,2024-07-31,2,75,17,3,2,0,0,6,2,10.0,5,0.0
CIN,2024-08-02,4,61,16,6,0,0,1,2,2,14.0,1,6.0
CIN,2024-08-03,3,38,13,2,0,0,3,4,5,9.0,4,3.0
CIN,2024-08-04,4,83,20,6,2,1,1,7,2,10.0,5,5.0
CIN,2024-08-05,3,82,21,4,2,1,1,7,3,12.0,3,0.0
CIN,2024-08-06,3,39,11,5,1,0,0,2,0,9.0,0,0.0
CIN,2024-08-07,3,34,10,3,0,0,0,2,1,9.0,0,6.0
CIN,2024-08-08,4,53,17,4,2,0,0,3,6,12.0,1,9.0
CIN,2024-08-09,3,33,9,4,0,0,0,0,3,9.0,0,0.0
CIN,2024-08-10,1,21,4,2,0,0,1,1,1,3.0,1,3.0
CIN,2024-08-11,4,46,12,2,1,0,0,2,1,11.0,1,11.0
CIN,2024-08-12,1,21,7,3,0,0,0,0,3,7.0,0,0.0
CIN,2024-08-13,2,28,7,3,1,0,0,0,1,6.0,0,0.0
CIN,2024-08-14,5,117,31,6,1,1,0,8,8,21.0,2,3.0
CIN,2024-08-16,2,49,14,5,1,0,1,5,3,9.0,4,6.0
CIN,2024-08-17,7,125,34,5,4,0,1,7,11,20.0,8,0.0
CIN,2024-08-18,3,54,18,4,0,0,0,7,1,12.0,4,0.0
CIN,2024-08-19,5,75,19,5,2,0,1,2,2,15.0,1,3.0
CIN,2024-08-20,2,41,11,1,0,0,0,0,5,11.0,0,0.0
CIN,2024-08-21,5,85,21,5,3,1,0,4,2,14.0,1,2.0
CIN,2024-08-22,2,58,15,5,0,0,1,5,4,10.0,5,0.0
CIN,2024-08-23,6,110,29,6,2,0,0,8,10,18.0,6,14.0
CIN,2024-08-24,1,38,9,2,0,0,0,0,5,9.0,0,0.0
CIN,2024-08-25,3,71,21,1,0,1,1,5,10,18.0,2,18.0
CIN,2024-08-27,5,116,29,8,5,0,3,8,6,15.0,5,8.0
CIN,2024-08-28,5,80,28,4,1,0,3,11,12,18.0,8,10.0
CIN,2024-08-29,4,79,21,5,2,0,1,4,5,15.0,3,12.0
CIN,2024-08-30,8,163,45,9,3,0,4,17,13,29.0,14,22.0
CIN,2024-08-31,4,135,33,9,5,0,2,7,9,21.0,5,14.0
CIN,2024-09-01,3,100,26,1,0,1,0,2,9,23.0,1,23.0
CIN,2024-09-02,4,117,25,6,3,0,0,4,5,19.0,1,14.0
CIN,2024-09-04,1,45,13,6,0,0,1,3,3,10.0,2,0.0
CIN,2024-09-05,2,40,8,2,1,0,0,0,3,8.0,0,8.0
CIN,2024-09-06,6,126,34,7,1,3,1,7,6,27.0,4,27.0
CIN,2024-09-07,2,72,18,4,2,1,1,6,5,9.0,4,2.0
CIN,2024-09-08,5,76,16,7,1,0,0,2,3,13.0,1,13.0
CIN,2024-09-09,2,23,6,2,0,0,0,0,2,6.0,0,6.0
CIN,2024-09-10,4,62,17,6,2,0,0,3,1,12.0,0,0.0
CIN,2024-09-11,4,62,14,5,1,1,0,3,4,9.0,1,9.0
CIN,2024-09-12,2,74,20,4,3,0,1,7,4,9.0,5,3.0
CIN,2024-09-13,4,43,10,2,0,0,0,2,3,8.0,3,0.0
CIN,2024-09-14,1,48,11,2,0,1,0,2,3,9.0,0,0.0
CIN,2024-09-15,3,67,16,2,1,1,1,6,5,8.0,8,4.0
CIN,2024-09-17,6,144,37,9,4,1,1,9,13,23.0,2,10.0
CIN,2024-09-18,3,83,18,4,1,0,2,9,6,9.0,6,3.0
CIN,2024-09-19,2,96,27,6,1,0,4,12,7,15.0,10,0.0
CIN,2024-09-20,2,52,15,2,1,0,1,7,4,9.0,3,0.0
CIN,2024-09-21,4,71,16,5,2,0,1,2,5,12.0,1,0.0
CIN,2024-09-22,5,118,26,10,4,0,1,5,4,18.0,1,18.0
CIN,2024-09-24,4,85,18,5,1,0,0,5,2,12.0,3,2.0
CIN,2024-09-25,3,45,13,4,0,0,1,4,3,9.0,3,8.0
CIN,2024-09-28,4,41,16,0,2,0,0,5,6,9.0,3,7.0
CIN,2024-09-29,5,88,24,3,4,0,0,2,10,18.0,0,15.0
CIN,2025-03-27,5,74,16,9,1,0,1,3,3,12.0,4,11.0
CIN,2025-03-29,3,36,10,0,0,0,0,3,4,9.0,0,9.0
CIN,2025-03-30,4,57,14,2,1,0,0,3,3,9.0,2,5.0
CIN,2025-03-31,2,42,12,1,2,0,1,4,3,6.0,3,0.0
CIN,2025-04-01,3,49,13,1,2,0,0,1,4,9.0,0,9.0
CIN,2025-04-02,2,31,7,1,1,0,0,0,4,6.0,0,6.0
CIN,2025-04-03,2,16,5,0,1,0,0,1,0,4.0,0,4.0
CIN,2025-04-04,4,41,11,3,2,0,0,0,3,10.0,0,3.0
CIN,2025-04-05,4,75,18,5,3,0,0,3,5,12.0,2,3.0
CIN,2025-04-06,4,85,19,2,2,0,2,3,5,14.0,5,0.0
CIN,2025-04-07,1,5,1,0,0,0,0,0,0,1.0,0,1.0
CIN,2025-04-08,2,27,9,2,0,0,0,1,2,9.0,0,9.0
CIN,2025-04-09,5,43,17,0,0,0,2,5,8,13.0,5,13.0
CIN,2025-04-11,3,54,14,5,1,0,0,2,4,12.0,0,12.0
CIN,2025-04-12,4,62,15,4,1,0,0,2,5,12.0,1,2.0
CIN,2025-04-13,2,17,6,1,0,0,0,0,1,6.0,0,0.0
CIN,2025-04-15,5,77,18,6,4,0,0,1,2,13.0,0,10.0
CIN,2025-04-16,4,59,17,4,1,0,1,3,5,13.0,1,6.0
CIN,2025-04-17,7,108,29,3,4,0,2,8,10,17.0,8,16.0
CIN,2025-04-18,2,42,11,4,0,0,1,2,3,9.0,2,0.0
CIN,2025-04-19,2,105,24,3,5,0,2,5,9,15.0,4,11.0
CIN,2025-04-20,4,93,24,7,2,0,1,4,9,18.0,1,0.0
CIN,2025-04-21,2,40,12,0,1,1,1,3,4,7.0,3,0.0
CIN,2025-04-22,3,43,14,2,3,0,0,4,5,7.0,2,7.0
CIN,2025-04-23,3,40,11,1,0,0,0,2,5,9.0,0,6.0
CIN,2025-04-25,5,90,22,3,2,0,1,5,7,15.0,3,15.0
CIN,2025-04-26,3,43,12,5,1,0,0,1,2,9.0,1,7.0
CIN,2025-04-27,2,38,8,0,1,0,0,1,2,6.0,1,0.0
CIN,2025-04-28,3,35,9,4,0,0,0,0,4,9.0,0,9.0
CIN,2025-04-30,5,133,39,5,4,1,3,6,13,29.0,7,8.0
CIN,2025-05-01,3,58,15,6,0,0,0,0,6,15.0,0,0.0
CIN,2025-05-02,3,51,12,5,2,0,0,2,0,9.0,0,0.0
CIN,2025-05-03,3,87,20,4,3,1,0,5,5,11.0,4,0.0
CIN,2025-05-04,4,59,16,2,1,1,1,5,3,9.0,3,2.0
CIN,2025-05-05,2,33,7,2,1,0,0,0,2,6.0,0,0.0
CIN,2025-05-06,4,80,20,4,4,0,0,4,2,15.0,2,15.0
CIN,2025-05-07,6,100,23,7,1,0,1,4,8,18.0,3,11.0
CIN,2025-05-08,4,95,22,5,3,0,0,5,2,15.0,3,15.0
CIN,2025-05-09,1,33,10,2,1,0,0,3,2,6.0,0,0.0
CIN,2025-05-10,6,137,31,9,6,0,0,5,7,20.0,2,0.0
CIN,2025-05-11,4,87,22,6,1,2,0,3,3,15.0,3,0.0
CIN,2025-05-13,4,74,18,3,2,0,1,5,3,12.0,4,11.0
CIN,2025-05-14,3,65,15,3,1,0,1,3,5,11.0,1,3.0
CIN,2025-05-15,2,29,9,3,1,0,0,2,1,6.0,1,0.0
CIN,2025-05-16,4,44,14,1,0,0,1,2,5,12.0,1,12.0
CIN,2025-05-17,5,88,21,5,0,0,1,4,6,18.0,1,12.0
CIN,2025-05-18,5,83,18,3,1,0,0,5,5,12.0,1,10.0
CIN,2025-05-19,3,35,9,1,0,0,0,1,1,9.0,0,3.0
CIN,2025-05-20,2,50,12,1,2,1,0,2,1,6.0,0,6.0
CIN,2025-05-21,3,48,12,4,0,0,0,4,1,9.0,1,9.0
CIN,2025-05-23,6,115,28,5,2,0,3,10,6,15.0,11,7.0
CIN,2025-05-24,3,71,15,3,0,0,1,5,4,10.0,3,3.0
CIN,2025-05-25,5,91,22,5,3,0,2,7,7,12.0,7,1.0
CIN,2025-05-26,2,31,9,2,1,1,0,1,2,6.0,0,0.0
CIN,2025-05-27,2,23,7,2,0,1,0,1,1,6.0,0,0.0
CIN,2025-05-28,3,49,13,2,3,0,0,1,3,9.0,1,9.0
CIN,2025-05-30,3,38,11,1,1,0,0,5,1,6.0,2,0.0
CIN,2025-05-31,3,56,12,3,3,0,0,3,2,6.0,2,6.0
CIN,2025-06-01,3,67,15,4,1,0,0,3,2,10.0,3,0.0
CIN,2025-06-02,4,58,13,3,0,0,0,1,5,12.0,0,12.0
CIN,2025-06-03,4,49,13,2,0,0,0,0,5,12.0,0,12.0
CIN,2025-06-04,2,52,17,1,1,0,1,6,3,9.0,4,0.0
CIN,2025-06-06,3,67,14,8,1,0,0,1,1,12.0,0,12.0
CIN,2025-06-07,3,47,12,2,2,0,0,1,2,9.0,0,0.0
CIN,2025-06-08,3,53,12,5,0,0,0,0,2,12.0,0,12.0
CIN,2025-06-09,4,61,17,5,3,0,1,2,3,12.0,1,9.0
CIN,2025-06-11,4,86,22,6,0,1,1,8,6,14.0,6,0.0
CIN,2025-06-13,4,75,20,0,3,0,1,8,4,9.0,8,1.0
CIN,2025-06-14,3,40,10,0,0,0,0,0,3,9.0,0,0.0
CIN,2025-06-15,4,61,18,4,1,0,0,5,4,12.0,2,9.0
CIN,2025-06-17,3,54,12,6,2,1,0,0,1,10.0,0,10.0
CIN,2025-06-19,5,150,36,6,7,0,1,10,6,19.0,5,0.0
CIN,2025-06-20,4,67,15,4,4,1,0,3,2,6.0,5,2.0
CIN,2025-06-21,7,127,36,7,4,1,1,7,6,27.0,4,25.0
CIN,2025-06-22,3,30,7,0,1,0,0,0,3,6.0,0,0.0
CIN,2025-06-23,4,70,17,7,1,0,0,2,4,14.0,0,2.0
CIN,2025-06-24,5,82,21,5,2,0,0,1,7,18.0,0,12.0
CIN,2025-06-25,4,75,20,3,2,0,0,7,4,12.0,3,0.0
CIN,2025-06-27,1,25,5,2,2,0,0,0,1,3.0,1,0.0
CIN,2025-06-28,4,68,18,1,1,0,2,5,6,12.0,5,12.0
CIN,2025-06-29,5,76,16,0,4,0,0,1,7,11.0,1,11.0
CIN,2025-06-30,4,124,34,5,4,0,3,9,10,23.0,7,0.0
CIN,2025-07-01,3,79,19,6,0,0,0,5,4,15.0,3,15.0
CIN,2025-07-02,3,36,9,4,0,0,0,2,2,7.0,0,1.0
CIN,2025-07-04,6,97,25,4,2,0,0,5,3,17.0,2,0.0
CIN,2025-07-05,2,30,8,3,0,0,1,1,1,6.0,2,3.0
CIN,2025-07-06,4,79,18,7,2,0,1,5,3,10.0,3,10.0
CIN,2025-07-07,3,61,17,4,0,1,1,3,4,12.0,3,2.0
CIN,2025-07-08,3,67,20,0,4,0,0,5,4,12.0,5,0.0
CIN,2025-07-09,2,23,5,2,0,0,1,1,2,4.0,1,0.0
CIN,2025-07-10,4,50,12,2,4,0,0,1,1,9.0,0,0.0
CIN,2025-07-11,3,43,12,6,1,0,0,2,0,9.0,0,9.0
CIN,2025-07-12,2,38,10,2,1,0,0,1,1,8.0,0,8.0
CIN,2025-07-13,4,61,15,4,2,0,0,2,3,11.0,0,11.0
CIN,2025-07-18,3,44,11,2,1,0,0,3,2,6.0,2,0.0
CIN,2025-07-19,5,82,17,6,4,0,0,1,1,12.0,0,0.0
CIN,2025-07-20,2,42,10,2,2,0,0,1,4,6.0,1,6.0
CIN,2025-07-21,6,132,33,7,6,0,0,10,5,17.0,5,6.0
CIN,2025-07-22,3,29,8,1,0,1,0,0,2,7.0,0,0.0
CIN,2025-07-25,4,62,15,5,2,0,0,2,2,12.0,0,3.0
CIN,2025-07-26,3,57,13,3,1,0,0,3,0,9.0,1,6.0
CIN,2025-07-27,2,23,5,2,0,0,0,0,2,5.0,0,5.0
CIN,2025-07-28,5,70,16,3,3,1,0,3,3,10.0,2,1.0
CIN,2025-07-29,4,69,18,3,2,0,0,5,5,11.0,3,11.0
CIN,2025-07-30,4,54,15,1,2,1,0,3,5,9.0,0,6.0
CIN,2025-07-31,5,80,25,4,1,0,0,8,3,14.0,11,11.0
CIN,2025-08-01,3,55,14,4,2,0,0,3,2,9.0,2,6.0
CIN,2025-08-02,5,129,34,9,1,0,2,10,9,24.0,4,24.0
CIN,2025-08-04,5,109,27,7,2,1,1,3,5,22.0,2,22.0
CIN,2025-08-05,3,26,7,2,0,0,0,1,2,6.0,0,0.0
CIN,2025-08-06,2,42,9,1,1,0,1,4,2,4.0,3,0.0
CIN,2025-08-07,4,98,21,3,4,0,1,4,6,13.0,3,0.0
CIN,2025-08-08,2,31,9,2,1,0,0,2,0,6.0,2,6.0
CIN,2025-08-09,2,37,7,0,2,0,0,0,2,6.0,0,6.0
CIN,2025-08-10,5,86,23,5,5,0,0,7,3,13.0,4,3.0
CIN,2025-08-11,2,22,6,0,0,0,1,2,2,4.0,2,0.0
CIN,2025-08-12,3,45,11,4,0,0,1,2,2,9.0,1,0.0
CIN,2025-08-13,4,49,11,4,1,1,0,0,1,9.0,0,0.0
CIN,2025-08-15,5,110,29,6,2,0,1,8,7,19.0,3,19.0
CIN,2025-08-16,5,86,24,4,6,0,1,4,5,15.0,5,12.0
CIN,2025-08-17,3,43,11,1,2,0,1,1,4,9.0,2,9.0
CIN,2025-08-18,3,68,14,6,3,0,0,2,1,9.0,0,3.0
CIN,2025-08-19,3,48,11,3,1,0,1,3,2,8.0,2,8.0
CIN,2025-08-20,3,39,10,3,1,0,0,3,0,6.0,1,6.0
CIN,2025-08-22,7,90,24,7,1,0,0,4,6,24.0,2,24.0
CIN,2025-08-23,2,80,18,8,0,0,1,6,6,12.0,3,0.0
CIN,2025-08-24,3,42,10,3,1,0,0,1,2,9.0,0,3.0
CIN,2025-08-25,3,62,14,5,1,0,1,3,3,9.0,4,0.0
CIN,2025-08-26,3,44,13,3,2,0,0,3,1,8.0,3,1.0
CIN,2025-08-27,4,67,16,3,4,0,1,2,6,10.0,1,0.0
CIN,2025-08-29,3,53,14,2,2,0,0,3,8,9.0,3,9.0
CIN,2025-08-30,4,80,18,5,2,0,2,4,5,12.0,2,12.0
CIN,2025-08-31,4,53,11,7,0,0,1,2,2,9.0,1,6.0
CIN,2025-09-01,4,44,11,0,1,0,2,3,4,8.0,3,8.0
CIN,2025-09-02,5,123,36,9,2,1,3,10,7,24.0,7,13.0
CIN,2025-09-03,4,100,30,5,4,0,1,11,2,14.0,8,7.0
CIN,2025-09-05,3,70,16,3,3,0,0,1,3,13.0,0,13.0
CIN,2025-09-06,3,52,15,6,1,0,1,5,2,9.0,1,3.0
CIN,2025-09-07,2,29,8,0,0,0,1,2,2,6.0,1,6.0
CIN,2025-09-08,6,69,19,5,1,0,0,4,3,15.0,4,13.0
CIN,2025-09-09,3,44,11,4,1,0,0,1,3,9.0,0,9.0
CIN,2025-09-10,1,13,4,1,0,0,0,1,2,3.0,0,3.0
CIN,2025-09-12,1,36,9,1,0,0,1,3,3,6.0,1,3.0
CIN,2025-09-13,4,112,28,5,3,1,1,8,3,17.0,6,13.0
CIN,2025-09-14,3,39,11,2,1,0,1,2,5,8.0,2,4.0
CIN,2025-09-15,4,61,16,5,0,1,0,5,1,10.0,2,7.0
CIN,2025-09-16,3,36,11,2,1,0,0,0,2,10.0,0,0.0
CIN,2025-09-17,3,53,13,5,2,0,0,2,3,10.0,0,1.0
CIN,2025-09-19,4,60,15,3,1,0,0,2,4,13.0,0,4.0
CIN,2025-09-20,4,63,16,3,0,0,0,4,4,12.0,1,9.0
CIN,2025-09-21,3,74,16,4,2,0,0,1,7,13.0,0,13.0
CIN,2025-09-23,3,47,12,4,0,0,0,1,3,11.0,0,11.0
CIN,2025-09-24,4,85,20,5,2,1,0,3,5,15.0,2,15.0
CIN,2025-09-25,3,31,9,2,0,0,0,1,3,8.0,1,8.0
CIN,2025-09-26,4,47,13,6,1,0,0,0,3,13.0,0,13.0
CIN,2025-09-27,4,69,17,3,3,1,0,2,4,11.0,1,0.0
CIN,2025-09-28,4,90,22,7,5,1,0,2,2,14.0,1,14.0
CIN,2025-09-30,4,112,26,8,1,1,2,9,10,15.0,5,0.0
CIN,2025-10-01,4,82,26,1,3,1,0,7,4,14.0,5,6.0
CLE,2024-03-28,3,38,9,2,0,0,0,0,4,9.0,0,0.0
CLE,2024-03-29,4,57,15,2,2,0,0,2,3,12.0,1,7.0
CLE,2024-03-30,3,76,18,10,1,2,0,0,4,15.0,0,0.0
CLE,2024-03-31,4,52,15,3,3,0,0,3,3,12.0,1,6.0
CLE,2024-04-01,4,82,19,7,4,0,0,3,3,14.0,1,9.0
CLE,2024-04-02,4,61,14,3,2,0,0,3,2,9.0,2,0.0
CLE,2024-04-03,3,41,9,2,1,0,0,1,1,7.0,0,0.0
CLE,2024-04-04,4,69,15,6,1,1,0,2,1,11.0,0,7.0
CLE,2024-04-06,6,118,26,8,4,3,0,1,4,18.0,0,18.0
CLE,2024-04-08,4,56,13,4,2,0,0,1,1,10.0,0,0.0
CLE,2024-04-09,5,77,19,6,1,0,0,5,3,15.0,2,15.0
CLE,2024-04-10,6,72,22,6,0,0,0,4,2,17.0,1,17.0
CLE,2024-04-13,8,175,40,7,3,0,1,10,9,28.0,4,10.0
CLE,2024-04-14,5,70,20,3,2,0,0,6,3,13.0,3,13.0
CLE,2024-04-15,3,56,14,5,1,0,0,1,4,12.0,0,6.0
CLE,2024-04-16,6,106,27,7,3,0,2,6,9,18.0,6,14.0
CLE,2024-04-17,2,37,10,4,0,0,0,2,1,9.0,0,9.0
CLE,2024-04-18,4,51,12,5,0,0,0,2,1,10.0,2,10.0
CLE,2024-04-19,3,57,15,4,0,0,1,3,3,12.0,1,0.0
CLE,2024-04-20,4,59,14,7,2,0,0,1,3,11.0,1,5.0
CLE,2024-04-21,4,45,13,4,2,0,0,2,3,10.0,0,4.0
CLE,2024-04-23,3,33,8,5,0,1,0,1,1,7.0,0,4.0
CLE,2024-04-24,2,66,19,4,0,0,0,7,2,12.0,4,0.0
CLE,2024-04-25,6,89,20,5,0,1,0,4,3,15.0,2,11.0
CLE,2024-04-26,2,69,15,4,2,1,1,3,2,10.0,2,0.0
CLE,2024-04-27,4,51,17,2,1,0,0,5,2,12.0,2,12.0
CLE,2024-04-28,6,77,21,8,0,1,0,5,4,17.0,3,17.0
CLE,2024-04-30,6,82,25,6,1,0,1,6,6,18.0,2,15.0
CLE,2024-05-01,4,31,10,1,0,0,0,2,1,9.0,0,9.0
CLE,2024-05-02,3,56,14,4,2,2,0,3,2,7.0,5,2.0
CLE,2024-05-03,3,55,15,3,1,0,0,3,3,12.0,0,0.0
CLE,2024-05-04,3,43,10,3,0,0,0,0,3,9.0,0,0.0
CLE,2024-05-05,3,35,10,4,1,0,0,0,0,9.0,0,6.0
CLE,2024-05-06,4,53,16,3,1,0,0,3,4,12.0,0,12.0
CLE,2024-05-07,4,100,29,6,2,0,0,8,2,20.0,6,15.0
CLE,2024-05-08,4,78,20,4,0,0,0,2,7,18.0,0,18.0
CLE,2024-05-09,2,26,7,3,1,0,0,0,1,7.0,0,3.0
CLE,2024-05-10,1,17,5,1,0,0,1,2,2,3.0,1,0.0
CLE,2024-05-11,2,25,7,1,0,0,0,3,2,4.0,1,4.0
CLE,2024-05-12,3,41,11,2,2,0,0,0,1,9.0,0,0.0
CLE,2024-05-13,4,57,12,6,0,0,0,1,2,11.0,0,5.0
CLE,2024-05-14,3,62,16,5,2,0,0,2,1,12.0,1,2.0
CLE,2024-05-15,3,59,16,1,3,1,1,2,5,9.0,2,0.0
CLE,2024-05-17,4,44,10,4,1,0,0,2,0,7.0,1,7.0
CLE,2024-05-18,3,62,15,3,0,0,0,5,6,9.0,4,0.0
CLE,2024-05-19,2,30,9,1,0,1,0,0,1,6.0,1,6.0
CLE,2024-05-20,4,43,11,4,1,0,0,0,2,10.0,0,10.0
CLE,2024-05-21,6,78,19,5,1,1,2,4,4,14.0,4,8.0
CLE,2024-05-22,4,61,14,6,0,0,0,3,3,12.0,0,6.0
CLE,2024-05-24,2,51,12,3,0,0,1,2,3,10.0,1,0.0
CLE,2024-05-25,3,41,10,5,0,0,0,2,3,9.0,0,9.0
CLE,2024-05-26,3,34,11,3,0,0,0,5,1,6.0,2,4.0
CLE,2024-05-27,3,61,17,6,2,0,0,2,2,14.0,1,0.0
CLE,2024-05-28,5,67,17,5,2,0,0,4,1,12.0,2,2.0
CLE,2024-05-29,4,86,22,2,2,0,0,3,8,19.0,0,0.0
CLE,2024-05-31,3,36,9,4,0,0,0,1,1,8.0,0,2.0
CLE,2024-06-01,4,44,12,2,1,0,0,1,4,10.0,0,10.0
CLE,2024-06-02,4,66,16,3,1,0,0,1,5,15.0,0,0.0
CLE,2024-06-04,3,46,11,3,1,0,0,1,3,11.0,0,5.0
CLE,2024-06-06,5,59,18,2,2,1,0,4,2,12.0,3,12.0
CLE,2024-06-07,2,30,9,1,0,0,0,3,1,6.0,1,6.0
CLE,2024-06-08,2,60,15,8,2,0,0,1,2,12.0,0,0.0
CLE,2024-06-09,5,60,14,6,0,0,1,1,5,13.0,1,4.0
CLE,2024-06-11,4,65,15,7,1,1,0,2,2,11.0,1,9.0
CLE,2024-06-12,3,40,11,2,1,0,0,2,2,8.0,0,8.0
CLE,2024-06-14,5,59,13,5,1,0,0,0,2,12.0,0,12.0
CLE,2024-06-15,2,37,11,0,2,0,0,1,3,9.0,0,0.0
CLE,2024-06-16,6,83,20,8,3,0,1,5,4,12.0,5,0.0
CLE,2024-06-18,6,134,31,9,3,0,2,8,7,20.0,5,1.0
CLE,2024-06-19,3,28,9,2,1,0,0,0,1,9.0,0,0.0
CLE,2024-06-20,3,47,10,3,1,0,0,1,1,9.0,0,6.0
CLE,2024-06-21,2,46,12,3,2,0,0,2,1,9.0,0,0.0
CLE,2024-06-22,4,50,12,4,2,0,1,1,2,10.0,1,0.0
CLE,2024-06-23,5,113,25,2,3,0,1,6,8,18.0,2,18.0
CLE,2024-06-24,3,62,10,6,1,0,0,0,1,9.0,0,9.0
CLE,2024-06-25,5,101,28,3,5,0,1,7,3,18.0,2,16.0
CLE,2024-06-26,1,50,12,1,0,0,2,3,7,9.0,2,9.0
CLE,2024-06-27,2,22,6,3,0,0,0,0,2,6.0,0,6.0
CLE,2024-06-28,2,105,27,1,5,0,2,8,8,17.0,5,0.0
CLE,2024-06-29,4,57,11,7,0,0,0,2,0,9.0,0,0.0
CLE,2024-06-30,4,65,18,2,2,0,1,5,4,11.0,4,0.0
CLE,2024-07-02,4,59,14,4,0,0,0,5,4,9.0,3,8.0
CLE,2024-07-03,4,87,24,6,4,0,1,5,4,15.0,3,0.0
CLE,2024-07-04,3,48,11,6,0,0,1,2,2,9.0,1,0.0
CLE,2024-07-05,4,60,14,8,2,0,0,0,1,13.0,0,9.0
CLE,2024-07-06,5,91,20,5,3,0,0,3,3,14.0,3,13.0
CLE,2024-07-07,4,56,14,2,0,0,0,1,5,12.0,1,12.0
CLE,2024-07-08,4,34,11,2,1,0,0,3,1,8.0,1,8.0
CLE,2024-07-09,5,59,20,3,1,1,1,4,4,14.0,2,14.0
CLE,2024-07-10,1,29,5,1,0,0,1,2,1,3.0,1,3.0
CLE,2024-07-11,3,89,24,4,5,0,0,4,5,15.0,6,0.0
CLE,2024-07-12,3,62,15,5,3,0,0,3,3,9.0,0,9.0
CLE,2024-07-13,4,49,16,4,0,0,0,5,1,12.0,0,12.0
CLE,2024-07-14,2,31,10,2,0,0,0,2,3,8.0,0,8.0
CLE,2024-07-19,3,40,12,3,0,0,0,2,3,10.0,0,7.0
CLE,2024-07-20,4,96,23,6,1,0,2,5,5,16.0,4,0.0
CLE,2024-07-21,4,70,15,5,1,1,0,2,2,11.0,0,11.0
CLE,2024-07-22,3,63,15,7,1,0,1,3,3,11.0,3,0.0
CLE,2024-07-23,5,79,18,5,2,0,0,2,6,14.0,1,12.0
CLE,2024-07-24,4,58,13,5,1,0,0,0,3,12.0,0,12.0
CLE,2024-07-25,2,50,11,1,0,0,0,2,4,9.0,0,0.0
CLE,2024-07-26,3,48,12,1,0,0,0,3,3,9.0,0,9.0
CLE,2024-07-27,4,71,20,6,1,0,2,6,7,13.0,4,0.0
CLE,2024-07-28,6,77,20,6,2,0,0,1,3,17.0,0,17.0
CLE,2024-07-29,3,70,15,1,5,0,1,1,5,9.0,3,0.0
CLE,2024-07-30,4,55,12,2,1,0,0,2,1,12.0,0,6.0
CLE,2024-08-01,3,51,13,5,1,1,0,1,2,9.0,1,0.0
CLE,2024-08-02,5,79,19,8,2,0,0,3,1,14.0,3,2.0
CLE,2024-08-03,3,87,24,2,2,0,0,9,5,15.0,5,9.0
CLE,2024-08-04,4,95,23,6,2,0,0,7,5,15.0,3,2.0
CLE,2024-08-05,7,109,23,4,2,1,1,5,5,15.0,5,15.0
CLE,2024-08-07,8,134,34,8,4,0,2,6,6,25.0,4,23.0
CLE,2024-08-09,7,86,22,6,2,0,0,5,4,17.0,1,12.0
CLE,2024-08-10,3,34,9,3,0,0,0,0,3,9.0,0,9.0
CLE,2024-08-11,4,64,15,4,1,0,1,5,4,10.0,2,4.0
CLE,2024-08-12,6,112,24,7,3,1,0,4,3,16.0,5,10.0
CLE,2024-08-13,4,75,15,3,2,0,0,2,3,11.0,0,11.0
CLE,2024-08-14,3,62,12,2,0,0,0,2,5,10.0,0,0.0
CLE,2024-08-16,3,55,13,5,2,0,0,0,4,12.0,0,3.0
CLE,2024-08-17,3,41,10,3,0,0,0,1,1,9.0,0,9.0
CLE,2024-08-18,2,27,6,2,0,0,0,1,0,6.0,0,6.0
CLE,2024-08-20,6,108,26,3,5,0,0,3,7,20.0,2,17.0
CLE,2024-08-21,2,73,16,5,0,1,1,3,2,12.0,1,0.0
CLE,2024-08-22,2,78,17,3,4,0,1,2,3,11.0,5,1.0
CLE,2024-08-23,4,49,13,3,1,0,0,2,7,10.0,1,10.0
CLE,2024-08-24,2,42,11,1,0,0,0,4,2,7.0,3,0.0
CLE,2024-08-25,3,58,11,5,1,0,1,1,3,9.0,1,9.0
CLE,2024-08-26,9,182,51,7,2,0,3,13,18,36.0,8,26.0
CLE,2024-08-27,4,82,20,3,1,2,0,6,3,12.0,3,3.0
CLE,2024-08-28,4,57,15,4,0,0,0,3,4,12.0,1,8.0
CLE,2024-08-30,5,65,19,3,1,1,1,3,4,14.0,2,14.0
CLE,2024-08-31,4,77,18,3,4,0,0,5,4,9.0,2,5.0
CLE,2024-09-01,3,45,11,4,1,1,0,0,2,9.0,1,0.0
CLE,2024-09-02,2,19,7,0,0,0,0,1,2,6.0,1,4.0
CLE,2024-09-03,3,42,12,2,0,1,0,2,2,9.0,0,0.0
CLE,2024-09-04,3,63,15,8,0,0,0,3,2,12.0,0,0.0
CLE,2024-09-06,3,43,12,2,1,0,0,3,3,9.0,0,9.0
CLE,2024-09-07,5,107,27,8,0,0,2,6,8,22.0,3,0.0
CLE,2024-09-08,4,51,14,5,0,0,1,5,5,9.0,2,7.0
CLE,2024-09-09,3,39,9,4,0,0,1,3,2,6.0,2,6.0
CLE,2024-09-10,6,122,28,4,3,0,0,4,6,21.0,0,9.0
CLE,2024-09-11,4,75,17,9,1,0,0,2,3,14.0,0,14.0
CLE,2024-09-12,3,48,15,2,2,0,0,3,4,11.0,2,9.0
CLE,2024-09-13,2,33,9,2,0,0,0,0,3,9.0,0,3.0
CLE,2024-09-14,4,62,17,6,1,0,0,3,6,12.0,1,3.0
CLE,2024-09-15,4,53,12,7,0,0,0,0,2,12.0,0,12.0
CLE,2024-09-16,5,104,24,7,2,0,0,3,7,19.0,0,12.0
CLE,2024-09-17,4,52,16,3,2,0,1,3,4,12.0,2,8.0
CLE,2024-09-18,3,43,13,4,0,1,0,3,2,10.0,2,10.0
CLE,2024-09-19,6,84,20,8,2,1,0,0,4,17.0,0,17.0
CLE,2024-09-20,2,60,16,3,2,0,0,4,1,12.0,0,0.0
CLE,2024-09-21,4,69,18,4,0,1,1,4,4,12.0,4,11.0
CLE,2024-09-22,3,34,11,1,2,1,0,1,1,7.0,1,7.0
CLE,2024-09-24,2,23,6,1,0,0,0,0,1,6.0,0,0.0
CLE,2024-09-25,6,97,28,8,2,0,0,6,5,22.0,2,19.0
CLE,2024-09-27,4,106,24,6,3,0,2,7,4,16.0,2,0.0
CLE,2024-09-28,5,74,19,4,1,0,0,4,5,15.0,0,15.0
CLE,2024-10-05,4,48,13,7,1,0,0,0,3,13.0,0,0.0
CLE,2024-10-07,5,82,20,5,2,0,1,5,8,13.0,3,12.0
CLE,2024-10-09,6,94,20,7,2,0,0,2,6,15.0,1,7.0
CLE,2024-10-10,4,81,23,7,2,1,0,5,5,15.0,2,15.0
CLE,2024-10-12,7,147,31,11,5,0,0,6,3,21.0,3,11.0
CLE,2024-10-14,4,93,21,6,4,0,1,1,8,16.0,2,0.0
CLE,2024-10-15,7,111,27,5,2,0,1,6,9,20.0,4,8.0
CLE,2024-10-17,7,101,24,6,5,0,2,4,4,15.0,4,15.0
CLE,2024-10-18,7,111,30,10,3,0,1,7,3,20.0,5,15.0
CLE,2024-10-19,4,65,17,4,1,0,1,3,3,13.0,3,12.0
CLE,2025-03-27,5,75,19,7,1,0,0,3,5,15.0,1,12.0
CLE,2025-03-29,4,55,16,2,1,0,1,6,6,9.0,3,9.0
CLE,2025-03-30,4,76,18,4,2,2,0,3,3,10.0,2,0.0
CLE,2025-03-31,2,44,13,2,1,0,0,3,3,10.0,0,0.0
CLE,2025-04-01,2,56,14,2,2,0,0,3,3,8.0,4,0.0
CLE,2025-04-02,4,57,15,1,0,0,1,3,5,11.0,1,0.0
CLE,2025-04-04,6,119,27,9,1,1,1,7,8,18.0,2,10.0
CLE,2025-04-05,2,71,18,5,4,0,0,3,1,12.0,3,0.0
CLE,2025-04-06,3,48,11,2,1,1,1,2,4,6.0,3,2.0
CLE,2025-04-08,4,53,15,5,2,0,0,0,5,12.0,0,12.0
CLE,2025-04-09,5,85,19,8,4,0,0,4,1,13.0,1,13.0
CLE,2025-04-10,2,53,15,5,1,0,0,2,6,12.0,0,0.0
CLE,2025-04-11,4,54,14,3,1,0,0,2,3,13.0,0,0.0
CLE,2025-04-12,4,56,15,5,0,0,0,5,3,10.0,2,7.0
CLE,2025-04-13,2,46,11,4,0,0,0,2,1,9.0,0,9.0
CLE,2025-04-15,4,57,16,6,0,0,1,6,2,10.0,3,0.0
CLE,2025-04-16,2,32,8,1,1,0,1,3,3,4.0,4,0.0
CLE,2025-04-17,3,32,8,2,0,0,0,2,2,7.0,0,0.0
CLE,2025-04-18,5,74,20,5,2,0,2,7,6,12.0,5,0.0
CLE,2025-04-19,4,44,12,4,1,0,0,2,1,11.0,0,5.0
CLE,2025-04-20,5,81,19,4,2,0,0,6,2,13.0,3,7.0
CLE,2025-04-21,3,39,12,4,1,0,1,3,2,8.0,2,4.0
CLE,2025-04-22,3,41,12,4,1,0,0,1,2,9.0,0,9.0
CLE,2025-04-23,2,90,21,6,3,0,0,6,2,14.0,1,0.0
CLE,2025-04-26,5,128,39,6,2,1,0,7,11,30.0,1,12.0
CLE,2025-04-27,4,98,23,5,2,0,2,6,5,14.0,8,0.0
CLE,2025-04-28,5,130,32,3,1,0,1,10,5,21.0,7,0.0
CLE,2025-04-29,2,35,8,2,1,0,0,2,2,6.0,0,6.0
CLE,2025-04-30,3,49,11,8,0,0,1,3,1,8.0,1,3.0
CLE,2025-05-01,5,101,23,2,3,0,0,8,6,13.0,3,13.0
CLE,2025-05-02,3,42,11,1,1,0,0,3,4,7.0,2,7.0
CLE,2025-05-03,2,65,16,3,0,0,0,1,9,15.0,1,8.0
CLE,2025-05-04,4,68,17,2,1,1,0,2,5,12.0,1,12.0
CLE,2025-05-06,7,121,28,8,3,0,0,7,3,19.0,6,9.0
CLE,2025-05-07,7,87,25,3,3,1,0,6,4,15.0,3,7.0
CLE,2025-05-09,3,55,15,2,2,0,0,2,3,12.0,0,0.0
CLE,2025-05-10,2,50,15,4,1,0,1,8,4,6.0,6,2.0
CLE,2025-05-11,4,54,13,4,2,0,1,2,2,9.0,2,5.0
CLE,2025-05-12,4,107,26,7,3,0,0,6,4,18.0,0,3.0
CLE,2025-05-13,3,34,9,4,0,0,0,0,2,9.0,0,9.0
CLE,2025-05-14,4,93,23,3,3,1,1,9,7,12.0,7,3.0
CLE,2025-05-16,1,28,8,3,1,0,0,1,1,6.0,0,6.0
CLE,2025-05-17,4,54,13,7,1,0,1,4,2,9.0,2,5.0
CLE,2025-05-18,2,42,11,2,0,0,1,3,4,9.0,1,7.0
CLE,2025-05-19,4,125,30,5,5,1,0,8,6,18.0,4,16.0
CLE,2025-05-21,3,47,11,1,1,1,0,1,4,9.0,0,6.0
CLE,2025-05-22,3,35,9,4,1,0,0,2,3,6.0,0,0.0
CLE,2025-05-23,2,36,10,3,0,0,0,1,4,9.0,0,9.0
CLE,2025-05-24,5,65,18,7,1,1,0,1,4,15.0,2,14.0
CLE,2025-05-25,2,64,16,5,0,1,0,2,5,13.0,0,0.0
CLE,2025-05-26,2,68,18,5,2,0,1,4,4,12.0,3,0.0
CLE,2025-05-27,4,82,19,5,2,0,2,6,5,12.0,5,6.0
CLE,2025-05-28,5,67,19,4,2,0,0,3,4,15.0,1,11.0
CLE,2025-05-30,5,68,17,5,2,0,1,6,4,9.0,2,2.0
CLE,2025-05-31,5,70,16,6,1,0,0,1,3,14.0,1,13.0
CLE,2025-06-01,3,40,10,5,1,0,0,2,1,7.0,2,7.0
CLE,2025-06-03,1,19,6,0,1,0,0,1,2,5.0,0,5.0
CLE,2025-06-04,3,46,12,3,0,0,0,2,3,10.0,0,0.0
CLE,2025-06-05,3,47,15,2,1,0,0,5,4,9.0,2,5.0
CLE,2025-06-06,3,55,14,2,4,0,0,3,3,9.0,0,9.0
CLE,2025-06-07,4,60,14,2,1,0,0,1,4,12.0,1,12.0
CLE,2025-06-08,2,30,10,3,0,0,0,2,2,8.0,0,8.0
CLE,2025-06-09,4,87,23,2,2,0,0,7,4,13.0,3,8.0
CLE,2025-06-10,4,52,14,4,2,0,0,2,1,12.0,0,12.0
CLE,2025-06-11,2,54,12,1,1,1,0,1,6,9.0,0,0.0
CLE,2025-06-13,4,86,23,2,1,0,1,10,6,12.0,5,7.0
CLE,2025-06-14,4,65,17,5,3,0,0,3,4,12.0,1,12.0
CLE,2025-06-15,2,25,7,1,0,1,0,0,1,6.0,0,0.0
CLE,2025-06-17,4,76,19,4,2,0,0,6,2,12.0,0,12.0
CLE,2025-06-18,4,47,15,3,1,1,0,2,6,11.0,0,11.0
CLE,2025-06-19,3,33,9,1,1,0,0,3,2,6.0,2,6.0
CLE,2025-06-21,3,44,13,3,1,0,0,3,1,9.0,2,4.0
CLE,2025-06-22,3,55,11,3,2,0,0,3,2,6.0,0,0.0
CLE,2025-06-24,4,83,19,3,3,0,1,6,2,10.0,6,2.0
CLE,2025-06-25,5,72,19,5,2,1,0,2,4,14.0,1,14.0
CLE,2025-06-26,2,49,13,2,3,0,0,3,2,9.0,3,0.0
CLE,2025-06-27,2,37,9,3,2,0,0,1,2,6.0,1,0.0
CLE,2025-06-28,3,66,22,3,1,0,1,9,6,13.0,6,9.0
CLE,2025-06-29,4,53,15,4,1,0,1,5,3,9.0,4,0.0
CLE,2025-07-01,3,35,10,1,1,0,0,3,3,7.0,1,6.0
CLE,2025-07-02,3,70,19,2,4,0,0,3,7,12.0,0,12.0
CLE,2025-07-03,4,72,20,6,0,0,0,1,6,20.0,1,20.0
CLE,2025-07-04,2,45,10,3,1,0,0,1,2,9.0,0,9.0
CLE,2025-07-05,3,45,11,4,2,1,0,0,3,9.0,0,9.0
CLE,2025-07-06,5,75,21,3,2,1,2,5,7,12.0,6,9.0
CLE,2025-07-07,4,48,15,1,1,0,1,1,5,13.0,1,13.0
CLE,2025-07-08,6,121,27,8,3,0,0,6,7,18.0,5,13.0
CLE,2025-07-09,2,19,7,2,0,0,0,1,2,6.0,1,4.0
CLE,2025-07-11,8,127,33,5,7,0,0,2,10,27.0,2,27.0
CLE,2025-07-12,3,44,10,6,0,0,0,0,1,10.0,0,7.0
CLE,2025-07-13,4,70,17,4,1,0,0,2,5,14.0,1,14.0
CLE,2025-07-18,1,16,3,2,0,0,0,1,0,2.0,1,2.0
CLE,2025-07-19,3,66,16,3,0,0,3,6,6,11.0,5,5.0
CLE,2025-07-20,2,31,9,3,0,0,0,3,1,6.0,1,0.0
CLE,2025-07-21,2,26,6,3,0,0,0,0,2,6.0,0,0.0
CLE,2025-07-22,4,75,18,4,2,0,1,5,6,12.0,2,4.0
CLE,2025-07-23,3,39,10,4,1,0,0,0,2,9.0,0,9.0
CLE,2025-07-24,4,54,13,1,2,2,0,1,3,8.0,1,8.0
CLE,2025-07-26,7,82,26,4,3,0,1,2,5,24.0,3,24.0
CLE,2025-07-27,3,61,15,4,3,0,1,1,4,12.0,1,0.0
CLE,2025-07-28,3,55,14,1,2,1,1,4,6,6.0,5,5.0
CLE,2025-07-29,2,29,9,4,0,0,1,2,3,6.0,2,0.0
CLE,2025-07-30,5,73,19,5,1,0,0,2,5,16.0,0,1.0
CLE,2025-08-01,4,50,15,6,0,1,0,2,2,12.0,2,12.0
CLE,2025-08-02,4,59,14,10,0,0,0,1,1,13.0,0,13.0
CLE,2025-08-03,2,51,13,3,1,0,0,2,5,10.0,1,5.0
CLE,2025-08-04,4,68,20,4,1,0,0,7,3,12.0,3,12.0
CLE,2025-08-05,4,51,12,3,0,0,0,0,4,12.0,0,12.0
CLE,2025-08-06,1,3,1,0,0,0,0,0,1,1.0,0,0.0
CLE,2025-08-08,4,74,17,4,1,0,0,4,4,11.0,2,0.0
CLE,2025-08-09,4,53,13,3,3,1,0,0,1,10.0,0,10.0
CLE,2025-08-10,3,60,19,1,1,0,0,3,6,15.0,1,7.0
CLE,2025-08-12,4,52,15,2,3,0,0,1,5,12.0,0,12.0
CLE,2025-08-13,4,113,33,5,2,1,2,12,5,18.0,9,4.0
CLE,2025-08-14,4,53,14,1,2,0,0,2,5,10.0,0,4.0
CLE,2025-08-15,3,48,14,3,0,0,0,4,3,12.0,1,12.0
CLE,2025-08-16,3,75,17,3,0,0,0,4,8,13.0,2,0.0
CLE,2025-08-17,4,81,19,6,1,0,1,5,3,13.0,3,13.0
CLE,2025-08-18,4,58,16,4,3,0,0,2,3,11.0,1,1.0
CLE,2025-08-19,4,34,10,1,1,0,0,2,2,7.0,2,7.0
CLE,2025-08-20,3,33,10,1,0,0,1,2,6,10.0,2,10.0
CLE,2025-08-22,3,35,9,2,0,0,0,3,2,9.0,2,9.0
CLE,2025-08-23,1,56,12,1,1,0,0,2,0,9.0,1,0.0
CLE,2025-08-24,5,99,23,8,3,0,1,7,5,14.0,3,1.0
CLE,2025-08-25,3,44,15,2,0,0,1,6,4,9.0,4,0.0
CLE,2025-08-26,2,23,7,2,0,0,0,1,2,6.0,0,0.0
CLE,2025-08-27,4,62,14,6,2,0,0,1,1,12.0,0,12.0
CLE,2025-08-29,2,39,12,1,1,0,0,4,3,9.0,0,6.0
CLE,2025-08-30,2,30,8,4,1,0,1,1,1,6.0,2,4.0
CLE,2025-08-31,2,48,10,1,1,0,0,3,2,8.0,2,8.0
CLE,2025-09-01,4,84,21,4,3,1,1,5,3,13.0,3,7.0
CLE,2025-09-02,5,50,15,3,0,0,0,7,2,8.0,4,7.0
CLE,2025-09-03,2,48,11,3,0,0,0,2,2,9.0,0,0.0
CLE,2025-09-04,2,45,11,3,0,0,0,2,1,9.0,2,0.0
CLE,2025-09-05,2,40,7,2,1,0,0,0,1,6.0,0,0.0
CLE,2025-09-06,3,46,10,3,2,0,0,1,2,7.0,0,7.0
CLE,2025-09-07,3,50,10,6,0,0,0,1,2,9.0,0,9.0
CLE,2025-09-08,1,39,7,2,1,1,0,2,0,3.0,2,0.0
CLE,2025-09-09,1,17,4,2,0,0,0,1,1,3.0,0,3.0
CLE,2025-09-10,5,65,15,4,1,0,0,2,7,12.0,2,12.0
CLE,2025-09-11,4,43,12,5,1,1,0,1,2,9.0,0,9.0
CLE,2025-09-13,3,34,10,5,0,0,0,1,1,9.0,0,9.0
CLE,2025-09-14,4,47,12,7,0,0,0,2,3,10.0,0,10.0
CLE,2025-09-16,6,95,21,6,1,1,2,5,4,15.0,4,14.0
CLE,2025-09-17,5,63,15,4,2,0,0,1,4,12.0,0,9.0
CLE,2025-09-18,3,55,10,2,2,0,0,1,2,9.0,0,9.0
CLE,2025-09-19,3,55,13,7,1,0,0,1,1,11.0,1,8.0
CLE,2025-09-20,2,40,10,4,1,0,0,1,1,9.0,0,0.0
CLE,2025-09-21,5,63,17,5,0,0,2,6,5,11.0,5,7.0
CLE,2025-09-23,3,38,10,7,0,0,0,1,0,9.0,0,3.0
CLE,2025-09-24,4,50,11,4,0,1,0,1,1,9.0,0,3.0
CLE,2025-09-25,4,70,17,3,4,0,0,2,6,12.0,0,3.0
CLE,2025-09-26,4,76,22,6,0,0,0,7,8,15.0,3,7.0
CLE,2025-09-27,3,46,14,5,0,1,0,3,1,10.0,0,10.0
CLE,2025-09-28,3,69,22,4,0,1,1,2,7,17.0,4,14.0
CLE,2025-09-30,3,43,11,5,1,1,0,0,0,9.0,1,9.0
CLE,2025-10-01,5,94,21,5,3,2,0,2,3,13.0,0,10.0
CLE,2025-10-02,7,111,31,6,4,0,1,8,7,20.0,6,12.0
COL,2024-03-28,4,111,27,7,2,0,0,8,4,17.0,8,0.0
COL,2024-03-29,2,59,16,1,3,0,1,5,5,9.0,4,0.0
COL,2024-03-30,5,93,18,2,6,0,0,2,3,13.0,0,0.0
COL,2024-03-31,2,31,9,2,0,0,0,0,1,9.0,0,0.0
COL,2024-04-01,2,52,13,2,1,0,0,5,0,8.0,2,0.0
COL,2024-04-02,2,86,23,4,4,0,2,5,4,14.0,6,0.0
COL,2024-04-03,4,84,22,4,3,0,1,6,2,12.0,5,3.0
COL,2024-04-05,5,101,26,6,2,0,0,9,2,15.0,5,14.0
COL,2024-04-06,4,73,19,2,3,0,1,7,5,9.0,7,4.0
COL,2024-04-07,2,49,12,2,2,0,0,1,1,9.0,0,3.0
COL,2024-04-08,4,75,17,4,5,0,0,1,2,12.0,1,10.0
COL,2024-04-09,3,56,14,2,4,0,0,1,2,9.0,0,9.0
COL,2024-04-10,3,60,16,1,3,0,0,4,4,9.0,3,9.0
COL,2024-04-12,2,47,15,3,1,0,1,3,3,12.0,1,0.0
COL,2024-04-13,2,39,9,2,0,0,0,4,1,6.0,0,6.0
COL,2024-04-14,3,62,13,1,0,0,0,5,3,9.0,1,0.0
COL,2024-04-15,4,42,14,3,1,0,0,2,4,12.0,1,12.0
COL,2024-04-16,2,44,10,4,1,0,1,1,2,8.0,2,0.0
COL,2024-04-17,2,41,11,3,0,0,1,3,1,8.0,2,3.0
COL,2024-04-20,3,86,22,2,1,0,0,9,3,15.0,4,0.0
COL,2024-04-21,6,155,39,11,1,0,1,10,11,30.0,5,12.0
COL,2024-04-22,3,48,17,4,1,0,0,5,4,12.0,2,12.0
COL,2024-04-23,3,58,18,3,1,0,0,2,7,15.0,0,3.0
COL,2024-04-24,2,63,15,1,1,0,0,3,2,12.0,1,0.0
COL,2024-04-25,4,85,21,4,0,0,1,5,5,17.0,4,12.0
COL,2024-04-27,4,90,22,2,3,0,1,9,5,12.0,8,0.0
COL,2024-04-28,2,45,11,0,2,1,0,2,1,6.0,4,0.0
COL,2024-04-30,2,47,11,1,2,1,0,4,4,6.0,6,6.0
COL,2024-05-01,3,40,12,0,3,0,0,2,5,7.0,2,6.0
COL,2024-05-02,3,79,23,5,1,0,0,4,4,20.0,1,20.0
COL,2024-05-03,2,35,7,3,2,0,1,1,1,4.0,2,2.0
COL,2024-05-04,2,64,13,4,3,0,0,2,2,9.0,1,9.0
COL,2024-05-05,2,33,8,3,0,0,0,1,3,7.0,0,7.0
COL,2024-05-07,3,77,21,6,1,0,0,5,6,16.0,3,0.0
COL,2024-05-08,3,94,22,4,2,0,0,4,5,18.0,1,0.0
COL,2024-05-09,2,40,11,2,1,0,0,2,2,9.0,0,0.0
COL,2024-05-10,3,40,9,3,2,0,0,0,3,7.0,1,7.0
COL,2024-05-11,3,46,13,3,1,0,1,3,3,9.0,1,3.0
COL,2024-05-12,3,63,15,1,2,0,0,2,4,12.0,0,12.0
COL,2024-05-13,3,77,17,1,8,0,1,1,3,10.0,1,10.0
COL,2024-05-14,3,54,15,1,1,0,0,5,2,9.0,2,0.0
COL,2024-05-15,3,55,13,4,2,0,0,2,2,9.0,0,0.0
COL,2024-05-17,3,86,23,3,4,1,0,7,5,12.0,5,8.0
COL,2024-05-18,4,105,28,4,4,0,0,11,6,15.0,8,1.0
COL,2024-05-19,3,59,14,2,0,0,1,4,5,10.0,1,1.0
COL,2024-05-21,2,54,11,3,2,0,2,3,2,6.0,3,6.0
COL,2024-05-22,4,75,17,5,3,0,0,3,5,12.0,2,12.0
COL,2024-05-23,6,111,29,3,4,0,3,13,7,15.0,10,11.0
COL,2024-05-24,3,60,15,5,1,0,0,2,3,13.0,0,13.0
COL,2024-05-25,4,61,17,1,3,0,1,7,3,9.0,6,8.0
COL,2024-05-26,3,41,11,2,0,0,0,2,3,9.0,0,0.0
COL,2024-05-27,3,111,30,4,0,1,0,8,10,22.0,3,3.0
COL,2024-05-28,3,70,20,3,3,0,2,5,3,14.0,6,1.0
COL,2024-05-29,2,38,10,4,1,0,0,2,2,6.0,2,0.0
COL,2024-05-31,2,28,7,2,1,0,0,1,0,6.0,1,0.0
COL,2024-06-01,3,69,15,6,2,0,0,2,3,11.0,0,0.0
COL,2024-06-02,2,103,23,3,4,0,0,3,6,15.0,1,0.0
COL,2024-06-03,2,63,21,0,0,1,1,8,9,14.0,6,0.0
COL,2024-06-04,3,44,14,2,0,1,0,2,3,12.0,0,0.0
COL,2024-06-05,5,97,24,6,2,1,2,7,5,14.0,8,12.0
COL,2024-06-06,4,75,19,4,2,0,0,5,4,12.0,2,10.0
COL,2024-06-07,3,79,16,2,1,0,0,6,5,9.0,4,7.0
COL,2024-06-08,3,52,14,5,0,0,1,3,2,11.0,2,11.0
COL,2024-06-09,2,47,12,3,1,0,0,2,2,9.0,1,0.0
COL,2024-06-10,1,29,7,1,0,0,1,3,5,4.0,3,2.0
COL,2024-06-11,3,60,14,3,1,0,2,5,5,9.0,4,4.0
COL,2024-06-12,5,102,28,2,1,0,1,13,7,15.0,10,1.0
COL,2024-06-14,2,43,9,2,0,0,0,2,2,7.0,1,0.0
COL,2024-06-15,3,54,14,2,0,0,1,3,5,10.0,2,0.0
COL,2024-06-16,4,83,21,5,2,0,0,8,0,11.0,7,1.0
COL,2024-06-17,3,97,23,5,5,0,0,7,3,12.0,6,4.0
COL,2024-06-18,3,78,15,2,5,0,2,4,3,7.0,7,2.0
COL,2024-06-19,3,56,16,5,1,0,0,3,2,12.0,0,12.0
COL,2024-06-20,3,85,18,1,2,0,0,2,5,15.0,0,3.0
COL,2024-06-21,4,111,29,6,3,0,0,8,7,18.0,5,0.0
COL,2024-06-22,3,45,13,1,1,0,1,4,2,9.0,4,9.0
COL,2024-06-23,2,42,12,3,0,0,0,3,4,9.0,2,9.0
COL,2024-06-25,2,31,11,0,2,0,0,1,2,8.0,0,0.0
COL,2024-06-26,3,54,13,3,0,1,0,4,1,6.0,5,1.0
COL,2024-06-28,2,48,12,4,1,0,0,2,1,9.0,3,8.0
COL,2024-06-29,3,59,15,2,2,0,1,5,2,8.0,5,5.0
COL,2024-06-30,5,93,25,5,2,0,0,3,3,22.0,3,22.0
COL,2024-07-01,4,71,19,4,2,0,0,5,3,12.0,3,12.0
COL,2024-07-02,4,111,21,3,3,1,0,6,5,12.0,3,12.0
COL,2024-07-03,1,50,15,2,0,0,0,2,5,13.0,0,0.0
COL,2024-07-04,3,67,17,3,2,0,0,3,2,12.0,1,12.0
COL,2024-07-05,2,36,9,2,0,0,0,3,1,6.0,0,6.0
COL,2024-07-06,2,29,8,1,1,0,0,2,2,6.0,0,6.0
COL,2024-07-07,3,47,14,2,2,0,1,4,1,8.0,5,0.0
COL,2024-07-08,2,41,9,3,1,0,1,4,1,3.0,4,0.0
COL,2024-07-09,3,110,31,4,4,0,2,9,10,18.0,7,5.0
COL,2024-07-10,2,39,11,2,0,0,1,4,2,7.0,3,2.0
COL,2024-07-11,3,73,17,1,0,1,1,7,7,9.0,4,0.0
COL,2024-07-12,3,70,18,4,2,0,1,2,7,15.0,1,3.0
COL,2024-07-13,4,73,19,5,1,1,1,4,3,13.0,3,11.0
COL,2024-07-14,5,113,24,10,3,0,0,6,0,15.0,2,6.0
COL,2024-07-19,3,44,12,5,1,0,0,2,0,9.0,0,6.0
COL,2024-07-20,2,41,9,5,0,0,0,0,3,9.0,0,9.0
COL,2024-07-21,2,20,7,0,0,0,0,1,3,6.0,0,6.0
COL,2024-07-22,5,79,24,3,0,1,1,7,6,19.0,4,19.0
COL,2024-07-23,2,123,29,5,5,0,0,4,7,20.0,0,0.0
COL,2024-07-24,2,47,14,3,0,0,0,5,2,9.0,4,0.0
COL,2024-07-26,3,77,22,2,4,0,2,6,4,12.0,5,0.0
COL,2024-07-27,4,69,18,3,0,1,1,4,6,12.0,3,4.0
COL,2024-07-28,3,88,23,5,2,0,0,7,3,13.0,2,12.0
COL,2024-07-30,3,63,20,5,1,1,1,5,4,13.0,3,12.0
COL,2024-07-31,2,28,7,3,1,0,0,0,0,6.0,0,6.0
COL,2024-08-01,4,56,15,3,1,0,0,2,4,12.0,1,12.0
COL,2024-08-02,2,33,7,1,1,0,0,0,4,6.0,0,0.0
COL,2024-08-03,2,28,10,1,0,0,0,4,1,6.0,2,6.0
COL,2024-08-04,3,77,20,2,3,1,1,7,3,11.0,7,2.0
COL,2024-08-06,4,48,17,2,0,0,0,5,1,13.0,0,10.0
COL,2024-08-07,6,135,36,7,3,0,0,9,5,24.0,4,23.0
COL,2024-08-08,3,111,27,7,2,1,1,7,7,18.0,4,0.0
COL,2024-08-09,4,63,17,3,0,0,2,6,3,12.0,3,9.0
COL,2024-08-10,4,124,28,6,1,0,3,8,8,19.0,6,14.0
COL,2024-08-11,4,113,26,5,3,0,2,9,7,16.0,5,9.0
COL,2024-08-12,2,55,10,2,1,0,0,2,1,7.0,0,7.0
COL,2024-08-13,3,46,13,2,3,0,0,3,1,9.0,2,9.0
COL,2024-08-14,5,136,35,6,5,3,1,6,11,22.0,7,0.0
COL,2024-08-16,4,68,18,3,4,0,0,4,3,12.0,0,0.0
COL,2024-08-17,2,58,19,1,1,0,1,7,4,12.0,3,0.0
COL,2024-08-18,3,52,12,3,1,0,1,1,4,10.0,1,10.0
COL,2024-08-20,2,36,9,2,1,0,0,2,3,6.0,0,6.0
COL,2024-08-21,3,52,17,0,1,0,0,4,5,12.0,1,0.0
COL,2024-08-22,3,74,20,3,2,1,1,9,2,9.0,6,0.0
COL,2024-08-23,1,14,4,2,0,0,0,0,1,4.0,0,0.0
COL,2024-08-24,3,50,12,4,0,1,0,0,3,11.0,0,0.0
COL,2024-08-25,3,40,12,2,0,0,4,6,5,6.0,6,1.0
COL,2024-08-26,4,66,15,6,1,0,0,2,1,12.0,0,12.0
COL,2024-08-27,4,59,15,3,1,0,1,5,3,10.0,5,4.0
COL,2024-08-28,2,49,11,5,1,0,0,2,0,9.0,0,0.0
COL,2024-08-29,3,95,26,4,3,0,1,9,3,15.0,5,4.0
COL,2024-08-30,4,45,14,2,0,0,0,3,2,9.0,2,7.0
COL,2024-08-31,4,71,17,5,2,1,0,1,5,13.0,0,13.0
COL,2024-09-01,4,81,21,5,2,0,0,4,2,15.0,1,0.0
COL,2024-09-03,3,73,15,1,5,1,0,1,1,9.0,1,5.0
COL,2024-09-04,3,57,14,4,2,1,0,3,0,9.0,1,2.0
COL,2024-09-05,1,15,3,2,0,0,0,0,0,3.0,0,3.0
COL,2024-09-06,3,51,11,1,2,0,0,2,3,9.0,1,9.0
COL,2024-09-07,4,67,18,3,1,0,0,4,2,13.0,1,0.0
COL,2024-09-08,3,41,9,3,0,0,0,0,3,9.0,0,0.0
COL,2024-09-10,4,82,19,4,2,0,0,5,2,12.0,6,0.0
COL,2024-09-11,3,73,19,7,1,0,0,4,4,14.0,1,0.0
COL,2024-09-12,4,54,12,5,2,0,0,1,2,10.0,0,10.0
COL,2024-09-13,3,46,12,1,1,0,1,4,3,9.0,3,6.0
COL,2024-09-14,4,48,14,4,0,1,0,4,3,9.0,2,9.0
COL,2024-09-15,4,139,32,11,6,0,3,7,8,20.0,4,18.0
COL,2024-09-16,3,57,19,4,1,0,0,4,3,18.0,0,18.0
COL,2024-09-17,3,42,10,4,2,0,1,1,3,7.0,1,0.0
COL,2024-09-18,5,129,30,7,4,0,0,6,3,21.0,3,0.0
COL,2024-09-20,2,31,9,0,1,0,0,2,2,6.0,2,2.0
COL,2024-09-21,4,67,18,4,3,2,0,1,1,13.0,0,10.0
COL,2024-09-22,5,77,19,3,4,0,3,6,6,12.0,5,8.0
COL,2024-09-24,3,69,17,4,2,0,0,5,2,9.0,5,5.0
COL,2024-09-25,2,58,16,4,1,1,0,2,2,12.0,1,0.0
COL,2024-09-26,4,72,18,5,1,0,1,4,3,14.0,2,11.0
COL,2024-09-27,4,96,26,8,1,0,1,8,4,17.0,5,0.0
COL,2024-09-28,4,122,32,5,5,2,1,12,5,14.0,8,0.0
COL,2024-09-29,3,49,12,4,0,0,1,3,3,9.0,1,9.0
COL,2025-03-28,3,40,12,2,1,0,1,5,2,9.0,3,9.0
COL,2025-03-29,5,76,19,3,3,0,0,3,4,14.0,1,14.0
COL,2025-03-30,3,68,18,2,2,1,0,5,5,9.0,4,7.0
COL,2025-03-31,3,59,12,1,1,0,3,7,4,6.0,6,2.0
COL,2025-04-02,2,29,9,1,2,0,0,3,2,4.0,2,2.0
COL,2025-04-03,3,63,13,4,4,0,1,1,2,8.0,1,7.0
COL,2025-04-04,6,77,21,3,2,0,0,3,1,18.0,3,17.0
COL,2025-04-05,4,62,18,3,1,0,2,6,6,12.0,5,4.0
COL,2025-04-06,3,65,16,7,2,0,0,2,4,12.0,1,0.0
COL,2025-04-08,3,41,10,2,0,0,2,3,2,8.0,2,0.0
COL,2025-04-09,5,106,24,3,4,0,1,5,5,14.0,9,0.0
COL,2025-04-10,3,51,13,3,4,0,0,1,1,9.0,1,6.0
COL,2025-04-11,2,48,14,3,1,0,2,3,5,10.0,3,0.0
COL,2025-04-12,2,32,8,1,1,0,0,0,1,7.0,0,7.0
COL,2025-04-13,3,60,14,1,4,0,0,3,2,9.0,1,0.0
COL,2025-04-14,3,85,17,2,4,0,0,1,6,11.0,1,6.0
COL,2025-04-15,4,89,25,4,2,2,0,5,7,16.0,1,0.0
COL,2025-04-16,5,126,28,9,3,0,0,4,3,22.0,1,18.0
COL,2025-04-19,4,77,21,5,3,0,0,3,1,15.0,3,6.0
COL,2025-04-20,7,159,39,9,4,0,0,5,4,30.0,0,27.0
COL,2025-04-22,3,53,16,1,2,0,0,6,7,12.0,3,12.0
COL,2025-04-24,5,124,33,8,3,1,0,7,8,22.0,4,7.0
COL,2025-04-25,4,75,20,4,3,1,0,3,3,14.0,3,14.0
COL,2025-04-26,4,89,20,5,3,0,0,5,2,12.0,2,11.0
COL,2025-04-27,3,69,23,5,2,0,0,7,2,15.0,4,0.0
COL,2025-04-28,3,72,17,3,1,0,0,4,3,13.0,1,6.0
COL,2025-04-29,3,57,16,1,1,0,0,3,6,11.0,2,0.0
COL,2025-04-30,3,44,11,4,0,0,0,1,2,10.0,0,10.0
COL,2025-05-01,3,30,10,0,0,0,0,2,3,9.0,0,9.0
COL,2025-05-02,3,26,9,1,0,0,0,0,5,9.0,0,0.0
COL,2025-05-03,2,52,14,3,4,0,1,3,3,8.0,5,0.0
COL,2025-05-04,4,74,19,4,1,1,0,7,3,11.0,5,0.0
COL,2025-05-07,4,104,28,9,2,0,0,5,6,21.0,3,21.0
COL,2025-05-08,5,135,35,9,2,0,1,8,5,26.0,6,0.0
COL,2025-05-09,4,89,22,5,2,0,1,7,5,13.0,6,0.0
COL,2025-05-10,4,109,30,3,3,0,2,11,8,16.0,9,0.0
COL,2025-05-11,2,27,9,2,0,0,0,2,0,6.0,2,0.0
COL,2025-05-12,2,18,7,1,0,0,0,2,1,6.0,0,6.0
COL,2025-05-13,3,44,11,1,2,1,1,2,5,6.0,1,3.0
COL,2025-05-14,4,61,16,2,3,0,1,3,3,10.0,4,0.0
COL,2025-05-16,4,82,20,2,2,1,0,6,2,12.0,3,0.0
COL,2025-05-17,5,128,27,6,1,0,2,8,8,18.0,5,13.0
COL,2025-05-18,2,38,12,1,2,0,0,1,4,10.0,0,10.0
COL,2025-05-19,3,68,21,1,0,0,3,10,5,11.0,8,7.0
COL,2025-05-20,2,50,17,2,1,0,1,7,5,9.0,3,0.0
COL,2025-05-21,3,60,18,1,1,0,1,2,2,14.0,2,0.0
COL,2025-05-22,2,36,7,3,1,0,0,0,0,6.0,0,6.0
COL,2025-05-23,3,44,10,2,2,0,0,0,0,9.0,0,9.0
COL,2025-05-24,3,80,25,5,2,0,0,12,5,13.0,7,0.0
COL,2025-05-25,4,91,20,5,3,0,0,3,2,14.0,3,14.0
COL,2025-05-26,2,43,12,4,1,0,0,1,3,9.0,1,9.0
COL,2025-05-27,4,58,18,3,3,0,0,3,4,15.0,2,15.0
COL,2025-05-28,3,44,11,2,3,0,0,0,0,10.0,0,10.0
COL,2025-05-30,2,24,7,1,0,0,1,2,3,6.0,1,6.0
COL,2025-05-31,3,66,16,5,2,0,1,3,2,12.0,1,0.0
COL,2025-06-01,3,39,11,3,0,0,1,1,4,10.0,1,10.0
COL,2025-06-02,4,55,14,2,0,0,0,2,4,12.0,0,12.0
COL,2025-06-03,4,88,22,2,1,0,0,4,3,18.0,0,18.0
COL,2025-06-04,3,42,8,2,0,0,0,1,0,8.0,1,8.0
COL,2025-06-06,5,170,39,9,5,1,0,9,10,24.0,4,24.0
COL,2025-06-07,3,67,17,2,2,0,0,4,6,12.0,4,0.0
COL,2025-06-08,5,128,31,7,5,0,4,9,7,18.0,8,0.0
COL,2025-06-10,5,92,21,8,3,0,1,3,1,15.0,4,15.0
COL,2025-06-11,4,70,19,2,4,0,0,7,7,9.0,7,4.0
COL,2025-06-12,3,82,19,7,4,0,0,2,3,15.0,0,6.0
COL,2025-06-13,3,67,21,3,2,0,2,9,5,9.0,11,3.0
COL,2025-06-14,1,29,7,2,0,0,0,1,4,6.0,0,0.0
COL,2025-06-15,4,59,15,4,1,0,0,4,5,12.0,1,3.0
COL,2025-06-16,4,54,13,2,2,0,0,0,1,13.0,0,13.0
COL,2025-06-17,4,83,22,4,1,0,2,9,7,12.0,5,3.0
COL,2025-06-18,4,50,12,2,1,0,0,1,2,10.0,1,10.0
COL,2025-06-19,4,48,16,3,0,0,1,2,3,15.0,2,15.0
COL,2025-06-20,3,71,23,1,1,0,1,9,8,13.0,5,2.0
COL,2025-06-21,3,85,21,5,2,0,1,6,2,15.0,2,15.0
COL,2025-06-22,4,50,13,3,1,0,0,1,4,11.0,0,11.0
COL,2025-06-24,4,69,23,5,0,0,1,8,7,15.0,3,3.0
COL,2025-06-25,3,73,17,2,2,0,2,6,5,10.0,6,2.0
COL,2025-06-26,5,74,17,6,1,0,1,4,4,12.0,2,12.0
COL,2025-06-27,3,61,19,2,2,0,0,5,3,12.0,3,2.0
COL,2025-06-28,2,53,12,1,0,0,0,2,2,11.0,0,0.0
COL,2025-06-29,5,90,22,5,2,0,0,3,5,16.0,0,16.0
COL,2025-07-01,5,102,24,8,2,0,0,3,1,19.0,0,12.0
COL,2025-07-02,4,56,19,2,1,1,0,8,4,12.0,3,2.0
COL,2025-07-03,3,69,17,2,1,0,0,7,6,9.0,3,9.0
COL,2025-07-04,3,60,14,4,3,0,0,1,4,10.0,0,10.0
COL,2025-07-05,2,67,17,3,4,0,1,4,5,9.0,4,0.0
COL,2025-07-06,4,73,20,4,3,0,0,2,7,16.0,1,16.0
COL,2025-07-07,3,69,17,5,0,0,2,7,2,10.0,4,4.0
COL,2025-07-08,3,54,15,2,1,0,2,6,2,7.0,9,0.0
COL,2025-07-09,4,67,17,2,2,0,2,7,3,9.0,6,0.0
COL,2025-07-11,3,69,15,5,2,1,0,3,1,9.0,1,9.0
COL,2025-07-12,4,49,14,1,2,0,1,5,3,10.0,3,10.0
COL,2025-07-13,3,58,17,3,0,1,0,5,5,11.0,2,11.0
COL,2025-07-18,3,54,13,4,0,0,1,5,3,9.0,3,8.0
COL,2025-07-19,3,56,12,4,3,1,0,2,2,6.0,3,0.0
COL,2025-07-20,3,77,25,4,1,1,3,8,9,18.0,4,0.0
COL,2025-07-21,3,57,15,5,1,0,0,4,4,10.0,1,0.0
COL,2025-07-22,4,59,17,1,3,0,0,3,3,11.0,2,0.0
COL,2025-07-23,2,40,10,2,0,0,0,1,5,9.0,0,0.0
COL,2025-07-25,3,45,12,3,0,0,0,3,2,9.0,1,9.0
COL,2025-07-26,4,96,28,1,4,0,1,12,7,12.0,12,0.0
COL,2025-07-27,3,47,12,3,1,0,0,1,4,10.0,0,0.0
COL,2025-07-28,4,95,20,4,7,0,1,5,3,9.0,6,7.0
COL,2025-07-29,3,98,23,3,2,1,1,7,4,15.0,3,0.0
COL,2025-07-30,3,74,22,6,2,0,0,5,3,15.0,3,2.0
COL,2025-08-01,4,164,43,9,7,1,1,11,11,25.0,10,0.0
COL,2025-08-02,4,69,16,3,3,0,1,2,2,12.0,1,3.0
COL,2025-08-03,3,62,15,3,0,2,1,3,5,10.0,4,0.0
COL,2025-08-04,3,122,35,4,3,0,2,14,7,19.0,8,0.0
COL,2025-08-05,3,66,19,2,1,1,0,5,4,12.0,3,0.0
COL,2025-08-06,6,111,32,2,2,0,4,17,10,13.0,15,0.0
COL,2025-08-08,2,34,8,3,0,1,0,1,2,6.0,0,0.0
COL,2025-08-09,3,66,17,2,1,1,0,4,4,13.0,1,13.0
COL,2025-08-10,2,66,16,4,2,0,0,5,3,10.0,5,0.0
COL,2025-08-11,3,49,13,2,1,0,0,4,4,9.0,2,9.0
COL,2025-08-12,1,27,6,3,0,0,0,1,2,5.0,0,0.0
COL,2025-08-13,4,45,12,4,0,0,0,0,6,12.0,0,12.0
COL,2025-08-14,3,83,21,5,1,0,0,3,3,16.0,1,0.0
COL,2025-08-15,3,60,13,8,1,0,0,1,0,12.0,1,12.0
COL,2025-08-16,4,66,16,6,0,0,1,3,6,13.0,2,0.0
COL,2025-08-17,5,102,25,4,3,0,2,9,10,12.0,4,6.0
COL,2025-08-18,4,79,18,7,1,0,0,2,2,15.0,1,15.0
COL,2025-08-19,3,105,29,1,3,1,0,9,7,18.0,3,0.0
COL,2025-08-20,3,36,12,4,0,0,0,2,2,9.0,2,0.0
COL,2025-08-21,4,98,22,4,4,0,1,3,5,16.0,2,0.0
COL,2025-08-22,3,71,18,2,0,0,3,6,9,12.0,4,0.0
COL,2025-08-23,4,54,13,4,1,0,0,4,1,9.0,0,0.0
COL,2025-08-24,2,52,15,2,1,0,0,1,6,13.0,0,0.0
COL,2025-08-26,3,57,13,2,3,1,0,0,4,9.0,0,0.0
COL,2025-08-27,2,38,10,3,0,0,2,4,5,6.0,3,3.0
COL,2025-08-28,2,29,8,1,2,0,1,1,2,6.0,1,6.0
COL,2025-08-29,3,82,21,2,1,0,2,6,6,14.0,6,0.0
COL,2025-08-30,4,81,20,2,3,0,0,4,5,15.0,2,13.0
COL,2025-08-31,4,45,12,3,1,0,1,2,3,9.0,3,8.0
COL,2025-09-01,2,81,19,4,1,0,1,6,4,12.0,2,0.0
COL,2025-09-02,4,143,40,8,1,1,3,11,8,27.0,5,15.0
COL,2025-09-03,4,81,18,4,2,0,2,4,4,12.0,6,2.0
COL,2025-09-05,1,16,4,0,1,0,0,1,1,3.0,0,0.0
COL,2025-09-06,5,145,34,8,3,0,0,11,8,22.0,4,0.0
COL,2025-09-07,3,121,29,4,4,0,1,9,6,16.0,3,0.0
COL,2025-09-08,3,63,15,2,2,1,0,3,4,9.0,3,9.0
COL,2025-09-09,1,44,12,2,0,0,2,3,5,9.0,2,0.0
COL,2025-09-10,2,51,13,0,0,0,2,5,5,7.0,5,0.0
COL,2025-09-11,3,58,12,5,0,0,0,1,2,11.0,0,11.0
COL,2025-09-12,3,50,13,3,2,0,0,3,3,9.0,1,1.0
COL,2025-09-13,3,96,23,5,1,0,1,7,7,15.0,6,0.0
COL,2025-09-14,4,73,22,2,1,1,0,4,10,17.0,2,5.0
COL,2025-09-16,3,43,13,2,0,1,0,2,2,10.0,0,0.0
COL,2025-09-17,5,95,26,2,4,1,1,8,7,15.0,5,10.0
COL,2025-09-18,2,45,15,1,0,0,1,7,3,9.0,5,2.0
COL,2025-09-19,4,56,14,6,0,0,0,2,2,12.0,0,12.0
COL,2025-09-20,2,49,11,4,1,2,1,2,1,6.0,1,2.0
COL,2025-09-21,3,41,10,5,1,0,0,2,0,9.0,0,9.0
COL,2025-09-23,4,57,14,6,2,2,0,1,2,9.0,3,9.0
COL,2025-09-24,2,81,20,5,1,0,2,6,5,14.0,3,0.0
COL,2025-09-25,3,78,21,5,4,0,0,4,4,13.0,1,0.0
COL,2025-09-26,3,77,18,3,5,0,0,2,4,11.0,1,1.0
COL,2025-09-27,2,39,8,3,1,0,0,1,0,6.0,1,6.0
COL,2025-09-28,5,74,20,4,1,1,0,3,7,15.0,2,14.0
CWS,2024-03-28,3,46,12,3,1,1,0,1,0,9.0,0,9.0
CWS,2024-03-30,6,75,21,3,1,0,1,5,9,15.0,3,15.0
CWS,2024-03-31,5,73,19,6,3,0,0,3,1,13.0,1,13.0
CWS,2024-04-01,4,63,18,3,2,0,1,5,5,11.0,5,0.0
CWS,2024-04-02,2,55,11,1,4,0,1,2,3,6.0,1,6.0
CWS,2024-04-04,3,61,15,2,4,0,1,4,3,6.0,8,1.0
CWS,2024-04-05,3,51,12,6,2,0,0,1,1,9.0,1,9.0
CWS,2024-04-06,3,45,10,4,1,0,0,4,2,5.0,1,0.0
CWS,2024-04-07,3,54,13,1,3,0,1,2,3,9.0,3,9.0
CWS,2024-04-08,4,96,26,3,1,1,1,8,5,17.0,3,6.0
CWS,2024-04-09,4,84,21,8,2,0,0,4,4,16.0,2,16.0
CWS,2024-04-10,5,51,19,2,2,1,0,4,3,15.0,3,15.0
CWS,2024-04-12,4,134,31,5,8,0,0,5,7,19.0,5,0.0
CWS,2024-04-13,4,60,13,5,1,0,0,0,4,13.0,0,0.0
CWS,2024-04-14,3,74,22,3,2,0,1,5,6,13.0,7,0.0
CWS,2024-04-15,4,62,16,3,2,0,0,2,6,12.0,0,12.0
CWS,2024-04-17,6,128,30,3,3,0,2,6,12,22.0,4,22.0
CWS,2024-04-19,2,67,16,4,0,0,0,2,5,15.0,0,0.0
CWS,2024-04-20,4,76,19,4,3,0,0,6,5,10.0,6,0.0
CWS,2024-04-21,4,77,21,4,1,0,1,5,5,15.0,4,1.0
CWS,2024-04-22,3,47,16,1,1,0,1,2,4,13.0,1,0.0
CWS,2024-04-23,3,64,16,3,1,0,2,7,5,9.0,5,7.0
CWS,2024-04-24,4,79,20,7,1,1,0,6,6,12.0,1,2.0
CWS,2024-04-25,4,48,15,2,0,1,3,6,5,9.0,4,8.0
CWS,2024-04-26,5,83,23,5,4,1,0,7,2,12.0,4,3.0
CWS,2024-04-27,5,92,23,4,5,0,0,3,5,15.0,2,15.0
CWS,2024-04-28,1,6,2,0,0,0,0,0,1,2.0,0,2.0
CWS,2024-04-29,4,70,17,4,2,0,0,2,3,12.0,1,12.0
CWS,2024-04-30,6,98,24,5,2,3,0,6,4,14.0,4,14.0
CWS,2024-05-01,5,101,25,4,5,0,0,8,3,12.0,8,10.0
CWS,2024-05-03,1,55,12,2,1,0,0,1,5,10.0,0,0.0
CWS,2024-05-04,7,91,22,7,2,1,0,1,2,17.0,0,17.0
CWS,2024-05-05,3,53,10,5,0,0,0,1,2,9.0,0,0.0
CWS,2024-05-06,3,95,25,3,1,0,1,7,8,18.0,4,7.0
CWS,2024-05-07,1,60,14,0,0,0,1,5,5,9.0,1,0.0
CWS,2024-05-08,3,41,10,3,2,0,0,1,3,9.0,0,0.0
CWS,2024-05-09,3,47,12,4,0,0,2,3,5,9.0,2,4.0
CWS,2024-05-10,3,46,12,1,1,0,2,3,7,9.0,3,5.0
CWS,2024-05-11,3,56,14,4,1,0,0,0,3,13.0,0,13.0
CWS,2024-05-12,2,64,16,3,3,0,0,1,1,11.0,2,0.0
CWS,2024-05-14,6,118,29,8,6,0,0,4,5,19.0,3,9.0
CWS,2024-05-15,3,66,15,4,2,0,0,0,6,12.0,0,12.0
CWS,2024-05-17,3,52,14,3,1,0,1,4,6,10.0,1,4.0
CWS,2024-05-18,1,82,18,7,4,0,0,2,3,12.0,0,0.0
CWS,2024-05-19,3,60,14,5,0,0,0,2,5,12.0,0,0.0
CWS,2024-05-20,3,59,14,4,3,0,1,5,3,6.0,4,2.0
CWS,2024-05-21,3,40,9,5,0,0,0,0,1,9.0,0,0.0
CWS,2024-05-22,2,89,20,7,2,1,0,3,4,14.0,0,0.0
CWS,2024-05-23,3,84,22,4,3,0,0,6,3,13.0,3,0.0
CWS,2024-05-24,5,77,17,3,1,0,0,3,2,13.0,3,12.0
CWS,2024-05-25,3,69,15,3,2,0,3,5,4,8.0,5,5.0
CWS,2024-05-26,1,68,14,5,2,0,1,3,4,9.0,2,5.0
CWS,2024-05-27,2,62,16,2,2,0,1,3,6,12.0,2,2.0
CWS,2024-05-28,5,109,28,4,6,0,0,8,2,14.0,4,4.0
CWS,2024-05-29,4,61,16,1,1,0,0,3,5,12.0,1,1.0
CWS,2024-05-31,4,103,25,3,2,0,0,14,3,9.0,8,4.0
CWS,2024-06-01,3,62,15,5,4,0,0,2,2,12.0,3,12.0
CWS,2024-06-02,4,67,19,5,1,0,0,6,2,12.0,2,11.0
CWS,2024-06-04,4,67,16,4,1,1,2,5,5,9.0,6,7.0
CWS,2024-06-05,4,74,15,5,3,1,1,2,3,12.0,4,12.0
CWS,2024-06-06,4,113,30,2,2,0,1,14,6,15.0,7,0.0
CWS,2024-06-07,1,60,13,4,0,0,0,3,1,9.0,0,0.0
CWS,2024-06-08,4,91,18,8,1,1,0,3,3,13.0,0,1.0
CWS,2024-06-09,5,93,24,6,1,1,0,6,5,15.0,4,15.0
CWS,2024-06-10,2,51,14,2,3,1,1,6,1,6.0,7,4.0
CWS,2024-06-11,4,51,13,4,2,0,0,2,0,9.0,2,9.0
CWS,2024-06-12,3,46,10,2,2,0,0,2,1,9.0,1,9.0
CWS,2024-06-13,3,48,10,6,0,0,1,1,4,9.0,1,9.0
CWS,2024-06-14,2,63,16,4,1,0,1,1,4,14.0,2,0.0
CWS,2024-06-15,3,49,11,3,0,0,0,2,4,9.0,0,0.0
CWS,2024-06-16,3,73,19,6,3,0,0,3,2,14.0,5,0.0
CWS,2024-06-18,1,5,1,0,0,0,0,0,0,1.0,0,1.0
CWS,2024-06-19,3,34,13,1,1,0,0,3,4,9.0,1,5.0
CWS,2024-06-20,5,70,18,6,2,0,0,6,2,9.0,4,9.0
CWS,2024-06-21,1,13,3,0,0,0,0,0,2,3.0,0,3.0
CWS,2024-06-22,3,65,14,4,2,0,0,3,1,9.0,1,0.0
CWS,2024-06-23,2,163,32,10,3,0,2,9,6,21.0,5,0.0
CWS,2024-06-24,4,62,17,2,2,0,0,4,7,10.0,3,9.0
CWS,2024-06-25,3,41,11,4,0,0,0,1,2,10.0,0,10.0
CWS,2024-06-26,1,63,12,7,2,0,0,1,2,9.0,0,0.0
CWS,2024-06-27,4,84,23,4,3,0,0,2,9,18.0,0,18.0
CWS,2024-06-28,3,43,11,5,2,0,1,1,1,9.0,1,8.0
CWS,2024-06-29,3,53,11,4,1,0,0,1,4,10.0,0,7.0
CWS,2024-06-30,5,100,26,10,4,0,0,1,7,21.0,3,21.0
CWS,2024-07-02,3,36,9,3,0,0,0,1,2,9.0,1,9.0
CWS,2024-07-03,3,34,11,2,0,0,1,2,4,9.0,1,0.0
CWS,2024-07-04,3,131,33,5,5,1,0,8,7,18.0,6,2.0
CWS,2024-07-05,3,60,15,3,2,0,0,4,0,8.0,2,8.0
CWS,2024-07-06,2,66,17,4,1,0,1,4,5,12.0,2,12.0
CWS,2024-07-07,3,60,15,1,3,0,1,4,4,9.0,6,9.0
CWS,2024-07-08,5,85,23,2,1,0,2,8,9,15.0,6,15.0
CWS,2024-07-10,6,112,29,9,2,1,1,4,11,21.0,2,21.0
CWS,2024-07-12,2,116,31,6,3,0,0,8,7,21.0,4,10.0
CWS,2024-07-13,2,57,16,3,2,1,0,4,2,9.0,5,6.0
CWS,2024-07-14,5,133,35,6,3,1,2,11,11,22.0,9,14.0
CWS,2024-07-19,1,52,13,2,0,0,0,3,5,10.0,1,0.0
CWS,2024-07-20,2,43,11,4,3,0,0,1,0,6.0,2,0.0
CWS,2024-07-21,3,41,13,5,0,0,0,7,0,6.0,4,5.0
CWS,2024-07-22,3,66,16,3,3,0,0,3,3,11.0,2,11.0
CWS,2024-07-23,3,68,15,3,2,0,0,2,3,12.0,1,12.0
CWS,2024-07-24,3,82,20,1,2,0,2,8,4,10.0,8,7.0
CWS,2024-07-25,3,45,9,3,1,0,0,2,4,6.0,0,6.0
CWS,2024-07-26,2,139,34,6,4,0,1,5,7,25.0,2,0.0
CWS,2024-07-27,3,103,26,6,5,0,2,6,7,15.0,3,0.0
CWS,2024-07-28,2,93,23,6,3,0,0,2,5,18.0,1,0.0
CWS,2024-07-29,4,79,17,3,2,1,3,6,6,9.0,6,4.0
CWS,2024-07-30,3,42,10,0,2,0,0,3,3,6.0,3,6.0
CWS,2024-07-31,4,81,22,4,2,0,1,9,3,12.0,4,0.0
CWS,2024-08-02,4,79,21,3,3,2,2,3,10,13.0,6,12.0
CWS,2024-08-03,3,90,21,3,3,0,1,7,4,12.0,5,11.0
CWS,2024-08-04,4,126,32,7,6,0,0,7,9,19.0,5,0.0
CWS,2024-08-05,3,69,17,5,4,0,1,2,4,12.0,2,5.0
CWS,2024-08-06,3,26,9,0,0,0,0,0,4,9.0,0,0.0
CWS,2024-08-07,3,47,12,1,2,0,0,4,2,6.0,3,6.0
CWS,2024-08-09,4,96,26,7,1,1,0,7,3,20.0,1,12.0
CWS,2024-08-10,5,89,23,2,2,0,0,6,8,15.0,3,15.0
CWS,2024-08-12,4,75,19,5,4,0,0,3,1,13.0,0,1.0
CWS,2024-08-13,3,62,17,3,2,0,1,4,2,13.0,1,0.0
CWS,2024-08-14,5,100,21,6,3,0,2,8,4,10.0,9,4.0
CWS,2024-08-16,4,89,21,7,2,1,2,4,3,15.0,3,10.0
CWS,2024-08-17,3,80,20,6,2,0,0,6,3,12.0,1,0.0
CWS,2024-08-18,2,32,8,2,2,0,1,1,1,6.0,1,6.0
CWS,2024-08-19,2,33,9,2,0,0,0,4,2,6.0,0,3.0
CWS,2024-08-20,3,76,18,4,5,0,0,3,2,11.0,2,7.0
CWS,2024-08-21,4,75,17,8,0,0,0,2,4,15.0,0,12.0
CWS,2024-08-23,4,80,17,6,3,0,0,5,2,9.0,3,7.0
CWS,2024-08-24,4,118,28,5,4,1,2,6,6,18.0,8,1.0
CWS,2024-08-25,3,92,21,7,1,0,1,6,6,15.0,6,8.0
CWS,2024-08-26,3,84,20,4,2,0,2,6,7,12.0,5,4.0
CWS,2024-08-27,3,50,10,7,0,0,0,2,0,8.0,1,8.0
CWS,2024-08-28,4,100,30,4,1,0,1,8,7,21.0,4,21.0
CWS,2024-08-29,3,55,15,4,1,1,0,4,2,9.0,1,9.0
CWS,2024-08-30,1,63,17,3,1,0,0,5,5,12.0,1,0.0
CWS,2024-08-31,4,81,19,6,3,0,0,5,2,12.0,1,1.0
CWS,2024-09-01,4,103,23,8,3,0,0,4,7,17.0,1,17.0
CWS,2024-09-02,4,137,33,6,6,1,1,11,4,14.0,10,4.0
CWS,2024-09-03,4,120,27,6,3,0,0,4,7,19.0,2,0.0
CWS,2024-09-04,3,68,14,6,2,0,0,2,1,10.0,0,0.0
CWS,2024-09-06,3,38,9,2,1,0,1,2,3,6.0,2,6.0
CWS,2024-09-07,5,90,24,8,3,0,1,5,3,18.0,3,6.0
CWS,2024-09-08,3,49,11,3,0,0,0,2,3,9.0,0,6.0
CWS,2024-09-09,4,149,30,5,8,0,1,3,8,19.0,2,3.0
CWS,2024-09-10,2,63,17,4,1,0,1,4,6,11.0,4,0.0
CWS,2024-09-11,5,99,24,6,3,0,0,4,8,18.0,1,18.0
CWS,2024-09-13,4,79,20,6,1,0,0,6,4,15.0,1,15.0
CWS,2024-09-14,4,87,22,2,4,1,0,5,2,12.0,6,10.0
CWS,2024-09-15,3,42,14,5,0,0,1,2,3,12.0,1,12.0
CWS,2024-09-16,3,49,9,4,0,0,0,2,1,7.0,2,0.0
CWS,2024-09-17,2,63,14,2,2,1,1,3,3,9.0,1,0.0
CWS,2024-09-18,7,170,42,13,7,1,0,6,7,30.0,4,30.0
CWS,2024-09-20,6,115,25,2,3,0,0,9,6,18.0,3,18.0
CWS,2024-09-21,2,50,13,3,1,0,1,3,6,9.0,2,1.0
CWS,2024-09-22,3,39,10,0,1,0,1,3,5,6.0,3,6.0
CWS,2024-09-24,3,57,13,4,3,0,1,2,2,9.0,2,9.0
CWS,2024-09-25,5,98,25,6,4,0,0,5,4,19.0,3,19.0
CWS,2024-09-26,2,43,10,3,1,0,0,1,0,8.0,0,0.0
CWS,2024-09-27,4,87,22,4,6,0,0,4,7,12.0,2,7.0
CWS,2024-09-28,2,57,13,5,0,0,0,1,5,12.0,0,6.0
CWS,2024-09-29,4,74,17,1,4,0,0,2,6,12.0,1,3.0
CWS,2025-03-27,4,68,13,7,2,0,1,2,2,9.0,1,0.0
CWS,2025-03-29,4,54,16,2,1,0,0,4,6,12.0,1,12.0
CWS,2025-03-30,3,47,11,4,0,1,1,2,3,9.0,1,9.0
CWS,2025-03-31,2,53,13,4,1,0,0,2,1,9.0,0,0.0
CWS,2025-04-01,5,79,20,4,2,1,1,8,7,10.0,8,8.0
CWS,2025-04-02,3,50,15,3,0,0,0,1,3,14.0,1,0.0
CWS,2025-04-04,2,89,22,6,2,0,2,7,4,13.0,4,0.0
CWS,2025-04-05,3,53,12,6,2,0,0,1,2,9.0,0,0.0
CWS,2025-04-06,5,66,15,1,6,0,0,3,2,8.0,3,8.0
CWS,2025-04-08,2,59,11,3,4,0,0,1,3,9.0,1,9.0
CWS,2025-04-09,3,70,18,4,3,1,0,0,7,15.0,0,15.0
CWS,2025-04-10,2,25,11,0,0,0,0,3,3,8.0,1,0.0
CWS,2025-04-11,3,61,12,5,1,1,0,1,2,9.0,1,0.0
CWS,2025-04-12,4,70,17,6,2,0,0,2,2,13.0,0,13.0
CWS,2025-04-13,3,43,13,4,0,0,1,4,4,9.0,1,9.0
CWS,2025-04-15,4,79,25,2,1,0,1,7,6,17.0,7,7.0
CWS,2025-04-16,3,66,19,0,1,0,0,5,9,14.0,3,14.0
CWS,2025-04-17,3,63,16,4,0,0,2,5,5,11.0,4,0.0
CWS,2025-04-18,4,90,23,6,2,0,3,6,4,15.0,6,0.0
CWS,2025-04-19,5,99,22,4,6,0,0,3,5,16.0,1,12.0
CWS,2025-04-20,3,58,14,2,1,0,0,1,4,12.0,0,6.0
CWS,2025-04-21,2,40,9,4,1,0,0,2,0,6.0,0,3.0
CWS,2025-04-22,1,53,14,4,2,1,1,2,1,9.0,2,6.0
CWS,2025-04-23,6,111,27,5,3,1,2,7,8,16.0,5,12.0
CWS,2025-04-24,2,36,9,3,1,0,0,2,2,6.0,0,0.0
CWS,2025-04-25,3,120,33,7,2,0,1,10,13,21.0,6,19.0
CWS,2025-04-26,2,96,32,5,2,0,1,6,10,24.0,3,0.0
CWS,2025-04-27,4,101,29,8,3,0,1,4,6,27.0,2,27.0
CWS,2025-04-29,5,161,38,6,9,2,0,7,7,21.0,6,11.0
CWS,2025-04-30,4,60,16,5,2,0,0,2,3,12.0,3,11.0
CWS,2025-05-01,3,29,10,4,1,0,0,0,1,9.0,0,0.0
CWS,2025-05-02,3,50,11,1,1,0,1,1,4,9.0,1,6.0
CWS,2025-05-03,3,67,19,4,2,0,1,5,4,12.0,5,2.0
CWS,2025-05-04,1,31,8,0,1,1,0,0,1,7.0,0,6.0
CWS,2025-05-05,3,57,12,2,2,0,0,2,4,9.0,1,8.0
CWS,2025-05-06,3,49,13,1,2,0,0,4,5,8.0,3,8.0
CWS,2025-05-07,2,25,7,2,0,0,0,1,3,6.0,0,6.0
CWS,2025-05-08,3,88,21,2,0,0,0,10,8,11.0,8,1.0
CWS,2025-05-09,5,70,20,4,3,1,1,4,6,12.0,1,6.0
CWS,2025-05-10,5,70,15,3,3,0,1,3,5,9.0,3,9.0
CWS,2025-05-11,3,65,18,1,1,0,0,3,6,15.0,1,14.0
CWS,2025-05-13,4,149,33,11,1,1,1,6,5,27.0,1,24.0
CWS,2025-05-14,4,31,10,1,1,0,0,2,4,7.0,1,4.0
CWS,2025-05-15,2,31,10,2,2,0,0,2,2,8.0,0,0.0
CWS,2025-05-16,4,71,20,3,1,2,0,8,4,9.0,7,0.0
CWS,2025-05-17,3,70,18,3,6,0,0,2,4,10.0,1,0.0
CWS,2025-05-18,3,57,16,3,1,0,0,6,5,9.0,4,1.0
CWS,2025-05-19,2,42,11,2,2,0,1,4,4,5.0,4,0.0
CWS,2025-05-20,4,69,13,4,1,1,0,2,5,9.0,0,9.0
CWS,2025-05-21,5,80,21,2,3,1,2,5,4,12.0,3,12.0
CWS,2025-05-23,3,43,10,1,1,0,0,0,4,9.0,0,0.0
CWS,2025-05-24,3,67,18,4,1,0,1,2,6,15.0,2,6.0
CWS,2025-05-25,3,52,13,5,1,1,0,3,0,9.0,3,9.0
CWS,2025-05-26,3,56,15,2,3,1,0,4,2,9.0,2,9.0
CWS,2025-05-27,1,32,10,2,0,0,0,3,0,7.0,1,6.0
CWS,2025-05-28,4,90,23,9,3,1,0,3,1,16.0,1,4.0
CWS,2025-05-30,2,105,27,8,1,0,0,6,6,21.0,1,21.0
CWS,2025-05-31,2,35,8,1,2,0,0,0,4,6.0,0,6.0
CWS,2025-06-01,2,23,5,2,0,0,0,0,2,5.0,0,5.0
CWS,2025-06-02,2,89,30,2,1,0,2,12,11,18.0,8,0.0
CWS,2025-06-03,4,62,17,4,2,0,0,4,5,11.0,1,2.0
CWS,2025-06-04,5,140,32,6,2,1,0,5,7,24.0,1,18.0
CWS,2025-06-05,3,57,13,4,3,0,0,1,2,9.0,0,9.0
CWS,2025-06-06,3,51,12,1,1,0,0,2,3,9.0,0,6.0
CWS,2025-06-07,3,51,13,3,2,0,0,2,4,9.0,0,6.0
CWS,2025-06-08,3,103,27,4,2,0,1,11,4,17.0,5,15.0
CWS,2025-06-10,3,43,12,2,1,0,0,2,3,9.0,1,5.0
CWS,2025-06-11,1,71,20,5,2,0,0,7,3,13.0,3,0.0
CWS,2025-06-12,2,25,8,1,0,0,0,3,0,6.0,0,6.0
CWS,2025-06-13,2,49,10,1,0,1,0,1,4,9.0,0,6.0
CWS,2025-06-14,6,156,34,9,4,0,0,9,9,21.0,4,21.0
CWS,2025-06-15,4,58,13,0,1,0,0,3,4,9.0,0,9.0
CWS,2025-06-17,4,76,23,3,2,1,2,7,6,14.0,6,0.0
CWS,2025-06-19,8,147,42,9,5,0,2,9,10,30.0,6,20.0
CWS,2025-06-20,4,112,31,5,2,0,0,7,4,24.0,1,0.0
CWS,2025-06-21,1,24,6,0,0,0,0,3,0,3.0,2,0.0
CWS,2025-06-22,3,43,9,2,1,0,0,1,1,8.0,0,8.0
CWS,2025-06-23,4,111,34,6,3,0,2,9,9,21.0,5,0.0
CWS,2025-06-24,3,105,32,4,0,1,0,6,9,24.0,3,17.0
CWS,2025-06-25,3,57,16,2,1,0,0,4,4,12.0,1,3.0
CWS,2025-06-27,3,84,19,4,3,0,0,3,5,15.0,2,15.0
CWS,2025-06-28,1,31,6,2,0,0,0,0,2,6.0,0,6.0
CWS,2025-06-29,5,100,26,7,5,2,0,3,5,18.0,1,12.0
CWS,2025-07-01,2,47,11,4,0,0,0,1,4,10.0,0,0.0
CWS,2025-07-02,3,125,36,7,4,1,1,8,10,24.0,4,24.0
CWS,2025-07-03,2,41,11,2,0,0,1,2,2,9.0,1,0.0
CWS,2025-07-04,1,17,4,2,0,0,0,1,0,3.0,0,3.0
CWS,2025-07-05,3,56,14,2,1,0,1,3,4,11.0,1,0.0
CWS,2025-07-06,2,57,16,2,2,0,1,3,5,11.0,2,11.0
CWS,2025-07-07,2,55,16,2,2,0,0,2,1,12.0,3,0.0
CWS,2025-07-08,2,56,15,2,2,0,0,5,2,9.0,1,0.0
CWS,2025-07-09,2,30,8,3,0,0,0,2,1,6.0,0,6.0
CWS,2025-07-11,8,198,49,9,5,1,1,8,16,36.0,4,36.0
CWS,2025-07-12,3,86,20,4,3,0,1,4,5,12.0,4,11.0
CWS,2025-07-13,3,74,16,6,1,0,0,2,2,13.0,2,13.0
CWS,2025-07-18,2,28,8,2,2,0,0,0,0,6.0,0,0.0
CWS,2025-07-19,5,64,19,4,2,0,0,3,4,14.0,0,2.0
CWS,2025-07-20,3,49,11,5,1,0,0,1,1,9.0,1,0.0
CWS,2025-07-21,5,73,18,4,3,0,1,2,6,15.0,1,0.0
CWS,2025-07-22,2,47,12,6,1,0,0,2,1,9.0,0,9.0
CWS,2025-07-23,6,87,24,4,4,1,0,8,1,14.0,5,12.0
CWS,2025-07-25,2,43,12,1,1,0,0,4,4,7.0,2,0.0
CWS,2025-07-26,5,92,23,5,3,1,2,7,6,12.0,6,5.0
CWS,2025-07-27,4,156,33,11,5,0,0,5,7,24.0,2,17.0
CWS,2025-07-28,3,53,11,4,1,0,0,0,5,10.0,0,7.0
CWS,2025-07-29,2,41,12,2,1,0,0,2,4,9.0,0,0.0
CWS,2025-07-30,3,80,22,5,0,0,1,5,8,17.0,2,11.0
CWS,2025-08-01,4,73,17,7,1,1,0,2,2,14.0,1,11.0
CWS,2025-08-02,2,27,8,1,0,0,0,0,1,8.0,0,8.0
CWS,2025-08-03,3,65,18,2,2,0,1,6,5,12.0,5,12.0
CWS,2025-08-05,3,64,15,3,2,0,1,4,1,9.0,3,0.0
CWS,2025-08-06,3,104,25,8,3,0,0,3,7,19.0,1,2.0
CWS,2025-08-07,6,90,24,8,4,0,0,2,4,18.0,2,18.0
CWS,2025-08-08,2,82,22,3,3,0,0,2,8,17.0,1,0.0
CWS,2025-08-09,4,84,19,4,2,0,1,2,9,17.0,1,17.0
CWS,2025-08-10,4,53,15,4,1,0,1,2,4,12.0,3,10.0
CWS,2025-08-11,5,120,28,10,2,0,1,5,4,22.0,1,22.0
CWS,2025-08-12,3,91,21,4,1,0,2,7,6,12.0,5,0.0
CWS,2025-08-13,2,72,17,4,2,0,0,3,3,12.0,1,12.0
CWS,2025-08-15,2,28,6,3,0,0,0,0,1,6.0,0,6.0
CWS,2025-08-16,2,78,18,7,2,0,0,5,3,13.0,3,0.0
CWS,2025-08-17,3,52,13,2,0,0,2,7,5,6.0,6,5.0
CWS,2025-08-18,5,86,21,6,2,0,2,8,2,12.0,6,0.0
CWS,2025-08-19,4,53,17,0,4,0,0,6,3,6.0,7,5.0
CWS,2025-08-20,3,32,9,2,0,0,0,1,0,8.0,0,8.0
CWS,2025-08-22,4,97,23,5,3,0,0,7,4,12.0,5,6.0
CWS,2025-08-23,2,50,15,2,1,0,1,2,6,12.0,1,0.0
CWS,2025-08-24,3,72,17,4,1,0,0,3,5,13.0,0,0.0
CWS,2025-08-25,1,22,7,1,0,0,0,1,5,6.0,0,0.0
CWS,2025-08-26,4,65,16,3,1,1,0,8,3,6.0,5,4.0
CWS,2025-08-27,3,85,26,1,3,0,1,11,9,13.0,9,0.0
CWS,2025-08-28,4,94,26,5,1,0,1,8,11,16.0,6,11.0
CWS,2025-08-29,5,103,23,8,3,0,1,5,6,15.0,5,0.0
CWS,2025-08-30,4,61,19,4,3,0,0,3,6,14.0,3,13.0
CWS,2025-08-31,4,61,14,3,4,0,0,1,4,9.0,0,9.0
CWS,2025-09-01,6,114,31,7,2,0,1,8,8,22.0,4,22.0
CWS,2025-09-02,2,38,10,3,0,0,0,1,3,9.0,0,0.0
CWS,2025-09-03,4,72,19,4,3,0,0,4,1,12.0,1,12.0
CWS,2025-09-04,5,164,38,6,3,0,2,13,12,23.0,8,13.0
CWS,2025-09-05,3,85,18,5,2,0,0,4,4,12.0,1,8.0
CWS,2025-09-06,3,60,13,9,0,0,0,1,2,12.0,0,0.0
CWS,2025-09-07,4,63,14,6,1,0,0,2,2,11.0,0,11.0
CWS,2025-09-09,4,58,14,6,0,0,1,2,3,12.0,1,12.0
CWS,2025-09-10,7,78,19,7,3,0,1,3,2,14.0,3,13.0
CWS,2025-09-11,4,65,14,2,1,0,0,3,4,10.0,1,1.0
CWS,2025-09-12,1,23,6,0,0,0,1,2,3,4.0,2,0.0
CWS,2025-09-13,2,35,10,3,0,0,1,1,3,9.0,1,9.0
CWS,2025-09-14,3,55,15,2,3,0,1,4,2,9.0,1,9.0
CWS,2025-09-15,4,177,36,7,6,1,1,7,4,24.0,4,14.0
CWS,2025-09-16,4,88,20,4,3,0,1,4,7,14.0,2,3.0
CWS,2025-09-17,5,89,21,10,3,0,0,2,4,16.0,0,15.0
CWS,2025-09-19,3,35,9,4,0,0,0,1,3,9.0,0,9.0
CWS,2025-09-20,4,83,19,5,3,0,0,5,3,11.0,5,1.0
CWS,2025-09-21,4,70,20,7,1,0,0,4,6,15.0,0,6.0
CWS,2025-09-23,5,70,17,4,3,0,0,6,2,12.0,2,12.0
CWS,2025-09-24,3,126,34,8,2,0,3,10,14,22.0,8,5.0
CWS,2025-09-25,3,79,19,3,5,1,0,2,5,11.0,4,11.0
CWS,2025-09-26,4,57,14,6,1,0,2,5,2,9.0,4,6.0
CWS,2025-09-27,5,138,32,11,4,0,3,7,6,19.0,6,18.0
CWS,2025-09-28,3,41,9,5,0,0,0,0,4,9.0,0,0.0
DET,2024-03-28,3,31,9,5,0,0,0,0,1,9.0,0,9.0
DET,2024-03-30,5,106,25,5,3,0,0,3,8,19.0,0,18.0
DET,2024-03-31,3,36,10,4,1,0,1,1,1,9.0,1,9.0
DET,2024-04-01,4,73,16,5,1,0,0,2,6,13.0,0,10.0
DET,2024-04-04,7,161,39,11,7,1,1,4,7,30.0,3,26.0
DET,2024-04-05,4,50,12,5,3,0,0,1,2,8.0,1,8.0
DET,2024-04-06,2,72,15,5,2,0,0,3,3,10.0,2,0.0
DET,2024-04-07,2,53,14,0,1,0,0,5,2,9.0,1,0.0
DET,2024-04-08,3,60,14,2,1,1,1,3,2,11.0,1,0.0
DET,2024-04-09,4,56,15,2,1,0,1,3,5,12.0,1,12.0
DET,2024-04-12,3,66,18,6,2,0,0,4,4,12.0,2,0.0
DET,2024-04-13,6,144,37,11,4,1,2,5,9,25.0,9,17.0
DET,2024-04-14,2,40,10,0,2,0,0,0,2,8.0,0,3.0
DET,2024-04-15,2,31,9,0,0,0,0,1,1,8.0,0,8.0
DET,2024-04-16,3,42,11,4,1,0,0,1,4,9.0,0,9.0
DET,2024-04-17,2,25,9,0,0,0,0,2,0,8.0,1,8.0
DET,2024-04-18,5,96,29,5,1,1,0,6,6,19.0,3,18.0
DET,2024-04-19,3,43,11,2,1,0,0,1,4,9.0,0,9.0
DET,2024-04-20,2,39,13,2,1,1,0,2,4,9.0,0,6.0
DET,2024-04-21,2,43,12,1,1,0,1,2,5,9.0,1,0.0
DET,2024-04-22,3,49,14,3,1,1,1,3,3,9.0,1,0.0
DET,2024-04-23,3,57,16,3,1,0,1,4,3,12.0,2,12.0
DET,2024-04-24,3,51,13,5,0,0,1,4,2,9.0,3,9.0
DET,2024-04-26,3,51,13,2,1,2,0,4,2,6.0,7,4.0
DET,2024-04-27,3,59,16,0,0,0,0,3,4,12.0,2,7.0
DET,2024-04-28,2,25,8,3,1,0,0,1,1,6.0,0,0.0
DET,2024-04-30,6,122,32,5,3,0,1,9,8,20.0,6,14.0
DET,2024-05-01,3,58,13,3,2,0,0,3,1,9.0,0,6.0
DET,2024-05-03,4,67,15,4,3,0,0,4,1,12.0,2,12.0
DET,2024-05-04,2,34,8,2,0,0,0,0,3,8.0,0,8.0
DET,2024-05-05,3,50,9,1,3,0,0,3,0,3.0,3,1.0
DET,2024-05-06,1,34,7,4,0,0,0,1,0,6.0,0,6.0
DET,2024-05-07,4,80,23,4,1,0,0,3,7,21.0,0,15.0
DET,2024-05-08,4,41,14,3,0,0,1,4,5,12.0,3,12.0
DET,2024-05-10,4,49,15,1,2,0,0,3,2,9.0,4,5.0
DET,2024-05-11,2,34,9,2,0,1,0,1,2,8.0,0,0.0
DET,2024-05-12,3,70,21,0,3,0,0,11,4,7.0,7,0.0
DET,2024-05-13,2,48,12,6,0,0,1,3,2,10.0,2,10.0
DET,2024-05-14,2,21,7,2,0,0,0,1,0,6.0,1,6.0
DET,2024-05-15,3,48,12,2,1,0,0,2,2,9.0,0,9.0
DET,2024-05-17,2,30,12,3,0,0,0,2,2,9.0,0,0.0
DET,2024-05-18,3,43,12,2,1,0,0,3,4,9.0,1,0.0
DET,2024-05-19,2,47,13,4,1,0,0,2,1,9.0,2,9.0
DET,2024-05-20,4,103,25,4,3,0,1,6,8,16.0,6,7.0
DET,2024-05-21,3,87,26,5,1,0,2,6,7,19.0,4,0.0
DET,2024-05-22,3,50,15,4,2,1,0,3,3,9.0,4,1.0
DET,2024-05-23,2,55,15,2,1,0,1,6,6,8.0,6,3.0
DET,2024-05-24,4,75,20,5,2,0,0,6,2,12.0,2,0.0
DET,2024-05-25,3,40,10,1,0,0,0,3,3,8.0,1,8.0
DET,2024-05-26,5,90,25,2,5,0,2,6,6,14.0,9,5.0
DET,2024-05-29,5,117,30,9,2,0,0,8,3,20.0,6,0.0
DET,2024-05-30,2,45,9,3,0,0,0,1,1,7.0,0,1.0
DET,2024-05-31,2,52,14,2,0,1,1,4,2,10.0,2,0.0
DET,2024-06-01,3,58,13,5,1,0,0,4,1,8.0,1,0.0
DET,2024-06-02,4,69,23,3,2,0,1,3,7,18.0,1,15.0
DET,2024-06-03,1,53,10,4,0,0,0,1,5,9.0,0,9.0
DET,2024-06-04,4,78,18,5,3,0,0,3,2,12.0,1,1.0
DET,2024-06-05,4,115,28,4,2,0,1,8,10,16.0,7,0.0
DET,2024-06-07,4,84,20,4,2,1,0,4,4,15.0,2,0.0
DET,2024-06-08,3,48,14,2,1,0,0,2,4,11.0,2,11.0
DET,2024-06-09,3,28,9,1,0,0,0,2,3,7.0,1,0.0
DET,2024-06-11,5,67,23,6,0,0,0,4,8,18.0,4,17.0
DET,2024-06-12,3,63,17,2,3,0,0,3,2,10.0,2,1.0
DET,2024-06-13,3,49,11,4,1,0,0,1,4,9.0,1,3.0
DET,2024-06-14,1,15,5,2,0,0,0,0,0,5.0,0,0.0
DET,2024-06-15,3,72,19,3,1,0,1,7,5,12.0,5,0.0
DET,2024-06-16,2,29,10,2,1,0,0,0,2,9.0,0,0.0
DET,2024-06-17,2,29,9,1,0,0,1,3,2,6.0,2,6.0
DET,2024-06-18,3,49,12,5,0,0,0,0,4,12.0,0,12.0
DET,2024-06-19,2,71,16,5,0,0,1,5,5,12.0,2,0.0
DET,2024-06-21,2,44,11,1,0,1,0,1,3,10.0,0,10.0
DET,2024-06-22,4,75,17,4,0,0,1,4,4,13.0,3,0.0
DET,2024-06-23,3,38,9,4,0,0,0,2,1,8.0,2,0.0
DET,2024-06-24,4,109,24,7,3,1,1,6,4,14.0,4,0.0
DET,2024-06-25,2,20,7,1,0,0,1,1,4,6.0,1,0.0
DET,2024-06-26,3,140,32,9,3,0,1,8,6,22.0,5,9.0
DET,2024-06-27,2,39,9,4,0,1,0,1,2,7.0,0,0.0
DET,2024-06-28,3,40,12,6,0,0,1,4,3,8.0,3,7.0
DET,2024-06-29,4,45,15,2,1,0,1,4,5,12.0,4,11.0
DET,2024-06-30,4,70,19,6,1,1,2,6,3,11.0,5,1.0
DET,2024-07-02,2,51,12,1,4,0,1,3,3,6.0,2,6.0
DET,2024-07-03,2,44,12,1,2,0,0,2,4,8.0,0,0.0
DET,2024-07-04,2,63,18,2,3,1,0,5,5,10.0,3,0.0
DET,2024-07-05,3,55,14,3,0,0,0,4,1,10.0,2,3.0
DET,2024-07-06,5,121,29,11,3,0,1,5,4,21.0,3,18.0
DET,2024-07-07,2,25,7,2,0,0,0,1,1,6.0,0,0.0
DET,2024-07-08,2,35,8,1,0,0,0,0,3,8.0,0,8.0
DET,2024-07-09,4,156,36,9,7,0,0,7,6,22.0,3,12.0
DET,2024-07-10,3,66,13,1,3,0,0,1,2,9.0,1,9.0
DET,2024-07-11,2,32,10,1,0,0,0,1,5,9.0,0,0.0
DET,2024-07-12,4,69,17,2,1,0,0,7,4,9.0,2,9.0
DET,2024-07-13,5,93,23,2,4,1,1,5,2,15.0,4,8.0
DET,2024-07-14,5,139,30,11,3,0,0,3,4,24.0,0,15.0
DET,2024-07-19,5,59,14,1,0,0,1,4,5,10.0,2,7.0
DET,2024-07-20,4,117,25,7,0,0,1,5,7,21.0,3,9.0
DET,2024-07-21,3,60,13,6,2,0,0,3,1,8.0,1,8.0
DET,2024-07-22,3,39,10,3,1,1,0,2,0,6.0,1,0.0
DET,2024-07-23,4,109,32,5,2,1,3,10,11,19.0,5,18.0
DET,2024-07-24,2,34,9,1,2,0,0,1,2,6.0,1,6.0
DET,2024-07-25,5,99,23,8,1,1,0,2,4,21.0,0,0.0
DET,2024-07-26,2,78,21,4,3,1,1,5,5,12.0,3,0.0
DET,2024-07-27,2,19,7,1,0,0,0,1,3,6.0,0,0.0
DET,2024-07-28,5,147,37,7,3,0,0,10,12,24.0,5,16.0
DET,2024-07-29,2,104,30,5,1,1,3,4,13,25.0,5,0.0
DET,2024-07-30,5,93,25,4,0,1,3,6,7,19.0,5,15.0
DET,2024-08-01,2,44,12,0,0,2,2,4,4,6.0,3,0.0
DET,2024-08-02,3,52,15,2,0,0,0,7,3,8.0,5,0.0
DET,2024-08-03,4,121,34,5,1,0,2,9,10,24.0,5,24.0
DET,2024-08-04,5,105,30,5,1,0,1,7,8,22.0,3,22.0
DET,2024-08-06,4,49,12,6,1,1,0,1,1,9.0,1,4.0
DET,2024-08-07,2,29,7,2,0,0,0,2,1,6.0,0,3.0
DET,2024-08-08,3,106,27,6,2,0,1,7,7,21.0,4,17.0
DET,2024-08-09,3,100,24,2,1,1,0,4,5,18.0,3,18.0
DET,2024-08-10,3,114,30,8,1,0,0,6,6,21.0,3,21.0
DET,2024-08-11,3,61,16,1,2,0,0,3,0,12.0,1,12.0
DET,2024-08-13,1,35,9,3,1,0,0,0,3,9.0,0,0.0
DET,2024-08-14,5,146,34,9,3,0,0,3,12,26.0,2,26.0
DET,2024-08-15,3,120,28,7,1,2,0,1,12,24.0,0,24.0
DET,2024-08-16,2,107,29,7,1,0,2,4,7,24.0,2,19.0
DET,2024-08-17,2,69,15,3,1,0,0,2,4,12.0,0,0.0
DET,2024-08-18,4,56,14,5,0,0,0,3,4,12.0,1,12.0
DET,2024-08-20,2,91,25,3,3,0,1,4,8,19.0,3,19.0
DET,2024-08-21,4,107,28,7,0,0,1,5,4,21.0,2,10.0
DET,2024-08-22,3,130,36,7,3,0,1,13,10,21.0,10,2.0
DET,2024-08-23,4,52,15,3,0,0,0,3,6,12.0,0,9.0
DET,2024-08-24,3,53,17,5,1,0,0,4,3,12.0,1,0.0
DET,2024-08-25,4,121,32,6,3,0,1,7,9,24.0,2,15.0
DET,2024-08-26,3,44,14,1,0,0,1,2,4,12.0,1,3.0
DET,2024-08-27,3,68,14,3,0,1,0,1,2,12.0,0,3.0
DET,2024-08-28,3,112,28,9,2,0,1,5,6,21.0,2,13.0
DET,2024-08-29,3,46,14,4,0,0,0,2,4,12.0,0,0.0
DET,2024-08-30,4,59,15,4,0,0,2,3,3,12.0,3,4.0
DET,2024-08-31,1,17,4,0,1,0,0,0,1,3.0,0,3.0
DET,2024-09-01,3,114,28,7,0,0,0,6,7,23.0,1,14.0
DET,2024-09-02,3,90,25,3,0,0,0,7,8,18.0,3,17.0
DET,2024-09-04,5,102,25,5,6,0,0,3,2,17.0,1,17.0
DET,2024-09-05,3,44,12,1,0,0,0,1,3,11.0,0,3.0
DET,2024-09-06,7,90,27,5,1,0,1,6,6,22.0,5,22.0
DET,2024-09-07,4,103,31,5,1,0,0,5,8,25.0,1,25.0
DET,2024-09-08,3,115,33,9,1,1,0,8,5,24.0,1,11.0
DET,2024-09-11,3,61,15,4,1,0,0,1,2,13.0,0,0.0
DET,2024-09-12,3,53,14,4,0,0,0,5,4,9.0,3,9.0
DET,2024-09-13,3,105,25,12,1,0,0,1,2,23.0,0,23.0
DET,2024-09-14,4,135,32,4,2,1,1,8,5,24.0,4,17.0
DET,2024-09-15,3,60,16,3,2,0,1,2,2,12.0,2,7.0
DET,2024-09-16,5,82,25,6,1,0,0,7,5,20.0,2,15.0
DET,2024-09-17,4,81,19,5,2,0,0,1,6,17.0,0,17.0
DET,2024-09-18,3,51,15,4,1,0,0,4,4,12.0,1,6.0
DET,2024-09-20,2,105,29,12,1,0,4,7,9,21.0,5,0.0
DET,2024-09-21,5,120,32,2,3,0,0,9,7,21.0,3,21.0
DET,2024-09-22,5,112,30,6,4,0,1,6,5,21.0,3,14.0
DET,2024-09-24,1,23,7,3,0,0,1,1,4,6.0,1,6.0
DET,2024-09-25,5,92,23,5,1,0,0,3,2,19.0,0,10.0
DET,2024-09-26,3,74,18,6,0,0,0,3,5,15.0,0,10.0
DET,2024-09-27,4,91,24,4,1,0,1,2,9,21.0,1,15.0
DET,2024-09-28,3,108,29,5,2,0,1,4,10,21.0,3,15.0
DET,2024-09-29,2,95,24,2,3,0,0,6,6,13.0,4,4.0
DET,2024-10-01,4,60,13,4,1,0,0,3,1,9.0,1,3.0
DET,2024-10-02,6,112,32,4,3,2,0,5,4,24.0,2,18.0
DET,2024-10-05,4,137,34,8,4,1,1,5,9,24.0,5,0.0
DET,2024-10-07,2,25,6,3,0,0,0,0,2,6.0,0,3.0
DET,2024-10-09,5,129,32,6,2,0,0,6,9,24.0,0,15.0
DET,2024-10-10,5,84,22,2,0,0,2,6,10,15.0,4,15.0
DET,2024-10-12,3,49,11,4,0,0,0,5,0,6.0,2,1.0
DET,2025-03-27,3,42,10,4,0,0,1,1,2,9.0,1,9.0
DET,2025-03-28,4,64,16,5,0,0,2,5,5,13.0,6,13.0
DET,2025-03-29,2,46,14,4,1,0,2,3,4,10.0,3,1.0
DET,2025-03-31,4,85,22,6,2,0,1,5,4,15.0,3,0.0
DET,2025-04-01,3,47,12,1,1,1,0,0,2,10.0,1,1.0
DET,2025-04-02,2,26,7,1,0,0,0,0,3,7.0,0,7.0
DET,2025-04-04,3,68,16,4,2,0,0,4,1,10.0,3,0.0
DET,2025-04-05,2,34,10,2,0,0,0,1,2,9.0,0,0.0
DET,2025-04-06,3,41,13,0,0,1,0,0,1,12.0,0,12.0
DET,2025-04-07,3,46,12,2,0,0,0,3,4,9.0,1,0.0
DET,2025-04-08,1,40,11,3,1,0,0,2,2,9.0,0,0.0
DET,2025-04-09,3,79,19,4,2,2,1,4,2,11.0,4,8.0
DET,2025-04-11,4,89,22,4,2,0,1,6,5,14.0,4,13.0
DET,2025-04-12,3,52,12,3,0,1,0,2,2,9.0,0,0.0
DET,2025-04-13,2,29,10,0,1,0,0,2,2,7.0,1,0.0
DET,2025-04-14,1,40,9,2,1,1,0,1,3,6.0,1,0.0
DET,2025-04-15,3,77,18,1,3,0,0,4,3,10.0,2,0.0
DET,2025-04-16,2,41,11,3,1,0,0,0,2,9.0,0,0.0
DET,2025-04-17,3,59,16,2,2,0,0,3,4,12.0,1,0.0
DET,2025-04-18,6,89,22,4,4,0,0,5,5,12.0,2,0.0
DET,2025-04-19,2,34,9,0,1,0,0,2,3,6.0,0,6.0
DET,2025-04-20,3,78,17,7,0,0,0,2,3,15.0,2,15.0
DET,2025-04-21,3,52,15,4,0,0,0,2,3,14.0,1,12.0
DET,2025-04-22,2,42,12,3,2,1,0,1,2,9.0,0,9.0
DET,2025-04-23,2,22,5,2,0,0,0,0,1,5.0,0,0.0
DET,2025-04-26,7,163,35,8,5,1,1,5,11,25.0,3,19.0
DET,2025-04-27,2,41,11,4,1,1,0,1,1,9.0,0,0.0
DET,2025-04-28,3,41,14,1,0,0,0,4,2,9.0,4,3.0
DET,2025-04-29,3,70,15,1,2,1,0,6,1,7.0,5,3.0
DET,2025-04-30,3,87,23,6,3,0,1,5,4,15.0,1,0.0
DET,2025-05-01,2,34,7,2,0,0,0,1,0,6.0,0,0.0
DET,2025-05-02,3,44,9,4,0,0,0,0,0,9.0,0,6.0
DET,2025-05-03,3,27,8,2,0,0,0,2,3,7.0,0,0.0
DET,2025-05-04,3,54,13,4,1,0,0,2,5,10.0,1,0.0
DET,2025-05-07,4,97,25,6,4,0,0,5,5,18.0,0,18.0
DET,2025-05-08,3,65,15,5,2,0,0,1,6,12.0,1,0.0
DET,2025-05-09,2,21,7,1,0,0,0,1,2,6.0,0,6.0
DET,2025-05-10,4,107,28,5,4,0,1,6,7,18.0,5,0.0
DET,2025-05-11,4,91,21,3,1,0,2,5,8,15.0,3,0.0
DET,2025-05-12,2,40,12,2,0,0,1,3,6,10.0,1,0.0
DET,2025-05-13,6,173,44,13,2,1,3,13,9,28.0,9,28.0
DET,2025-05-14,3,48,12,3,1,0,0,4,0,8.0,2,8.0
DET,2025-05-16,3,64,15,3,0,0,1,5,2,10.0,2,10.0
DET,2025-05-17,4,63,14,1,4,0,0,3,0,9.0,2,9.0
DET,2025-05-18,4,67,13,5,2,0,0,1,0,9.0,0,9.0
DET,2025-05-19,3,134,39,3,2,1,1,13,12,23.0,9,12.0
DET,2025-05-20,4,50,15,2,2,0,0,3,3,10.0,1,10.0
DET,2025-05-21,5,83,22,7,0,1,0,4,6,18.0,1,10.0
DET,2025-05-22,2,42,13,2,2,0,0,3,3,7.0,4,0.0
DET,2025-05-23,3,63,17,4,1,0,0,4,5,12.0,1,12.0
DET,2025-05-24,4,81,24,3,1,1,0,7,9,15.0,5,14.0
DET,2025-05-26,5,53,16,1,1,0,0,4,4,12.0,1,11.0
DET,2025-05-27,2,50,12,2,0,0,0,4,3,9.0,1,3.0
DET,2025-05-28,4,64,17,4,1,0,0,3,4,13.0,0,12.0
DET,2025-05-30,5,98,23,6,3,0,0,4,1,17.0,2,12.0
DET,2025-05-31,1,11,5,0,0,0,0,2,2,3.0,1,3.0
DET,2025-06-01,4,50,15,2,0,0,0,2,5,13.0,0,13.0
DET,2025-06-02,2,34,10,1,1,1,0,1,2,9.0,0,0.0
DET,2025-06-03,5,129,34,7,5,0,1,10,4,20.0,8,13.0
DET,2025-06-04,4,62,19,4,1,0,0,2,6,16.0,1,16.0
DET,2025-06-05,4,67,18,2,2,0,0,5,3,16.0,1,16.0
DET,2025-06-06,1,21,5,0,0,0,0,1,2,4.0,0,4.0
DET,2025-06-07,3,100,30,6,1,0,4,6,12,23.0,5,11.0
DET,2025-06-08,3,43,11,3,0,0,0,2,3,9.0,0,0.0
DET,2025-06-10,4,91,24,8,1,1,1,4,4,19.0,2,7.0
DET,2025-06-11,3,65,17,3,2,0,1,8,1,8.0,7,6.0
DET,2025-06-12,2,36,8,2,1,0,1,1,2,6.0,1,0.0
DET,2025-06-13,5,154,39,9,2,0,2,11,11,25.0,5,16.0
DET,2025-06-14,4,65,20,2,1,0,1,7,8,13.0,4,0.0
DET,2025-06-15,5,156,37,4,2,0,1,11,7,24.0,7,23.0
DET,2025-06-17,3,37,9,2,0,0,0,0,2,9.0,0,3.0
DET,2025-06-19,7,193,50,16,6,0,1,8,5,36.0,5,14.0
DET,2025-06-20,4,108,29,4,3,0,1,10,2,17.0,7,0.0
DET,2025-06-21,2,78,28,3,0,0,3,6,10,22.0,4,0.0
DET,2025-06-22,5,76,16,2,3,1,0,3,3,12.0,2,9.0
DET,2025-06-24,3,25,10,0,0,0,0,3,2,9.0,0,0.0
DET,2025-06-25,3,42,12,2,1,1,0,2,3,9.0,0,0.0
DET,2025-06-26,4,37,13,1,0,0,0,2,1,12.0,0,0.0
DET,2025-06-27,3,52,16,4,2,2,0,2,1,11.0,2,0.0
DET,2025-06-28,2,37,10,3,0,0,1,3,4,7.0,3,0.0
DET,2025-06-29,2,21,6,1,0,0,0,1,2,6.0,0,0.0
DET,2025-07-02,6,182,51,8,7,0,0,14,9,30.0,8,6.0
DET,2025-07-03,4,98,21,3,1,0,0,7,4,12.0,4,0.0
DET,2025-07-04,3,84,19,5,2,0,0,3,5,14.0,0,14.0
DET,2025-07-05,2,27,7,2,1,0,0,0,3,6.0,0,6.0
DET,2025-07-06,3,54,14,2,2,0,0,3,3,9.0,2,6.0
DET,2025-07-07,3,44,11,2,1,0,0,1,2,9.0,0,3.0
DET,2025-07-08,3,36,9,3,0,0,0,1,1,8.0,0,8.0
DET,2025-07-09,3,79,21,3,0,0,1,10,6,12.0,5,2.0
DET,2025-07-11,5,95,24,2,3,1,2,7,6,12.0,8,6.0
DET,2025-07-12,5,141,34,6,3,0,2,13,6,18.0,9,0.0
DET,2025-07-13,4,86,22,3,5,0,3,6,5,12.0,5,9.0
DET,2025-07-18,3,45,12,3,1,0,0,2,2,9.0,2,9.0
DET,2025-07-19,3,53,12,4,1,0,0,0,3,11.0,0,0.0
DET,2025-07-20,2,25,7,4,0,0,0,0,1,7.0,0,7.0
DET,2025-07-21,3,63,18,6,0,0,0,3,5,15.0,0,0.0
DET,2025-07-22,4,79,21,5,3,0,0,4,2,12.0,3,4.0
DET,2025-07-23,2,44,10,4,0,0,0,1,1,9.0,0,0.0
DET,2025-07-24,3,71,19,1,0,0,1,9,4,10.0,6,0.0
DET,2025-07-25,4,78,22,5,2,1,0,4,5,15.0,1,0.0
DET,2025-07-26,3,47,16,2,0,0,3,7,5,9.0,6,6.0
DET,2025-07-27,4,67,18,2,4,0,0,5,2,9.0,4,0.0
DET,2025-07-28,2,35,9,1,1,1,1,2,0,6.0,1,0.0
DET,2025-07-29,4,97,24,8,1,0,0,2,7,22.0,0,10.0
DET,2025-07-30,2,47,12,1,1,0,1,3,3,9.0,1,0.0
DET,2025-08-01,4,53,14,4,1,0,0,6,2,6.0,5,4.0
DET,2025-08-02,2,37,9,3,0,0,1,3,2,6.0,2,4.0
DET,2025-08-03,1,21,7,1,0,0,1,1,2,6.0,1,6.0
DET,2025-08-04,3,40,13,4,1,2,0,2,1,9.0,0,3.0
DET,2025-08-05,3,93,23,2,5,0,0,3,4,15.0,2,0.0
DET,2025-08-06,4,72,19,1,3,1,2,3,5,13.0,3,1.0
DET,2025-08-08,2,56,15,4,0,0,1,2,4,13.0,1,13.0
DET,2025-08-09,3,67,17,3,1,0,1,2,4,14.0,1,10.0
DET,2025-08-10,3,54,17,2,3,0,1,4,5,12.0,3,0.0
DET,2025-08-11,3,44,11,3,0,0,0,1,1,10.0,0,10.0
DET,2025-08-12,3,101,23,4,6,0,1,5,4,11.0,5,0.0
DET,2025-08-13,3,42,13,3,1,0,0,1,1,12.0,0,12.0
DET,2025-08-14,3,52,13,5,0,0,0,1,3,12.0,0,12.0
DET,2025-08-15,3,68,12,2,4,0,0,0,2,9.0,0,0.0
DET,2025-08-16,3,65,15,4,2,0,0,4,0,8.0,2,4.0
DET,2025-08-17,1,38,9,3,2,0,0,0,1,7.0,0,0.0
DET,2025-08-18,2,29,9,2,1,0,0,2,3,6.0,0,0.0
DET,2025-08-19,2,42,9,2,0,0,0,1,0,9.0,0,9.0
DET,2025-08-20,3,42,11,2,0,0,0,2,0,9.0,0,0.0
DET,2025-08-22,3,59,15,2,3,0,1,2,5,10.0,2,5.0
DET,2025-08-23,3,55,15,4,1,0,1,3,2,12.0,1,12.0
DET,2025-08-24,4,72,19,2,4,1,1,2,3,12.0,3,9.0
DET,2025-08-25,2,19,7,1,0,0,1,3,3,4.0,2,0.0
DET,2025-08-26,3,68,20,4,3,0,0,3,3,15.0,2,15.0
DET,2025-08-27,3,70,18,5,2,0,0,4,3,14.0,2,0.0
DET,2025-08-29,4,76,22,5,3,0,0,4,4,16.0,0,16.0
DET,2025-08-30,3,43,10,4,1,0,1,2,3,7.0,2,7.0
DET,2025-08-31,2,18,6,2,0,0,0,0,2,6.0,0,0.0
DET,2025-09-01,4,101,23,6,3,1,0,3,1,16.0,4,8.0
DET,2025-09-02,5,82,27,1,0,0,2,12,5,15.0,6,0.0
DET,2025-09-03,4,78,19,1,5,0,0,3,3,12.0,1,6.0
DET,2025-09-05,3,78,20,3,1,0,2,5,4,14.0,4,10.0
DET,2025-09-06,2,23,6,1,0,0,0,1,1,6.0,0,0.0
DET,2025-09-07,5,121,31,5,6,1,0,7,3,18.0,3,18.0
DET,2025-09-09,1,35,9,4,0,0,0,0,4,9.0,0,0.0
DET,2025-09-10,3,63,17,6,1,0,1,6,1,12.0,1,3.0
DET,2025-09-11,5,158,38,8,5,1,2,12,5,21.0,8,3.0
DET,2025-09-12,2,46,19,3,1,0,1,4,4,14.0,5,1.0
DET,2025-09-13,4,72,23,3,1,0,2,5,5,21.0,4,21.0
DET,2025-09-14,3,63,18,3,2,0,0,4,5,12.0,0,12.0
DET,2025-09-16,4,82,20,7,0,0,0,6,4,14.0,4,11.0
DET,2025-09-17,5,90,20,5,4,0,0,4,1,12.0,3,11.0
DET,2025-09-18,2,51,13,2,1,0,1,3,6,9.0,2,9.0
DET,2025-09-19,4,119,30,4,2,0,2,6,6,23.0,4,0.0
DET,2025-09-20,6,104,25,4,2,0,1,5,7,18.0,3,18.0
DET,2025-09-21,5,82,20,2,4,0,0,6,4,10.0,3,0.0
DET,2025-09-23,4,42,10,2,1,0,0,3,1,6.0,2,2.0
DET,2025-09-24,4,62,16,3,2,0,0,3,5,11.0,2,7.0
DET,2025-09-25,5,63,19,7,0,0,0,3,0,16.0,1,4.0
DET,2025-09-26,2,27,9,1,0,0,0,4,2,8.0,3,8.0
DET,2025-09-27,4,56,16,6,0,0,0,2,1,14.0,0,14.0
DET,2025-09-28,2,51,13,3,2,0,0,0,5,11.0,0,11.0
DET,2025-09-30,1,15,5,1,0,0,0,1,1,4.0,0,4.0
DET,2025-10-01,4,78,21,2,2,0,2,5,4,15.0,5,14.0
DET,2025-10-02,4,66,16,2,0,0,0,3,2,13.0,2,4.0
DET,2025-10-04,7,82,25,4,1,0,0,4,9,21.0,1,21.0
DET,2025-10-05,2,23,6,1,0,0,0,3,1,3.0,1,3.0
DET,2025-10-07,4,70,25,4,2,1,2,4,8,17.0,5,0.0
DET,2025-10-08,4,86,24,4,2,0,0,6,5,18.0,2,6.0
DET,2025-10-10,7,172,39,7,7,3,0,6,7,27.0,2,27.0
HOU,2024-03-28,5,85,19,5,3,0,1,3,2,13.0,3,13.0
HOU,2024-03-29,4,87,22,3,4,1,1,8,1,9.0,7,4.0
HOU,2024-03-30,5,89,20,6,3,0,3,4,4,15.0,4,15.0
HOU,2024-03-31,3,68,15,7,1,0,0,4,3,10.0,1,10.0
HOU,2024-04-02,2,25,6,0,1,0,1,2,1,4.0,2,4.0
HOU,2024-04-03,4,54,14,4,2,0,0,0,3,12.0,0,0.0
HOU,2024-04-05,3,90,25,1,2,0,1,8,7,15.0,5,0.0
HOU,2024-04-06,4,60,16,4,2,0,0,7,3,7.0,4,5.0
HOU,2024-04-07,3,39,10,2,1,0,0,1,2,9.0,1,2.0
HOU,2024-04-08,4,98,30,5,1,0,0,4,11,26.0,0,9.0
HOU,2024-04-09,5,65,15,3,2,0,0,2,2,14.0,1,14.0
HOU,2024-04-10,3,107,21,2,3,0,1,4,8,15.0,4,0.0
HOU,2024-04-11,5,114,28,4,1,1,1,5,7,22.0,4,0.0
HOU,2024-04-12,4,94,21,4,1,1,0,4,6,15.0,4,0.0
HOU,2024-04-13,3,55,12,3,1,0,0,3,1,9.0,0,3.0
HOU,2024-04-14,3,48,11,2,0,0,1,5,4,6.0,3,0.0
HOU,2024-04-15,5,105,24,5,3,0,0,7,1,15.0,4,12.0
HOU,2024-04-16,2,59,17,2,1,1,0,6,5,9.0,5,7.0
HOU,2024-04-17,5,94,21,9,2,0,0,3,1,15.0,3,15.0
HOU,2024-04-19,3,62,14,4,1,0,0,4,3,9.0,1,5.0
HOU,2024-04-20,4,52,16,4,2,0,0,4,1,12.0,3,12.0
HOU,2024-04-21,3,84,21,3,3,0,1,7,4,12.0,3,0.0
HOU,2024-04-23,2,74,14,4,3,0,1,1,3,9.0,2,0.0
HOU,2024-04-24,3,47,13,5,0,0,0,1,2,13.0,0,13.0
HOU,2024-04-25,3,65,17,3,0,2,1,4,6,11.0,3,11.0
HOU,2024-04-27,4,81,17,6,4,0,0,3,2,10.0,2,0.0
HOU,2024-04-28,4,47,14,5,0,0,0,2,2,12.0,0,6.0
HOU,2024-04-30,4,96,22,8,4,2,1,2,4,14.0,4,13.0
HOU,2024-05-01,3,54,13,4,2,0,0,3,1,9.0,1,9.0
HOU,2024-05-02,2,49,14,1,1,0,0,3,4,10.0,0,4.0
HOU,2024-05-03,3,44,11,3,1,0,0,2,3,9.0,0,9.0
HOU,2024-05-04,2,46,15,3,2,0,0,1,3,11.0,0,0.0
HOU,2024-05-05,5,75,20,3,0,2,2,5,4,14.0,3,11.0
HOU,2024-05-07,3,66,18,1,3,2,0,5,0,9.0,3,0.0
HOU,2024-05-08,3,47,15,0,3,0,0,3,2,9.0,4,0.0
HOU,2024-05-09,3,60,13,5,1,0,1,2,4,10.0,1,10.0
HOU,2024-05-10,2,30,8,5,1,0,0,1,1,6.0,0,0.0
HOU,2024-05-11,3,121,28,9,1,0,1,6,6,20.0,1,0.0
HOU,2024-05-12,1,52,11,2,1,0,1,4,2,6.0,2,0.0
HOU,2024-05-13,4,64,16,7,1,0,0,4,2,12.0,0,6.0
HOU,2024-05-14,5,108,25,10,1,1,0,3,2,21.0,1,21.0
HOU,2024-05-15,1,30,7,1,2,0,0,0,1,6.0,0,0.0
HOU,2024-05-16,1,39,11,2,0,1,0,2,1,9.0,1,0.0
HOU,2024-05-17,4,65,16,4,1,1,0,3,2,12.0,0,12.0
HOU,2024-05-18,2,56,15,0,1,0,0,2,5,13.0,0,12.0
HOU,2024-05-19,2,45,11,2,0,0,0,3,4,8.0,3,1.0
HOU,2024-05-20,4,59,16,1,1,0,1,3,7,12.0,1,0.0
HOU,2024-05-21,4,95,22,7,1,0,1,3,4,18.0,1,18.0
HOU,2024-05-22,3,38,10,2,1,0,0,1,4,9.0,0,9.0
HOU,2024-05-24,3,43,11,4,0,0,0,2,3,9.0,1,0.0
HOU,2024-05-25,3,44,13,1,3,0,0,1,3,9.0,1,9.0
HOU,2024-05-26,2,32,8,2,1,0,1,2,2,6.0,1,0.0
HOU,2024-05-27,2,38,9,1,2,1,0,0,0,6.0,0,6.0
HOU,2024-05-28,2,44,10,5,1,0,0,3,1,6.0,3,6.0
HOU,2024-05-29,3,52,12,6,3,0,0,1,1,9.0,1,9.0
HOU,2024-05-30,3,44,11,4,0,0,0,2,2,9.0,0,0.0
HOU,2024-05-31,3,71,17,2,1,1,1,3,7,13.0,2,0.0
HOU,2024-06-01,2,34,9,2,2,0,0,2,3,6.0,1,0.0
HOU,2024-06-02,3,43,12,3,1,0,0,2,5,9.0,1,9.0
HOU,2024-06-03,4,60,14,5,1,0,0,1,3,12.0,0,9.0
HOU,2024-06-04,5,102,28,3,2,0,2,8,7,18.0,4,3.0
HOU,2024-06-05,2,38,10,2,0,0,0,0,1,10.0,0,10.0
HOU,2024-06-08,4,76,16,2,3,0,1,4,4,9.0,1,0.0
HOU,2024-06-09,5,81,20,5,2,1,1,6,3,12.0,5,10.0
HOU,2024-06-10,4,56,18,1,1,0,0,5,6,13.0,3,13.0
HOU,2024-06-11,3,46,10,4,1,0,0,0,2,9.0,0,9.0
HOU,2024-06-12,2,73,17,6,2,0,0,2,4,12.0,0,9.0
HOU,2024-06-14,2,27,6,1,0,0,0,0,3,6.0,0,0.0
HOU,2024-06-15,5,165,41,9,4,0,2,14,7,23.0,6,0.0
HOU,2024-06-16,2,39,9,2,0,0,0,3,3,6.0,1,0.0
HOU,2024-06-18,2,26,6,2,0,0,0,0,3,6.0,0,6.0
HOU,2024-06-19,3,39,11,3,1,0,0,1,3,9.0,0,3.0
HOU,2024-06-20,4,62,15,7,1,0,0,1,4,14.0,1,14.0
HOU,2024-06-21,5,120,28,5,1,0,4,12,9,16.0,9,7.0
HOU,2024-06-22,2,26,6,3,0,0,0,0,1,6.0,0,0.0
HOU,2024-06-23,2,21,7,1,0,0,0,1,2,6.0,0,0.0
HOU,2024-06-25,4,61,14,4,1,1,1,4,1,9.0,2,0.0
HOU,2024-06-26,2,43,8,4,1,0,0,1,1,6.0,1,0.0
HOU,2024-06-28,4,60,13,2,2,1,0,3,4,7.0,1,0.0
HOU,2024-06-29,4,72,15,5,1,0,0,1,5,13.0,0,10.0
HOU,2024-06-30,6,116,32,6,4,0,1,5,8,23.0,5,13.0
HOU,2024-07-01,3,38,13,2,1,1,1,2,5,9.0,1,7.0
HOU,2024-07-02,2,67,13,5,1,0,0,0,4,12.0,0,12.0
HOU,2024-07-03,4,36,10,3,0,0,0,1,3,10.0,1,1.0
HOU,2024-07-04,3,33,9,3,1,0,0,1,0,9.0,0,9.0
HOU,2024-07-05,6,113,33,7,3,0,1,12,6,19.0,9,13.0
HOU,2024-07-06,2,33,8,2,1,0,1,2,1,6.0,2,0.0
HOU,2024-07-07,4,39,12,2,1,0,1,4,3,12.0,1,12.0
HOU,2024-07-09,2,46,9,3,1,0,0,2,1,6.0,1,6.0
HOU,2024-07-10,1,25,6,4,0,0,0,0,1,6.0,0,0.0
HOU,2024-07-11,5,85,21,9,0,0,1,7,1,15.0,1,3.0
HOU,2024-07-12,3,46,12,5,1,0,0,2,3,9.0,1,0.0
HOU,2024-07-13,4,89,20,5,6,0,0,2,3,12.0,1,12.0
HOU,2024-07-14,3,47,12,2,2,0,1,1,5,9.0,2,5.0
HOU,2024-07-19,3,36,9,3,0,0,0,0,3,9.0,0,0.0
HOU,2024-07-20,4,51,12,5,2,1,0,0,4,10.0,0,10.0
HOU,2024-07-21,2,39,10,1,1,0,1,3,2,7.0,3,3.0
HOU,2024-07-22,2,23,6,1,0,0,0,1,1,6.0,0,0.0
HOU,2024-07-23,3,74,19,2,1,0,1,7,3,12.0,3,0.0
HOU,2024-07-24,3,54,12,2,1,0,0,1,2,9.0,0,0.0
HOU,2024-07-26,3,42,9,5,0,0,0,2,2,8.0,0,0.0
HOU,2024-07-27,5,85,21,7,3,0,1,4,6,14.0,4,9.0
HOU,2024-07-28,4,66,18,3,5,0,1,4,4,9.0,3,4.0
HOU,2024-07-29,4,111,29,7,5,0,2,6,4,18.0,5,17.0
HOU,2024-07-30,3,69,15,6,2,0,0,2,2,10.0,1,0.0
HOU,2024-07-31,3,42,12,1,0,0,0,3,3,9.0,0,9.0
HOU,2024-08-02,4,57,15,3,2,2,0,2,2,10.0,0,10.0
HOU,2024-08-03,3,65,18,5,1,0,2,7,4,12.0,4,5.0
HOU,2024-08-04,2,47,12,3,2,1,0,1,2,9.0,0,9.0
HOU,2024-08-05,4,68,14,7,1,0,2,2,3,12.0,3,12.0
HOU,2024-08-06,1,9,2,0,1,0,0,0,1,1.0,0,1.0
HOU,2024-08-07,4,59,17,3,1,0,0,5,5,11.0,3,8.0
HOU,2024-08-09,6,108,22,7,5,0,0,2,2,15.0,1,12.0
HOU,2024-08-10,2,32,10,2,0,0,0,4,5,6.0,2,4.0
HOU,2024-08-11,3,46,11,4,0,0,0,1,2,11.0,1,0.0
HOU,2024-08-12,2,43,11,4,0,0,0,1,6,10.0,0,0.0
HOU,2024-08-13,3,55,13,4,1,0,0,2,2,10.0,1,10.0
HOU,2024-08-14,4,74,15,4,3,0,0,0,3,12.0,1,12.0
HOU,2024-08-16,4,61,17,2,3,0,0,4,3,10.0,1,9.0
HOU,2024-08-17,2,29,7,2,1,0,0,1,1,6.0,0,0.0
HOU,2024-08-18,2,22,7,4,0,0,0,0,0,6.0,0,6.0
HOU,2024-08-19,3,43,11,3,0,0,1,1,5,10.0,2,10.0
HOU,2024-08-20,4,98,23,4,4,0,1,3,7,16.0,1,16.0
HOU,2024-08-21,3,70,16,4,2,0,1,3,5,12.0,2,11.0
HOU,2024-08-22,2,57,12,2,3,0,0,0,5,9.0,0,0.0
HOU,2024-08-23,3,47,12,3,0,0,1,5,2,6.0,5,3.0
HOU,2024-08-24,2,36,9,2,1,0,0,1,1,7.0,3,7.0
HOU,2024-08-25,3,47,10,3,1,0,0,0,4,10.0,0,4.0
HOU,2024-08-26,5,69,14,7,2,0,0,2,1,13.0,1,13.0
HOU,2024-08-27,2,41,13,5,0,0,0,4,3,9.0,1,0.0
HOU,2024-08-28,1,19,5,1,0,1,0,1,1,4.0,0,0.0
HOU,2024-08-29,3,38,9,3,0,0,0,2,2,7.0,3,4.0
HOU,2024-08-30,2,31,9,2,0,0,1,2,4,6.0,2,6.0
HOU,2024-08-31,2,30,8,1,0,0,1,2,4,6.0,1,0.0
HOU,2024-09-01,4,66,17,3,1,0,1,4,3,12.0,2,7.0
HOU,2024-09-02,3,71,17,7,2,0,0,5,1,10.0,1,6.0
HOU,2024-09-04,5,153,32,7,2,0,0,8,7,22.0,5,0.0
HOU,2024-09-05,2,33,9,2,1,0,1,2,2,6.0,1,6.0
HOU,2024-09-06,2,24,7,1,1,0,0,0,5,6.0,0,0.0
HOU,2024-09-07,3,62,14,5,1,1,0,3,3,9.0,1,0.0
HOU,2024-09-08,5,116,27,6,3,0,2,7,5,18.0,4,0.0
HOU,2024-09-10,5,59,19,7,1,0,0,2,2,16.0,2,16.0
HOU,2024-09-11,3,45,14,3,1,1,0,1,5,12.0,1,12.0
HOU,2024-09-12,3,39,10,4,1,0,2,2,1,8.0,2,5.0
HOU,2024-09-13,2,29,6,4,0,0,0,0,1,6.0,0,6.0
HOU,2024-09-14,4,50,15,3,2,1,0,2,4,12.0,1,12.0
HOU,2024-09-15,4,65,15,4,1,1,1,4,4,9.0,4,1.0
HOU,2024-09-16,3,46,13,3,1,0,1,5,1,9.0,1,9.0
HOU,2024-09-17,4,67,16,5,2,1,0,1,1,12.0,0,12.0
HOU,2024-09-18,2,18,7,2,0,0,3,4,3,3.0,3,0.0
HOU,2024-09-19,3,29,10,2,0,0,0,1,3,9.0,0,9.0
HOU,2024-09-20,5,70,18,8,0,0,1,5,5,13.0,3,13.0
HOU,2024-09-21,3,54,13,7,0,1,0,3,0,9.0,2,0.0
HOU,2024-09-22,4,61,18,2,2,0,1,7,4,9.0,6,7.0
HOU,2024-09-23,4,51,19,1,1,0,0,10,5,9.0,5,4.0
HOU,2024-09-24,3,42,12,4,1,0,0,1,2,10.0,0,10.0
HOU,2024-09-25,3,63,17,5,0,0,2,4,4,9.0,6,1.0
HOU,2024-09-27,3,87,19,7,4,1,0,2,2,12.0,2,0.0
HOU,2024-09-28,3,50,11,4,0,0,0,2,2,9.0,0,9.0
HOU,2024-10-01,5,94,21,7,4,0,0,3,4,14.0,0,0.0
HOU,2024-10-02,3,70,18,4,4,0,0,5,2,10.0,3,6.0
HOU,2025-03-27,2,61,12,3,4,0,0,2,1,6.0,1,1.0
HOU,2025-03-28,4,45,11,4,0,1,0,1,3,9.0,0,9.0
HOU,2025-03-29,3,46,11,4,2,0,0,0,2,9.0,0,9.0
HOU,2025-03-31,3,74,20,4,2,0,1,6,5,12.0,5,2.0
HOU,2025-04-01,3,58,16,7,1,0,0,2,3,12.0,0,12.0
HOU,2025-04-02,3,59,15,7,1,0,1,2,3,12.0,1,7.0
HOU,2025-04-03,3,36,10,3,0,0,0,0,3,9.0,0,0.0
HOU,2025-04-05,3,71,17,7,1,0,0,3,5,13.0,2,0.0
HOU,2025-04-06,5,135,33,9,2,0,0,7,8,25.0,3,15.0
HOU,2025-04-07,2,31,6,1,2,0,0,1,0,3.0,2,3.0
HOU,2025-04-08,5,98,22,11,2,0,0,3,1,18.0,1,18.0
HOU,2025-04-09,4,83,20,3,6,0,1,5,4,9.0,7,4.0
HOU,2025-04-11,3,65,17,3,1,1,0,3,4,12.0,1,0.0
HOU,2025-04-12,4,72,20,4,1,0,1,4,6,15.0,1,0.0
HOU,2025-04-13,3,47,14,6,0,1,0,4,1,9.0,0,0.0
HOU,2025-04-14,2,62,16,5,1,0,1,4,5,12.0,2,0.0
HOU,2025-04-15,3,44,11,1,0,0,0,2,2,9.0,0,9.0
HOU,2025-04-16,4,50,14,1,1,1,0,3,5,9.0,1,1.0
HOU,2025-04-18,4,55,16,5,1,0,1,3,4,12.0,2,8.0
HOU,2025-04-19,3,51,14,2,1,0,0,1,6,12.0,0,12.0
HOU,2025-04-20,4,43,13,2,1,0,1,3,4,9.0,1,9.0
HOU,2025-04-21,1,32,7,2,0,0,0,0,1,6.0,0,0.0
HOU,2025-04-22,3,28,7,4,0,0,0,0,1,7.0,0,0.0
HOU,2025-04-23,3,46,13,3,1,0,0,2,3,10.0,0,10.0
HOU,2025-04-25,3,33,9,2,0,0,0,1,3,9.0,1,9.0
HOU,2025-04-27,3,49,13,1,0,0,0,4,3,9.0,2,0.0
HOU,2025-04-28,5,61,16,6,2,0,1,2,5,12.0,2,6.0
HOU,2025-04-29,4,72,19,7,1,0,1,4,6,14.0,2,9.0
HOU,2025-04-30,4,74,20,1,0,0,0,6,6,15.0,0,0.0
HOU,2025-05-02,3,55,14,4,3,0,0,2,2,9.0,3,8.0
HOU,2025-05-03,3,47,12,4,1,0,0,2,4,9.0,0,0.0
HOU,2025-05-04,4,63,15,1,3,0,0,4,5,7.0,5,5.0
HOU,2025-05-05,2,39,10,2,1,0,0,3,4,6.0,2,4.0
HOU,2025-05-06,4,70,15,7,2,0,0,1,4,12.0,0,6.0
HOU,2025-05-07,2,25,9,2,1,1,0,1,2,6.0,0,0.0
HOU,2025-05-09,4,47,13,6,1,0,0,2,2,10.0,0,0.0
HOU,2025-05-10,5,164,39,11,6,0,1,9,8,26.0,8,0.0
HOU,2025-05-11,1,21,4,1,1,0,0,0,2,3.0,0,0.0
HOU,2025-05-12,4,84,24,2,0,0,0,4,9,20.0,2,3.0
HOU,2025-05-13,1,11,3,1,0,0,0,0,1,3.0,0,3.0
HOU,2025-05-14,4,79,17,7,2,0,0,1,3,14.0,1,14.0
HOU,2025-05-16,5,59,16,5,0,0,1,1,10,15.0,1,6.0
HOU,2025-05-17,2,51,11,2,3,0,1,1,4,6.0,2,1.0
HOU,2025-05-18,2,34,8,2,1,0,0,1,2,6.0,0,6.0
HOU,2025-05-19,3,58,15,2,1,0,0,2,3,11.0,0,11.0
HOU,2025-05-20,3,64,17,0,3,1,0,3,6,12.0,3,12.0
HOU,2025-05-21,3,64,16,4,4,0,1,3,2,9.0,3,2.0
HOU,2025-05-22,4,77,19,7,1,0,0,5,4,14.0,0,0.0
HOU,2025-05-23,5,66,20,4,2,0,1,6,5,14.0,3,14.0
HOU,2025-05-24,3,49,11,6,1,0,0,1,0,9.0,0,9.0
HOU,2025-05-25,3,62,17,6,1,0,0,4,3,12.0,0,12.0
HOU,2025-05-27,2,25,10,2,0,0,0,1,3,9.0,0,0.0
HOU,2025-05-28,3,60,12,6,2,0,0,1,1,9.0,0,9.0
HOU,2025-05-29,6,120,32,7,3,3,1,10,9,16.0,11,6.0
HOU,2025-05-31,4,96,27,6,3,0,3,13,7,12.0,12,4.0
HOU,2025-06-01,3,48,11,4,1,0,0,1,3,9.0,0,9.0
HOU,2025-06-03,3,36,9,2,0,0,0,2,1,9.0,0,6.0
HOU,2025-06-04,3,33,10,4,0,0,0,0,4,11.0,0,0.0
HOU,2025-06-05,2,33,8,5,1,0,0,1,1,6.0,0,0.0
HOU,2025-06-06,4,60,14,4,1,0,1,2,5,12.0,1,12.0
HOU,2025-06-07,4,77,19,6,3,0,1,2,5,14.0,2,14.0
HOU,2025-06-08,2,42,11,2,1,0,0,3,2,6.0,2,6.0
HOU,2025-06-10,3,61,15,7,4,0,0,0,0,12.0,0,3.0
HOU,2025-06-11,2,41,10,5,0,0,0,1,4,9.0,0,0.0
HOU,2025-06-12,4,63,15,4,0,0,1,3,6,12.0,1,12.0
HOU,2025-06-13,3,36,10,3,0,0,1,2,3,9.0,1,0.0
HOU,2025-06-14,2,38,7,5,1,0,0,0,1,6.0,0,6.0
HOU,2025-06-15,3,37,11,3,0,0,0,2,4,10.0,0,10.0
HOU,2025-06-16,4,43,12,2,1,1,1,3,4,12.0,2,12.0
HOU,2025-06-17,2,30,9,1,0,0,0,1,3,9.0,1,0.0
HOU,2025-06-18,2,51,13,4,1,0,1,3,4,9.0,2,0.0
HOU,2025-06-19,4,71,18,7,2,0,2,4,5,15.0,4,13.0
HOU,2025-06-20,5,93,22,8,1,2,1,4,4,15.0,1,15.0
HOU,2025-06-21,2,49,10,3,2,0,1,2,2,6.0,2,0.0
HOU,2025-06-22,3,55,15,6,1,0,1,5,2,9.0,2,7.0
HOU,2025-06-24,2,26,7,3,0,1,0,0,3,6.0,0,6.0
HOU,2025-06-25,4,62,15,6,0,0,0,3,2,12.0,0,12.0
HOU,2025-06-26,2,44,8,5,1,0,0,1,1,6.0,1,6.0
HOU,2025-06-27,4,57,14,4,2,0,0,3,3,9.0,3,0.0
HOU,2025-06-28,3,81,25,4,0,0,1,8,10,17.0,5,0.0
HOU,2025-06-29,2,34,9,5,0,0,0,0,4,9.0,0,9.0
HOU,2025-07-01,5,59,16,7,0,0,1,3,2,13.0,1,13.0
HOU,2025-07-02,3,42,12,3,0,0,0,4,6,9.0,1,1.0
HOU,2025-07-03,2,45,12,0,1,0,0,5,1,9.0,2,9.0
HOU,2025-07-04,1,57,14,2,2,0,0,2,4,9.0,0,0.0
HOU,2025-07-05,3,46,12,4,1,1,0,2,3,9.0,0,9.0
HOU,2025-07-06,3,48,12,6,0,0,0,3,1,9.0,0,3.0
HOU,2025-07-07,3,56,14,3,1,0,1,3,6,10.0,3,10.0
HOU,2025-07-08,4,63,17,3,3,0,1,2,6,12.0,4,11.0
HOU,2025-07-09,2,40,13,0,1,0,0,4,1,9.0,2,3.0
HOU,2025-07-11,3,100,26,7,2,0,1,7,6,18.0,2,8.0
HOU,2025-07-12,4,84,19,9,0,0,2,4,4,15.0,3,15.0
HOU,2025-07-13,4,40,15,2,1,0,1,3,3,12.0,1,0.0
HOU,2025-07-18,3,51,12,2,3,0,1,3,3,6.0,4,4.0
HOU,2025-07-19,7,127,29,8,3,1,0,2,5,25.0,2,21.0
HOU,2025-07-20,4,74,19,6,0,1,0,4,5,15.0,0,6.0
HOU,2025-07-21,3,55,15,1,5,0,0,1,6,10.0,0,1.0
HOU,2025-07-22,2,24,8,2,0,0,0,3,1,6.0,0,6.0
HOU,2025-07-23,2,39,11,2,1,0,0,5,1,6.0,2,6.0
HOU,2025-07-24,2,41,10,2,1,0,0,1,3,9.0,0,0.0
HOU,2025-07-25,3,114,30,7,5,1,4,8,6,17.0,8,0.0
HOU,2025-07-26,4,69,18,5,2,0,2,3,5,12.0,4,11.0
HOU,2025-07-27,3,62,17,3,0,0,0,5,3,12.0,3,0.0
HOU,2025-07-28,3,50,12,7,2,0,1,1,2,9.0,1,9.0
HOU,2025-07-29,4,80,19,8,1,0,0,5,5,13.0,2,4.0
HOU,2025-07-30,3,62,13,4,3,0,0,1,3,9.0,0,0.0
HOU,2025-08-01,3,42,10,1,1,0,0,2,4,9.0,1,9.0
HOU,2025-08-02,4,61,16,6,1,0,0,3,5,12.0,1,0.0
HOU,2025-08-03,2,41,8,2,1,0,0,1,2,6.0,0,0.0
HOU,2025-08-04,3,59,13,4,1,0,2,4,5,9.0,2,0.0
HOU,2025-08-05,4,114,30,7,4,0,2,4,10,22.0,3,4.0
HOU,2025-08-06,4,75,19,2,4,0,1,3,5,13.0,1,9.0
HOU,2025-08-08,3,62,16,4,1,0,0,1,7,14.0,1,13.0
HOU,2025-08-09,2,25,8,1,0,0,1,1,5,7.0,1,7.0
HOU,2025-08-10,3,42,13,4,2,0,0,2,4,9.0,1,0.0
HOU,2025-08-11,5,63,19,3,0,0,2,7,9,12.0,4,7.0
HOU,2025-08-12,4,106,29,2,3,1,3,12,7,12.0,12,2.0
HOU,2025-08-13,2,40,9,5,0,0,0,2,1,7.0,0,0.0
HOU,2025-08-15,2,42,11,1,0,0,1,4,4,7.0,3,0.0
HOU,2025-08-16,6,86,23,8,2,0,1,4,6,18.0,2,18.0
HOU,2025-08-17,6,139,33,2,5,0,1,11,10,18.0,11,3.0
HOU,2025-08-18,3,69,18,3,3,1,2,6,2,9.0,5,0.0
HOU,2025-08-19,4,68,15,3,3,0,0,0,6,12.0,1,12.0
HOU,2025-08-20,3,36,9,3,0,0,0,0,2,9.0,0,0.0
HOU,2025-08-21,3,50,14,4,2,0,0,1,1,11.0,1,0.0
HOU,2025-08-22,5,87,24,7,1,1,2,8,3,15.0,4,4.0
HOU,2025-08-23,4,116,28,8,1,0,2,6,6,21.0,3,21.0
HOU,2025-08-24,2,39,9,4,1,0,1,2,2,7.0,1,7.0
HOU,2025-08-26,2,29,7,4,1,0,0,0,1,6.0,0,0.0
HOU,2025-08-27,2,24,7,4,0,0,0,1,1,6.0,0,3.0
HOU,2025-08-28,5,58,15,5,3,0,0,1,2,10.0,0,10.0
HOU,2025-08-29,3,57,14,5,3,0,0,2,4,9.0,0,9.0
HOU,2025-08-30,5,60,15,6,2,0,0,5,2,8.0,3,7.0
HOU,2025-08-31,2,65,15,4,2,1,0,3,3,9.0,2,4.0
HOU,2025-09-01,3,55,13,4,0,0,0,4,1,9.0,0,6.0
HOU,2025-09-02,3,74,16,5,1,0,1,3,5,12.0,1,0.0
HOU,2025-09-03,4,63,17,4,0,0,1,5,5,12.0,4,9.0
HOU,2025-09-04,4,81,20,4,4,0,1,3,8,14.0,5,6.0
HOU,2025-09-05,6,115,29,10,4,0,0,4,5,23.0,1,23.0
HOU,2025-09-06,3,40,10,3,1,0,0,0,4,9.0,0,0.0
HOU,2025-09-07,1,20,4,0,1,0,0,0,1,3.0,0,3.0
HOU,2025-09-09,6,127,35,9,4,0,1,8,8,25.0,4,25.0
HOU,2025-09-10,3,37,10,3,0,0,0,4,1,6.0,2,6.0
HOU,2025-09-11,1,30,10,0,1,0,0,2,3,6.0,2,0.0
HOU,2025-09-12,3,100,24,4,2,0,2,4,9,18.0,3,0.0
HOU,2025-09-13,2,45,9,3,0,0,0,2,1,7.0,1,0.0
HOU,2025-09-14,4,85,19,5,2,0,1,5,8,12.0,3,2.0
HOU,2025-09-15,4,55,17,3,1,0,0,5,1,13.0,0,7.0
HOU,2025-09-16,4,128,29,4,4,0,2,8,10,18.0,5,7.0
HOU,2025-09-17,3,42,11,1,2,0,0,1,4,9.0,0,0.0
HOU,2025-09-19,3,53,12,1,0,0,2,4,8,9.0,2,0.0
HOU,2025-09-20,4,64,17,5,1,0,0,3,3,13.0,2,6.0
HOU,2025-09-21,5,98,24,6,1,0,0,1,8,23.0,0,0.0
HOU,2025-09-23,3,56,15,3,2,0,0,3,5,10.0,2,0.0
HOU,2025-09-24,3,41,12,2,1,0,2,2,5,9.0,2,0.0
HOU,2025-09-25,3,40,12,2,1,0,1,5,5,6.0,4,0.0
HOU,2025-09-26,4,57,15,0,2,0,1,4,4,10.0,2,10.0
HOU,2025-09-27,3,88,18,9,1,0,0,2,4,15.0,1,0.0
HOU,2025-09-28,2,92,23,5,1,0,0,4,6,18.0,1,3.0
KC,2024-03-28,3,61,16,3,2,0,0,5,4,9.0,2,7.0
KC,2024-03-30,3,64,18,2,2,3,0,5,4,9.0,5,8.0
KC,2024-03-31,2,31,8,2,1,0,0,1,2,6.0,0,0.0
KC,2024-04-01,4,54,16,2,0,0,1,6,5,12.0,3,12.0
KC,2024-04-02,2,26,7,1,0,0,0,1,2,6.0,0,0.0
KC,2024-04-03,3,42,13,2,2,0,0,5,2,8.0,4,4.0
KC,2024-04-04,3,42,9,1,2,0,0,0,5,7.0,0,1.0
KC,2024-04-05,4,43,11,3,3,0,0,2,2,8.0,0,8.0
KC,2024-04-06,2,29,7,2,1,0,0,1,0,6.0,0,0.0
KC,2024-04-07,4,72,19,5,2,1,0,4,6,13.0,0,12.0
KC,2024-04-09,4,68,19,5,0,0,0,3,1,15.0,0,15.0
KC,2024-04-10,3,43,12,2,1,0,0,2,8,9.0,0,0.0
KC,2024-04-11,4,80,21,2,3,0,0,6,6,12.0,2,0.0
KC,2024-04-12,2,29,10,1,0,0,1,4,1,6.0,1,0.0
KC,2024-04-13,5,72,18,4,2,0,2,4,6,12.0,3,0.0
KC,2024-04-14,2,40,14,0,5,0,0,3,4,6.0,2,6.0
KC,2024-04-15,2,28,7,3,0,1,0,0,2,6.0,0,6.0
KC,2024-04-17,6,104,23,5,2,0,0,4,5,18.0,0,18.0
KC,2024-04-19,4,69,17,2,1,1,1,5,4,10.0,4,2.0
KC,2024-04-20,6,121,31,5,3,0,0,6,7,22.0,1,6.0
KC,2024-04-21,3,58,15,3,2,0,0,2,2,11.0,2,0.0
KC,2024-04-22,2,52,11,3,2,0,0,1,1,9.0,0,0.0
KC,2024-04-23,3,47,15,1,1,0,0,1,3,14.0,1,14.0
KC,2024-04-24,4,81,19,7,1,0,1,4,1,14.0,2,14.0
KC,2024-04-26,2,38,9,1,0,0,0,2,4,6.0,0,3.0
KC,2024-04-27,3,55,16,1,3,0,1,4,4,9.0,5,5.0
KC,2024-04-28,3,35,9,2,1,0,0,1,3,7.0,0,0.0
KC,2024-04-29,4,88,23,5,1,1,0,6,7,16.0,2,16.0
KC,2024-04-30,2,33,7,2,0,0,0,0,3,7.0,0,1.0
KC,2024-05-01,2,34,8,2,0,0,0,2,2,6.0,0,0.0
KC,2024-05-03,3,47,13,2,2,0,0,3,1,9.0,0,3.0
KC,2024-05-04,4,98,27,2,3,0,0,8,4,16.0,7,0.0
KC,2024-05-05,3,62,21,6,0,1,1,6,2,15.0,3,15.0
KC,2024-05-06,4,49,11,2,3,0,0,1,2,9.0,0,9.0
KC,2024-05-07,3,70,15,3,1,0,1,7,3,7.0,4,7.0
KC,2024-05-08,6,63,17,2,4,0,1,3,3,11.0,3,9.0
KC,2024-05-09,2,40,11,1,0,1,0,2,2,9.0,2,0.0
KC,2024-05-10,4,47,12,2,0,0,0,1,3,11.0,0,11.0
KC,2024-05-11,2,36,9,1,2,0,0,2,4,5.0,4,1.0
KC,2024-05-12,1,11,4,0,0,0,1,1,2,3.0,1,2.0
KC,2024-05-13,3,49,11,4,0,0,1,2,4,9.0,2,2.0
KC,2024-05-14,2,59,12,4,0,0,1,4,2,9.0,1,5.0
KC,2024-05-15,4,48,13,1,1,0,0,4,4,9.0,2,9.0
KC,2024-05-17,2,40,9,3,1,0,1,2,3,6.0,2,0.0
KC,2024-05-18,3,50,15,3,0,0,0,5,2,10.0,1,10.0
KC,2024-05-19,3,55,15,3,1,0,1,5,4,9.0,3,0.0
KC,2024-05-20,2,52,10,1,3,0,0,1,2,6.0,1,0.0
KC,2024-05-21,3,47,11,3,1,0,0,1,4,9.0,0,0.0
KC,2024-05-22,4,72,17,0,3,0,0,5,6,9.0,3,1.0
KC,2024-05-24,2,30,6,1,0,0,0,0,5,6.0,0,0.0
KC,2024-05-25,5,94,24,4,3,1,0,3,5,18.0,2,15.0
KC,2024-05-26,3,42,11,1,1,1,0,3,2,6.0,4,2.0
KC,2024-05-27,1,19,6,1,0,0,0,2,2,3.0,1,0.0
KC,2024-05-28,3,65,13,3,2,0,0,2,3,9.0,1,9.0
KC,2024-05-29,3,51,13,2,1,0,0,2,4,9.0,0,0.0
KC,2024-05-30,4,63,15,3,3,0,0,4,3,9.0,4,2.0
KC,2024-05-31,5,78,23,3,1,0,0,13,1,11.0,9,5.0
KC,2024-06-01,4,56,16,2,1,0,1,4,5,12.0,2,9.0
KC,2024-06-02,4,54,13,1,0,0,0,5,1,9.0,2,9.0
KC,2024-06-04,3,49,10,3,2,0,0,1,1,6.0,3,2.0
KC,2024-06-06,5,76,18,5,3,0,0,0,3,16.0,0,16.0
KC,2024-06-07,3,88,22,6,4,0,0,4,2,15.0,1,9.0
KC,2024-06-08,4,57,14,3,2,0,0,0,2,12.0,1,3.0
KC,2024-06-09,6,75,20,3,2,0,0,7,5,12.0,5,11.0
KC,2024-06-10,2,20,7,2,0,0,0,1,0,6.0,0,3.0
KC,2024-06-11,3,67,15,2,2,0,2,3,4,10.0,3,0.0
KC,2024-06-12,3,126,36,4,2,1,3,8,8,26.0,9,1.0
KC,2024-06-13,3,36,10,1,0,0,1,4,1,6.0,3,6.0
KC,2024-06-14,2,21,5,2,0,0,0,2,1,3.0,1,3.0
KC,2024-06-15,3,45,11,3,2,0,0,0,2,9.0,0,0.0
KC,2024-06-16,3,29,8,2,0,1,0,0,1,6.0,0,0.0
KC,2024-06-18,5,65,19,5,0,0,0,4,4,15.0,0,3.0
KC,2024-06-19,3,50,13,0,3,0,1,4,2,6.0,3,2.0
KC,2024-06-20,3,35,11,1,2,0,0,3,2,7.0,0,7.0
KC,2024-06-21,4,59,15,2,3,0,0,6,2,9.0,5,2.0
KC,2024-06-22,4,58,16,2,2,0,1,4,4,9.0,5,7.0
KC,2024-06-23,2,27,9,0,0,0,1,2,6,7.0,1,0.0
KC,2024-06-24,3,34,10,4,0,0,0,0,2,9.0,0,0.0
KC,2024-06-25,3,41,14,2,0,0,0,5,2,9.0,2,9.0
KC,2024-06-26,2,28,5,1,0,0,0,0,0,5.0,0,2.0
KC,2024-06-27,3,47,12,5,1,0,0,0,2,11.0,0,11.0
KC,2024-06-28,3,46,14,5,0,0,0,4,2,9.0,2,0.0
KC,2024-06-29,4,66,18,4,2,0,1,3,5,13.0,3,0.0
KC,2024-06-30,3,51,12,3,0,0,0,4,2,9.0,2,0.0
KC,2024-07-02,4,86,21,4,3,0,1,6,4,12.0,4,5.0
KC,2024-07-03,4,55,15,3,2,0,0,3,5,9.0,1,8.0
KC,2024-07-04,5,153,33,5,5,0,1,10,6,18.0,5,6.0
KC,2024-07-05,2,30,7,2,1,0,0,3,0,3.0,2,3.0
KC,2024-07-06,2,30,9,2,1,0,0,3,1,6.0,0,6.0
KC,2024-07-07,2,28,7,3,0,1,0,0,1,6.0,0,0.0
KC,2024-07-10,7,110,27,7,0,0,1,6,6,21.0,2,13.0
KC,2024-07-12,2,31,8,3,1,0,0,1,0,6.0,0,0.0
KC,2024-07-13,2,39,11,4,0,0,0,2,0,9.0,0,0.0
KC,2024-07-14,5,83,23,5,1,0,0,6,6,16.0,1,15.0
KC,2024-07-19,2,40,9,2,0,0,1,3,2,6.0,1,0.0
KC,2024-07-20,2,41,10,3,2,0,0,2,1,6.0,1,0.0
KC,2024-07-22,3,60,14,2,3,1,0,2,2,9.0,1,0.0
KC,2024-07-23,4,63,15,3,0,0,0,3,3,12.0,0,0.0
KC,2024-07-24,4,76,20,2,2,1,1,4,3,13.0,5,11.0
KC,2024-07-26,2,35,8,0,0,0,0,2,3,6.0,0,0.0
KC,2024-07-27,3,53,14,3,1,0,1,4,4,8.0,6,0.0
KC,2024-07-28,4,55,17,1,2,1,1,4,4,10.0,3,8.0
KC,2024-07-29,4,54,17,3,0,0,1,5,3,13.0,3,4.0
KC,2024-07-30,2,37,8,4,0,0,0,2,1,6.0,1,6.0
KC,2024-07-31,2,27,6,4,0,0,0,0,1,6.0,0,0.0
KC,2024-08-01,1,17,4,2,1,0,0,0,1,3.0,0,0.0
KC,2024-08-02,4,39,11,0,1,0,0,1,3,10.0,0,1.0
KC,2024-08-03,5,79,22,3,2,0,1,6,5,16.0,5,16.0
KC,2024-08-04,3,30,10,3,0,0,0,2,4,9.0,0,9.0
KC,2024-08-05,3,58,17,2,1,0,1,8,3,10.0,6,1.0
KC,2024-08-06,3,55,13,3,1,0,0,1,2,11.0,2,4.0
KC,2024-08-07,2,33,8,2,0,0,0,0,2,8.0,0,0.0
KC,2024-08-09,6,90,24,4,4,0,1,7,4,14.0,5,11.0
KC,2024-08-10,2,46,11,4,0,0,0,5,0,6.0,1,0.0
KC,2024-08-12,2,43,13,3,1,0,0,2,6,9.0,2,0.0
KC,2024-08-13,3,72,19,3,1,0,2,6,5,12.0,7,0.0
KC,2024-08-14,2,22,8,0,0,0,0,2,4,6.0,0,0.0
KC,2024-08-16,4,50,12,6,0,0,0,2,2,10.0,0,7.0
KC,2024-08-17,3,49,12,2,0,0,1,3,4,9.0,1,0.0
KC,2024-08-18,3,64,14,6,3,0,0,2,2,9.0,1,0.0
KC,2024-08-19,2,20,7,2,0,0,1,2,1,6.0,1,6.0
KC,2024-08-20,4,108,25,4,4,1,0,8,1,12.0,6,4.0
KC,2024-08-21,2,34,7,3,1,0,0,0,1,6.0,0,0.0
KC,2024-08-23,3,50,14,3,0,0,0,5,4,9.0,1,0.0
KC,2024-08-24,4,74,19,3,0,0,1,7,3,12.0,6,0.0
KC,2024-08-25,4,71,20,1,3,2,1,5,5,11.0,7,0.0
KC,2024-08-26,6,126,38,6,4,0,0,6,12,28.0,1,16.0
KC,2024-08-27,5,100,25,7,1,0,0,2,9,22.0,1,13.0
KC,2024-08-28,2,44,12,1,1,1,0,4,5,6.0,4,6.0
KC,2024-08-29,4,48,12,3,3,0,0,3,1,6.0,4,5.0
KC,2024-08-30,3,25,9,1,0,0,0,4,3,6.0,2,6.0
KC,2024-08-31,2,47,10,1,0,0,0,1,4,9.0,0,0.0
KC,2024-09-01,4,60,15,4,1,0,1,5,4,9.0,4,4.0
KC,2024-09-02,4,57,16,2,0,0,1,4,7,12.0,2,3.0
KC,2024-09-03,5,83,18,4,1,2,1,5,3,10.0,5,1.0
KC,2024-09-04,2,34,7,4,0,0,0,1,1,6.0,0,0.0
KC,2024-09-06,3,42,9,4,0,0,0,0,0,9.0,0,0.0
KC,2024-09-07,2,44,13,5,0,0,0,1,1,12.0,0,12.0
KC,2024-09-08,2,25,7,2,0,0,0,1,2,6.0,0,6.0
KC,2024-09-09,4,83,19,3,4,0,1,7,6,9.0,7,4.0
KC,2024-09-10,2,30,6,4,0,0,0,0,1,6.0,0,0.0
KC,2024-09-11,3,60,17,2,2,0,0,3,2,15.0,2,15.0
KC,2024-09-13,3,70,17,3,1,1,0,4,5,11.0,2,0.0
KC,2024-09-14,5,72,19,5,2,0,0,5,3,12.0,0,0.0
KC,2024-09-15,2,55,12,4,2,0,0,1,4,9.0,0,9.0
KC,2024-09-16,5,84,20,7,1,0,0,6,0,13.0,3,13.0
KC,2024-09-17,3,51,13,5,1,0,0,3,3,9.0,2,9.0
KC,2024-09-18,4,89,23,8,3,0,0,2,3,19.0,0,3.0
KC,2024-09-20,3,61,12,6,0,0,0,2,2,10.0,0,10.0
KC,2024-09-21,3,50,14,4,0,1,1,2,5,11.0,5,0.0
KC,2024-09-22,1,31,7,3,1,0,0,0,0,6.0,0,6.0
KC,2024-09-24,4,60,13,3,0,0,0,2,3,12.0,0,12.0
KC,2024-09-25,5,107,26,5,4,0,0,2,4,20.0,0,8.0
KC,2024-09-26,4,49,13,4,0,0,0,2,2,12.0,0,9.0
KC,2024-09-27,1,28,7,2,1,0,0,0,2,6.0,0,5.0
KC,2024-09-28,4,109,26,9,3,0,1,4,7,21.0,2,21.0
KC,2024-09-29,4,92,17,5,2,0,0,3,3,12.0,0,12.0
KC,2024-10-01,3,53,12,2,2,0,0,1,3,9.0,0,9.0
KC,2024-10-02,5,55,16,6,1,0,0,1,1,14.0,0,14.0
KC,2024-10-05,5,97,22,8,5,0,0,5,1,12.0,4,12.0
KC,2024-10-07,4,71,18,3,1,0,1,4,3,15.0,1,3.0
KC,2024-10-09,6,91,20,3,5,0,1,2,4,12.0,1,12.0
KC,2024-10-10,4,78,18,2,4,0,0,2,2,13.0,1,11.0
KC,2025-03-27,5,73,20,2,1,0,1,5,4,15.0,5,14.0
KC,2025-03-29,3,51,13,1,1,0,0,1,5,12.0,0,12.0
KC,2025-03-30,4,108,24,4,2,0,3,7,7,15.0,5,1.0
KC,2025-03-31,2,49,12,3,1,0,0,3,0,9.0,1,0.0
KC,2025-04-01,2,33,9,1,0,0,1,2,2,8.0,2,0.0
KC,2025-04-02,7,116,24,7,5,0,0,3,2,18.0,2,18.0
KC,2025-04-04,3,47,10,3,1,0,0,1,1,9.0,0,6.0
KC,2025-04-05,3,80,19,2,4,0,0,6,4,10.0,6,0.0
KC,2025-04-06,3,32,7,4,0,0,0,0,2,7.0,0,0.0
KC,2025-04-07,3,61,13,2,2,1,0,2,2,9.0,1,1.0
KC,2025-04-08,3,46,11,1,0,0,0,3,2,9.0,0,9.0
KC,2025-04-09,2,53,12,4,0,0,2,2,5,10.0,2,4.0
KC,2025-04-10,4,59,16,4,2,1,0,2,1,11.0,1,11.0
KC,2025-04-11,2,45,13,1,2,0,0,5,1,6.0,4,0.0
KC,2025-04-12,3,55,12,3,3,0,0,2,4,7.0,2,4.0
KC,2025-04-13,2,26,5,4,0,0,0,1,0,4.0,0,4.0
KC,2025-04-14,2,27,6,2,0,0,0,2,2,4.0,0,0.0
KC,2025-04-15,3,59,13,5,4,0,0,2,1,7.0,4,7.0
KC,2025-04-16,3,32,9,3,0,1,1,1,3,8.0,1,8.0
KC,2025-04-17,3,66,17,3,2,0,0,5,1,10.0,2,0.0
KC,2025-04-18,5,66,17,3,0,0,0,6,3,12.0,4,0.0
KC,2025-04-19,2,12,5,0,1,0,0,0,3,4.0,0,4.0
KC,2025-04-20,3,73,18,3,2,0,0,3,6,14.0,1,14.0
KC,2025-04-22,4,74,18,1,6,0,0,1,5,12.0,3,12.0
KC,2025-04-24,6,110,32,5,1,0,1,5,9,27.0,1,12.0
KC,2025-04-25,1,13,3,1,0,0,0,0,2,3.0,0,3.0
KC,2025-04-26,3,32,11,2,0,0,0,2,1,9.0,0,9.0
KC,2025-04-27,3,57,16,3,0,0,1,4,5,12.0,3,0.0
KC,2025-04-29,3,51,13,4,0,0,0,4,1,9.0,0,9.0
KC,2025-04-30,3,51,12,1,0,1,0,3,4,8.0,0,0.0
KC,2025-05-01,3,37,12,2,0,0,0,3,2,9.0,0,0.0
KC,2025-05-02,2,21,6,1,0,0,0,2,1,5.0,1,0.0
KC,2025-05-03,3,56,15,4,1,0,0,2,3,12.0,0,6.0
KC,2025-05-04,4,52,18,1,1,1,0,4,4,13.0,1,7.0
KC,2025-05-05,4,46,14,3,0,0,0,3,3,12.0,0,9.0
KC,2025-05-06,2,36,10,2,0,0,0,3,3,7.0,1,7.0
KC,2025-05-07,2,38,9,5,0,0,0,3,0,6.0,1,6.0
KC,2025-05-08,2,27,6,3,0,0,0,0,1,6.0,0,0.0
KC,2025-05-09,5,66,18,3,0,0,0,3,6,15.0,1,15.0
KC,2025-05-10,3,90,22,4,2,0,2,8,6,12.0,6,0.0
KC,2025-05-11,4,42,12,3,1,0,0,2,3,9.0,0,9.0
KC,2025-05-12,4,48,13,4,1,1,0,3,3,8.0,3,4.0
KC,2025-05-13,2,14,5,1,0,0,1,1,1,7.0,1,7.0
KC,2025-05-14,1,13,4,1,1,0,0,1,0,2.0,1,2.0
KC,2025-05-16,4,83,21,1,1,0,0,8,2,12.0,7,1.0
KC,2025-05-17,2,20,8,1,0,0,0,0,3,8.0,0,8.0
KC,2025-05-18,4,63,18,1,1,2,0,4,5,12.0,0,12.0
KC,2025-05-19,3,32,10,2,0,0,0,4,3,6.0,1,6.0
KC,2025-05-20,4,44,12,3,2,0,0,1,0,10.0,0,10.0
KC,2025-05-21,5,136,32,5,3,0,3,7,8,22.0,4,3.0
KC,2025-05-23,2,26,7,3,0,0,1,2,1,7.0,2,7.0
KC,2025-05-24,5,63,16,2,2,1,0,2,2,12.0,1,12.0
KC,2025-05-25,3,44,11,3,1,0,0,1,3,9.0,0,9.0
KC,2025-05-26,3,63,16,6,0,0,0,3,3,12.0,1,0.0
KC,2025-05-27,6,128,30,7,5,0,2,7,8,19.0,6,14.0
KC,2025-05-28,3,40,10,3,0,0,0,3,1,8.0,1,8.0
KC,2025-05-30,4,108,24,9,1,0,1,6,4,17.0,3,12.0
KC,2025-05-31,2,35,8,2,1,0,0,1,3,6.0,0,6.0
KC,2025-06-01,2,35,8,1,1,0,0,1,1,6.0,0,6.0
KC,2025-06-03,6,110,28,6,4,0,0,5,6,19.0,0,3.0
KC,2025-06-05,8,146,40,9,2,2,1,8,8,30.0,6,29.0
KC,2025-06-06,3,63,17,1,5,0,0,2,2,9.0,3,8.0
KC,2025-06-07,2,33,9,4,0,0,0,3,1,6.0,1,5.0
KC,2025-06-08,4,69,15,4,3,0,0,3,3,9.0,3,7.0
KC,2025-06-10,3,94,21,3,2,0,0,9,3,10.0,5,0.0
KC,2025-06-11,4,60,16,4,1,0,1,2,5,14.0,1,0.0
KC,2025-06-12,3,64,14,5,1,0,0,3,1,10.0,1,10.0
KC,2025-06-13,3,50,14,3,1,0,0,2,4,11.0,3,1.0
KC,2025-06-14,3,36,11,0,0,0,1,2,4,9.0,1,0.0
KC,2025-06-15,4,88,18,3,2,0,2,5,4,12.0,3,12.0
KC,2025-06-17,3,53,11,5,0,0,0,2,1,9.0,0,0.0
KC,2025-06-18,4,45,13,3,0,0,0,3,5,11.0,0,5.0
KC,2025-06-19,3,33,10,2,0,0,0,1,3,9.0,0,6.0
KC,2025-06-20,4,79,19,0,2,0,1,7,7,11.0,4,11.0
KC,2025-06-21,3,35,11,3,1,0,1,3,4,7.0,3,3.0
KC,2025-06-22,4,50,13,2,3,0,0,3,2,8.0,3,8.0
KC,2025-06-24,3,50,13,1,1,0,0,3,4,9.0,1,0.0
KC,2025-06-25,3,23,9,2,0,0,0,2,1,9.0,0,0.0
KC,2025-06-26,4,53,12,3,1,0,0,1,3,10.0,0,0.0
KC,2025-06-27,4,60,17,5,1,0,0,1,5,15.0,1,15.0
KC,2025-06-28,3,56,17,4,1,0,1,6,5,10.0,5,0.0
KC,2025-06-29,4,58,16,2,1,0,1,4,8,12.0,3,3.0
KC,2025-06-30,2,54,14,2,1,0,1,4,5,9.0,1,0.0
KC,2025-07-01,5,62,15,2,3,0,0,1,4,13.0,0,10.0
KC,2025-07-02,4,47,15,2,0,0,1,4,3,10.0,3,10.0
KC,2025-07-03,3,55,12,4,0,0,1,4,3,8.0,1,8.0
KC,2025-07-04,2,39,9,2,1,1,0,1,3,6.0,0,0.0
KC,2025-07-05,4,70,19,3,2,1,1,4,4,12.0,5,2.0
KC,2025-07-06,2,28,8,2,0,1,0,1,4,6.0,0,0.0
KC,2025-07-07,2,31,9,1,2,0,0,1,1,6.0,1,0.0
KC,2025-07-08,3,46,13,2,2,0,0,2,4,9.0,1,9.0
KC,2025-07-09,3,48,12,3,0,0,0,2,3,10.0,0,10.0
KC,2025-07-11,4,91,22,7,5,0,2,6,4,12.0,7,9.0
KC,2025-07-12,5,117,31,10,1,0,1,6,9,24.0,3,24.0
KC,2025-07-13,3,34,10,1,1,0,0,2,2,7.0,2,7.0
KC,2025-07-18,4,57,15,4,2,0,1,3,2,12.0,3,12.0
KC,2025-07-19,2,49,14,2,4,1,0,3,1,6.0,2,6.0
KC,2025-07-20,5,74,21,4,3,0,0,4,3,12.0,4,0.0
KC,2025-07-21,2,47,12,1,2,0,0,2,4,9.0,0,0.0
KC,2025-07-22,3,58,14,5,1,0,0,3,4,9.0,2,0.0
KC,2025-07-23,3,38,12,1,1,0,2,3,6,9.0,2,0.0
KC,2025-07-26,8,187,46,11,3,0,1,12,9,33.0,4,28.0
KC,2025-07-27,4,56,16,3,0,0,1,4,7,12.0,1,0.0
KC,2025-07-28,4,103,29,1,8,0,1,6,5,15.0,6,9.0
KC,2025-07-29,5,74,18,2,1,0,0,7,2,10.0,3,1.0
KC,2025-07-30,8,141,32,10,1,0,0,4,3,27.0,0,27.0
KC,2025-08-01,1,19,5,1,0,0,1,2,2,3.0,2,0.0
KC,2025-08-02,2,31,7,1,1,0,0,2,0,5.0,1,5.0
KC,2025-08-03,5,88,22,5,2,0,0,4,3,16.0,2,13.0
KC,2025-08-04,3,69,15,3,1,0,0,3,3,12.0,1,0.0
KC,2025-08-05,3,52,16,0,2,0,0,7,6,7.0,5,3.0
KC,2025-08-06,3,53,12,4,1,0,0,2,0,9.0,1,0.0
KC,2025-08-08,3,78,17,2,1,0,0,5,4,12.0,2,0.0
KC,2025-08-09,4,56,12,5,0,0,0,2,2,10.0,0,10.0
KC,2025-08-10,5,61,18,4,1,0,1,3,7,16.0,3,16.0
KC,2025-08-11,4,73,22,4,1,0,1,6,4,15.0,2,12.0
KC,2025-08-12,4,54,15,1,0,0,0,5,5,10.0,3,1.0
KC,2025-08-13,4,71,21,4,2,0,0,4,2,15.0,1,15.0
KC,2025-08-15,4,42,10,5,0,0,0,1,0,11.0,0,11.0
KC,2025-08-16,3,82,20,4,1,0,0,5,4,15.0,2,0.0
KC,2025-08-17,4,56,16,3,2,0,0,3,3,11.0,0,8.0
KC,2025-08-18,3,49,12,2,0,0,0,2,4,10.0,1,10.0
KC,2025-08-19,2,40,10,0,2,0,0,1,1,8.0,0,5.0
KC,2025-08-20,4,80,23,1,2,0,0,9,3,13.0,4,12.0
KC,2025-08-21,5,61,15,6,0,1,0,1,3,14.0,0,14.0
KC,2025-08-22,3,74,17,2,1,0,1,9,5,7.0,6,1.0
KC,2025-08-23,2,36,8,2,1,0,1,1,3,6.0,1,6.0
KC,2025-08-24,5,68,18,5,0,1,1,3,5,14.0,3,13.0
KC,2025-08-25,2,50,13,1,1,0,0,3,5,9.0,1,0.0
KC,2025-08-26,4,64,14,5,0,0,0,2,4,12.0,1,6.0
KC,2025-08-27,3,42,11,2,1,0,0,1,2,9.0,0,0.0
KC,2025-08-29,4,82,18,6,0,0,1,3,5,17.0,1,17.0
KC,2025-08-30,4,59,12,1,0,0,0,3,4,9.0,0,9.0
KC,2025-08-31,4,96,20,5,2,2,0,4,1,13.0,0,0.0
KC,2025-09-02,2,49,14,3,0,0,0,5,3,9.0,2,2.0
KC,2025-09-03,4,66,17,3,1,0,1,4,6,12.0,4,12.0
KC,2025-09-04,3,58,13,6,1,0,0,1,4,12.0,0,12.0
KC,2025-09-05,5,47,13,1,2,0,0,1,4,10.0,0,10.0
KC,2025-09-06,2,31,8,3,1,0,0,1,1,6.0,0,0.0
KC,2025-09-07,5,69,15,7,2,1,0,2,2,11.0,1,0.0
KC,2025-09-08,4,104,22,7,3,0,0,5,3,14.0,2,0.0
KC,2025-09-09,2,25,4,1,1,0,0,1,0,3.0,0,3.0
KC,2025-09-10,5,108,28,3,4,0,0,4,5,21.0,1,21.0
KC,2025-09-11,1,18,6,1,0,0,1,2,3,4.0,2,4.0
KC,2025-09-12,4,85,19,4,2,0,1,4,2,15.0,2,0.0
KC,2025-09-13,5,68,20,3,1,0,2,8,4,12.0,5,6.0
KC,2025-09-14,3,26,8,0,1,0,1,1,3,6.0,1,0.0
KC,2025-09-16,5,127,28,5,4,0,3,5,9,19.0,5,0.0
KC,2025-09-17,6,91,23,3,0,0,1,9,6,16.0,3,14.0
KC,2025-09-18,2,23,7,0,0,0,0,3,3,5.0,1,5.0
KC,2025-09-19,1,14,4,1,0,0,0,0,1,4.0,0,0.0
KC,2025-09-20,3,44,10,0,2,0,0,1,6,7.0,0,7.0
KC,2025-09-21,5,58,17,1,1,0,0,4,5,12.0,2,8.0
KC,2025-09-23,4,61,15,3,2,0,1,2,5,12.0,1,3.0
KC,2025-09-24,1,35,8,4,1,0,0,1,1,6.0,0,6.0
KC,2025-09-25,3,53,12,4,0,0,1,2,3,10.0,2,6.0
KC,2025-09-26,4,54,15,3,0,0,0,4,1,13.0,4,13.0
KC,2025-09-27,4,53,13,2,0,1,0,4,1,9.0,2,7.0
KC,2025-09-28,4,80,21,6,2,0,1,5,6,14.0,2,0.0
LAA,2024-03-28,4,120,27,3,4,0,2,4,9,19.0,6,0.0
LAA,2024-03-30,4,73,18,4,1,0,1,7,4,9.0,10,0.0
LAA,2024-03-31,2,47,15,2,2,0,0,1,4,12.0,0,0.0
LAA,2024-04-01,5,79,21,4,2,0,0,4,2,18.0,0,15.0
LAA,2024-04-02,2,31,8,1,1,0,1,1,1,6.0,1,2.0
LAA,2024-04-03,2,31,10,2,0,0,0,0,1,10.0,0,0.0
LAA,2024-04-05,3,73,20,2,2,2,2,4,4,13.0,4,9.0
LAA,2024-04-06,3,47,10,2,0,1,0,0,5,9.0,0,9.0
LAA,2024-04-07,4,106,26,4,4,1,1,9,3,12.0,9,0.0
LAA,2024-04-08,2,28,8,0,0,0,0,4,0,6.0,1,0.0
LAA,2024-04-09,4,75,18,3,1,0,1,6,4,12.0,2,8.0
LAA,2024-04-10,4,58,15,6,0,0,0,1,4,15.0,0,9.0
LAA,2024-04-12,3,26,8,3,0,0,0,0,3,8.0,0,0.0
LAA,2024-04-13,1,63,16,5,3,0,0,2,3,12.0,0,0.0
LAA,2024-04-14,3,82,17,5,5,0,1,3,5,11.0,2,5.0
LAA,2024-04-15,4,49,14,3,0,0,1,2,5,12.0,2,9.0
LAA,2024-04-16,6,107,31,6,2,0,0,6,8,24.0,6,24.0
LAA,2024-04-17,2,47,15,4,0,1,1,4,4,11.0,2,11.0
LAA,2024-04-18,2,26,8,3,0,0,0,1,2,8.0,0,8.0
LAA,2024-04-19,2,36,9,1,3,1,1,2,1,3.0,4,1.0
LAA,2024-04-20,3,78,18,7,3,0,0,3,3,12.0,1,9.0
LAA,2024-04-21,1,39,9,3,1,0,0,2,2,6.0,0,0.0
LAA,2024-04-22,2,33,7,2,1,0,0,0,2,6.0,0,6.0
LAA,2024-04-23,4,79,16,7,1,0,1,3,2,12.0,1,0.0
LAA,2024-04-24,3,70,20,2,3,2,0,5,1,12.0,4,3.0
LAA,2024-04-26,3,55,15,2,2,1,0,2,4,10.0,1,1.0
LAA,2024-04-27,5,153,39,4,4,0,3,14,12,22.0,13,0.0
LAA,2024-04-28,4,85,22,4,4,0,0,8,3,11.0,6,2.0
LAA,2024-04-29,4,92,19,3,4,0,0,3,2,12.0,1,12.0
LAA,2024-04-30,4,62,16,5,1,0,2,6,4,9.0,4,9.0
LAA,2024-05-01,4,58,15,8,1,0,0,3,2,12.0,0,12.0
LAA,2024-05-03,2,52,11,5,1,0,0,1,3,9.0,0,0.0
LAA,2024-05-04,2,36,9,1,1,0,0,1,3,7.0,0,0.0
LAA,2024-05-05,2,34,9,3,1,1,1,1,2,6.0,2,5.0
LAA,2024-05-06,1,13,4,1,0,0,0,0,1,4.0,0,0.0
LAA,2024-05-07,2,22,6,1,0,0,0,0,2,6.0,0,0.0
LAA,2024-05-08,4,63,13,7,0,0,0,0,4,13.0,0,13.0
LAA,2024-05-09,2,86,19,8,2,0,0,5,2,12.0,4,0.0
LAA,2024-05-10,4,52,15,4,1,0,1,4,7,10.0,2,10.0
LAA,2024-05-11,3,37,8,1,0,0,0,1,5,7.0,0,1.0
LAA,2024-05-12,3,41,10,5,0,0,0,0,3,9.0,0,0.0
LAA,2024-05-13,4,104,26,3,5,1,1,8,5,11.0,10,2.0
LAA,2024-05-14,3,79,18,7,2,0,1,4,4,12.0,2,12.0
LAA,2024-05-15,3,74,15,5,2,0,0,4,1,9.0,1,0.0
LAA,2024-05-17,3,34,9,1,0,0,1,3,4,6.0,2,0.0
LAA,2024-05-18,5,107,25,3,4,1,0,3,3,21.0,2,21.0
LAA,2024-05-19,1,16,5,0,0,0,0,2,2,4.0,0,0.0
LAA,2024-05-20,4,72,19,2,3,0,0,2,6,15.0,1,4.0
LAA,2024-05-21,5,75,20,4,2,0,2,5,8,15.0,4,15.0
LAA,2024-05-22,1,12,3,2,0,0,0,0,0,3.0,0,3.0
LAA,2024-05-24,2,87,23,4,3,0,1,4,4,16.0,2,0.0
LAA,2024-05-25,3,36,10,2,0,0,0,2,1,9.0,0,9.0
LAA,2024-05-26,4,65,18,4,3,1,0,2,2,12.0,3,4.0
LAA,2024-05-28,4,51,12,3,0,0,0,0,3,12.0,0,12.0
LAA,2024-05-29,4,72,17,3,3,0,0,2,5,12.0,1,12.0
LAA,2024-05-30,2,64,17,3,5,0,0,3,1,9.0,6,1.0
LAA,2024-05-31,2,43,9,2,0,1,1,2,2,6.0,1,6.0
LAA,2024-06-01,3,85,21,3,3,1,1,5,5,13.0,4,0.0
LAA,2024-06-02,4,51,10,3,3,1,0,1,1,4.0,4,3.0
LAA,2024-06-03,2,28,9,1,1,0,0,1,5,7.0,0,7.0
LAA,2024-06-04,4,53,13,2,1,0,0,3,5,9.0,1,7.0
LAA,2024-06-05,3,42,12,0,0,0,0,2,5,9.0,0,9.0
LAA,2024-06-07,2,42,13,2,1,0,2,4,5,8.0,6,0.0
LAA,2024-06-08,3,54,13,5,0,0,0,4,1,9.0,2,0.0
LAA,2024-06-09,4,49,16,2,0,1,1,6,4,10.0,3,9.0
LAA,2024-06-11,4,130,31,3,5,1,0,9,6,16.0,4,7.0
LAA,2024-06-12,1,16,4,1,0,0,1,1,2,3.0,2,0.0
LAA,2024-06-13,3,49,16,2,5,0,1,5,3,6.0,7,0.0
LAA,2024-06-14,4,70,18,2,2,1,1,5,3,11.0,5,5.0
LAA,2024-06-15,4,59,14,5,0,0,0,2,4,12.0,0,12.0
LAA,2024-06-16,5,120,38,2,3,1,2,15,9,18.0,13,4.0
LAA,2024-06-17,3,54,12,4,2,0,0,1,2,9.0,0,9.0
LAA,2024-06-18,2,60,13,5,1,0,0,0,2,12.0,1,0.0
LAA,2024-06-19,2,31,9,1,2,0,0,2,1,6.0,1,6.0
LAA,2024-06-21,5,81,26,7,0,0,1,3,7,23.0,2,23.0
LAA,2024-06-22,4,80,19,6,3,0,0,2,3,14.0,3,0.0
LAA,2024-06-24,2,37,9,4,2,0,0,1,1,6.0,0,0.0
LAA,2024-06-25,5,67,17,3,1,0,0,4,5,12.0,2,8.0
LAA,2024-06-26,4,89,23,4,3,1,0,3,6,18.0,1,9.0
LAA,2024-06-27,1,9,3,0,0,0,0,0,1,3.0,0,0.0
LAA,2024-06-28,5,73,20,3,0,0,0,1,6,19.0,0,16.0
LAA,2024-06-29,4,56,14,4,1,0,0,1,4,12.0,0,9.0
LAA,2024-06-30,3,65,15,4,1,0,1,1,5,13.0,3,0.0
LAA,2024-07-02,3,67,18,2,1,1,0,4,5,12.0,3,0.0
LAA,2024-07-03,2,47,12,3,1,0,0,3,2,8.0,1,0.0
LAA,2024-07-04,4,95,21,4,6,0,1,1,7,16.0,2,0.0
LAA,2024-07-05,4,45,14,2,0,0,0,3,5,11.0,2,1.0
LAA,2024-07-06,1,14,4,2,0,0,0,1,1,3.0,0,0.0
LAA,2024-07-07,3,61,13,2,3,0,1,1,5,9.0,2,0.0
LAA,2024-07-08,3,91,22,6,2,0,1,4,6,16.0,2,0.0
LAA,2024-07-09,4,99,26,4,3,0,1,3,5,21.0,2,19.0
LAA,2024-07-10,4,64,17,4,2,1,0,1,2,14.0,0,0.0
LAA,2024-07-11,1,95,27,4,3,0,2,8,6,18.0,6,0.0
LAA,2024-07-12,4,70,18,5,1,1,0,4,4,12.0,1,12.0
LAA,2024-07-13,3,36,10,5,0,0,0,1,1,9.0,0,9.0
LAA,2024-07-14,4,86,20,8,2,1,1,4,5,13.0,1,13.0
LAA,2024-07-19,4,86,24,4,2,0,2,8,4,14.0,7,0.0
LAA,2024-07-20,1,70,16,3,1,0,0,4,7,12.0,1,0.0
LAA,2024-07-21,5,70,20,1,5,0,0,3,7,13.0,1,9.0
LAA,2024-07-22,4,48,11,6,0,0,0,1,4,10.0,0,10.0
LAA,2024-07-23,2,20,6,1,2,0,0,0,3,4.0,0,0.0
LAA,2024-07-24,4,48,14,2,1,0,0,2,6,12.0,0,12.0
LAA,2024-07-25,4,99,24,3,1,3,0,3,8,17.0,0,17.0
LAA,2024-07-26,4,63,16,3,2,0,1,5,2,10.0,3,10.0
LAA,2024-07-27,2,37,9,1,2,0,0,1,3,6.0,0,6.0
LAA,2024-07-28,5,93,22,9,1,0,0,2,4,19.0,1,15.0
LAA,2024-07-30,3,27,10,1,0,0,1,1,3,9.0,1,6.0
LAA,2024-07-31,4,63,16,6,0,1,1,3,2,12.0,1,12.0
LAA,2024-08-01,4,63,16,5,2,0,1,3,3,12.0,3,12.0
LAA,2024-08-02,3,83,18,8,0,0,0,5,1,12.0,2,1.0
LAA,2024-08-03,4,68,14,2,2,0,1,3,4,9.0,4,9.0
LAA,2024-08-04,3,55,14,3,0,1,0,2,3,12.0,0,12.0
LAA,2024-08-07,7,138,39,7,7,0,0,4,8,29.0,1,0.0
LAA,2024-08-08,3,51,15,2,1,0,1,5,5,9.0,3,0.0
LAA,2024-08-09,4,46,14,0,1,0,0,3,5,12.0,2,12.0
LAA,2024-08-10,3,44,8,2,1,0,0,1,3,9.0,1,9.0
LAA,2024-08-11,2,44,10,0,4,0,0,3,0,4.0,2,2.0
LAA,2024-08-12,3,55,15,3,3,0,0,1,6,12.0,0,0.0
LAA,2024-08-13,2,86,23,5,2,0,0,2,4,18.0,1,0.0
LAA,2024-08-14,4,59,13,5,2,0,1,2,2,10.0,2,0.0
LAA,2024-08-16,5,106,24,4,4,0,0,5,6,17.0,0,17.0
LAA,2024-08-17,3,76,22,4,3,1,1,4,8,14.0,6,0.0
LAA,2024-08-18,3,46,12,4,1,1,0,1,3,9.0,1,9.0
LAA,2024-08-19,3,67,17,6,1,0,0,4,4,12.0,2,3.0
LAA,2024-08-20,3,32,8,3,0,0,0,0,3,9.0,0,6.0
LAA,2024-08-21,1,21,5,3,1,0,0,0,0,5.0,0,0.0
LAA,2024-08-22,2,97,27,6,1,0,1,5,7,21.0,3,0.0
LAA,2024-08-23,4,41,10,2,1,0,2,3,5,9.0,2,9.0
LAA,2024-08-24,2,25,7,3,0,0,1,1,0,6.0,1,3.0
LAA,2024-08-25,3,69,17,4,4,1,2,3,6,9.0,6,2.0
LAA,2024-08-27,3,38,9,7,0,0,0,0,1,9.0,0,0.0
LAA,2024-08-28,3,43,9,3,2,0,0,0,2,9.0,0,9.0
LAA,2024-08-29,3,53,15,5,2,1,0,3,1,9.0,0,0.0
LAA,2024-08-30,4,79,19,4,5,0,0,3,6,12.0,2,2.0
LAA,2024-08-31,4,87,22,3,3,2,0,2,4,15.0,0,9.0
LAA,2024-09-01,3,49,12,4,1,0,0,3,1,9.0,0,9.0
LAA,2024-09-03,5,59,17,6,2,0,1,3,4,12.0,4,11.0
LAA,2024-09-04,2,27,9,1,1,0,0,2,4,7.0,0,0.0
LAA,2024-09-05,1,21,8,2,0,0,0,2,3,6.0,0,6.0
LAA,2024-09-06,3,43,10,5,1,0,0,1,2,9.0,0,0.0
LAA,2024-09-07,3,54,16,0,2,0,0,6,3,9.0,4,9.0
LAA,2024-09-08,4,91,26,4,2,1,0,3,6,21.0,2,14.0
LAA,2024-09-09,1,49,10,4,1,0,0,0,2,9.0,0,0.0
LAA,2024-09-10,2,36,9,1,1,0,0,1,3,7.0,0,0.0
LAA,2024-09-11,3,45,12,2,1,0,0,4,5,7.0,2,3.0
LAA,2024-09-13,4,82,27,5,1,0,1,8,3,21.0,1,18.0
LAA,2024-09-14,3,56,15,6,1,0,1,3,2,12.0,1,12.0
LAA,2024-09-15,4,82,22,6,2,0,0,3,3,17.0,1,0.0
LAA,2024-09-16,3,66,15,4,2,0,1,2,5,11.0,1,0.0
LAA,2024-09-17,3,53,11,3,0,0,0,3,1,9.0,0,0.0
LAA,2024-09-18,6,91,23,5,6,0,0,1,5,18.0,2,18.0
LAA,2024-09-19,3,56,15,1,4,0,0,3,3,9.0,2,9.0
LAA,2024-09-20,3,79,22,2,1,0,1,6,5,16.0,3,9.0
LAA,2024-09-21,4,115,31,1,3,1,2,11,8,18.0,4,0.0
LAA,2024-09-22,5,84,21,3,3,0,0,6,3,14.0,4,10.0
LAA,2024-09-24,2,29,8,0,1,0,0,3,3,3.0,3,3.0
LAA,2024-09-25,5,58,17,5,1,0,0,4,3,15.0,1,15.0
LAA,2024-09-26,2,69,19,5,0,0,0,8,4,11.0,3,0.0
LAA,2024-09-27,3,50,14,2,0,0,1,2,3,12.0,1,11.0
LAA,2024-09-28,5,114,25,6,6,1,1,5,4,12.0,7,2.0
LAA,2024-09-29,3,51,13,0,2,0,2,5,6,6.0,5,0.0
LAA,2025-03-27,2,44,12,1,2,0,2,4,5,6.0,5,0.0
LAA,2025-03-29,2,38,8,2,2,0,0,0,0,6.0,0,6.0
LAA,2025-03-30,4,48,13,2,2,0,0,3,3,9.0,0,9.0
LAA,2025-03-31,5,103,23,5,3,0,0,5,5,15.0,1,15.0
LAA,2025-04-01,6,85,23,5,3,0,0,4,4,15.0,5,14.0
LAA,2025-04-02,3,71,17,3,3,0,1,8,3,6.0,9,4.0
LAA,2025-04-04,3,82,19,2,3,0,1,5,6,11.0,4,4.0
LAA,2025-04-05,2,56,15,3,1,0,0,3,0,12.0,1,0.0
LAA,2025-04-06,4,43,14,5,0,0,0,2,6,12.0,0,6.0
LAA,2025-04-08,5,92,22,7,2,1,1,7,4,12.0,3,12.0
LAA,2025-04-09,1,22,7,2,0,0,1,1,1,6.0,1,6.0
LAA,2025-04-10,1,12,4,1,0,0,0,1,1,4.0,0,0.0
LAA,2025-04-11,3,86,25,2,5,0,3,10,7,10.0,10,0.0
LAA,2025-04-12,4,42,12,4,0,0,1,2,5,10.0,1,0.0
LAA,2025-04-13,3,72,16,2,2,1,0,2,3,12.0,2,1.0
LAA,2025-04-15,2,47,11,2,0,0,0,5,3,6.0,3,4.0
LAA,2025-04-16,2,26,8,3,0,0,0,1,2,7.0,0,7.0
LAA,2025-04-17,3,49,12,4,0,0,1,3,4,10.0,1,10.0
LAA,2025-04-18,3,51,11,2,1,0,0,1,2,9.0,0,9.0
LAA,2025-04-19,2,49,14,2,1,0,0,1,3,12.0,0,12.0
LAA,2025-04-20,3,79,17,3,4,0,1,3,3,10.0,3,6.0
LAA,2025-04-22,4,113,28,4,3,0,0,10,5,17.0,4,2.0
LAA,2025-04-23,2,55,13,5,1,0,0,3,1,9.0,1,6.0
LAA,2025-04-24,3,60,13,4,1,0,0,3,4,9.0,0,9.0
LAA,2025-04-25,2,78,21,3,3,0,1,5,2,15.0,7,0.0
LAA,2025-04-26,4,92,23,8,1,0,0,4,6,18.0,1,0.0
LAA,2025-04-27,3,57,13,3,0,0,0,4,5,9.0,3,1.0
LAA,2025-04-29,2,39,9,0,2,0,1,3,3,6.0,2,4.0
LAA,2025-04-30,3,51,14,1,1,0,0,8,2,6.0,6,0.0
LAA,2025-05-01,5,91,22,5,2,0,2,8,2,12.0,8,7.0
LAA,2025-05-02,4,64,18,3,1,0,5,8,8,9.0,8,8.0
LAA,2025-05-03,2,23,6,0,0,0,0,2,3,4.0,1,0.0
LAA,2025-05-04,3,86,25,7,2,2,2,9,4,12.0,8,0.0
LAA,2025-05-06,3,43,10,4,0,0,1,3,3,7.0,1,4.0
LAA,2025-05-07,4,49,16,2,1,0,0,7,2,9.0,3,6.0
LAA,2025-05-08,4,87,20,5,3,0,1,6,4,12.0,5,3.0
LAA,2025-05-09,4,74,16,5,1,0,0,3,4,12.0,1,5.0
LAA,2025-05-10,4,52,12,3,0,0,1,2,4,10.0,1,0.0
LAA,2025-05-11,2,76,19,4,3,0,1,4,4,12.0,3,2.0
LAA,2025-05-12,3,46,11,2,0,0,0,2,4,9.0,1,6.0
LAA,2025-05-13,3,47,10,2,5,0,1,2,2,6.0,3,6.0
LAA,2025-05-14,3,51,13,4,4,0,0,2,0,6.0,2,5.0
LAA,2025-05-16,3,30,9,2,1,0,1,2,4,7.0,1,2.0
LAA,2025-05-17,4,102,24,3,5,0,0,8,3,12.0,4,10.0
LAA,2025-05-18,2,54,13,4,0,1,1,2,2,10.0,3,7.0
LAA,2025-05-19,3,42,11,2,1,1,0,1,4,9.0,0,9.0
LAA,2025-05-20,4,55,13,3,0,0,0,3,4,10.0,1,8.0
LAA,2025-05-21,5,76,20,2,1,0,1,5,6,15.0,1,9.0
LAA,2025-05-22,4,67,17,4,4,0,0,3,1,13.0,1,6.0
LAA,2025-05-23,4,68,19,4,2,0,1,7,4,10.0,4,2.0
LAA,2025-05-24,2,78,21,5,4,0,1,4,6,13.0,3,6.0
LAA,2025-05-25,2,44,10,3,1,0,0,1,3,9.0,0,0.0
LAA,2025-05-26,3,41,10,2,1,0,0,1,3,7.0,1,0.0
LAA,2025-05-27,3,69,14,4,4,0,1,1,3,9.0,1,1.0
LAA,2025-05-28,4,68,15,9,0,0,0,3,3,12.0,0,12.0
LAA,2025-05-30,3,53,14,3,3,0,0,2,5,9.0,1,0.0
LAA,2025-05-31,3,59,12,0,1,0,1,4,7,7.0,3,7.0
LAA,2025-06-01,3,67,17,3,2,0,0,1,5,13.0,0,6.0
LAA,2025-06-02,5,83,19,5,1,0,1,4,5,14.0,3,14.0
LAA,2025-06-03,5,70,17,5,2,0,0,2,6,15.0,0,15.0
LAA,2025-06-04,3,95,21,3,2,1,1,4,7,16.0,4,16.0
LAA,2025-06-06,3,36,10,3,1,0,0,0,3,9.0,0,9.0
LAA,2025-06-07,6,92,24,4,2,0,1,5,10,17.0,2,13.0
LAA,2025-06-08,3,60,16,5,0,0,0,3,2,13.0,0,13.0
LAA,2025-06-09,4,33,10,0,1,0,2,4,3,5.0,4,2.0
LAA,2025-06-10,3,40,11,2,0,0,0,2,4,9.0,0,9.0
LAA,2025-06-11,4,55,14,4,2,0,1,3,5,9.0,2,7.0
LAA,2025-06-13,4,68,16,4,3,0,0,2,2,11.0,0,11.0
LAA,2025-06-14,3,45,12,2,0,1,0,2,4,9.0,0,9.0
LAA,2025-06-15,2,44,13,4,1,0,2,5,5,7.0,6,0.0
LAA,2025-06-16,5,61,16,4,2,0,0,2,4,12.0,0,12.0
LAA,2025-06-17,3,41,10,3,1,0,0,0,3,9.0,0,0.0
LAA,2025-06-18,5,50,14,2,1,1,0,1,6,11.0,0,11.0
LAA,2025-06-19,3,42,10,2,1,0,0,4,1,6.0,3,4.0
LAA,2025-06-20,3,62,14,2,3,0,0,3,5,9.0,0,9.0
LAA,2025-06-21,2,26,8,3,1,0,0,0,1,7.0,0,0.0
LAA,2025-06-22,3,78,19,5,3,0,1,5,5,12.0,4,7.0
LAA,2025-06-23,5,56,16,9,1,0,1,3,1,12.0,1,9.0
LAA,2025-06-24,5,78,20,4,1,0,0,3,5,16.0,1,16.0
LAA,2025-06-25,1,31,7,2,1,0,0,0,3,6.0,0,0.0
LAA,2025-06-27,5,100,29,4,4,0,0,10,5,15.0,9,12.0
LAA,2025-06-28,4,54,17,2,2,0,0,4,4,12.0,1,6.0
LAA,2025-06-29,6,105,31,5,6,0,0,5,4,21.0,6,19.0
LAA,2025-07-01,3,46,12,4,0,0,0,3,2,9.0,0,3.0
LAA,2025-07-02,2,49,15,3,2,0,3,6,7,7.0,8,0.0
LAA,2025-07-03,2,35,8,4,0,0,1,2,1,6.0,1,0.0
LAA,2025-07-04,5,62,14,5,1,0,0,1,1,14.0,3,12.0
LAA,2025-07-05,5,104,26,7,3,0,0,7,5,17.0,1,17.0
LAA,2025-07-06,3,40,8,3,0,0,0,0,1,9.0,0,9.0
LAA,2025-07-07,5,56,16,4,1,1,0,2,1,12.0,1,12.0
LAA,2025-07-08,2,95,28,2,4,0,3,9,15,15.0,8,0.0
LAA,2025-07-09,7,92,21,2,1,1,1,4,8,16.0,3,13.0
LAA,2025-07-10,2,92,27,5,3,0,1,5,10,19.0,5,0.0
LAA,2025-07-11,4,54,14,3,0,0,1,3,5,12.0,1,12.0
LAA,2025-07-12,5,69,15,3,3,0,0,2,1,10.0,2,1.0
LAA,2025-07-13,1,56,15,4,1,0,0,2,5,12.0,0,0.0
LAA,2025-07-18,6,119,32,5,3,0,2,6,5,24.0,4,22.0
LAA,2025-07-19,4,72,18,3,4,1,2,4,5,9.0,7,7.0
LAA,2025-07-20,2,22,6,1,0,0,0,0,0,6.0,0,0.0
LAA,2025-07-21,3,44,11,1,1,1,0,2,2,6.0,5,5.0
LAA,2025-07-22,3,65,16,5,4,0,0,0,4,10.0,0,10.0
LAA,2025-07-23,2,112,31,7,1,1,1,9,9,21.0,5,4.0
LAA,2025-07-24,5,57,16,7,1,0,1,1,4,13.0,1,13.0
LAA,2025-07-25,4,56,15,4,1,0,0,2,1,12.0,0,12.0
LAA,2025-07-26,4,79,21,5,3,0,1,5,4,13.0,5,2.0
LAA,2025-07-27,3,47,10,4,1,0,0,0,4,9.0,0,0.0
LAA,2025-07-28,4,68,18,5,1,0,1,5,5,13.0,2,8.0
LAA,2025-07-29,4,51,14,3,0,0,1,4,4,11.0,3,4.0
LAA,2025-07-30,3,57,14,3,1,0,1,6,2,6.0,4,2.0
LAA,2025-08-01,3,59,14,2,0,0,1,6,4,9.0,2,6.0
LAA,2025-08-02,4,50,14,5,1,0,0,2,1,12.0,0,12.0
LAA,2025-08-03,3,41,11,2,2,0,0,1,2,9.0,0,9.0
LAA,2025-08-04,3,60,12,5,2,0,0,1,0,9.0,0,0.0
LAA,2025-08-05,3,70,17,7,1,0,0,1,3,15.0,0,0.0
LAA,2025-08-06,5,85,19,6,1,0,1,3,5,15.0,1,15.0
LAA,2025-08-08,4,63,13,3,3,0,1,2,2,9.0,3,9.0
LAA,2025-08-09,4,62,15,7,2,0,0,1,2,12.0,0,6.0
LAA,2025-08-10,1,85,19,3,4,0,1,1,10,15.0,2,0.0
LAA,2025-08-11,4,63,15,4,2,0,2,5,5,9.0,4,0.0
LAA,2025-08-12,7,90,26,6,2,0,1,8,9,18.0,3,18.0
LAA,2025-08-13,5,102,21,7,3,0,0,1,3,17.0,2,13.0
LAA,2025-08-15,2,90,22,3,1,0,1,9,7,12.0,6,2.0
LAA,2025-08-16,4,81,20,5,3,0,1,5,4,12.0,3,0.0
LAA,2025-08-17,5,72,19,4,4,0,0,3,4,13.0,1,10.0
LAA,2025-08-18,3,59,14,5,0,0,0,2,2,12.0,1,7.0
LAA,2025-08-19,3,42,12,3,1,1,0,3,4,9.0,2,6.0
LAA,2025-08-20,2,27,7,3,1,0,0,0,1,6.0,0,6.0
LAA,2025-08-22,5,68,16,5,2,0,1,2,6,12.0,1,12.0
LAA,2025-08-23,4,72,25,2,1,0,1,10,6,15.0,6,0.0
LAA,2025-08-24,5,76,19,3,2,0,0,3,5,14.0,2,10.0
LAA,2025-08-25,4,58,12,4,0,1,0,1,4,10.0,0,0.0
LAA,2025-08-26,3,65,15,4,1,0,1,3,4,12.0,1,0.0
LAA,2025-08-27,5,97,29,5,1,1,1,13,5,14.0,10,0.0
LAA,2025-08-29,3,59,17,2,3,0,0,4,5,9.0,2,9.0
LAA,2025-08-30,3,37,10,3,2,0,0,0,3,9.0,0,6.0
LAA,2025-08-31,2,25,7,2,0,0,0,1,3,6.0,0,0.0
LAA,2025-09-01,3,62,14,3,3,0,1,4,4,7.0,4,6.0
LAA,2025-09-02,4,66,14,2,2,0,0,1,5,12.0,0,3.0
LAA,2025-09-03,4,63,15,4,1,0,0,2,3,12.0,1,12.0
LAA,2025-09-04,2,33,8,3,0,0,2,2,5,6.0,2,6.0
LAA,2025-09-05,3,102,29,9,3,1,1,4,2,20.0,2,0.0
LAA,2025-09-06,5,120,40,7,3,0,3,15,12,21.0,10,0.0
LAA,2025-09-07,3,44,12,0,1,0,0,3,4,9.0,1,9.0
LAA,2025-09-08,3,80,25,4,1,1,1,8,9,13.0,7,1.0
LAA,2025-09-09,2,44,9,3,0,0,1,2,1,6.0,2,0.0
LAA,2025-09-10,6,83,21,8,3,0,1,2,5,15.0,2,15.0
LAA,2025-09-11,7,115,31,6,4,0,0,4,5,24.0,3,24.0
LAA,2025-09-12,1,45,9,4,1,0,1,2,2,6.0,1,6.0
LAA,2025-09-13,2,51,12,3,0,0,0,1,2,12.0,2,1.0
LAA,2025-09-14,3,87,21,3,2,0,0,6,6,14.0,3,0.0
LAA,2025-09-16,3,74,21,3,3,0,0,5,5,13.0,4,0.0
LAA,2025-09-17,3,126,29,8,4,0,1,4,11,20.0,9,1.0
LAA,2025-09-18,3,46,13,0,2,0,0,4,7,7.0,4,2.0
LAA,2025-09-19,3,52,13,4,1,0,0,2,4,11.0,1,11.0
LAA,2025-09-20,2,29,8,1,1,0,0,2,0,6.0,0,0.0
LAA,2025-09-21,2,38,9,4,2,0,0,1,0,6.0,1,6.0
LAA,2025-09-23,4,76,22,4,2,0,0,8,2,13.0,5,6.0
LAA,2025-09-24,4,56,14,3,1,1,0,1,2,12.0,1,12.0
LAA,2025-09-25,3,83,21,4,2,1,0,6,5,12.0,5,7.0
LAA,2025-09-26,4,69,14,5,1,0,0,1,3,12.0,0,12.0
LAA,2025-09-27,1,31,8,1,0,0,1,2,5,6.0,1,0.0
LAA,2025-09-28,4,73,19,4,1,0,2,4,5,13.0,2,0.0
LAD,2024-03-20,4,50,14,3,0,0,0,2,4,12.0,0,6.0
LAD,2024-03-21,6,152,44,6,5,1,1,14,8,24.0,10,1.0
LAD,2024-03-28,1,44,10,1,0,0,0,1,6,9.0,0,0.0
LAD,2024-03-29,3,53,15,3,1,1,0,4,3,9.0,3,0.0
LAD,2024-03-30,5,82,24,5,2,1,0,5,7,15.0,5,14.0
LAD,2024-03-31,3,76,17,7,2,1,0,1,2,12.0,2,11.0
LAD,2024-04-01,3,70,17,3,1,0,1,4,4,12.0,3,2.0
LAD,2024-04-02,4,131,34,6,2,0,1,9,9,24.0,4,21.0
LAD,2024-04-03,3,39,10,5,0,0,1,1,3,9.0,1,9.0
LAD,2024-04-05,3,108,26,1,4,0,1,5,10,19.0,4,10.0
LAD,2024-04-06,4,57,16,7,1,0,0,4,1,12.0,1,0.0
LAD,2024-04-07,2,74,21,3,0,2,1,3,6,15.0,3,0.0
LAD,2024-04-08,3,40,9,3,0,0,0,0,2,9.0,0,9.0
LAD,2024-04-09,2,30,9,1,0,0,3,3,5,6.0,3,0.0
LAD,2024-04-10,3,63,14,6,2,0,1,1,3,12.0,1,12.0
LAD,2024-04-12,6,103,26,4,2,0,2,6,10,18.0,5,13.0
LAD,2024-04-13,3,40,9,4,0,0,0,2,1,7.0,0,1.0
LAD,2024-04-14,4,67,20,2,6,0,0,5,4,12.0,5,4.0
LAD,2024-04-15,2,36,12,2,0,0,0,0,3,12.0,0,3.0
LAD,2024-04-16,3,104,26,5,1,1,1,3,8,21.0,2,14.0
LAD,2024-04-17,2,66,15,7,3,1,0,0,2,12.0,0,12.0
LAD,2024-04-19,3,59,17,4,1,0,1,7,3,9.0,5,6.0
LAD,2024-04-20,7,91,26,3,2,2,1,4,8,17.0,5,15.0
LAD,2024-04-21,1,7,3,0,0,0,0,0,0,3.0,0,0.0
LAD,2024-04-23,4,93,18,4,5,0,0,2,5,13.0,0,10.0
LAD,2024-04-24,2,32,9,2,0,0,0,0,2,9.0,0,0.0
LAD,2024-04-25,3,47,12,6,0,0,0,3,1,9.0,1,9.0
LAD,2024-04-26,1,28,11,1,2,0,0,3,3,6.0,1,0.0
LAD,2024-04-27,3,48,11,6,0,0,0,2,3,9.0,1,1.0
LAD,2024-04-28,3,82,21,3,1,0,0,4,5,18.0,0,9.0
LAD,2024-04-29,4,54,14,2,1,0,0,1,5,12.0,0,0.0
LAD,2024-04-30,4,69,19,3,1,0,1,6,3,15.0,3,15.0
LAD,2024-05-01,2,61,13,2,3,0,0,2,1,9.0,0,0.0
LAD,2024-05-03,5,78,16,3,0,0,1,1,6,15.0,2,15.0
LAD,2024-05-04,2,35,8,2,1,0,0,1,2,6.0,0,0.0
LAD,2024-05-05,3,28,7,4,0,0,0,0,1,7.0,0,0.0
LAD,2024-05-06,3,49,16,4,0,0,0,1,5,15.0,0,0.0
LAD,2024-05-07,1,15,4,1,0,0,0,1,0,3.0,0,0.0
LAD,2024-05-08,2,24,6,2,0,0,0,0,3,6.0,0,6.0
LAD,2024-05-10,2,21,6,3,0,0,0,2,0,6.0,1,6.0
LAD,2024-05-11,3,42,12,2,0,1,0,2,2,9.0,0,0.0
LAD,2024-05-12,4,73,18,3,0,1,1,4,6,14.0,2,1.0
LAD,2024-05-13,5,61,14,7,2,0,0,1,3,13.0,0,13.0
LAD,2024-05-14,3,42,13,1,1,0,0,4,3,9.0,1,0.0
LAD,2024-05-15,1,46,10,3,2,0,0,3,0,6.0,1,2.0
LAD,2024-05-16,2,72,18,3,2,0,0,5,5,12.0,3,0.0
LAD,2024-05-17,3,24,8,2,0,0,0,1,2,8.0,0,5.0
LAD,2024-05-18,3,39,9,4,0,0,0,0,3,9.0,0,0.0
LAD,2024-05-19,4,88,23,6,3,1,0,3,3,16.0,1,16.0
LAD,2024-05-20,3,54,11,2,0,0,2,3,4,8.0,2,5.0
LAD,2024-05-21,2,54,14,2,1,0,1,4,5,9.0,3,1.0
LAD,2024-05-22,3,56,18,2,1,0,2,5,8,12.0,2,0.0
LAD,2024-05-24,4,84,18,7,5,2,1,1,2,10.0,5,0.0
LAD,2024-05-25,2,41,10,2,1,0,0,3,0,7.0,0,7.0
LAD,2024-05-26,2,48,14,1,1,2,0,2,3,9.0,0,0.0
LAD,2024-05-28,4,71,19,7,2,0,0,2,6,15.0,0,6.0
LAD,2024-05-29,6,119,28,4,3,0,1,7,9,18.0,3,12.0
LAD,2024-05-31,3,38,10,1,2,0,0,1,2,9.0,0,0.0
LAD,2024-06-01,3,38,11,3,0,0,0,2,2,9.0,0,0.0
LAD,2024-06-02,3,43,12,5,1,0,0,1,1,12.0,0,0.0
LAD,2024-06-04,2,31,7,4,0,0,0,1,1,6.0,0,6.0
LAD,2024-06-05,3,94,25,5,3,0,0,3,12,19.0,3,0.0
LAD,2024-06-06,5,108,26,12,0,0,1,7,2,18.0,3,3.0
LAD,2024-06-07,5,67,16,5,1,0,0,3,7,12.0,1,12.0
LAD,2024-06-08,2,54,13,2,1,0,1,2,6,10.0,1,4.0
LAD,2024-06-09,1,28,7,2,1,0,1,1,2,6.0,1,6.0
LAD,2024-06-11,3,50,12,3,0,0,1,3,2,9.0,1,0.0
LAD,2024-06-12,4,46,14,1,1,0,0,1,7,12.0,0,12.0
LAD,2024-06-13,5,117,30,8,6,0,0,4,9,24.0,1,11.0
LAD,2024-06-14,2,22,7,1,0,0,0,1,0,6.0,0,6.0
LAD,2024-06-15,5,133,31,7,5,0,1,6,5,21.0,7,11.0
LAD,2024-06-16,2,28,7,2,1,0,0,0,2,6.0,0,0.0
LAD,2024-06-17,1,27,10,1,0,0,2,4,6,6.0,4,0.0
LAD,2024-06-18,5,95,22,6,4,0,0,4,3,15.0,2,3.0
LAD,2024-06-19,3,43,12,2,0,0,0,4,3,8.0,3,8.0
LAD,2024-06-20,4,58,13,6,0,0,1,2,2,11.0,3,6.0
LAD,2024-06-21,4,88,21,6,0,4,0,2,2,15.0,3,15.0
LAD,2024-06-22,2,29,7,2,0,0,0,1,3,6.0,0,0.0
LAD,2024-06-24,4,44,14,4,0,0,0,2,3,12.0,0,9.0
LAD,2024-06-25,6,100,28,3,3,0,0,4,7,21.0,0,21.0
LAD,2024-06-28,4,56,16,0,2,0,2,3,7,13.0,4,13.0
LAD,2024-06-29,8,127,36,8,5,0,0,6,11,24.0,2,21.0
LAD,2024-06-30,3,57,17,1,1,0,0,4,5,12.0,1,0.0
LAD,2024-07-02,4,70,19,5,1,0,1,6,5,12.0,3,12.0
LAD,2024-07-03,4,128,31,5,4,0,3,9,10,18.0,8,8.0
LAD,2024-07-04,3,89,26,3,4,0,0,8,5,14.0,5,13.0
LAD,2024-07-05,3,36,9,4,0,0,0,1,1,9.0,0,6.0
LAD,2024-07-06,4,60,14,4,1,0,1,1,7,12.0,1,12.0
LAD,2024-07-07,3,93,23,5,4,1,1,7,5,12.0,5,0.0
LAD,2024-07-09,3,68,16,3,0,2,1,2,5,12.0,1,0.0
LAD,2024-07-10,4,49,10,3,0,0,0,1,5,10.0,1,10.0
LAD,2024-07-11,3,126,33,7,4,0,2,7,10,21.0,4,13.0
LAD,2024-07-12,5,92,20,6,3,1,0,3,4,16.0,0,16.0
LAD,2024-07-13,6,91,24,4,0,0,2,11,6,15.0,7,7.0
LAD,2024-07-14,4,103,27,3,3,0,0,8,5,18.0,4,16.0
LAD,2024-07-19,4,70,13,6,0,0,0,3,3,12.0,0,9.0
LAD,2024-07-20,6,112,29,7,3,1,2,7,6,20.0,6,20.0
LAD,2024-07-21,5,72,19,7,2,1,0,5,4,12.0,4,0.0
LAD,2024-07-22,4,65,14,8,2,0,1,1,3,11.0,1,11.0
LAD,2024-07-23,4,73,18,2,4,0,0,3,4,12.0,1,0.0
LAD,2024-07-24,4,90,23,6,5,1,0,5,3,12.0,6,6.0
LAD,2024-07-25,6,96,21,10,2,0,0,5,1,15.0,2,15.0
LAD,2024-07-26,2,30,7,2,0,0,0,2,3,6.0,1,0.0
LAD,2024-07-27,4,55,17,3,1,1,1,8,5,10.0,7,10.0
LAD,2024-07-28,3,44,12,3,0,0,1,2,4,10.0,2,4.0
LAD,2024-07-30,3,49,12,3,2,0,2,3,2,9.0,3,9.0
LAD,2024-07-31,3,81,19,5,2,0,0,6,5,13.0,1,0.0
LAD,2024-08-02,4,49,15,5,0,0,1,3,4,12.0,2,0.0
LAD,2024-08-03,3,35,10,1,0,0,0,1,4,9.0,0,3.0
LAD,2024-08-04,5,56,14,6,0,0,0,1,3,13.0,0,13.0
LAD,2024-08-05,3,47,13,3,1,0,0,3,3,9.0,0,9.0
LAD,2024-08-06,3,81,23,1,2,1,2,9,7,13.0,5,3.0
LAD,2024-08-07,4,73,20,2,2,1,2,4,7,13.0,5,3.0
LAD,2024-08-09,3,50,13,6,1,0,0,2,1,10.0,1,0.0
LAD,2024-08-10,5,69,19,5,1,0,1,5,4,13.0,1,0.0
LAD,2024-08-11,4,51,13,3,1,0,1,4,2,9.0,3,9.0
LAD,2024-08-12,4,62,14,6,1,0,1,3,3,10.0,2,1.0
LAD,2024-08-13,1,64,16,2,0,1,0,3,7,12.0,1,0.0
LAD,2024-08-14,4,70,16,6,0,1,0,1,3,14.0,1,14.0
LAD,2024-08-15,4,63,15,2,3,0,0,3,3,9.0,3,9.0
LAD,2024-08-16,5,70,18,5,4,0,0,2,2,12.0,2,11.0
LAD,2024-08-17,2,53,14,0,1,0,1,3,5,10.0,1,7.0
LAD,2024-08-18,3,47,11,1,0,0,1,2,5,9.0,1,9.0
LAD,2024-08-19,2,26,6,2,0,0,0,0,2,6.0,0,0.0
LAD,2024-08-20,5,77,16,4,1,0,0,1,4,15.0,0,12.0
LAD,2024-08-21,3,51,15,4,1,0,1,4,3,10.0,3,0.0
LAD,2024-08-23,3,35,10,4,0,0,0,1,1,9.0,0,9.0
LAD,2024-08-24,5,80,22,3,2,0,2,6,4,15.0,4,15.0
LAD,2024-08-25,2,24,8,2,0,0,0,2,4,6.0,0,6.0
LAD,2024-08-27,3,58,13,4,3,0,0,1,4,9.0,0,9.0
LAD,2024-08-28,5,57,15,6,0,0,0,2,4,13.0,0,13.0
LAD,2024-08-29,4,63,17,6,2,1,0,2,3,12.0,0,9.0
LAD,2024-08-30,7,145,37,6,3,2,1,10,9,24.0,5,17.0
LAD,2024-08-31,3,57,14,2,2,0,0,0,5,12.0,1,12.0
LAD,2024-09-01,2,41,14,1,0,0,0,7,2,8.0,4,0.0
LAD,2024-09-02,5,92,18,4,1,0,1,7,3,10.0,5,1.0
LAD,2024-09-03,5,63,15,3,0,0,0,0,9,15.0,0,12.0
LAD,2024-09-04,2,48,16,2,1,0,0,6,5,9.0,3,0.0
LAD,2024-09-06,3,46,12,2,2,0,1,2,4,9.0,1,9.0
LAD,2024-09-07,6,129,35,7,3,1,1,6,12,24.0,2,0.0
LAD,2024-09-08,2,30,7,2,1,0,0,2,1,5.0,0,2.0
LAD,2024-09-09,3,66,19,3,0,0,0,7,3,12.0,6,0.0
LAD,2024-09-10,5,93,26,2,2,0,0,7,7,15.0,5,11.0
LAD,2024-09-11,5,87,20,4,6,0,0,1,6,14.0,2,12.0
LAD,2024-09-13,4,95,23,4,2,0,0,3,7,18.0,1,0.0
LAD,2024-09-14,5,73,22,2,2,0,0,5,11,15.0,6,0.0
LAD,2024-09-15,3,44,11,3,1,0,0,1,2,9.0,0,6.0
LAD,2024-09-16,4,68,17,2,2,0,0,0,6,15.0,0,0.0
LAD,2024-09-17,5,114,28,5,3,0,2,8,9,18.0,7,15.0
LAD,2024-09-18,5,70,19,0,1,0,0,6,6,12.0,4,0.0
LAD,2024-09-19,2,53,14,5,1,0,1,4,4,9.0,1,0.0
LAD,2024-09-20,7,136,32,14,2,1,3,5,8,24.0,4,21.0
LAD,2024-09-21,3,64,14,5,1,0,1,3,1,11.0,2,10.0
LAD,2024-09-22,4,102,23,13,2,0,0,4,2,18.0,1,6.0
LAD,2024-09-24,4,60,18,3,0,0,0,3,4,15.0,0,0.0
LAD,2024-09-25,4,50,15,4,3,0,0,0,1,12.0,0,12.0
LAD,2024-09-26,4,57,16,1,1,0,0,3,7,12.0,1,6.0
LAD,2024-09-27,4,146,36,11,4,0,0,7,8,24.0,3,0.0
LAD,2024-09-28,1,49,14,4,2,0,0,2,2,12.0,0,0.0
LAD,2024-09-29,5,120,32,12,2,0,1,6,8,24.0,1,24.0
LAD,2024-10-05,5,108,24,7,4,0,0,2,8,18.0,0,18.0
LAD,2024-10-06,5,61,19,3,0,0,4,8,6,11.0,7,0.0
LAD,2024-10-08,3,36,9,4,0,0,0,0,3,9.0,0,9.0
LAD,2024-10-09,7,127,32,7,2,0,0,7,13,23.0,0,0.0
LAD,2024-10-11,4,49,12,5,0,0,0,0,2,12.0,0,12.0
LAD,2024-10-13,2,33,8,2,1,0,0,1,2,6.0,0,0.0
LAD,2024-10-14,4,171,40,6,6,1,1,10,10,24.0,6,2.0
LAD,2024-10-16,4,74,17,7,2,0,0,1,5,15.0,0,3.0
LAD,2024-10-17,3,84,22,4,2,0,0,6,6,14.0,0,0.0
LAD,2024-10-18,2,69,23,0,1,3,0,6,5,15.0,4,0.0
LAD,2024-10-20,6,128,39,8,4,1,1,10,9,24.0,4,6.0
LAD,2024-10-25,5,90,22,7,3,0,0,5,3,14.0,1,14.0
LAD,2024-10-26,4,64,13,3,0,2,0,3,5,8.0,1,2.0
LAD,2024-10-28,6,100,19,6,4,0,1,3,2,12.0,2,1.0
LAD,2024-10-29,3,126,31,3,3,1,3,8,12,18.0,10,12.0
LAD,2024-10-30,7,151,36,8,8,1,1,4,7,23.0,2,15.0
LAD,2025-03-18,4,49,13,5,0,1,0,0,5,12.0,0,9.0
LAD,2025-03-19,5,118,27,9,2,0,0,7,6,18.0,2,0.0
LAD,2025-03-27,4,81,18,7,2,0,1,4,4,12.0,2,12.0
LAD,2025-03-28,5,75,22,6,3,0,0,5,0,15.0,3,15.0
LAD,2025-03-29,6,96,24,11,0,0,0,3,6,22.0,1,15.0
LAD,2025-03-31,4,61,15,6,1,0,1,2,5,12.0,1,0.0
LAD,2025-04-01,4,71,15,4,1,0,0,2,3,12.0,0,12.0
LAD,2025-04-02,3,64,19,6,1,0,0,3,2,15.0,0,15.0
LAD,2025-04-04,2,32,10,2,2,0,0,2,0,6.0,2,2.0
LAD,2025-04-05,4,56,15,4,0,1,0,1,3,15.0,0,15.0
LAD,2025-04-06,5,103,27,5,6,0,1,4,9,18.0,6,12.0
LAD,2025-04-07,2,40,10,0,0,0,1,6,3,6.0,3,4.0
LAD,2025-04-08,2,49,12,2,0,0,0,3,1,9.0,0,0.0
LAD,2025-04-09,6,94,23,7,3,0,0,1,4,20.0,1,20.0
LAD,2025-04-11,3,43,9,2,0,0,0,0,4,9.0,0,0.0
LAD,2025-04-12,3,101,32,1,2,1,3,17,10,12.0,15,3.0
LAD,2025-04-13,3,50,14,6,1,0,1,5,4,9.0,2,9.0
LAD,2025-04-14,3,65,15,2,2,1,1,5,3,9.0,2,8.0
LAD,2025-04-15,4,86,17,8,3,0,0,1,1,14.0,0,0.0
LAD,2025-04-16,4,89,21,9,0,0,0,3,5,18.0,1,18.0
LAD,2025-04-18,2,28,7,2,0,0,0,2,0,6.0,0,3.0
LAD,2025-04-19,4,37,9,3,0,0,1,3,3,9.0,2,9.0
LAD,2025-04-20,6,71,19,5,2,0,0,2,5,15.0,0,15.0
LAD,2025-04-22,6,85,19,7,1,0,2,7,5,15.0,4,11.0
LAD,2025-04-23,6,96,28,4,7,0,1,7,6,16.0,7,16.0
LAD,2025-04-25,3,68,13,2,1,1,0,1,3,12.0,0,0.0
LAD,2025-04-26,4,78,15,5,2,0,0,3,1,10.0,1,7.0
LAD,2025-04-27,4,129,30,12,0,0,0,7,8,24.0,0,3.0
LAD,2025-04-28,4,50,17,1,1,0,1,3,8,14.0,5,14.0
LAD,2025-04-29,3,112,28,4,1,0,0,7,2,21.0,1,0.0
LAD,2025-04-30,3,59,14,3,2,0,1,3,3,9.0,4,0.0
LAD,2025-05-02,3,53,11,4,1,0,1,1,4,9.0,1,9.0
LAD,2025-05-03,4,72,17,5,1,0,0,4,3,12.0,0,0.0
LAD,2025-05-04,3,37,9,1,0,0,0,3,1,7.0,0,7.0
LAD,2025-05-05,6,131,37,10,3,0,1,10,5,23.0,4,2.0
LAD,2025-05-06,5,78,21,6,3,0,0,7,1,15.0,3,15.0
LAD,2025-05-07,1,42,14,4,1,0,0,1,3,12.0,1,3.0
LAD,2025-05-08,1,39,12,1,1,0,0,3,1,9.0,0,0.0
LAD,2025-05-09,4,101,25,6,4,0,3,6,6,15.0,7,7.0
LAD,2025-05-10,2,30,6,3,0,0,0,2,1,4.0,1,1.0
LAD,2025-05-11,4,55,15,3,0,0,0,3,3,12.0,1,0.0
LAD,2025-05-13,4,66,24,3,0,1,3,11,9,13.0,7,0.0
LAD,2025-05-14,3,38,10,2,0,0,0,1,3,9.0,0,6.0
LAD,2025-05-15,2,60,15,5,1,0,0,1,0,15.0,0,0.0
LAD,2025-05-16,3,71,17,7,1,0,0,4,4,12.0,2,1.0
LAD,2025-05-17,5,100,25,4,2,0,2,8,6,15.0,6,14.0
LAD,2025-05-18,3,91,19,5,1,0,1,4,5,15.0,2,6.0
LAD,2025-05-19,2,133,31,4,2,0,3,8,10,21.0,6,0.0
LAD,2025-05-20,4,55,16,4,1,0,2,6,4,9.0,3,9.0
LAD,2025-05-21,3,46,11,3,0,0,0,2,3,9.0,0,9.0
LAD,2025-05-23,7,192,46,11,6,1,1,7,10,33.0,5,19.0
LAD,2025-05-24,2,56,15,0,2,1,0,4,3,9.0,1,7.0
LAD,2025-05-25,2,31,7,3,0,0,0,2,0,6.0,0,6.0
LAD,2025-05-26,3,57,13,1,1,0,0,3,5,9.0,0,0.0
LAD,2025-05-27,3,49,15,4,0,0,0,3,6,12.0,2,6.0
LAD,2025-05-28,3,79,19,6,2,0,1,9,4,9.0,6,5.0
LAD,2025-05-30,4,45,13,2,1,0,0,3,5,9.0,0,3.0
LAD,2025-05-31,3,44,12,3,1,0,1,2,3,9.0,1,0.0
LAD,2025-06-01,4,110,25,9,4,2,0,4,3,16.0,3,0.0
LAD,2025-06-02,3,44,15,3,1,0,0,2,5,12.0,2,12.0
LAD,2025-06-03,5,61,18,4,0,0,0,2,5,16.0,0,16.0
LAD,2025-06-04,3,60,15,1,1,1,1,1,3,12.0,3,0.0
LAD,2025-06-05,4,95,25,6,2,0,0,7,4,17.0,1,17.0
LAD,2025-06-06,2,35,7,1,0,0,1,1,3,6.0,1,0.0
LAD,2025-06-07,2,34,12,2,0,0,0,5,5,9.0,2,9.0
LAD,2025-06-08,5,83,18,1,1,0,0,5,5,12.0,2,2.0
LAD,2025-06-09,4,76,17,5,1,0,0,1,4,15.0,1,15.0
LAD,2025-06-10,2,147,43,6,5,1,1,16,9,21.0,11,5.0
LAD,2025-06-11,7,83,20,5,4,0,0,1,4,15.0,1,10.0
LAD,2025-06-13,1,66,17,5,0,0,1,4,4,13.0,1,0.0
LAD,2025-06-14,3,60,13,3,3,0,1,3,1,6.0,5,0.0
LAD,2025-06-15,3,42,10,5,0,0,1,1,2,9.0,1,9.0
LAD,2025-06-16,6,119,30,7,2,0,1,4,8,24.0,2,9.0
LAD,2025-06-17,5,141,33,7,6,2,1,7,9,21.0,4,19.0
LAD,2025-06-18,1,74,20,3,0,0,0,4,3,15.0,2,15.0
LAD,2025-06-19,2,50,14,1,1,2,0,4,4,8.0,2,0.0
LAD,2025-06-20,5,74,18,4,1,1,1,4,4,12.0,3,10.0
LAD,2025-06-21,3,56,15,4,1,0,2,5,4,9.0,4,1.0
LAD,2025-06-22,5,147,40,2,6,0,1,11,10,24.0,7,8.0
LAD,2025-06-24,5,151,38,11,3,0,0,12,7,24.0,6,10.0
LAD,2025-06-25,4,80,18,5,1,0,0,4,4,12.0,1,1.0
LAD,2025-06-26,3,53,10,3,2,0,0,0,2,9.0,0,9.0
LAD,2025-06-27,5,79,22,4,3,1,0,5,7,15.0,0,15.0
LAD,2025-06-28,4,123,32,5,1,1,1,13,9,18.0,9,7.0
LAD,2025-06-29,3,114,27,9,1,0,0,3,6,24.0,0,15.0
LAD,2025-07-01,2,37,7,4,1,0,0,0,0,6.0,0,0.0
LAD,2025-07-02,3,55,11,4,1,1,0,0,2,9.0,0,9.0
LAD,2025-07-03,2,28,8,4,1,1,0,0,1,6.0,0,0.0
LAD,2025-07-04,4,121,36,5,8,1,2,11,6,18.0,12,0.0
LAD,2025-07-05,3,120,30,7,1,0,1,8,10,21.0,6,18.0
LAD,2025-07-06,5,76,20,5,1,1,3,6,5,12.0,4,6.0
LAD,2025-07-07,5,120,29,5,3,0,1,4,10,22.0,4,0.0
LAD,2025-07-08,2,34,8,3,1,0,1,2,1,6.0,1,6.0
LAD,2025-07-09,4,69,19,5,0,1,0,6,5,15.0,2,15.0
LAD,2025-07-11,4,69,16,3,2,0,0,4,5,10.0,3,9.0
LAD,2025-07-12,3,74,23,5,3,0,0,2,8,18.0,1,18.0
LAD,2025-07-13,4,65,16,4,2,0,1,2,6,12.0,2,9.0
LAD,2025-07-18,4,61,15,2,1,0,1,5,4,9.0,1,9.0
LAD,2025-07-19,5,107,27,5,3,0,1,6,6,18.0,3,17.0
LAD,2025-07-20,5,97,21,4,2,0,0,6,6,14.0,3,14.0
LAD,2025-07-21,3,131,28,4,5,1,0,5,6,18.0,1,9.0
LAD,2025-07-22,5,92,23,5,6,0,0,4,3,12.0,7,2.0
LAD,2025-07-23,3,45,10,3,3,0,0,2,0,6.0,2,6.0
LAD,2025-07-25,4,60,15,3,0,1,0,2,4,12.0,0,6.0
LAD,2025-07-26,4,56,14,3,1,0,0,4,4,10.0,0,10.0
LAD,2025-07-27,2,47,11,2,1,1,0,1,2,9.0,0,9.0
LAD,2025-07-28,3,44,11,3,3,0,0,2,0,6.0,1,0.0
LAD,2025-07-29,5,50,17,3,0,0,0,2,7,15.0,1,15.0
LAD,2025-07-30,3,92,22,8,4,0,0,3,5,15.0,4,14.0
LAD,2025-08-01,1,40,10,5,0,0,0,1,1,9.0,0,0.0
LAD,2025-08-02,3,43,12,5,0,0,1,3,3,9.0,1,0.0
LAD,2025-08-03,4,64,14,3,2,0,0,2,3,10.0,0,7.0
LAD,2025-08-04,3,42,10,2,0,0,1,4,5,6.0,2,6.0
LAD,2025-08-05,5,69,20,1,2,1,1,5,7,12.0,3,1.0
LAD,2025-08-06,3,111,29,6,3,1,0,10,5,15.0,4,15.0
LAD,2025-08-08,3,50,12,3,0,0,0,3,3,9.0,0,3.0
LAD,2025-08-09,3,73,16,4,2,0,1,2,7,12.0,1,0.0
LAD,2025-08-10,5,51,15,6,0,0,3,5,3,10.0,3,10.0
LAD,2025-08-11,3,52,13,2,1,0,1,2,5,10.0,1,0.0
LAD,2025-08-12,5,89,20,3,4,0,0,4,6,15.0,2,15.0
LAD,2025-08-13,3,69,17,3,4,0,0,3,3,11.0,2,11.0
LAD,2025-08-15,5,61,14,2,1,2,0,2,4,9.0,1,9.0
LAD,2025-08-16,3,46,11,3,1,0,0,1,2,9.0,0,0.0
LAD,2025-08-17,5,81,18,5,0,2,0,4,5,12.0,2,12.0
LAD,2025-08-18,2,19,6,0,0,0,0,2,2,6.0,1,6.0
LAD,2025-08-19,3,29,11,1,0,0,0,2,5,9.0,0,0.0
LAD,2025-08-20,3,58,20,3,1,0,0,7,5,12.0,3,0.0
LAD,2025-08-21,3,75,15,4,1,0,1,4,6,10.0,2,0.0
LAD,2025-08-22,1,14,4,0,0,0,0,1,1,3.0,0,3.0
LAD,2025-08-23,2,58,15,2,2,0,0,1,3,12.0,2,2.0
LAD,2025-08-24,4,34,10,2,0,0,0,1,3,9.0,0,0.0
LAD,2025-08-25,2,36,9,2,2,0,0,1,2,6.0,0,0.0
LAD,2025-08-26,4,55,16,5,1,0,1,5,4,12.0,2,3.0
LAD,2025-08-27,4,83,20,10,4,0,0,4,1,12.0,0,0.0
LAD,2025-08-29,4,70,13,6,2,0,0,0,3,11.0,0,0.0
LAD,2025-08-30,2,40,11,1,1,0,1,4,5,6.0,3,5.0
LAD,2025-08-31,2,30,10,1,1,0,1,3,5,6.0,3,4.0
LAD,2025-09-02,5,71,17,4,4,0,0,4,2,9.0,5,7.0
LAD,2025-09-03,2,46,13,2,0,1,0,2,1,10.0,1,3.0
LAD,2025-09-04,3,39,9,5,0,0,0,0,1,9.0,0,0.0
LAD,2025-09-05,6,96,20,5,4,0,1,2,5,16.0,1,16.0
LAD,2025-09-06,2,25,5,0,2,1,0,2,1,1.0,3,1.0
LAD,2025-09-07,3,65,14,7,0,0,0,4,2,10.0,1,7.0
LAD,2025-09-08,2,20,7,1,0,0,0,1,2,6.0,0,6.0
LAD,2025-09-09,2,34,8,3,0,0,1,2,2,6.0,1,0.0
LAD,2025-09-10,4,64,13,6,4,0,0,0,2,9.0,0,0.0
LAD,2025-09-12,3,43,12,3,3,0,1,2,2,9.0,4,9.0
LAD,2025-09-13,5,107,24,10,3,0,0,3,4,18.0,3,4.0
LAD,2025-09-14,3,35,10,0,1,0,0,2,3,7.0,1,0.0
LAD,2025-09-15,5,154,38,10,5,0,2,4,11,29.0,5,29.0
LAD,2025-09-16,5,76,22,1,3,0,3,8,5,12.0,9,10.0
LAD,2025-09-17,2,36,8,1,1,0,0,1,4,6.0,0,0.0
LAD,2025-09-18,5,76,15,7,4,0,0,0,0,11.0,1,11.0
LAD,2025-09-19,4,80,19,8,1,0,0,4,2,14.0,1,2.0
LAD,2025-09-20,5,64,16,5,2,0,1,2,3,12.0,1,12.0
LAD,2025-09-21,3,42,12,0,2,0,0,4,5,6.0,3,6.0
LAD,2025-09-23,4,59,15,2,3,1,1,4,4,9.0,5,7.0
LAD,2025-09-24,7,94,22,4,3,0,0,4,4,15.0,3,14.0
LAD,2025-09-25,3,46,10,5,0,0,0,1,1,9.0,0,0.0
LAD,2025-09-26,6,144,36,9,4,2,0,7,6,24.0,1,24.0
LAD,2025-09-27,5,111,24,12,1,0,1,5,4,18.0,3,18.0
LAD,2025-09-28,1,55,13,7,1,0,0,1,3,11.0,1,0.0
LAD,2025-09-30,4,76,13,3,4,0,0,3,2,6.0,3,0.0
LAD,2025-10-01,4,54,12,4,3,0,0,2,1,7.0,2,0.0
LAD,2025-10-04,3,48,13,3,2,0,0,3,3,9.0,0,9.0
LAD,2025-10-06,4,50,15,1,0,0,0,6,3,9.0,3,3.0
LAD,2025-10-08,4,93,25,2,5,0,2,6,6,15.0,5,9.0
LAD,2025-10-09,3,84,18,4,1,0,0,2,4,15.0,1,15.0
LAD,2025-10-13,2,33,7,1,3,0,0,1,2,3.0,1,3.0
LAD,2025-10-16,4,42,11,4,0,0,0,1,5,10.0,0,10.0
LAD,2025-10-17,4,34,12,1,1,0,0,3,2,9.0,1,0.0
LAD,2025-10-24,4,56,16,0,1,0,2,6,9,9.0,9,0.0
LAD,2025-10-27,9,231,56,11,6,1,0,10,9,40.0,1,40.0
LAD,2025-10-28,3,60,17,3,2,1,0,5,1,9.0,4,2.0
LAD,2025-10-29,3,48,12,0,2,0,0,3,2,7.0,3,0.0
LAD,2025-10-31,3,52,13,2,1,1,0,3,3,9.0,0,9.0
LAD,2025-11-01,5,141,38,9,2,2,0,9,3,26.0,1,24.0
MIA,2024-03-28,6,136,33,9,6,0,2,7,4,21.0,4,18.0
MIA,2024-03-29,3,105,29,8,1,0,0,7,8,21.0,3,0.0
MIA,2024-03-30,4,103,26,4,2,0,0,9,7,15.0,6,3.0
MIA,2024-03-31,2,107,24,7,3,0,1,4,7,15.0,5,15.0
MIA,2024-04-01,5,91,20,3,4,0,2,5,5,12.0,4,11.0
MIA,2024-04-02,1,59,14,1,1,0,0,3,4,11.0,1,1.0
MIA,2024-04-03,2,92,26,2,5,1,1,7,6,15.0,6,1.0
MIA,2024-04-04,4,79,17,3,0,0,0,7,6,9.0,5,5.0
MIA,2024-04-06,3,43,13,0,1,0,0,3,1,9.0,0,3.0
MIA,2024-04-07,3,50,12,6,1,0,1,2,1,9.0,2,0.0
MIA,2024-04-08,2,45,11,5,0,0,0,1,1,10.0,0,0.0
MIA,2024-04-09,4,66,15,1,2,0,0,3,3,10.0,1,9.0
MIA,2024-04-10,4,81,19,5,4,0,1,3,6,12.0,2,3.0
MIA,2024-04-12,4,85,21,2,3,1,1,6,5,12.0,6,5.0
MIA,2024-04-13,3,43,9,3,0,0,0,0,3,9.0,0,0.0
MIA,2024-04-14,4,71,19,6,2,1,1,5,4,12.0,4,12.0
MIA,2024-04-15,3,67,16,2,3,1,0,3,0,9.0,3,9.0
MIA,2024-04-16,3,63,14,3,2,0,0,4,3,9.0,1,2.0
MIA,2024-04-17,3,70,16,4,2,0,0,5,1,10.0,2,10.0
MIA,2024-04-19,3,73,19,5,2,0,0,3,5,15.0,1,0.0
MIA,2024-04-20,5,114,27,6,2,0,0,9,5,18.0,3,18.0
MIA,2024-04-21,4,54,14,4,0,0,0,1,4,12.0,0,3.0
MIA,2024-04-22,2,49,11,3,2,0,0,2,3,7.0,0,0.0
MIA,2024-04-23,2,36,12,2,1,1,0,3,2,7.0,0,0.0
MIA,2024-04-24,5,103,25,7,3,0,0,5,2,22.0,2,22.0
MIA,2024-04-26,5,80,25,5,3,0,0,5,3,18.0,3,18.0
MIA,2024-04-27,2,85,26,4,2,2,2,7,6,14.0,5,0.0
MIA,2024-04-28,5,106,25,6,1,0,1,9,4,15.0,5,6.0
MIA,2024-04-29,5,59,18,0,1,1,0,3,6,12.0,3,2.0
MIA,2024-04-30,5,91,22,10,2,0,0,2,4,18.0,1,3.0
MIA,2024-05-01,3,47,11,1,1,0,0,1,3,9.0,0,6.0
MIA,2024-05-02,5,81,22,7,2,1,0,2,5,18.0,1,18.0
MIA,2024-05-03,1,21,6,4,0,0,0,0,1,6.0,0,0.0
MIA,2024-05-04,2,107,36,2,3,3,4,13,10,17.0,13,0.0
MIA,2024-05-05,5,88,18,5,2,0,0,2,6,15.0,1,0.0
MIA,2024-05-06,3,39,12,1,1,0,0,2,4,10.0,0,0.0
MIA,2024-05-07,4,86,23,8,1,1,1,4,4,18.0,3,0.0
MIA,2024-05-08,2,24,7,0,0,0,0,1,5,6.0,0,6.0
MIA,2024-05-10,4,95,26,5,3,0,1,6,4,17.0,3,0.0
MIA,2024-05-11,3,81,21,4,2,1,0,8,1,10.0,7,0.0
MIA,2024-05-12,4,89,19,3,4,0,0,1,4,14.0,3,14.0
MIA,2024-05-13,4,53,13,4,0,0,1,3,4,10.0,3,10.0
MIA,2024-05-14,2,32,8,2,1,0,0,1,3,6.0,0,6.0
MIA,2024-05-15,4,65,16,2,0,0,0,4,4,12.0,0,12.0
MIA,2024-05-17,3,38,11,2,1,0,0,1,4,9.0,0,0.0
MIA,2024-05-18,5,100,25,2,1,0,0,8,3,17.0,6,6.0
MIA,2024-05-19,4,79,23,6,1,1,1,6,3,15.0,3,14.0
MIA,2024-05-20,3,51,14,3,3,0,0,2,2,9.0,0,9.0
MIA,2024-05-21,5,77,23,5,2,0,0,5,4,16.0,3,12.0
MIA,2024-05-22,1,16,4,1,0,0,0,1,1,3.0,0,3.0
MIA,2024-05-25,3,48,10,5,0,1,0,0,0,9.0,0,9.0
MIA,2024-05-26,3,50,11,4,0,0,0,2,3,9.0,1,4.0
MIA,2024-05-27,4,49,13,1,1,1,0,2,1,8.0,1,8.0
MIA,2024-05-28,2,27,8,2,0,0,0,2,3,6.0,1,0.0
MIA,2024-05-29,4,61,14,0,1,0,0,2,5,12.0,0,0.0
MIA,2024-05-31,4,55,17,3,0,0,0,2,6,15.0,1,8.0
MIA,2024-06-01,3,67,16,5,3,0,0,4,2,9.0,3,0.0
MIA,2024-06-02,3,63,15,2,2,0,0,4,0,9.0,2,0.0
MIA,2024-06-04,4,100,21,7,2,2,0,3,3,14.0,1,0.0
MIA,2024-06-05,5,86,23,6,2,0,0,2,3,19.0,0,12.0
MIA,2024-06-07,5,74,23,5,2,0,0,2,9,20.0,0,20.0
MIA,2024-06-08,3,89,24,0,3,0,0,7,8,15.0,4,0.0
MIA,2024-06-09,4,81,20,5,0,0,1,8,4,12.0,5,4.0
MIA,2024-06-11,3,58,11,4,1,0,0,0,3,10.0,0,10.0
MIA,2024-06-12,3,62,19,1,2,0,1,7,5,10.0,4,5.0
MIA,2024-06-13,3,52,11,2,3,0,1,2,2,9.0,3,9.0
MIA,2024-06-14,4,79,23,3,2,0,0,3,4,18.0,3,0.0
MIA,2024-06-15,2,24,6,0,0,0,1,3,4,3.0,2,2.0
MIA,2024-06-16,3,54,12,2,0,0,0,4,2,9.0,1,9.0
MIA,2024-06-17,7,106,26,5,3,0,1,5,7,18.0,6,17.0
MIA,2024-06-18,5,85,22,5,1,1,0,2,6,18.0,1,18.0
MIA,2024-06-19,3,57,15,6,0,1,0,2,1,12.0,1,12.0
MIA,2024-06-21,5,49,13,5,1,0,0,2,2,11.0,0,11.0
MIA,2024-06-22,4,83,24,6,0,0,1,7,8,17.0,3,0.0
MIA,2024-06-23,5,75,22,6,2,0,0,4,4,15.0,2,7.0
MIA,2024-06-24,2,21,6,1,0,0,0,0,1,6.0,0,0.0
MIA,2024-06-25,4,40,13,4,0,0,0,1,2,12.0,0,12.0
MIA,2024-06-26,4,76,18,6,1,0,0,8,1,9.0,5,8.0
MIA,2024-06-27,3,38,11,2,0,0,0,2,3,9.0,1,6.0
MIA,2024-06-28,3,63,14,4,1,0,0,3,3,10.0,1,10.0
MIA,2024-06-29,4,62,14,6,1,0,0,0,4,13.0,0,13.0
MIA,2024-06-30,4,81,20,8,3,0,0,5,3,11.0,4,7.0
MIA,2024-07-02,2,75,19,3,1,0,1,6,5,12.0,3,0.0
MIA,2024-07-03,5,102,29,5,4,0,0,7,2,18.0,5,15.0
MIA,2024-07-04,6,114,29,11,3,1,0,5,3,20.0,5,20.0
MIA,2024-07-05,3,113,27,4,5,0,0,5,8,18.0,2,11.0
MIA,2024-07-06,3,65,13,8,1,0,0,0,2,12.0,0,12.0
MIA,2024-07-07,5,109,24,5,3,0,0,5,8,16.0,2,12.0
MIA,2024-07-09,3,30,9,3,0,0,1,1,1,8.0,2,8.0
MIA,2024-07-10,3,76,22,6,1,0,0,5,4,15.0,4,0.0
MIA,2024-07-11,2,12,4,2,0,0,0,0,0,4.0,0,0.0
MIA,2024-07-12,2,35,11,2,1,0,0,3,1,7.0,0,0.0
MIA,2024-07-13,4,72,18,6,0,0,2,4,8,14.0,5,6.0
MIA,2024-07-14,4,54,15,4,3,0,0,2,4,10.0,0,10.0
MIA,2024-07-19,5,74,18,3,2,0,1,3,6,13.0,2,12.0
MIA,2024-07-20,4,71,17,4,2,0,0,3,4,12.0,0,12.0
MIA,2024-07-21,4,68,16,9,0,0,0,3,1,13.0,0,13.0
MIA,2024-07-22,3,57,15,4,1,0,1,2,4,12.0,1,3.0
MIA,2024-07-23,4,46,14,7,0,1,0,0,2,13.0,0,0.0
MIA,2024-07-24,4,57,13,5,2,0,0,1,2,11.0,3,4.0
MIA,2024-07-25,3,63,18,3,0,0,0,6,3,15.0,1,3.0
MIA,2024-07-26,3,59,14,5,1,0,0,1,2,11.0,0,0.0
MIA,2024-07-27,3,91,19,6,1,0,0,4,3,15.0,0,6.0
MIA,2024-07-28,2,73,17,4,3,0,1,2,5,12.0,2,0.0
MIA,2024-07-30,2,89,23,4,4,1,0,8,2,9.0,7,2.0
MIA,2024-07-31,4,77,16,7,1,0,0,3,0,12.0,0,3.0
MIA,2024-08-01,2,27,9,2,0,0,0,0,0,9.0,0,6.0
MIA,2024-08-02,3,62,15,5,3,0,0,3,2,9.0,4,9.0
MIA,2024-08-03,5,90,21,8,1,0,0,2,5,19.0,0,19.0
MIA,2024-08-04,3,56,14,2,1,0,0,3,3,12.0,0,0.0
MIA,2024-08-05,1,62,24,2,0,0,2,8,11,16.0,4,0.0
MIA,2024-08-06,2,70,21,4,0,0,1,5,7,15.0,2,0.0
MIA,2024-08-07,4,82,18,4,2,1,1,5,6,10.0,4,7.0
MIA,2024-08-08,7,119,27,9,2,1,0,7,4,17.0,7,14.0
MIA,2024-08-09,2,49,16,2,0,0,1,7,2,9.0,6,7.0
MIA,2024-08-10,6,104,27,5,4,2,1,6,4,15.0,6,10.0
MIA,2024-08-11,3,50,11,5,0,0,1,3,5,8.0,2,7.0
MIA,2024-08-13,2,19,6,2,0,0,0,0,2,6.0,0,0.0
MIA,2024-08-14,3,73,18,3,0,0,0,7,2,12.0,3,8.0
MIA,2024-08-16,2,81,21,3,2,1,1,5,4,14.0,3,0.0
MIA,2024-08-17,3,57,14,4,1,0,0,1,5,12.0,0,0.0
MIA,2024-08-18,4,66,15,8,2,1,0,2,1,11.0,0,11.0
MIA,2024-08-19,4,60,21,2,2,1,1,5,3,13.0,4,1.0
MIA,2024-08-20,3,37,10,3,1,0,0,0,1,9.0,0,9.0
MIA,2024-08-21,5,126,29,6,4,1,1,7,6,17.0,7,7.0
MIA,2024-08-23,3,46,14,1,1,0,1,4,5,9.0,3,6.0
MIA,2024-08-24,4,98,26,6,3,1,1,10,3,13.0,9,0.0
MIA,2024-08-25,3,53,15,4,3,0,0,2,4,10.0,1,7.0
MIA,2024-08-26,2,42,10,3,2,0,0,0,2,8.0,0,8.0
MIA,2024-08-27,4,105,26,8,0,0,1,6,8,23.0,2,3.0
MIA,2024-08-28,3,68,16,4,2,0,0,4,2,9.0,5,1.0
MIA,2024-08-29,3,76,21,6,2,0,0,5,3,15.0,2,3.0
MIA,2024-08-30,2,57,12,3,2,0,0,4,1,6.0,3,6.0
MIA,2024-08-31,4,45,12,4,0,0,1,1,4,11.0,1,11.0
MIA,2024-09-01,5,84,17,9,1,0,0,1,4,15.0,3,15.0
MIA,2024-09-03,3,60,14,3,1,0,0,2,3,10.0,1,0.0
MIA,2024-09-04,5,76,17,6,3,0,0,2,1,12.0,3,12.0
MIA,2024-09-05,3,53,13,2,1,0,0,2,5,11.0,2,0.0
MIA,2024-09-06,5,135,37,8,2,1,1,13,10,21.0,9,0.0
MIA,2024-09-07,4,69,18,3,0,0,0,5,5,13.0,2,4.0
MIA,2024-09-08,2,42,9,4,1,0,0,2,1,6.0,1,0.0
MIA,2024-09-09,3,46,9,4,0,0,0,1,2,8.0,0,8.0
MIA,2024-09-10,1,46,12,4,1,1,0,1,3,9.0,0,0.0
MIA,2024-09-11,4,69,21,3,0,0,0,3,8,18.0,0,0.0
MIA,2024-09-12,3,52,12,6,0,0,0,0,1,12.0,0,9.0
MIA,2024-09-13,2,16,9,0,0,0,1,3,2,6.0,2,2.0
MIA,2024-09-14,2,42,10,5,0,0,1,2,2,8.0,1,5.0
MIA,2024-09-15,3,50,13,2,2,0,1,2,1,9.0,1,9.0
MIA,2024-09-17,5,98,24,5,2,0,0,6,5,16.0,4,12.0
MIA,2024-09-18,3,73,19,6,1,1,0,3,3,14.0,2,0.0
MIA,2024-09-19,5,148,36,3,5,1,3,12,13,20.0,15,0.0
MIA,2024-09-20,4,53,14,2,1,0,0,2,2,11.0,0,11.0
MIA,2024-09-21,4,57,16,4,0,0,2,6,7,10.0,4,3.0
MIA,2024-09-22,5,84,22,4,1,0,1,7,4,15.0,4,15.0
MIA,2024-09-24,3,63,15,4,1,0,0,2,5,12.0,0,0.0
MIA,2024-09-25,3,60,14,1,2,0,0,4,3,9.0,5,6.0
MIA,2024-09-26,7,137,35,4,6,0,0,6,10,24.0,5,17.0
MIA,2024-09-27,3,72,20,3,4,1,0,4,3,12.0,1,0.0
MIA,2024-09-28,1,54,15,4,1,0,0,2,4,12.0,0,0.0
MIA,2024-09-29,2,55,11,4,2,0,0,1,3,8.0,1,7.0
MIA,2025-03-27,3,85,20,4,3,2,1,2,5,13.0,2,11.0
MIA,2025-03-28,2,41,15,2,1,0,0,3,2,12.0,0,0.0
MIA,2025-03-29,6,119,32,6,6,0,0,5,4,23.0,2,23.0
MIA,2025-03-30,3,53,14,2,4,0,0,0,2,10.0,0,10.0
MIA,2025-03-31,2,80,20,2,2,1,2,3,6,15.0,4,0.0
MIA,2025-04-01,4,55,15,2,1,0,0,2,4,12.0,0,12.0
MIA,2025-04-02,5,102,25,3,3,0,1,5,4,18.0,5,16.0
MIA,2025-04-04,3,52,15,1,1,0,2,8,7,6.0,7,0.0
MIA,2025-04-05,4,60,17,7,2,0,0,3,4,12.0,0,0.0
MIA,2025-04-07,4,70,19,3,3,0,0,4,3,13.0,1,13.0
MIA,2025-04-08,4,90,27,2,3,1,0,10,6,12.0,8,3.0
MIA,2025-04-09,2,30,8,1,0,0,0,0,4,8.0,0,5.0
MIA,2025-04-11,4,79,19,2,4,0,1,5,6,10.0,5,9.0
MIA,2025-04-12,4,53,13,3,1,0,0,2,2,10.0,2,9.0
MIA,2025-04-13,4,65,18,3,3,0,0,3,4,12.0,1,6.0
MIA,2025-04-15,2,61,16,4,0,0,1,4,5,12.0,4,0.0
MIA,2025-04-16,2,67,15,1,2,0,2,4,6,9.0,3,2.0
MIA,2025-04-17,3,113,22,10,6,0,1,1,4,15.0,1,6.0
MIA,2025-04-18,4,105,25,5,2,0,1,5,6,18.0,1,0.0
MIA,2025-04-19,2,104,25,7,1,1,0,10,5,14.0,4,0.0
MIA,2025-04-20,4,88,21,3,2,1,0,3,6,15.0,1,12.0
MIA,2025-04-21,3,55,13,0,1,0,1,3,5,9.0,3,0.0
MIA,2025-04-22,4,58,15,4,1,0,0,2,5,12.0,1,12.0
MIA,2025-04-23,3,77,15,5,3,0,0,3,1,9.0,2,6.0
MIA,2025-04-25,3,48,14,1,2,0,0,2,3,10.0,0,4.0
MIA,2025-04-26,5,129,31,4,4,1,2,9,7,18.0,7,0.0
MIA,2025-04-27,3,82,19,5,1,2,1,4,6,12.0,2,3.0
MIA,2025-04-28,6,87,22,6,4,0,0,3,5,18.0,2,15.0
MIA,2025-04-29,3,100,30,3,3,0,1,11,6,16.0,8,0.0
MIA,2025-04-30,5,104,27,4,4,0,1,11,9,13.0,7,6.0
MIA,2025-05-02,2,76,19,4,0,1,0,3,4,13.0,2,0.0
MIA,2025-05-03,3,60,15,7,2,0,0,1,2,12.0,2,12.0
MIA,2025-05-04,4,46,13,4,1,0,0,3,2,10.0,1,10.0
MIA,2025-05-05,2,69,18,4,0,0,0,7,4,12.0,2,0.0
MIA,2025-05-06,5,100,22,5,4,0,2,4,3,15.0,3,15.0
MIA,2025-05-07,4,94,25,4,4,0,1,11,4,11.0,10,4.0
MIA,2025-05-09,2,37,8,3,1,0,0,1,1,5.0,1,0.0
MIA,2025-05-10,4,53,14,4,1,0,0,1,5,12.0,0,12.0
MIA,2025-05-11,3,25,7,4,0,0,0,0,0,7.0,0,6.0
MIA,2025-05-12,2,72,16,3,1,0,1,4,3,11.0,3,1.0
MIA,2025-05-13,4,67,18,3,2,0,0,2,3,15.0,4,15.0
MIA,2025-05-14,4,48,15,4,1,0,0,3,2,12.0,0,12.0
MIA,2025-05-16,3,55,14,2,0,0,0,2,3,12.0,0,3.0
MIA,2025-05-17,2,56,16,3,0,0,0,5,1,12.0,0,0.0
MIA,2025-05-18,4,49,13,4,0,0,0,1,3,12.0,0,3.0
MIA,2025-05-19,3,76,21,2,3,0,0,7,8,12.0,4,12.0
MIA,2025-05-20,4,98,30,3,2,0,1,16,8,12.0,13,0.0
MIA,2025-05-21,3,49,12,4,1,0,0,3,2,9.0,1,9.0
MIA,2025-05-23,1,34,10,4,1,0,1,1,3,8.0,2,0.0
MIA,2025-05-24,2,77,23,5,1,0,0,6,4,17.0,2,8.0
MIA,2025-05-25,3,41,11,5,1,0,0,0,1,10.0,0,0.0
MIA,2025-05-26,4,66,18,1,2,0,1,2,7,16.0,2,16.0
MIA,2025-05-27,3,85,22,5,2,0,1,6,7,14.0,2,14.0
MIA,2025-05-28,4,63,18,3,1,0,1,2,9,15.0,2,15.0
MIA,2025-05-30,1,55,15,5,0,0,0,3,2,12.0,0,12.0
MIA,2025-05-31,3,55,14,3,1,1,0,2,2,10.0,0,10.0
MIA,2025-06-01,3,38,11,1,1,0,0,3,1,9.0,0,6.0
MIA,2025-06-02,2,55,14,4,0,0,0,2,7,12.0,1,12.0
MIA,2025-06-03,3,37,13,1,0,1,1,3,4,9.0,1,9.0
MIA,2025-06-04,1,50,13,6,0,0,0,1,3,12.0,1,8.0
MIA,2025-06-06,3,62,17,5,1,0,0,5,2,12.0,1,11.0
MIA,2025-06-07,5,101,28,7,1,0,4,6,9,21.0,6,17.0
MIA,2025-06-08,4,102,22,5,1,0,1,3,9,18.0,3,18.0
MIA,2025-06-09,2,79,27,1,1,0,0,11,5,15.0,6,3.0
MIA,2025-06-10,3,43,13,2,0,1,2,3,5,9.0,2,6.0
MIA,2025-06-11,1,34,12,2,2,1,0,1,2,9.0,1,8.0
MIA,2025-06-13,7,128,32,6,0,0,0,14,4,18.0,7,6.0
MIA,2025-06-14,5,145,35,6,5,0,0,6,6,24.0,2,21.0
MIA,2025-06-15,3,68,18,3,1,2,0,2,0,15.0,0,15.0
MIA,2025-06-16,2,69,19,1,1,1,0,5,4,12.0,3,11.0
MIA,2025-06-17,5,67,18,4,0,0,0,4,1,15.0,2,9.0
MIA,2025-06-18,2,62,15,4,2,0,0,4,3,10.0,0,0.0
MIA,2025-06-19,3,39,12,1,0,1,1,4,3,8.0,2,8.0
MIA,2025-06-20,4,46,15,1,0,0,1,3,6,12.0,1,0.0
MIA,2025-06-21,2,83,22,2,3,0,1,6,5,13.0,5,0.0
MIA,2025-06-22,3,37,10,3,1,0,0,1,1,9.0,0,9.0
MIA,2025-06-24,4,73,14,7,2,0,0,1,0,13.0,0,13.0
MIA,2025-06-25,4,50,18,1,1,2,0,2,6,14.0,3,11.0
MIA,2025-06-26,4,81,21,6,1,0,0,4,5,16.0,0,1.0
MIA,2025-06-27,5,87,22,5,2,0,2,6,4,14.0,6,13.0
MIA,2025-06-28,2,44,13,2,0,1,0,0,3,12.0,0,9.0
MIA,2025-06-29,3,60,16,6,1,0,0,3,3,12.0,1,10.0
MIA,2025-07-01,2,24,6,3,0,0,0,0,2,6.0,0,6.0
MIA,2025-07-02,2,41,10,2,1,0,0,2,2,9.0,0,9.0
MIA,2025-07-03,4,36,12,3,0,0,1,4,1,9.0,1,0.0
MIA,2025-07-04,3,54,14,6,2,0,0,3,0,9.0,1,9.0
MIA,2025-07-05,5,66,19,6,0,0,0,3,4,16.0,0,16.0
MIA,2025-07-06,1,27,9,0,0,0,0,4,2,6.0,1,6.0
MIA,2025-07-07,2,42,11,4,0,0,0,2,1,9.0,0,0.0
MIA,2025-07-08,3,85,20,5,3,0,0,3,3,12.0,1,0.0
MIA,2025-07-09,1,39,12,1,1,0,1,2,5,9.0,1,0.0
MIA,2025-07-10,3,59,13,5,2,0,0,2,1,9.0,0,0.0
MIA,2025-07-11,3,62,17,2,2,0,0,4,4,12.0,1,0.0
MIA,2025-07-12,2,24,8,1,1,0,0,1,4,6.0,0,3.0
MIA,2025-07-13,2,34,8,6,0,0,1,2,1,6.0,1,0.0
MIA,2025-07-18,4,63,16,5,1,0,1,3,5,12.0,3,12.0
MIA,2025-07-19,3,39,12,2,3,0,1,1,5,9.0,1,9.0
MIA,2025-07-20,2,71,17,3,2,0,1,3,5,12.0,1,0.0
MIA,2025-07-21,2,45,13,4,1,0,0,0,2,12.0,0,12.0
MIA,2025-07-22,3,52,13,3,1,0,0,2,6,10.0,2,10.0
MIA,2025-07-23,2,33,9,0,0,0,0,3,2,6.0,1,6.0
MIA,2025-07-25,4,72,16,4,3,0,0,1,2,12.0,0,3.0
MIA,2025-07-26,1,45,15,4,0,0,1,3,2,12.0,1,0.0
MIA,2025-07-27,4,66,18,3,2,0,0,7,3,12.0,2,12.0
MIA,2025-07-28,2,53,13,3,2,0,0,4,5,6.0,5,1.0
MIA,2025-07-29,3,59,13,6,2,0,0,1,2,12.0,0,0.0
MIA,2025-07-30,3,64,15,6,2,0,0,2,0,12.0,0,12.0
MIA,2025-08-01,3,98,23,5,1,0,2,9,9,12.0,6,9.0
MIA,2025-08-02,3,30,9,2,0,0,0,0,1,9.0,0,9.0
MIA,2025-08-03,3,59,14,7,1,0,1,4,3,9.0,2,0.0
MIA,2025-08-04,1,32,9,2,0,1,0,2,0,6.0,2,0.0
MIA,2025-08-05,2,57,16,1,0,0,0,3,10,14.0,0,0.0
MIA,2025-08-06,4,88,20,7,1,0,0,7,1,12.0,1,11.0
MIA,2025-08-07,4,63,16,3,2,1,0,4,0,8.0,2,8.0
MIA,2025-08-08,1,17,4,0,1,0,0,0,2,3.0,0,0.0
MIA,2025-08-09,4,101,25,5,3,0,1,7,5,15.0,7,8.0
MIA,2025-08-10,4,99,22,6,3,1,2,6,6,12.0,5,6.0
MIA,2025-08-12,3,51,11,3,1,0,1,1,4,9.0,1,9.0
MIA,2025-08-13,3,48,13,3,0,0,0,2,0,12.0,0,0.0
MIA,2025-08-14,2,52,13,2,0,1,0,3,4,8.0,4,3.0
MIA,2025-08-15,4,39,10,2,2,1,0,1,2,9.0,1,9.0
MIA,2025-08-16,2,79,16,3,2,0,0,1,5,13.0,0,0.0
MIA,2025-08-17,2,26,8,1,1,0,0,1,2,6.0,0,6.0
MIA,2025-08-18,4,78,24,3,1,0,1,8,3,14.0,6,12.0
MIA,2025-08-19,2,63,17,3,1,1,0,1,6,14.0,2,2.0
MIA,2025-08-20,2,29,6,4,0,0,0,0,1,6.0,0,0.0
MIA,2025-08-22,2,47,12,2,3,0,0,1,0,9.0,0,0.0
MIA,2025-08-23,5,116,27,1,3,0,1,6,7,19.0,5,15.0
MIA,2025-08-24,3,44,12,2,2,0,1,1,4,9.0,3,9.0
MIA,2025-08-25,3,34,9,2,0,1,1,2,2,6.0,1,6.0
MIA,2025-08-26,5,73,17,1,3,0,1,8,5,6.0,9,4.0
MIA,2025-08-27,3,113,25,6,5,0,2,4,9,16.0,3,0.0
MIA,2025-08-28,4,87,20,8,2,0,1,3,2,15.0,2,6.0
MIA,2025-08-29,4,145,41,5,5,0,4,15,12,22.0,14,0.0
MIA,2025-08-30,5,88,23,4,4,0,1,4,3,15.0,2,12.0
MIA,2025-08-31,2,42,8,3,1,0,0,1,0,6.0,0,0.0
MIA,2025-09-01,4,65,20,5,1,0,0,1,6,18.0,0,18.0
MIA,2025-09-02,1,35,8,4,1,0,0,0,1,6.0,0,0.0
MIA,2025-09-03,4,80,18,6,2,0,1,3,2,12.0,3,0.0
MIA,2025-09-05,5,138,34,6,4,0,3,12,9,18.0,7,0.0
MIA,2025-09-06,2,44,12,3,1,1,0,2,3,9.0,0,9.0
MIA,2025-09-07,5,119,29,4,4,0,1,6,4,19.0,3,12.0
MIA,2025-09-08,3,90,27,3,2,0,3,11,8,14.0,12,0.0
MIA,2025-09-09,3,74,17,3,1,0,0,2,5,14.0,1,0.0
MIA,2025-09-10,4,46,13,6,0,0,0,3,2,10.0,0,6.0
MIA,2025-09-11,3,63,14,5,0,0,0,2,2,12.0,0,9.0
MIA,2025-09-12,2,35,9,2,2,1,0,0,1,6.0,0,0.0
MIA,2025-09-13,5,82,20,6,3,0,0,3,5,15.0,1,15.0
MIA,2025-09-14,3,51,13,3,2,0,0,3,0,9.0,0,9.0
MIA,2025-09-16,3,66,22,3,2,1,1,7,3,12.0,5,1.0
MIA,2025-09-17,4,65,19,3,1,0,1,3,4,15.0,1,9.0
MIA,2025-09-18,3,40,13,1,0,0,2,6,4,7.0,4,1.0
MIA,2025-09-19,4,75,17,2,1,0,1,1,9,15.0,3,13.0
MIA,2025-09-20,4,80,19,5,2,0,1,3,6,15.0,1,15.0
MIA,2025-09-21,4,74,20,4,2,0,1,3,6,15.0,2,12.0
MIA,2025-09-23,7,112,27,6,2,0,0,4,3,21.0,2,12.0
MIA,2025-09-24,3,55,17,3,1,0,5,6,7,10.0,8,0.0
MIA,2025-09-25,4,66,14,6,2,0,0,2,2,10.0,0,10.0
MIA,2025-09-26,2,35,8,1,1,0,0,0,2,6.0,0,0.0
MIA,2025-09-27,4,74,19,4,3,0,0,5,1,11.0,3,1.0
MIA,2025-09-28,4,66,16,4,2,0,0,3,4,12.0,0,0.0
MIL,2024-03-29,3,36,10,2,1,0,0,0,3,9.0,0,9.0
MIL,2024-03-30,5,75,21,5,0,0,2,6,5,15.0,4,5.0
MIL,2024-03-31,2,48,14,5,0,0,0,2,4,12.0,0,0.0
MIL,2024-04-02,4,77,18,4,3,0,0,0,3,15.0,1,15.0
MIL,2024-04-03,5,104,27,3,2,0,1,9,5,16.0,7,9.0
MIL,2024-04-05,3,65,16,3,1,1,0,4,2,10.0,2,10.0
MIL,2024-04-06,3,49,13,6,1,0,2,2,4,10.0,2,3.0
MIL,2024-04-07,1,51,11,5,1,0,1,1,2,9.0,2,0.0
MIL,2024-04-08,4,73,18,4,1,0,2,4,4,13.0,2,6.0
MIL,2024-04-09,3,66,14,5,1,0,0,5,0,8.0,4,0.0
MIL,2024-04-10,3,59,17,2,0,0,1,3,7,15.0,1,0.0
MIL,2024-04-12,2,38,11,3,1,0,0,1,0,9.0,0,0.0
MIL,2024-04-13,5,81,22,6,1,0,0,4,5,17.0,0,0.0
MIL,2024-04-14,3,45,12,1,1,0,1,6,1,7.0,3,7.0
MIL,2024-04-15,2,76,18,3,2,0,0,3,7,13.0,0,0.0
MIL,2024-04-16,5,101,25,8,2,0,0,6,5,18.0,2,0.0
MIL,2024-04-17,4,64,18,1,1,0,0,3,2,16.0,0,16.0
MIL,2024-04-19,4,75,18,4,4,1,0,1,4,12.0,1,12.0
MIL,2024-04-20,4,80,21,4,3,1,0,1,3,16.0,1,4.0
MIL,2024-04-21,3,58,14,5,1,0,0,1,4,12.0,0,12.0
MIL,2024-04-22,2,46,15,3,3,0,0,3,1,8.0,3,4.0
MIL,2024-04-23,2,41,12,2,1,0,0,3,2,9.0,1,9.0
MIL,2024-04-24,4,61,17,5,1,0,0,1,4,14.0,0,14.0
MIL,2024-04-25,5,68,17,4,2,0,0,3,4,13.0,0,13.0
MIL,2024-04-26,4,81,18,4,3,0,0,2,3,15.0,1,15.0
MIL,2024-04-27,3,103,25,2,3,0,3,11,9,12.0,8,0.0
MIL,2024-04-28,4,115,30,0,6,0,1,13,10,12.0,10,2.0
MIL,2024-04-29,2,44,11,4,1,0,0,2,2,9.0,0,9.0
MIL,2024-04-30,4,59,15,6,0,0,0,4,2,11.0,1,0.0
MIL,2024-05-01,3,50,12,2,2,0,0,1,0,9.0,0,0.0
MIL,2024-05-03,3,31,10,1,0,0,0,2,4,9.0,0,9.0
MIL,2024-05-04,4,72,20,7,0,0,1,5,4,15.0,2,6.0
MIL,2024-05-05,2,54,14,2,1,0,1,4,4,9.0,2,0.0
MIL,2024-05-06,3,39,12,2,2,1,1,4,1,6.0,3,6.0
MIL,2024-05-07,4,64,18,5,0,0,0,5,4,13.0,1,13.0
MIL,2024-05-08,3,64,17,2,2,0,1,6,6,9.0,4,7.0
MIL,2024-05-09,3,76,19,6,0,1,0,3,5,15.0,0,0.0
MIL,2024-05-10,1,45,13,0,1,0,1,3,4,9.0,2,0.0
MIL,2024-05-11,3,49,13,3,0,0,0,4,2,9.0,0,9.0
MIL,2024-05-12,4,83,22,4,2,0,0,6,3,15.0,2,15.0
MIL,2024-05-13,3,67,18,3,2,0,2,7,2,9.0,5,3.0
MIL,2024-05-14,3,69,13,7,0,0,1,1,4,12.0,1,12.0
MIL,2024-05-15,3,53,14,5,0,0,1,2,5,12.0,1,0.0
MIL,2024-05-17,3,50,12,3,1,1,0,2,3,9.0,0,9.0
MIL,2024-05-18,4,60,17,6,1,0,0,3,1,13.0,0,13.0
MIL,2024-05-19,2,78,20,5,2,1,2,6,5,11.0,4,2.0
MIL,2024-05-20,7,139,35,4,5,1,0,6,6,27.0,3,27.0
MIL,2024-05-21,3,46,11,7,0,0,0,2,2,9.0,0,9.0
MIL,2024-05-22,1,6,3,0,0,0,0,0,0,3.0,0,3.0
MIL,2024-05-24,3,113,33,9,1,0,1,8,9,25.0,2,5.0
MIL,2024-05-25,3,115,32,4,4,0,0,5,6,23.0,3,2.0
MIL,2024-05-26,3,52,14,5,1,0,0,3,2,11.0,1,11.0
MIL,2024-05-27,2,52,12,4,1,0,0,2,3,9.0,1,6.0
MIL,2024-05-28,7,74,22,5,3,0,0,6,3,13.0,5,11.0
MIL,2024-05-29,3,76,22,4,1,1,0,3,5,15.0,4,0.0
MIL,2024-05-30,3,52,15,1,0,0,2,4,8,11.0,3,11.0
MIL,2024-05-31,3,56,16,6,0,0,0,2,3,14.0,2,8.0
MIL,2024-06-01,5,68,16,6,0,1,0,1,3,15.0,0,15.0
MIL,2024-06-02,2,44,14,5,2,1,0,1,3,12.0,0,9.0
MIL,2024-06-03,2,106,28,1,1,0,1,7,7,21.0,3,13.0
MIL,2024-06-04,5,141,37,8,6,1,1,7,9,26.0,2,26.0
MIL,2024-06-05,3,45,10,1,0,0,0,1,3,9.0,0,9.0
MIL,2024-06-07,1,16,4,0,1,0,0,1,0,3.0,0,0.0
MIL,2024-06-08,5,94,20,8,0,0,0,1,4,17.0,0,17.0
MIL,2024-06-09,4,71,17,1,1,0,1,6,6,11.0,6,0.0
MIL,2024-06-10,2,21,7,1,0,0,0,1,2,6.0,0,6.0
MIL,2024-06-11,3,61,20,3,2,0,0,2,6,16.0,1,15.0
MIL,2024-06-12,3,47,14,4,1,0,0,4,2,9.0,3,3.0
MIL,2024-06-14,2,38,11,0,1,0,0,0,5,11.0,0,0.0
MIL,2024-06-15,3,116,30,8,3,0,0,4,5,25.0,1,16.0
MIL,2024-06-16,4,49,16,3,2,1,1,4,2,9.0,1,9.0
MIL,2024-06-17,3,50,11,4,1,0,0,1,2,10.0,0,10.0
MIL,2024-06-18,4,62,15,3,2,0,0,5,2,8.0,2,0.0
MIL,2024-06-19,2,32,10,2,0,0,0,1,5,9.0,0,9.0
MIL,2024-06-20,4,80,17,4,2,0,1,3,2,13.0,2,11.0
MIL,2024-06-21,4,70,20,2,2,0,0,9,4,8.0,5,3.0
MIL,2024-06-22,2,49,16,2,1,1,1,4,1,12.0,2,0.0
MIL,2024-06-23,3,54,15,3,0,0,0,3,6,12.0,1,0.0
MIL,2024-06-24,4,73,19,5,3,1,1,3,3,12.0,1,3.0
MIL,2024-06-25,2,86,25,5,0,1,0,3,8,21.0,0,21.0
MIL,2024-06-26,5,85,21,7,2,0,0,2,4,18.0,0,18.0
MIL,2024-06-28,3,58,13,5,1,0,0,2,3,11.0,0,11.0
MIL,2024-06-29,3,61,12,3,4,0,1,1,2,9.0,2,9.0
MIL,2024-06-30,1,28,7,1,1,0,0,0,3,6.0,0,0.0
MIL,2024-07-01,5,137,42,4,5,0,3,13,8,27.0,8,25.0
MIL,2024-07-02,5,88,19,4,4,1,0,3,4,11.0,1,11.0
MIL,2024-07-03,1,35,9,2,1,0,0,2,2,6.0,0,0.0
MIL,2024-07-04,2,29,6,2,0,0,0,0,1,6.0,0,6.0
MIL,2024-07-05,4,58,18,2,3,1,1,5,1,9.0,4,8.0
MIL,2024-07-06,3,71,19,2,1,0,2,5,9,12.0,2,12.0
MIL,2024-07-07,3,78,19,9,0,0,1,4,4,14.0,2,2.0
MIL,2024-07-09,4,66,18,4,1,1,4,5,6,12.0,8,0.0
MIL,2024-07-10,1,5,3,0,0,0,0,0,1,3.0,0,0.0
MIL,2024-07-11,2,29,8,2,1,0,0,0,0,8.0,0,8.0
MIL,2024-07-12,3,61,15,3,1,0,0,2,2,12.0,1,5.0
MIL,2024-07-13,3,81,23,4,2,0,2,4,5,18.0,3,18.0
MIL,2024-07-14,3,121,30,10,1,0,0,7,5,23.0,3,7.0
MIL,2024-07-20,6,86,26,4,2,0,1,5,7,18.0,4,15.0
MIL,2024-07-21,5,92,22,6,3,0,1,5,8,14.0,2,14.0
MIL,2024-07-22,2,36,10,2,1,0,0,2,1,8.0,0,3.0
MIL,2024-07-23,4,69,16,3,1,0,0,3,6,12.0,0,12.0
MIL,2024-07-24,3,105,27,6,1,0,1,2,8,24.0,1,24.0
MIL,2024-07-26,2,56,16,6,0,0,1,5,4,11.0,1,0.0
MIL,2024-07-27,4,68,18,3,5,0,1,4,3,11.0,5,3.0
MIL,2024-07-28,4,84,21,6,2,0,0,4,3,15.0,1,0.0
MIL,2024-07-29,4,41,12,3,1,0,1,1,3,11.0,1,5.0
MIL,2024-07-30,2,80,19,5,2,0,0,6,3,12.0,0,0.0
MIL,2024-07-31,4,59,17,4,2,0,2,5,4,9.0,4,3.0
MIL,2024-08-02,4,51,14,2,1,0,0,1,3,12.0,0,3.0
MIL,2024-08-03,2,41,13,1,0,0,0,3,3,12.0,1,3.0
MIL,2024-08-04,4,53,15,2,1,0,0,5,2,9.0,3,4.0
MIL,2024-08-06,1,33,8,1,1,0,0,1,2,6.0,0,0.0
MIL,2024-08-07,4,61,15,9,1,0,1,2,3,12.0,1,6.0
MIL,2024-08-08,3,86,24,5,2,0,1,8,7,15.0,4,0.0
MIL,2024-08-09,3,41,12,2,0,0,1,4,2,8.0,2,0.0
MIL,2024-08-10,2,30,5,4,0,0,0,0,0,5.0,0,5.0
MIL,2024-08-11,2,61,16,4,2,0,0,1,5,13.0,1,13.0
MIL,2024-08-12,2,49,11,3,1,0,0,1,1,9.0,1,2.0
MIL,2024-08-13,3,50,12,4,0,0,0,3,1,9.0,0,0.0
MIL,2024-08-14,4,57,15,4,0,0,0,4,3,12.0,1,12.0
MIL,2024-08-15,3,46,11,4,0,0,0,2,3,10.0,1,10.0
MIL,2024-08-16,4,59,13,5,1,0,2,3,4,9.0,3,5.0
MIL,2024-08-17,3,40,9,4,0,0,0,0,2,9.0,0,9.0
MIL,2024-08-18,2,28,6,1,0,0,0,0,2,6.0,0,6.0
MIL,2024-08-20,3,47,12,5,1,0,1,5,2,6.0,2,4.0
MIL,2024-08-21,5,122,30,6,6,1,2,7,6,18.0,8,18.0
MIL,2024-08-22,3,65,18,1,3,0,0,6,7,9.0,3,5.0
MIL,2024-08-23,4,56,16,3,0,0,0,2,8,15.0,0,0.0
MIL,2024-08-24,3,56,12,3,1,0,0,4,1,7.0,2,4.0
MIL,2024-08-25,1,31,7,2,1,0,0,0,2,6.0,0,6.0
MIL,2024-08-27,4,64,16,4,0,0,1,3,5,12.0,2,12.0
MIL,2024-08-28,4,55,13,4,0,0,0,5,2,9.0,3,4.0
MIL,2024-08-29,1,25,6,3,0,0,0,0,0,6.0,0,0.0
MIL,2024-08-30,6,118,30,7,3,0,0,4,12,24.0,0,18.0
MIL,2024-08-31,2,69,14,5,3,1,0,1,1,9.0,0,9.0
MIL,2024-09-01,2,61,17,2,0,0,0,2,5,16.0,1,16.0
MIL,2024-09-02,2,65,14,6,3,0,0,0,2,11.0,1,1.0
MIL,2024-09-03,6,104,27,6,2,0,0,3,3,21.0,4,20.0
MIL,2024-09-04,4,101,23,9,3,0,0,1,4,18.0,1,18.0
MIL,2024-09-06,1,38,10,4,0,0,0,1,2,9.0,0,9.0
MIL,2024-09-07,2,37,11,5,0,0,1,2,5,9.0,1,0.0
MIL,2024-09-08,3,50,18,2,0,0,1,5,10,13.0,3,0.0
MIL,2024-09-10,3,46,13,4,2,0,0,1,3,11.0,0,11.0
MIL,2024-09-11,3,74,20,5,2,0,0,6,5,12.0,3,0.0
MIL,2024-09-12,3,49,13,7,0,0,0,3,2,9.0,0,3.0
MIL,2024-09-13,4,55,12,4,1,0,0,0,4,12.0,0,12.0
MIL,2024-09-14,2,60,15,1,0,0,0,5,4,9.0,4,0.0
MIL,2024-09-15,5,139,31,6,4,1,0,9,5,21.0,6,17.0
MIL,2024-09-16,2,51,16,2,0,1,0,4,4,12.0,1,3.0
MIL,2024-09-17,3,53,15,6,1,0,0,4,1,10.0,2,2.0
MIL,2024-09-18,4,68,15,7,1,0,0,2,2,12.0,0,12.0
MIL,2024-09-19,4,79,19,6,1,0,1,3,6,15.0,3,3.0
MIL,2024-09-20,4,108,26,5,4,0,1,7,6,15.0,4,2.0
MIL,2024-09-21,4,77,20,5,3,0,1,3,5,14.0,2,0.0
MIL,2024-09-22,5,114,27,11,4,0,0,3,4,19.0,1,5.0
MIL,2024-09-24,5,87,19,4,1,0,0,4,4,15.0,0,6.0
MIL,2024-09-25,2,44,9,4,0,0,0,1,0,8.0,0,8.0
MIL,2024-09-26,4,63,12,2,2,0,1,2,4,9.0,2,0.0
MIL,2024-09-27,3,75,22,5,1,1,0,5,5,15.0,2,0.0
MIL,2024-09-28,5,103,27,9,1,0,0,1,3,24.0,0,21.0
MIL,2024-09-29,2,46,12,1,0,0,0,2,3,10.0,0,0.0
MIL,2024-10-01,4,81,24,3,4,0,0,5,5,15.0,5,2.0
MIL,2024-10-02,5,72,21,4,3,1,0,2,6,16.0,0,16.0
MIL,2024-10-03,5,70,17,4,1,1,1,3,4,12.0,4,12.0
MIL,2025-03-27,4,63,15,2,3,0,0,3,4,9.0,2,5.0
MIL,2025-03-29,4,123,34,3,3,2,4,10,11,18.0,13,0.0
MIL,2025-03-30,5,103,25,4,3,1,1,7,6,15.0,6,7.0
MIL,2025-03-31,3,119,29,4,4,2,1,8,7,15.0,7,0.0
MIL,2025-04-01,4,61,16,4,1,1,0,1,1,13.0,0,4.0
MIL,2025-04-02,3,44,11,6,1,0,0,2,0,9.0,1,9.0
MIL,2025-04-03,3,56,12,3,1,0,0,1,2,9.0,0,9.0
MIL,2025-04-04,4,54,16,1,0,0,0,5,6,10.0,2,4.0
MIL,2025-04-05,2,67,19,4,1,0,0,6,1,12.0,4,3.0
MIL,2025-04-06,3,60,14,7,0,0,0,3,0,11.0,1,0.0
MIL,2025-04-08,4,55,15,8,1,0,0,2,2,12.0,0,0.0
MIL,2025-04-09,4,83,21,6,3,0,0,2,4,16.0,0,0.0
MIL,2025-04-10,4,84,18,3,3,0,0,6,6,9.0,6,8.0
MIL,2025-04-11,2,35,8,3,1,0,0,0,2,6.0,0,0.0
MIL,2025-04-12,6,88,23,4,6,0,0,5,6,14.0,5,4.0
MIL,2025-04-13,3,56,15,1,3,0,0,3,3,8.0,4,7.0
MIL,2025-04-14,1,68,18,7,0,0,1,3,6,15.0,1,0.0
MIL,2025-04-15,4,51,12,6,0,0,0,0,4,12.0,0,0.0
MIL,2025-04-16,4,40,13,5,1,0,0,3,1,10.0,0,0.0
MIL,2025-04-18,5,74,18,1,3,0,0,3,4,12.0,3,5.0
MIL,2025-04-19,3,38,11,2,1,0,1,1,4,9.0,1,9.0
MIL,2025-04-20,1,42,10,5,0,0,0,1,2,9.0,0,0.0
MIL,2025-04-21,5,57,16,3,1,0,1,4,4,12.0,4,12.0
MIL,2025-04-22,3,52,15,1,2,1,0,5,6,9.0,2,0.0
MIL,2025-04-23,3,63,13,4,1,0,0,3,3,9.0,4,1.0
MIL,2025-04-24,5,85,20,2,3,0,1,3,7,12.0,4,12.0
MIL,2025-04-25,3,59,14,2,0,0,0,5,1,11.0,2,10.0
MIL,2025-04-26,3,61,14,4,1,0,1,3,3,12.0,1,12.0
MIL,2025-04-27,3,58,16,3,3,0,0,2,2,12.0,0,0.0
MIL,2025-04-29,3,43,11,4,0,1,0,1,4,9.0,0,0.0
MIL,2025-04-30,6,91,30,5,2,0,0,8,7,21.0,2,20.0
MIL,2025-05-01,3,49,14,0,4,0,1,3,3,7.0,7,0.0
MIL,2025-05-02,5,145,38,7,4,0,3,9,12,25.0,9,1.0
MIL,2025-05-03,4,61,14,5,2,0,0,1,3,12.0,0,0.0
MIL,2025-05-04,3,50,11,4,1,0,0,1,2,9.0,0,0.0
MIL,2025-05-05,4,62,13,4,0,0,0,3,4,11.0,0,8.0
MIL,2025-05-06,3,36,9,2,2,0,0,1,1,7.0,0,7.0
MIL,2025-05-07,2,77,20,2,4,0,1,5,5,12.0,6,2.0
MIL,2025-05-09,4,61,14,4,3,0,0,2,1,8.0,1,8.0
MIL,2025-05-10,6,71,17,5,2,0,0,2,3,15.0,1,15.0
MIL,2025-05-11,4,41,14,1,0,0,0,2,3,14.0,0,14.0
MIL,2025-05-12,2,72,13,6,3,0,0,2,0,8.0,1,0.0
MIL,2025-05-13,5,62,17,4,2,2,0,4,3,9.0,1,9.0
MIL,2025-05-14,5,61,17,2,2,0,1,3,6,12.0,3,1.0
MIL,2025-05-16,2,40,10,3,0,0,0,1,5,9.0,0,0.0
MIL,2025-05-17,4,93,24,6,1,0,1,7,5,16.0,3,0.0
MIL,2025-05-18,4,58,15,4,0,0,0,3,4,12.0,1,4.0
MIL,2025-05-19,5,118,34,7,4,0,2,6,8,24.0,4,20.0
MIL,2025-05-20,4,71,17,6,0,0,0,6,5,12.0,2,4.0
MIL,2025-05-21,7,103,30,3,1,0,1,10,5,19.0,7,16.0
MIL,2025-05-22,3,104,24,3,5,0,0,5,4,15.0,3,7.0
MIL,2025-05-23,4,100,25,5,2,0,1,7,4,17.0,4,17.0
MIL,2025-05-24,3,34,9,3,0,0,0,3,0,6.0,1,6.0
MIL,2025-05-25,4,80,20,5,2,0,0,7,4,12.0,4,12.0
MIL,2025-05-26,3,83,20,1,5,0,0,4,2,13.0,2,13.0
MIL,2025-05-27,4,80,20,6,1,0,0,4,3,15.0,0,15.0
MIL,2025-05-28,4,92,21,7,2,1,1,3,2,15.0,2,15.0
MIL,2025-05-30,1,71,22,0,0,0,1,4,3,18.0,2,3.0
MIL,2025-05-31,3,40,14,2,0,0,1,5,6,9.0,5,0.0
MIL,2025-06-01,4,47,14,2,0,0,0,2,6,12.0,0,9.0
MIL,2025-06-02,4,54,13,6,1,0,0,1,1,11.0,0,11.0
MIL,2025-06-03,2,37,9,1,2,0,1,1,2,6.0,2,6.0
MIL,2025-06-04,2,93,23,4,3,0,0,3,3,18.0,1,4.0
MIL,2025-06-06,4,43,13,6,0,0,1,4,4,9.0,1,9.0
MIL,2025-06-07,4,65,16,6,1,0,0,3,3,12.0,2,12.0
MIL,2025-06-08,2,41,11,3,0,0,1,2,2,9.0,1,9.0
MIL,2025-06-09,2,82,23,2,4,0,2,6,8,13.0,6,9.0
MIL,2025-06-10,2,36,10,3,0,0,0,1,2,9.0,0,3.0
MIL,2025-06-11,2,57,15,4,1,0,0,3,2,12.0,1,0.0
MIL,2025-06-12,2,48,15,2,1,1,0,3,3,12.0,0,0.0
MIL,2025-06-13,3,62,13,5,1,0,0,3,2,9.0,1,9.0
MIL,2025-06-14,3,80,18,4,2,0,1,2,6,14.0,1,0.0
MIL,2025-06-15,4,55,14,5,0,0,1,5,4,9.0,1,9.0
MIL,2025-06-17,3,41,11,3,0,0,1,2,4,9.0,1,9.0
MIL,2025-06-19,4,74,19,3,3,1,1,4,2,12.0,4,4.0
MIL,2025-06-20,3,60,17,2,3,0,0,4,5,9.0,4,0.0
MIL,2025-06-21,2,36,9,4,0,0,0,1,1,9.0,0,0.0
MIL,2025-06-22,7,120,29,4,3,0,2,9,9,17.0,5,6.0
MIL,2025-06-23,2,70,17,7,1,0,0,5,2,12.0,1,12.0
MIL,2025-06-24,4,57,12,3,0,0,0,1,3,12.0,0,0.0
MIL,2025-06-25,4,61,16,5,1,0,0,2,4,12.0,2,4.0
MIL,2025-06-27,4,57,15,6,0,0,0,5,4,10.0,2,2.0
MIL,2025-06-28,2,29,7,0,2,0,0,0,1,6.0,0,0.0
MIL,2025-06-29,5,91,24,7,0,0,1,7,7,18.0,4,18.0
MIL,2025-07-02,7,106,30,4,3,1,0,4,5,22.0,2,2.0
MIL,2025-07-03,3,48,11,5,1,0,0,2,1,8.0,1,8.0
MIL,2025-07-04,3,76,15,5,1,0,0,1,3,13.0,0,13.0
MIL,2025-07-05,3,48,13,3,0,0,0,4,2,9.0,2,9.0
MIL,2025-07-06,3,41,9,4,0,0,0,1,1,9.0,0,9.0
MIL,2025-07-07,2,49,13,4,1,1,0,2,2,9.0,1,0.0
MIL,2025-07-08,3,33,9,3,0,0,0,0,2,9.0,0,9.0
MIL,2025-07-09,6,75,18,7,3,0,0,3,1,12.0,1,12.0
MIL,2025-07-11,1,86,24,5,2,0,1,4,4,18.0,2,0.0
MIL,2025-07-12,4,84,22,4,3,0,1,6,4,13.0,3,13.0
MIL,2025-07-13,3,28,8,2,0,0,0,1,1,7.0,0,4.0
MIL,2025-07-18,3,30,9,0,1,0,0,0,3,9.0,0,9.0
MIL,2025-07-19,4,46,17,5,0,0,2,5,5,12.0,3,11.0
MIL,2025-07-20,4,53,14,0,2,0,0,2,2,9.0,1,9.0
MIL,2025-07-21,2,54,13,3,1,1,0,3,0,9.0,0,0.0
MIL,2025-07-22,4,61,14,3,1,0,1,1,4,13.0,1,13.0
MIL,2025-07-23,1,34,7,3,0,0,0,1,2,6.0,0,0.0
MIL,2025-07-25,4,72,20,4,4,0,0,3,1,12.0,4,4.0
MIL,2025-07-26,3,67,16,4,1,0,1,4,3,12.0,2,0.0
MIL,2025-07-27,3,38,11,2,2,0,0,2,4,9.0,0,9.0
MIL,2025-07-28,7,77,22,7,3,2,0,3,5,15.0,1,7.0
MIL,2025-07-29,1,42,12,2,1,0,0,1,1,10.0,1,0.0
MIL,2025-07-30,4,81,23,6,1,1,1,6,5,15.0,5,0.0
MIL,2025-08-01,3,82,23,2,2,0,0,9,5,12.0,7,0.0
MIL,2025-08-02,3,34,10,0,1,0,0,1,5,9.0,0,0.0
MIL,2025-08-03,3,77,19,5,2,0,0,4,4,14.0,2,2.0
MIL,2025-08-04,2,24,8,2,1,0,0,1,2,6.0,0,6.0
MIL,2025-08-05,3,78,21,4,5,0,0,4,3,12.0,1,0.0
MIL,2025-08-06,3,41,10,4,0,0,1,1,3,9.0,1,9.0
MIL,2025-08-08,2,28,8,2,1,0,0,2,1,6.0,0,6.0
MIL,2025-08-09,5,80,21,8,1,0,1,3,5,17.0,2,11.0
MIL,2025-08-10,2,74,17,4,3,0,0,0,4,14.0,0,12.0
MIL,2025-08-11,2,25,9,2,1,0,0,0,2,9.0,0,0.0
MIL,2025-08-12,3,37,10,1,0,0,0,1,5,9.0,0,0.0
MIL,2025-08-13,4,101,24,3,2,0,2,8,4,15.0,5,1.0
MIL,2025-08-15,6,120,28,10,0,0,0,5,4,23.0,6,21.0
MIL,2025-08-16,6,84,21,8,2,0,1,3,6,17.0,3,15.0
MIL,2025-08-17,2,55,16,3,3,0,0,3,3,11.0,2,11.0
MIL,2025-08-18,3,33,10,2,0,0,0,1,2,9.0,0,0.0
MIL,2025-08-19,3,85,27,8,0,0,1,7,7,20.0,3,12.0
MIL,2025-08-20,4,51,14,4,0,0,1,3,6,12.0,1,12.0
MIL,2025-08-21,5,77,18,4,3,0,0,2,4,14.0,1,8.0
MIL,2025-08-22,3,58,16,5,2,1,1,3,2,11.0,1,11.0
MIL,2025-08-23,2,90,24,4,2,0,1,8,4,12.0,7,4.0
MIL,2025-08-24,4,78,17,7,1,0,0,5,3,11.0,2,11.0
MIL,2025-08-25,3,52,12,6,1,0,0,1,0,10.0,0,10.0
MIL,2025-08-26,3,89,23,5,1,0,0,10,6,12.0,5,7.0
MIL,2025-08-27,3,104,29,3,1,0,2,9,8,21.0,3,21.0
MIL,2025-08-28,2,80,20,3,0,0,0,6,7,16.0,0,16.0
MIL,2025-08-29,3,48,13,1,2,1,0,3,2,9.0,2,0.0
MIL,2025-08-30,4,41,10,5,0,0,0,2,1,9.0,0,6.0
MIL,2025-08-31,2,51,14,1,1,0,0,3,6,11.0,0,0.0
MIL,2025-09-01,6,89,24,4,3,1,0,8,6,14.0,7,14.0
MIL,2025-09-03,3,48,11,3,1,1,0,2,1,8.0,0,0.0
MIL,2025-09-04,4,70,17,5,1,0,0,4,1,12.0,2,12.0
MIL,2025-09-05,2,25,6,2,0,0,0,0,0,6.0,0,3.0
MIL,2025-09-06,4,52,14,2,3,0,0,3,4,9.0,1,3.0
MIL,2025-09-07,2,34,9,4,1,0,0,2,1,6.0,1,0.0
MIL,2025-09-08,1,19,7,1,1,0,0,2,3,4.0,0,0.0
MIL,2025-09-09,3,65,16,5,1,0,0,4,3,11.0,2,11.0
MIL,2025-09-10,3,50,13,1,3,0,0,0,5,9.0,1,8.0
MIL,2025-09-12,3,67,17,4,2,1,0,4,1,11.0,1,0.0
MIL,2025-09-13,5,101,25,2,4,2,0,4,5,15.0,3,4.0
MIL,2025-09-14,5,92,21,10,3,1,0,2,2,15.0,0,15.0
MIL,2025-09-16,3,50,10,4,0,0,1,1,4,9.0,1,0.0
MIL,2025-09-17,3,52,14,5,0,0,1,2,4,12.0,1,0.0
MIL,2025-09-18,3,52,15,6,0,0,0,4,2,10.0,0,4.0
MIL,2025-09-19,4,93,23,3,1,1,0,9,5,13.0,5,1.0
MIL,2025-09-20,3,72,20,4,0,1,0,4,2,17.0,1,17.0
MIL,2025-09-21,3,79,22,2,5,0,0,2,5,15.0,3,0.0
MIL,2025-09-22,6,90,25,4,4,0,0,5,3,18.0,3,18.0
MIL,2025-09-23,1,27,7,0,0,0,1,1,3,6.0,1,0.0
MIL,2025-09-24,5,93,23,7,1,0,1,4,5,18.0,1,18.0
MIL,2025-09-26,2,45,13,3,1,0,0,0,5,12.0,1,12.0
MIL,2025-09-27,4,138,30,10,5,0,1,6,6,19.0,6,0.0
MIL,2025-09-28,6,88,24,7,2,0,1,2,6,21.0,1,21.0
MIL,2025-10-04,3,53,12,3,0,0,1,2,4,10.0,1,0.0
MIL,2025-10-06,6,109,25,10,2,0,0,1,7,22.0,0,7.0
MIL,2025-10-08,5,122,28,6,2,0,0,5,5,22.0,0,15.0
MIL,2025-10-09,4,94,24,2,4,0,2,7,5,12.0,3,0.0
MIL,2025-10-11,4,112,30,7,1,1,1,4,6,24.0,1,24.0
MIL,2025-10-13,5,148,36,3,7,0,1,7,11,24.0,2,24.0
MIL,2025-10-14,5,76,19,4,3,1,0,6,3,10.0,2,2.0
MIL,2025-10-16,3,114,28,14,2,0,0,3,3,23.0,1,23.0
MIL,2025-10-17,3,79,22,9,1,0,2,3,7,18.0,2,0.0
MIN,2024-03-28,2,35,8,1,1,0,0,1,2,6.0,0,3.0
MIN,2024-03-30,4,64,14,6,2,0,0,2,3,11.0,1,8.0
MIN,2024-03-31,4,100,27,6,2,0,2,5,9,20.0,5,0.0
MIN,2024-04-02,2,64,15,4,3,0,0,1,5,12.0,0,12.0
MIN,2024-04-03,4,80,17,7,1,0,1,1,4,15.0,1,6.0
MIN,2024-04-04,2,61,15,5,2,2,0,1,2,10.0,1,7.0
MIN,2024-04-06,2,45,11,4,0,0,0,2,2,9.0,0,9.0
MIN,2024-04-08,4,72,20,5,1,0,2,7,5,12.0,3,12.0
MIN,2024-04-09,3,71,17,8,3,0,0,2,2,12.0,0,0.0
MIN,2024-04-10,5,62,15,6,1,0,0,3,2,13.0,0,13.0
MIN,2024-04-12,4,82,20,8,3,1,0,4,4,12.0,4,0.0
MIN,2024-04-13,7,121,33,10,2,0,0,4,6,27.0,2,15.0
MIN,2024-04-14,3,41,11,1,1,0,1,5,4,6.0,4,2.0
MIN,2024-04-15,1,46,12,2,1,1,1,1,2,9.0,1,0.0
MIN,2024-04-16,2,50,12,4,1,0,1,3,3,8.0,3,0.0
MIN,2024-04-17,3,45,13,5,0,0,2,6,4,9.0,3,9.0
MIN,2024-04-19,4,59,16,5,1,0,0,5,3,11.0,1,11.0
MIN,2024-04-20,5,65,14,4,2,0,0,3,3,9.0,2,8.0
MIN,2024-04-21,4,107,25,7,2,0,0,4,6,19.0,2,0.0
MIN,2024-04-22,1,47,9,2,1,0,0,2,4,6.0,0,0.0
MIN,2024-04-23,4,85,21,7,1,1,0,4,6,15.0,2,14.0
MIN,2024-04-24,3,26,10,2,0,1,0,0,2,9.0,0,0.0
MIN,2024-04-25,5,65,19,3,3,1,0,2,4,12.0,1,9.0
MIN,2024-04-26,2,42,10,2,3,0,0,2,1,5.0,2,3.0
MIN,2024-04-27,2,67,15,3,1,0,0,3,1,12.0,1,0.0
MIN,2024-04-28,3,71,15,6,0,1,0,2,4,12.0,1,3.0
MIN,2024-04-29,3,56,13,5,2,0,0,2,2,9.0,0,9.0
MIN,2024-04-30,5,74,22,4,0,0,2,5,5,16.0,4,16.0
MIN,2024-05-01,3,32,10,1,0,0,1,1,4,9.0,1,6.0
MIN,2024-05-03,4,41,12,7,0,1,0,2,2,9.0,2,3.0
MIN,2024-05-04,4,59,13,4,2,0,0,3,3,9.0,0,9.0
MIN,2024-05-05,2,77,18,3,2,0,1,7,5,9.0,6,4.0
MIN,2024-05-06,3,56,12,6,1,0,0,2,2,9.0,1,9.0
MIN,2024-05-07,4,97,24,4,4,1,1,7,6,12.0,7,11.0
MIN,2024-05-08,3,58,14,3,1,0,0,2,5,11.0,2,4.0
MIN,2024-05-09,2,53,11,5,2,0,0,2,1,8.0,0,0.0
MIN,2024-05-10,2,39,9,1,2,0,0,2,0,6.0,1,6.0
MIN,2024-05-11,5,95,22,1,3,0,1,8,5,11.0,6,10.0
MIN,2024-05-12,3,49,12,1,1,2,0,1,2,8.0,1,1.0
MIN,2024-05-14,3,56,14,2,1,0,0,1,3,12.0,0,0.0
MIN,2024-05-15,2,46,12,1,2,0,0,3,1,8.0,1,0.0
MIN,2024-05-16,4,41,15,3,1,0,0,3,4,11.0,2,0.0
MIN,2024-05-17,3,30,10,3,0,0,2,3,4,8.0,3,8.0
MIN,2024-05-18,3,82,22,1,3,1,0,8,5,12.0,6,0.0
MIN,2024-05-19,1,16,5,0,2,0,1,1,2,3.0,3,3.0
MIN,2024-05-20,2,52,16,3,1,0,0,6,5,9.0,3,0.0
MIN,2024-05-21,2,33,7,4,1,0,0,0,1,6.0,0,0.0
MIN,2024-05-22,5,65,17,5,0,0,1,4,3,13.0,2,13.0
MIN,2024-05-24,4,42,13,1,1,0,0,0,7,12.0,0,12.0
MIN,2024-05-25,3,55,15,4,2,0,0,1,4,12.0,1,12.0
MIN,2024-05-26,3,76,17,4,1,0,0,2,5,13.0,1,0.0
MIN,2024-05-27,3,44,13,1,0,1,0,6,2,6.0,4,1.0
MIN,2024-05-28,4,54,13,5,0,0,0,2,4,12.0,0,12.0
MIN,2024-05-29,3,55,13,1,1,0,0,1,4,12.0,0,0.0
MIN,2024-05-30,4,55,15,4,2,0,0,2,1,10.0,2,2.0
MIN,2024-05-31,2,23,6,1,0,0,0,0,3,6.0,0,0.0
MIN,2024-06-01,2,44,11,1,1,0,0,2,1,9.0,0,0.0
MIN,2024-06-02,5,75,18,2,1,0,0,3,5,14.0,0,14.0
MIN,2024-06-04,2,34,11,2,0,0,1,3,3,9.0,2,5.0
MIN,2024-06-05,3,64,18,4,4,0,0,3,3,12.0,5,0.0
MIN,2024-06-06,4,77,17,5,2,0,0,3,3,12.0,1,2.0
MIN,2024-06-07,1,19,5,1,0,0,1,2,1,3.0,1,2.0
MIN,2024-06-08,3,43,11,2,2,0,0,4,1,5.0,3,4.0
MIN,2024-06-09,6,87,22,4,3,0,0,3,5,16.0,1,13.0
MIN,2024-06-10,3,46,9,4,1,0,0,0,3,8.0,0,5.0
MIN,2024-06-11,3,64,18,3,1,0,2,6,7,12.0,5,2.0
MIN,2024-06-12,5,89,22,3,3,0,0,7,4,12.0,7,1.0
MIN,2024-06-13,2,32,7,2,0,0,0,1,1,6.0,0,0.0
MIN,2024-06-14,4,83,22,5,2,2,0,1,6,18.0,1,12.0
MIN,2024-06-16,6,139,39,10,1,1,0,9,8,28.0,3,20.0
MIN,2024-06-18,4,56,16,4,0,0,1,1,3,15.0,1,15.0
MIN,2024-06-19,5,104,20,2,5,1,0,2,3,12.0,2,12.0
MIN,2024-06-20,5,90,20,7,2,0,2,7,2,12.0,5,10.0
MIN,2024-06-21,3,57,15,5,0,1,1,4,3,10.0,5,9.0
MIN,2024-06-23,1,16,4,2,0,0,0,1,0,3.0,0,0.0
MIN,2024-06-25,2,28,9,1,1,0,0,2,4,6.0,1,6.0
MIN,2024-06-26,4,38,11,4,0,0,0,0,2,11.0,1,0.0
MIN,2024-06-27,3,62,17,5,1,1,0,2,3,12.0,1,0.0
MIN,2024-06-28,4,59,17,4,2,0,0,3,3,12.0,2,12.0
MIN,2024-06-29,3,52,11,6,1,0,0,2,0,9.0,0,0.0
MIN,2024-06-30,5,76,15,1,2,0,0,3,3,10.0,1,10.0
MIN,2024-07-02,3,42,11,3,0,0,0,1,3,10.0,0,10.0
MIN,2024-07-03,3,59,14,4,0,0,1,2,2,12.0,2,0.0
MIN,2024-07-04,1,14,4,3,0,0,0,0,0,3.0,0,0.0
MIN,2024-07-05,3,93,27,3,3,3,1,8,7,12.0,9,5.0
MIN,2024-07-06,3,39,12,4,0,0,0,2,5,10.0,0,0.0
MIN,2024-07-07,3,47,12,3,1,0,0,2,1,9.0,0,9.0
MIN,2024-07-08,7,98,26,7,2,2,0,4,7,18.0,3,17.0
MIN,2024-07-10,5,76,19,7,1,0,0,0,4,18.0,0,18.0
MIN,2024-07-12,3,53,13,1,3,0,0,3,3,8.0,3,0.0
MIN,2024-07-13,4,52,14,3,0,0,0,1,3,14.0,0,14.0
MIN,2024-07-14,6,49,13,5,1,0,0,3,4,12.0,1,12.0
MIN,2024-07-20,6,88,23,2,1,0,0,7,5,15.0,7,13.0
MIN,2024-07-21,3,47,14,3,1,0,3,4,4,9.0,4,7.0
MIN,2024-07-22,1,30,7,2,0,0,0,0,3,6.0,0,3.0
MIN,2024-07-23,4,64,15,1,2,0,0,3,5,9.0,3,8.0
MIN,2024-07-24,5,137,36,13,3,0,1,8,7,26.0,4,26.0
MIN,2024-07-26,2,33,10,1,1,1,0,2,3,6.0,1,0.0
MIN,2024-07-27,3,60,12,3,2,0,2,4,3,6.0,4,2.0
MIN,2024-07-28,1,25,4,2,1,0,0,0,0,3.0,0,0.0
MIN,2024-07-29,5,116,29,3,4,1,0,10,5,14.0,10,0.0
MIN,2024-07-30,3,57,11,4,0,0,0,2,1,9.0,0,9.0
MIN,2024-07-31,3,51,13,3,1,0,0,3,1,9.0,1,0.0
MIN,2024-08-02,3,23,8,4,0,0,0,0,4,8.0,0,5.0
MIN,2024-08-03,2,20,7,2,0,0,0,1,2,6.0,0,3.0
MIN,2024-08-04,5,105,25,8,3,0,1,6,8,15.0,4,0.0
MIN,2024-08-05,4,52,14,5,0,0,0,2,1,12.0,0,9.0
MIN,2024-08-06,1,49,14,1,1,0,0,4,4,9.0,2,1.0
MIN,2024-08-07,4,134,30,6,5,0,1,7,7,18.0,6,4.0
MIN,2024-08-09,6,89,25,8,0,0,1,3,6,22.0,2,15.0
MIN,2024-08-10,1,29,7,2,1,0,0,0,2,6.0,0,6.0
MIN,2024-08-11,4,106,27,4,4,0,1,6,9,17.0,4,10.0
MIN,2024-08-12,3,52,11,4,0,0,0,2,2,9.0,0,0.0
MIN,2024-08-13,3,56,14,4,0,0,1,2,6,12.0,1,0.0
MIN,2024-08-14,3,70,14,3,3,0,0,3,1,9.0,1,2.0
MIN,2024-08-15,3,53,10,4,0,0,0,1,2,9.0,0,9.0
MIN,2024-08-16,5,76,17,7,0,0,0,5,2,12.0,1,12.0
MIN,2024-08-17,3,45,14,3,0,0,0,2,1,12.0,0,9.0
MIN,2024-08-18,4,47,16,4,0,0,2,6,6,12.0,6,12.0
MIN,2024-08-19,2,36,11,2,0,2,0,0,4,9.0,0,0.0
MIN,2024-08-20,3,39,12,2,0,0,1,6,3,6.0,4,6.0
MIN,2024-08-21,4,64,16,5,0,0,1,4,7,12.0,3,0.0
MIN,2024-08-23,4,105,27,3,7,0,1,6,6,16.0,3,4.0
MIN,2024-08-24,2,35,8,4,1,0,0,1,0,6.0,0,0.0
MIN,2024-08-25,3,63,17,6,0,0,0,4,5,12.0,2,12.0
MIN,2024-08-26,3,104,28,8,2,0,0,6,5,21.0,0,0.0
MIN,2024-08-27,6,83,26,3,2,0,0,8,8,16.0,6,7.0
MIN,2024-08-28,4,68,16,5,1,0,0,6,2,9.0,4,2.0
MIN,2024-08-30,2,14,4,1,0,0,0,1,0,4.0,0,4.0
MIN,2024-08-31,4,133,36,4,4,0,1,13,8,21.0,6,0.0
MIN,2024-09-01,3,53,15,1,2,2,0,2,2,9.0,2,9.0
MIN,2024-09-02,5,102,20,8,0,0,1,4,3,16.0,1,16.0
MIN,2024-09-03,3,52,11,5,0,1,0,1,3,9.0,0,9.0
MIN,2024-09-04,3,119,33,5,3,0,1,8,6,21.0,8,7.0
MIN,2024-09-05,2,25,8,4,0,0,0,1,1,7.0,0,7.0
MIN,2024-09-06,2,32,10,1,0,0,0,1,3,9.0,1,0.0
MIN,2024-09-07,2,25,8,1,0,1,0,5,0,3.0,4,3.0
MIN,2024-09-08,3,60,14,3,0,0,0,3,4,11.0,1,11.0
MIN,2024-09-09,3,73,21,4,1,2,1,5,3,15.0,2,5.0
MIN,2024-09-10,1,35,8,3,1,0,0,2,0,6.0,1,0.0
MIN,2024-09-11,5,90,24,9,3,0,1,5,1,17.0,2,12.0
MIN,2024-09-13,2,37,10,1,1,0,1,3,3,7.0,5,0.0
MIN,2024-09-14,4,104,30,3,2,0,2,10,11,18.0,10,1.0
MIN,2024-09-15,3,84,20,7,1,1,0,4,5,16.0,0,10.0
MIN,2024-09-16,2,34,8,3,1,0,1,2,2,5.0,2,5.0
MIN,2024-09-17,5,65,16,4,1,0,0,3,2,13.0,0,7.0
MIN,2024-09-18,4,44,11,3,1,0,0,3,1,9.0,3,9.0
MIN,2024-09-19,5,94,23,6,3,0,0,6,4,16.0,2,16.0
MIN,2024-09-20,8,119,31,14,4,1,0,5,2,21.0,1,19.0
MIN,2024-09-22,6,166,39,7,5,2,2,10,9,22.0,10,2.0
MIN,2024-09-24,4,67,16,2,4,0,0,2,3,12.0,0,0.0
MIN,2024-09-25,6,126,29,14,0,0,0,5,4,24.0,0,12.0
MIN,2024-09-26,8,155,37,15,5,0,0,6,6,26.0,5,17.0
MIN,2024-09-27,3,74,16,3,0,0,1,6,6,10.0,5,3.0
MIN,2024-09-28,4,93,28,5,1,0,1,9,5,18.0,3,0.0
MIN,2024-09-29,4,78,18,4,2,0,1,4,3,12.0,3,5.0
MIN,2025-03-27,4,64,13,2,2,0,1,2,5,9.0,1,9.0
MIN,2025-03-29,5,83,19,5,5,0,0,5,3,9.0,4,2.0
MIN,2025-03-30,1,79,19,1,2,0,1,2,5,16.0,1,0.0
MIN,2025-03-31,3,63,18,3,1,0,0,2,9,14.0,0,0.0
MIN,2025-04-01,5,83,19,8,0,0,1,4,4,15.0,1,10.0
MIN,2025-04-02,2,23,9,2,0,0,0,2,4,6.0,0,0.0
MIN,2025-04-03,3,63,16,6,0,0,0,4,3,12.0,1,2.0
MIN,2025-04-05,5,75,22,8,0,1,0,6,3,15.0,0,0.0
MIN,2025-04-06,7,93,26,7,2,1,1,6,8,18.0,5,13.0
MIN,2025-04-07,1,31,8,2,0,0,0,1,1,7.0,0,0.0
MIN,2025-04-08,4,56,12,2,2,0,0,0,3,10.0,1,10.0
MIN,2025-04-09,2,25,8,0,1,0,0,1,2,6.0,0,0.0
MIN,2025-04-10,3,46,10,2,1,1,0,2,3,6.0,2,6.0
MIN,2025-04-11,4,102,24,4,2,1,0,7,4,13.0,6,13.0
MIN,2025-04-12,3,65,17,4,1,1,1,3,4,12.0,2,0.0
MIN,2025-04-13,4,56,13,7,1,0,0,0,2,12.0,0,3.0
MIN,2025-04-14,3,76,17,3,1,0,1,4,4,12.0,4,4.0
MIN,2025-04-15,3,43,12,2,1,0,0,2,1,8.0,1,1.0
MIN,2025-04-16,5,76,22,5,2,0,0,5,2,17.0,3,13.0
MIN,2025-04-18,4,74,17,3,3,0,0,5,3,9.0,5,2.0
MIN,2025-04-19,3,136,32,5,2,1,1,9,12,21.0,3,21.0
MIN,2025-04-20,3,25,9,1,0,0,0,0,3,9.0,0,0.0
MIN,2025-04-22,3,52,13,3,2,0,0,2,2,9.0,1,7.0
MIN,2025-04-23,5,69,19,6,2,0,0,2,5,15.0,2,9.0
MIN,2025-04-24,1,41,10,3,1,0,1,3,3,6.0,1,0.0
MIN,2025-04-25,4,60,17,4,0,0,2,5,4,12.0,2,0.0
MIN,2025-04-26,4,51,12,6,0,0,0,1,2,11.0,0,0.0
MIN,2025-04-27,1,27,7,2,1,0,0,0,1,6.0,0,0.0
MIN,2025-04-28,1,20,5,1,1,0,0,0,2,4.0,0,0.0
MIN,2025-04-29,4,46,12,5,1,0,1,2,4,12.0,1,12.0
MIN,2025-04-30,2,37,7,4,1,0,1,1,1,5.0,3,1.0
MIN,2025-05-01,5,83,21,7,3,0,0,4,2,16.0,2,16.0
MIN,2025-05-02,3,46,14,2,0,0,0,9,3,6.0,5,3.0
MIN,2025-05-03,4,52,15,3,1,1,0,5,1,9.0,2,8.0
MIN,2025-05-04,4,46,15,4,0,1,1,2,3,12.0,1,12.0
MIN,2025-05-06,4,53,15,6,2,0,0,1,1,12.0,0,0.0
MIN,2025-05-07,5,75,17,6,0,0,0,5,3,13.0,0,7.0
MIN,2025-05-08,4,42,13,5,0,0,0,2,1,12.0,0,9.0
MIN,2025-05-09,2,16,5,2,0,0,0,0,2,5.0,0,5.0
MIN,2025-05-10,3,39,9,2,0,0,0,2,3,9.0,0,9.0
MIN,2025-05-11,4,71,18,4,2,0,0,4,2,12.0,2,12.0
MIN,2025-05-14,9,153,38,10,3,0,0,5,6,28.0,0,25.0
MIN,2025-05-15,2,44,10,3,0,1,0,3,2,6.0,0,0.0
MIN,2025-05-16,3,41,12,7,0,0,0,3,2,9.0,0,0.0
MIN,2025-05-17,3,48,12,4,1,1,0,1,1,9.0,0,0.0
MIN,2025-05-18,4,53,16,2,1,0,0,0,6,15.0,1,5.0
MIN,2025-05-19,2,112,24,5,2,0,1,5,7,18.0,4,17.0
MIN,2025-05-21,4,65,16,4,1,0,1,4,5,11.0,5,10.0
MIN,2025-05-23,4,37,10,1,1,0,0,1,3,10.0,0,10.0
MIN,2025-05-24,5,102,25,9,3,1,0,6,3,15.0,2,13.0
MIN,2025-05-25,3,42,11,3,0,0,0,2,0,10.0,1,10.0
MIN,2025-05-26,3,59,16,1,1,0,2,8,6,8.0,7,5.0
MIN,2025-05-27,3,46,11,4,1,0,0,1,1,9.0,1,9.0
MIN,2025-05-28,3,45,11,4,1,0,0,1,1,9.0,0,0.0
MIN,2025-05-30,3,51,12,1,0,0,1,3,3,9.0,2,5.0
MIN,2025-05-31,7,109,26,5,2,0,1,4,8,21.0,3,21.0
MIN,2025-06-01,1,15,3,1,0,0,0,2,0,3.0,1,3.0
MIN,2025-06-02,4,55,14,5,3,0,0,1,0,12.0,0,0.0
MIN,2025-06-03,3,63,16,6,1,0,0,3,1,12.0,1,1.0
MIN,2025-06-04,4,62,14,10,1,0,0,1,1,12.0,0,6.0
MIN,2025-06-05,3,104,28,3,4,0,1,11,8,13.0,7,0.0
MIN,2025-06-06,2,24,8,0,0,0,0,2,0,6.0,1,4.0
MIN,2025-06-07,3,55,15,4,0,0,1,6,1,9.0,3,9.0
MIN,2025-06-08,4,56,13,2,0,0,0,1,5,12.0,0,0.0
MIN,2025-06-10,4,80,25,0,1,1,2,10,5,13.0,11,0.0
MIN,2025-06-11,3,42,13,3,0,0,0,4,3,9.0,0,0.0
MIN,2025-06-12,4,97,27,2,3,1,2,10,9,13.0,9,0.0
MIN,2025-06-13,3,52,16,8,2,0,0,2,1,12.0,1,0.0
MIN,2025-06-14,2,33,9,3,2,0,0,2,1,6.0,1,6.0
MIN,2025-06-15,4,65,18,4,1,1,0,3,3,15.0,2,15.0
MIN,2025-06-17,5,82,21,4,5,0,0,3,3,13.0,2,9.0
MIN,2025-06-19,5,73,17,7,1,0,0,4,2,12.0,1,0.0
MIN,2025-06-20,5,101,29,3,3,0,0,16,6,11.0,15,0.0
MIN,2025-06-21,3,47,18,0,2,0,0,7,3,9.0,5,0.0
MIN,2025-06-22,5,138,40,5,3,0,2,15,7,24.0,7,12.0
MIN,2025-06-23,1,36,11,3,0,0,1,5,3,6.0,4,0.0
MIN,2025-06-24,4,56,17,4,1,2,0,2,3,12.0,1,12.0
MIN,2025-06-25,3,35,10,3,1,0,0,0,0,9.0,0,9.0
MIN,2025-06-26,4,68,17,3,1,0,0,4,1,12.0,1,3.0
MIN,2025-06-27,4,53,15,5,1,0,0,4,1,10.0,1,0.0
MIN,2025-06-28,2,60,15,2,4,0,0,4,5,7.0,3,0.0
MIN,2025-06-29,3,45,15,5,1,0,0,4,2,10.0,0,0.0
MIN,2025-07-01,1,23,6,0,1,0,0,3,1,3.0,1,3.0
MIN,2025-07-02,5,59,17,2,1,0,0,6,1,12.0,0,12.0
MIN,2025-07-03,2,29,8,1,0,0,0,3,1,6.0,0,0.0
MIN,2025-07-04,4,58,16,3,2,0,0,3,4,12.0,2,12.0
MIN,2025-07-05,4,132,36,5,3,0,0,11,9,24.0,5,20.0
MIN,2025-07-06,4,49,19,1,0,0,0,5,2,12.0,5,10.0
MIN,2025-07-08,5,77,17,5,2,0,1,4,4,12.0,1,9.0
MIN,2025-07-09,4,39,12,3,0,0,0,1,1,11.0,0,11.0
MIN,2025-07-10,2,46,15,4,0,0,1,3,6,12.0,2,0.0
MIN,2025-07-11,5,48,14,4,0,0,0,3,3,12.0,0,12.0
MIN,2025-07-12,3,137,31,7,3,0,1,6,5,21.0,4,0.0
MIN,2025-07-13,4,53,17,5,1,0,0,4,0,13.0,1,13.0
MIN,2025-07-18,3,57,15,4,1,0,0,5,4,9.0,1,6.0
MIN,2025-07-19,4,58,19,3,0,0,2,7,5,12.0,7,2.0
MIN,2025-07-20,2,24,7,2,0,0,0,1,1,6.0,0,0.0
MIN,2025-07-21,2,35,10,3,0,0,1,3,2,8.0,1,0.0
MIN,2025-07-22,6,93,25,6,1,1,1,6,5,18.0,4,7.0
MIN,2025-07-23,4,76,19,0,5,1,0,5,6,9.0,3,9.0
MIN,2025-07-25,3,42,11,3,1,0,0,1,2,9.0,0,9.0
MIN,2025-07-26,2,66,18,4,1,0,1,6,6,12.0,3,0.0
MIN,2025-07-27,5,140,34,5,4,2,0,8,9,21.0,6,7.0
MIN,2025-07-28,4,72,17,5,2,0,0,3,2,13.0,1,13.0
MIN,2025-07-29,4,104,27,2,2,1,1,5,6,18.0,4,0.0
MIN,2025-07-30,5,108,26,7,3,1,3,8,6,14.0,9,0.0
MIN,2025-08-01,4,59,16,2,1,2,0,3,4,12.0,1,12.0
MIN,2025-08-02,1,52,14,2,1,0,0,4,3,9.0,1,9.0
MIN,2025-08-03,5,94,22,6,2,0,0,5,4,15.0,2,12.0
MIN,2025-08-04,2,47,15,2,1,0,2,8,3,9.0,4,3.0
MIN,2025-08-05,4,68,16,4,0,0,0,4,6,12.0,2,0.0
MIN,2025-08-06,3,87,22,4,1,0,0,4,5,19.0,0,7.0
MIN,2025-08-08,3,69,19,3,2,0,1,5,6,12.0,3,0.0
MIN,2025-08-09,3,55,14,0,2,0,0,3,2,9.0,1,9.0
MIN,2025-08-10,6,133,34,7,4,1,1,6,11,24.0,2,24.0
MIN,2025-08-11,2,42,12,3,1,0,1,4,3,7.0,3,1.0
MIN,2025-08-12,3,129,30,3,7,0,1,7,7,17.0,5,0.0
MIN,2025-08-13,2,32,7,2,0,0,0,1,1,7.0,0,0.0
MIN,2025-08-14,5,69,20,2,2,0,0,2,8,17.0,1,17.0
MIN,2025-08-15,2,84,22,4,1,0,0,2,6,20.0,1,0.0
MIN,2025-08-16,5,128,28,4,5,1,0,7,5,15.0,5,11.0
MIN,2025-08-17,4,55,12,8,0,0,0,0,1,12.0,0,0.0
MIN,2025-08-19,2,83,18,3,1,0,0,4,3,15.0,1,1.0
MIN,2025-08-20,5,84,20,6,4,0,1,3,3,13.0,2,13.0
MIN,2025-08-21,3,67,18,3,1,0,1,5,5,12.0,2,0.0
MIN,2025-08-22,4,84,20,2,5,0,0,4,3,13.0,3,9.0
MIN,2025-08-23,1,54,17,5,0,0,1,3,6,15.0,1,0.0
MIN,2025-08-24,1,46,13,3,0,0,0,3,2,9.0,1,0.0
MIN,2025-08-25,2,59,15,0,4,0,0,3,5,9.0,4,2.0
MIN,2025-08-26,4,73,17,4,1,0,0,4,2,12.0,1,10.0
MIN,2025-08-27,5,87,22,7,2,0,1,7,5,13.0,4,9.0
MIN,2025-08-29,3,64,13,3,3,0,0,2,2,9.0,2,0.0
MIN,2025-08-30,4,143,30,3,4,0,2,13,8,12.0,11,4.0
MIN,2025-08-31,1,37,10,1,1,1,0,3,3,6.0,2,0.0
MIN,2025-09-01,4,74,19,2,1,0,0,6,4,12.0,2,12.0
MIN,2025-09-02,3,124,28,8,3,1,3,11,5,12.0,9,3.0
MIN,2025-09-03,3,53,13,5,1,0,0,3,2,9.0,3,9.0
MIN,2025-09-04,4,87,22,3,0,3,2,7,7,12.0,6,9.0
MIN,2025-09-05,2,28,7,2,0,0,0,0,2,6.0,0,6.0
MIN,2025-09-06,3,115,29,4,2,0,0,9,5,18.0,6,0.0
MIN,2025-09-07,4,72,16,1,4,1,0,3,1,11.0,0,0.0
MIN,2025-09-08,3,81,17,7,4,0,0,0,0,12.0,0,0.0
MIN,2025-09-09,3,82,21,2,1,0,2,10,7,10.0,8,0.0
MIN,2025-09-10,1,18,6,0,0,0,0,1,4,5.0,1,5.0
MIN,2025-09-12,4,65,20,0,1,1,2,6,6,12.0,6,9.0
MIN,2025-09-13,4,100,25,8,3,0,0,5,1,18.0,3,17.0
MIN,2025-09-14,3,62,17,4,2,1,0,6,1,9.0,2,9.0
MIN,2025-09-15,3,59,11,3,2,0,0,0,1,9.0,0,3.0
MIN,2025-09-16,4,96,22,2,1,0,0,5,5,18.0,1,9.0
MIN,2025-09-17,5,77,20,4,0,2,1,4,5,15.0,3,7.0
MIN,2025-09-19,4,86,23,8,1,1,0,6,5,15.0,4,14.0
MIN,2025-09-20,2,123,31,8,4,0,1,5,5,24.0,3,0.0
MIN,2025-09-21,4,57,13,3,0,0,0,1,7,12.0,0,6.0
MIN,2025-09-23,2,20,6,2,0,0,0,0,2,6.0,0,0.0
MIN,2025-09-24,3,43,11,2,2,0,0,3,1,6.0,1,5.0
MIN,2025-09-25,3,47,10,4,0,0,0,1,3,9.0,0,3.0
MIN,2025-09-26,3,53,13,3,1,0,0,3,2,9.0,1,9.0
MIN,2025-09-27,2,53,13,4,0,0,0,4,3,9.0,0,0.0
MIN,2025-09-28,5,58,14,2,1,0,1,2,1,12.0,2,12.0
NYM,2024-03-29,3,57,15,3,1,0,0,2,4,13.0,1,13.0
NYM,2024-03-30,5,71,18,6,1,0,0,4,2,12.0,1,3.0
NYM,2024-03-31,3,83,23,6,3,0,0,6,4,15.0,2,5.0
NYM,2024-04-01,4,71,17,4,1,1,1,3,4,12.0,5,11.0
NYM,2024-04-04,8,148,38,9,3,1,1,8,12,27.0,5,25.0
NYM,2024-04-05,4,52,15,5,2,0,0,2,3,10.0,1,10.0
NYM,2024-04-06,2,72,19,4,3,1,1,5,5,9.0,6,4.0
NYM,2024-04-07,4,64,15,6,3,0,0,0,4,12.0,0,12.0
NYM,2024-04-08,5,125,28,9,5,0,0,6,5,19.0,3,13.0
NYM,2024-04-09,2,39,12,4,0,0,0,3,2,9.0,1,0.0
NYM,2024-04-11,2,61,17,3,1,0,0,5,4,11.0,1,0.0
NYM,2024-04-12,4,55,14,6,0,0,0,2,3,12.0,0,0.0
NYM,2024-04-13,4,85,23,3,2,1,0,4,7,16.0,4,0.0
NYM,2024-04-14,3,42,10,5,0,0,1,1,3,9.0,1,9.0
NYM,2024-04-15,4,64,14,5,2,0,0,1,4,11.0,2,7.0
NYM,2024-04-16,3,59,14,9,1,0,0,1,1,12.0,0,12.0
NYM,2024-04-17,3,43,9,3,0,0,0,0,4,9.0,0,0.0
NYM,2024-04-19,4,93,20,6,2,1,0,2,4,12.0,2,6.0
NYM,2024-04-20,5,81,22,8,5,1,0,3,1,14.0,3,12.0
NYM,2024-04-21,2,81,18,2,3,1,1,2,5,12.0,3,0.0
NYM,2024-04-22,3,50,12,3,2,0,0,1,1,9.0,0,0.0
NYM,2024-04-23,2,37,9,2,0,0,0,3,5,6.0,2,0.0
NYM,2024-04-24,3,80,19,7,2,0,1,4,3,13.0,2,0.0
NYM,2024-04-26,3,54,12,6,1,0,0,1,2,10.0,0,9.0
NYM,2024-04-27,4,81,17,7,2,0,0,1,5,14.0,1,8.0
NYM,2024-04-28,2,44,10,4,2,0,0,1,1,9.0,1,9.0
NYM,2024-04-29,1,19,5,3,0,0,1,2,1,3.0,2,3.0
NYM,2024-04-30,4,66,15,3,2,0,0,1,2,12.0,1,4.0
NYM,2024-05-01,4,51,11,7,1,0,0,1,0,9.0,0,9.0
NYM,2024-05-02,5,101,24,6,3,0,0,5,7,18.0,2,16.0
NYM,2024-05-03,3,90,23,5,5,0,1,3,5,16.0,2,4.0
NYM,2024-05-04,3,51,9,3,3,0,0,2,0,4.0,2,4.0
NYM,2024-05-05,5,78,18,5,3,0,1,5,4,15.0,3,15.0
NYM,2024-05-06,3,40,11,3,0,0,0,2,2,9.0,0,9.0
NYM,2024-05-07,5,78,20,8,2,0,2,6,2,12.0,2,10.0
NYM,2024-05-10,2,57,15,3,2,0,0,1,1,12.0,0,0.0
NYM,2024-05-11,2,48,13,2,2,1,0,1,3,9.0,1,0.0
NYM,2024-05-12,4,66,16,4,3,0,0,2,3,12.0,2,12.0
NYM,2024-05-13,4,65,20,4,3,1,1,4,4,12.0,4,12.0
NYM,2024-05-14,4,86,21,3,4,0,0,6,5,12.0,2,10.0
NYM,2024-05-15,2,62,19,1,1,1,0,5,6,11.0,5,0.0
NYM,2024-05-16,5,93,25,5,4,0,0,5,3,17.0,5,17.0
NYM,2024-05-17,2,79,20,5,3,0,0,6,2,12.0,3,0.0
NYM,2024-05-18,5,45,15,3,0,0,1,7,4,10.0,6,9.0
NYM,2024-05-19,3,71,16,7,1,1,1,3,2,12.0,1,9.0
NYM,2024-05-20,2,33,9,1,0,0,0,0,4,9.0,0,9.0
NYM,2024-05-21,3,56,12,4,2,0,1,1,2,9.0,2,3.0
NYM,2024-05-22,3,66,14,4,3,1,0,4,2,6.0,3,5.0
NYM,2024-05-24,3,64,16,2,1,0,2,7,6,9.0,6,4.0
NYM,2024-05-25,4,58,17,3,1,1,0,6,3,9.0,6,8.0
NYM,2024-05-26,1,44,14,2,1,0,0,2,3,12.0,1,12.0
NYM,2024-05-28,6,100,28,7,1,0,1,10,2,18.0,5,7.0
NYM,2024-05-29,5,100,23,6,3,0,3,9,6,12.0,7,7.0
NYM,2024-05-30,3,55,14,4,2,0,0,0,2,12.0,0,12.0
NYM,2024-05-31,4,53,16,5,2,0,2,3,3,11.0,4,1.0
NYM,2024-06-01,2,61,18,3,3,0,0,5,3,10.0,4,0.0
NYM,2024-06-02,6,71,20,9,0,0,1,5,4,15.0,2,15.0
NYM,2024-06-03,4,81,20,2,3,1,0,4,9,12.0,2,2.0
NYM,2024-06-04,2,46,10,3,2,0,0,1,3,7.0,1,0.0
NYM,2024-06-05,1,11,3,1,0,0,0,0,0,3.0,0,0.0
NYM,2024-06-08,5,69,19,3,0,0,1,4,3,16.0,1,0.0
NYM,2024-06-09,5,94,24,5,4,1,1,4,5,16.0,2,12.0
NYM,2024-06-11,4,63,14,5,0,0,0,1,3,13.0,1,13.0
NYM,2024-06-12,3,60,13,7,0,0,0,1,2,12.0,0,6.0
NYM,2024-06-13,3,39,10,5,0,0,1,1,2,9.0,1,9.0
NYM,2024-06-14,4,68,14,5,1,1,0,1,1,11.0,0,11.0
NYM,2024-06-15,2,35,10,3,0,0,0,0,3,9.0,0,3.0
NYM,2024-06-16,4,81,19,2,2,0,0,5,2,12.0,4,2.0
NYM,2024-06-17,2,47,11,4,0,0,0,2,5,9.0,0,0.0
NYM,2024-06-18,3,31,8,1,0,0,0,1,3,8.0,0,8.0
NYM,2024-06-19,3,53,12,4,2,0,1,3,2,7.0,3,7.0
NYM,2024-06-21,2,65,12,5,2,0,0,2,3,8.0,0,0.0
NYM,2024-06-22,2,73,20,2,1,0,0,4,7,15.0,2,0.0
NYM,2024-06-23,4,54,13,4,0,0,1,4,3,9.0,2,3.0
NYM,2024-06-25,4,66,20,4,2,0,1,4,3,14.0,6,4.0
NYM,2024-06-26,3,76,19,5,2,0,1,4,2,12.0,2,0.0
NYM,2024-06-28,4,72,22,3,1,1,0,6,3,15.0,0,6.0
NYM,2024-06-29,4,86,20,4,4,0,0,5,3,11.0,4,10.0
NYM,2024-06-30,3,69,18,2,1,0,0,7,3,12.0,6,9.0
NYM,2024-07-01,4,67,19,4,3,0,0,4,1,11.0,5,9.0
NYM,2024-07-02,2,40,10,2,1,0,0,1,3,9.0,0,6.0
NYM,2024-07-03,3,57,11,3,1,0,1,3,4,7.0,3,7.0
NYM,2024-07-04,1,15,4,2,0,0,1,1,1,3.0,1,3.0
NYM,2024-07-05,3,60,15,1,3,0,4,7,5,6.0,10,0.0
NYM,2024-07-06,4,61,17,4,3,1,0,1,2,14.0,0,2.0
NYM,2024-07-07,3,62,13,4,1,0,0,4,0,9.0,2,9.0
NYM,2024-07-08,2,53,15,2,1,0,1,7,3,7.0,5,0.0
NYM,2024-07-09,4,55,13,3,1,1,2,5,3,6.0,4,1.0
NYM,2024-07-10,3,39,9,4,0,0,0,1,0,8.0,0,0.0
NYM,2024-07-11,4,61,15,6,2,2,0,2,1,9.0,0,0.0
NYM,2024-07-12,3,53,11,2,2,0,2,3,3,6.0,3,4.0
NYM,2024-07-13,2,61,14,8,1,0,0,1,2,14.0,0,11.0
NYM,2024-07-14,3,64,14,5,1,0,2,4,2,10.0,3,2.0
NYM,2024-07-19,4,54,13,5,2,0,0,2,1,9.0,1,9.0
NYM,2024-07-20,3,44,12,6,1,0,0,2,1,9.0,0,9.0
NYM,2024-07-21,2,55,15,3,2,1,1,2,3,12.0,1,12.0
NYM,2024-07-22,3,70,17,4,2,0,1,3,3,12.0,2,6.0
NYM,2024-07-23,5,91,18,3,3,0,0,2,3,12.0,1,12.0
NYM,2024-07-24,4,77,19,5,1,1,0,3,2,13.0,1,0.0
NYM,2024-07-25,3,60,14,6,1,0,0,0,3,15.0,0,15.0
NYM,2024-07-26,3,74,18,5,1,1,2,5,6,11.0,2,0.0
NYM,2024-07-27,2,48,12,7,1,1,0,1,0,9.0,0,0.0
NYM,2024-07-28,4,60,17,6,0,1,3,4,5,12.0,5,0.0
NYM,2024-07-29,1,45,14,2,1,0,1,4,5,9.0,1,0.0
NYM,2024-07-30,2,40,8,2,1,0,0,0,2,6.0,0,6.0
NYM,2024-07-31,5,104,24,5,2,1,0,4,7,18.0,2,0.0
NYM,2024-08-02,2,46,9,4,0,0,0,0,0,9.0,0,0.0
NYM,2024-08-03,4,59,12,3,2,0,1,4,2,6.0,3,6.0
NYM,2024-08-04,3,52,10,6,0,0,0,1,2,9.0,0,9.0
NYM,2024-08-05,2,26,6,2,1,0,0,0,1,6.0,0,0.0
NYM,2024-08-06,2,55,12,1,2,0,0,2,2,9.0,1,8.0
NYM,2024-08-07,2,46,11,4,0,0,0,2,2,9.0,1,7.0
NYM,2024-08-08,3,70,17,5,1,2,0,3,3,12.0,0,0.0
NYM,2024-08-09,2,33,8,1,2,0,0,2,0,4.0,2,0.0
NYM,2024-08-10,4,83,19,10,2,0,0,2,1,15.0,1,0.0
NYM,2024-08-11,4,84,21,7,5,1,1,6,4,9.0,8,0.0
NYM,2024-08-13,4,81,22,6,4,0,0,5,2,15.0,2,0.0
NYM,2024-08-14,3,37,10,2,0,0,0,3,1,8.0,0,2.0
NYM,2024-08-15,5,121,27,5,7,0,0,5,5,15.0,2,15.0
NYM,2024-08-16,1,22,7,2,1,0,0,1,0,6.0,0,0.0
NYM,2024-08-18,3,61,15,3,3,0,0,4,2,9.0,1,9.0
NYM,2024-08-19,2,28,7,1,1,0,0,0,3,6.0,0,6.0
NYM,2024-08-20,4,61,17,2,2,0,0,3,6,12.0,2,1.0
NYM,2024-08-21,2,44,8,3,2,0,0,0,2,6.0,1,6.0
NYM,2024-08-22,4,85,16,2,3,0,0,2,3,12.0,2,9.0
NYM,2024-08-23,3,102,25,5,2,0,0,6,6,17.0,3,0.0
NYM,2024-08-24,1,28,6,3,0,0,0,1,0,5.0,0,0.0
NYM,2024-08-25,3,51,10,2,1,0,2,3,2,8.0,3,8.0
NYM,2024-08-27,4,41,10,2,0,0,0,3,3,7.0,0,0.0
NYM,2024-08-28,5,59,15,2,5,0,1,1,3,10.0,4,9.0
NYM,2024-08-29,2,38,7,2,1,0,0,0,2,6.0,0,6.0
NYM,2024-08-30,4,38,11,6,0,0,0,0,2,11.0,0,0.0
NYM,2024-08-31,4,57,16,1,0,1,0,3,3,12.0,1,1.0
NYM,2024-09-01,2,28,6,4,0,0,0,0,1,6.0,0,6.0
NYM,2024-09-02,2,33,8,4,1,1,0,0,0,6.0,0,0.0
NYM,2024-09-03,3,46,11,4,2,0,0,0,3,9.0,1,6.0
NYM,2024-09-04,5,75,19,4,3,0,0,4,3,15.0,0,12.0
NYM,2024-09-06,3,44,10,6,0,0,0,0,1,10.0,0,10.0
NYM,2024-09-07,3,31,9,4,0,1,0,1,2,7.0,0,0.0
NYM,2024-09-08,3,40,10,4,0,1,0,2,1,7.0,2,7.0
NYM,2024-09-09,4,60,14,5,0,2,0,3,3,9.0,2,9.0
NYM,2024-09-10,3,64,15,3,2,0,0,4,6,11.0,1,0.0
NYM,2024-09-11,4,33,11,1,1,0,0,3,4,7.0,1,4.0
NYM,2024-09-13,2,48,11,3,3,0,1,1,2,6.0,3,0.0
NYM,2024-09-14,3,41,12,4,1,0,0,5,3,6.0,3,6.0
NYM,2024-09-15,2,21,5,2,0,0,0,2,1,4.0,1,4.0
NYM,2024-09-16,3,39,10,4,0,0,0,1,0,9.0,0,9.0
NYM,2024-09-17,3,51,13,3,1,1,0,2,4,9.0,0,0.0
NYM,2024-09-18,2,42,8,2,1,0,0,1,1,6.0,0,0.0
NYM,2024-09-19,4,62,14,5,1,1,0,3,3,9.0,3,0.0
NYM,2024-09-20,5,117,29,5,3,1,2,9,6,16.0,8,0.0
NYM,2024-09-21,2,27,7,2,0,0,0,1,1,6.0,1,1.0
NYM,2024-09-22,3,68,18,6,2,0,0,1,3,15.0,0,15.0
NYM,2024-09-24,4,68,15,3,1,0,1,3,3,12.0,1,0.0
NYM,2024-09-27,4,86,17,7,3,0,1,1,4,13.0,2,0.0
NYM,2024-09-28,4,59,17,9,2,0,0,4,2,11.0,4,8.0
NYM,2024-09-29,2,49,9,4,1,0,0,2,1,6.0,0,0.0
NYM,2024-09-30,6,104,26,5,3,1,0,7,6,16.0,6,6.0
NYM,2024-10-01,2,40,9,4,0,0,0,0,3,9.0,0,0.0
NYM,2024-10-02,3,43,12,1,0,0,2,5,2,9.0,3,9.0
NYM,2024-10-03,3,59,13,4,2,0,2,3,3,9.0,2,9.0
NYM,2024-10-05,4,126,29,5,4,0,0,4,7,21.0,1,15.0
NYM,2024-10-06,3,73,17,4,3,1,0,4,4,9.0,4,9.0
NYM,2024-10-08,2,36,9,2,1,0,0,2,1,6.0,2,0.0
NYM,2024-10-09,3,64,16,5,3,0,0,2,1,12.0,0,3.0
NYM,2024-10-13,4,116,31,6,3,0,0,7,3,20.0,6,0.0
NYM,2024-10-14,3,81,18,4,4,0,0,3,3,12.0,2,0.0
NYM,2024-10-16,2,92,23,5,3,0,3,7,6,13.0,6,3.0
NYM,2024-10-17,3,114,30,9,5,1,1,7,4,17.0,7,0.0
NYM,2024-10-18,3,85,21,8,1,1,2,3,9,16.0,4,0.0
NYM,2024-10-20,6,93,29,2,4,1,1,5,9,18.0,6,0.0
NYM,2025-03-27,2,48,13,3,1,0,0,2,3,10.0,0,0.0
NYM,2025-03-28,4,69,15,4,3,0,0,0,4,12.0,0,12.0
NYM,2025-03-29,2,33,10,2,2,0,0,1,2,7.0,0,7.0
NYM,2025-03-31,2,54,15,3,1,1,0,4,1,9.0,2,0.0
NYM,2025-04-01,1,22,9,1,0,0,0,0,3,9.0,0,9.0
NYM,2025-04-02,7,90,28,5,2,0,0,7,6,19.0,3,18.0
NYM,2025-04-04,3,57,13,6,0,0,0,2,2,11.0,0,2.0
NYM,2025-04-05,3,81,21,5,1,0,0,6,1,15.0,2,15.0
NYM,2025-04-06,4,56,16,5,0,2,0,1,1,13.0,0,13.0
NYM,2025-04-07,3,49,14,4,1,0,0,2,2,12.0,0,12.0
NYM,2025-04-08,4,57,13,4,0,0,1,2,3,11.0,3,1.0
NYM,2025-04-09,5,80,21,5,2,0,1,4,7,15.0,4,13.0
NYM,2025-04-11,4,68,17,4,4,0,0,2,4,11.0,2,7.0
NYM,2025-04-12,1,29,8,2,0,0,0,2,3,6.0,1,6.0
NYM,2025-04-13,2,29,7,2,0,0,0,1,2,6.0,0,0.0
NYM,2025-04-14,3,58,13,5,1,0,0,1,3,12.0,0,3.0
NYM,2025-04-15,2,56,13,2,0,1,1,5,1,9.0,2,4.0
NYM,2025-04-16,6,148,35,11,3,0,0,9,6,27.0,4,23.0
NYM,2025-04-17,3,56,11,3,2,0,0,0,3,9.0,0,0.0
NYM,2025-04-18,3,57,12,6,0,0,1,1,5,11.0,1,11.0
NYM,2025-04-19,3,51,13,2,3,0,0,0,0,10.0,0,7.0
NYM,2025-04-20,3,57,14,5,1,0,0,4,1,9.0,3,6.0
NYM,2025-04-21,3,59,17,3,0,0,1,6,7,11.0,4,7.0
NYM,2025-04-22,4,66,14,3,3,0,0,1,4,12.0,0,6.0
NYM,2025-04-23,5,80,19,5,3,0,0,3,5,14.0,1,14.0
NYM,2025-04-25,4,51,14,2,0,0,0,7,1,9.0,3,7.0
NYM,2025-04-26,5,81,17,8,2,0,0,3,2,12.0,0,12.0
NYM,2025-04-27,3,62,16,2,2,1,1,6,2,8.0,6,7.0
NYM,2025-04-28,2,80,21,4,1,0,2,8,6,12.0,5,0.0
NYM,2025-04-29,2,71,17,5,1,0,0,3,4,12.0,2,0.0
NYM,2025-04-30,3,112,30,6,1,0,0,8,5,21.0,4,20.0
NYM,2025-05-01,4,87,22,5,2,0,2,4,10,15.0,3,15.0
NYM,2025-05-02,2,32,10,2,1,0,0,1,0,9.0,0,0.0
NYM,2025-05-04,7,122,33,6,2,1,0,7,11,22.0,1,12.0
NYM,2025-05-05,4,66,16,4,3,0,0,3,5,12.0,3,8.0
NYM,2025-05-06,1,39,9,0,1,0,0,3,3,6.0,1,0.0
NYM,2025-05-07,3,45,13,2,0,0,1,4,4,9.0,1,0.0
NYM,2025-05-09,4,60,13,6,2,0,1,2,2,9.0,1,0.0
NYM,2025-05-10,4,60,17,3,2,0,0,2,7,13.0,2,12.0
NYM,2025-05-11,3,42,11,2,1,0,0,1,1,9.0,1,6.0
NYM,2025-05-12,3,50,12,1,1,0,0,1,2,9.0,2,9.0
NYM,2025-05-13,4,61,15,4,3,0,0,1,2,10.0,1,10.0
NYM,2025-05-14,2,48,12,5,1,0,0,2,4,9.0,0,0.0
NYM,2025-05-16,3,70,22,2,2,0,0,4,5,16.0,2,0.0
NYM,2025-05-17,3,60,14,3,3,0,0,1,0,11.0,0,11.0
NYM,2025-05-18,3,78,15,3,4,0,1,4,1,6.0,6,5.0
NYM,2025-05-19,2,36,9,0,1,0,0,3,3,6.0,0,6.0
NYM,2025-05-20,1,30,7,2,0,0,0,1,2,6.0,0,6.0
NYM,2025-05-21,3,62,15,6,1,0,0,2,3,13.0,0,4.0
NYM,2025-05-23,8,145,43,10,4,2,0,9,8,31.0,7,17.0
NYM,2025-05-24,1,16,4,3,0,0,0,0,0,4.0,0,1.0
NYM,2025-05-25,3,41,11,2,0,0,0,1,5,11.0,0,11.0
NYM,2025-05-26,4,60,14,3,4,0,0,0,5,10.0,0,10.0
NYM,2025-05-27,3,62,16,4,1,1,0,4,4,10.0,1,7.0
NYM,2025-05-28,2,112,28,3,2,0,1,8,11,18.0,4,8.0
NYM,2025-05-30,3,49,11,6,0,0,1,1,3,10.0,1,10.0
NYM,2025-05-31,2,38,10,2,2,0,0,1,1,8.0,0,0.0
NYM,2025-06-01,2,34,8,5,0,0,0,2,0,6.0,0,6.0
NYM,2025-06-02,6,113,24,7,3,0,1,6,6,15.0,3,15.0
NYM,2025-06-03,4,63,16,5,3,0,1,3,3,12.0,2,12.0
NYM,2025-06-04,2,48,13,3,0,1,1,3,4,9.0,1,0.0
NYM,2025-06-05,2,29,8,1,2,0,0,2,2,3.0,3,3.0
NYM,2025-06-06,3,49,12,2,1,0,0,4,2,9.0,1,9.0
NYM,2025-06-07,2,39,9,3,0,0,0,1,3,9.0,0,0.0
NYM,2025-06-08,1,71,19,3,1,0,0,7,2,12.0,3,0.0
NYM,2025-06-10,5,64,17,7,2,1,0,1,2,14.0,0,14.0
NYM,2025-06-12,4,58,16,1,1,0,0,6,5,10.0,2,3.0
NYM,2025-06-13,3,68,22,1,1,0,1,10,6,12.0,6,11.0
NYM,2025-06-14,4,79,21,6,1,0,0,5,5,16.0,2,0.0
NYM,2025-06-15,4,96,23,6,4,0,1,5,6,14.0,5,0.0
NYM,2025-06-17,3,50,12,2,2,0,0,2,4,9.0,4,7.0
NYM,2025-06-18,4,72,18,3,2,0,1,3,5,13.0,2,0.0
NYM,2025-06-19,2,67,17,1,3,0,0,4,2,10.0,5,2.0
NYM,2025-06-20,4,89,24,4,2,0,1,9,4,13.0,9,7.0
NYM,2025-06-21,3,52,14,3,0,1,0,2,4,12.0,0,0.0
NYM,2025-06-22,3,65,16,4,0,0,0,4,3,12.0,2,0.0
NYM,2025-06-23,4,84,17,8,1,0,0,3,2,13.0,0,9.0
NYM,2025-06-24,5,109,24,4,6,1,0,5,1,12.0,7,7.0
NYM,2025-06-25,5,73,17,5,3,0,0,3,2,12.0,2,0.0
NYM,2025-06-26,4,83,21,8,0,0,0,2,7,19.0,0,13.0
NYM,2025-06-27,1,73,18,1,2,0,1,5,3,10.0,4,0.0
NYM,2025-06-28,5,127,32,6,5,0,0,6,5,21.0,7,20.0
NYM,2025-06-29,3,66,21,4,1,1,2,9,4,12.0,6,0.0
NYM,2025-07-02,7,216,55,12,6,0,4,14,17,35.0,9,4.0
NYM,2025-07-03,2,31,7,5,0,0,0,1,0,7.0,0,7.0
NYM,2025-07-04,3,82,19,5,3,0,1,3,3,14.0,2,14.0
NYM,2025-07-05,4,85,16,5,2,0,1,4,1,10.0,2,2.0
NYM,2025-07-06,4,136,33,6,1,0,2,11,9,21.0,6,14.0
NYM,2025-07-08,5,67,18,3,1,1,1,2,3,15.0,1,9.0
NYM,2025-07-10,5,125,32,4,6,0,1,6,7,18.0,7,10.0
NYM,2025-07-11,4,75,20,2,0,0,1,6,9,15.0,3,12.0
NYM,2025-07-12,3,60,14,1,2,1,0,0,2,12.0,0,12.0
NYM,2025-07-13,1,65,15,7,0,0,0,5,2,12.0,1,12.0
NYM,2025-07-18,2,112,29,4,5,2,3,7,9,15.0,7,4.0
NYM,2025-07-19,4,48,13,4,0,0,0,2,3,11.0,2,1.0
NYM,2025-07-20,4,63,15,3,2,1,0,3,3,9.0,1,9.0
NYM,2025-07-21,5,83,24,5,1,1,0,5,6,18.0,1,13.0
NYM,2025-07-22,3,58,13,5,0,0,0,3,2,10.0,0,10.0
NYM,2025-07-23,4,92,20,4,3,2,0,3,3,12.0,2,0.0
NYM,2025-07-25,3,56,15,7,0,0,0,3,3,12.0,0,0.0
NYM,2025-07-26,3,36,10,3,0,0,0,1,2,9.0,0,9.0
NYM,2025-07-27,5,85,17,6,2,1,0,2,2,12.0,0,12.0
NYM,2025-07-28,4,89,22,6,2,0,0,6,3,14.0,4,14.0
NYM,2025-07-29,2,61,17,1,3,0,1,6,4,9.0,6,4.0
NYM,2025-07-30,4,65,17,5,3,0,0,1,4,13.0,1,0.0
NYM,2025-08-01,4,76,20,7,2,0,0,6,1,12.0,2,10.0
NYM,2025-08-02,5,96,20,4,0,0,1,5,6,15.0,2,6.0
NYM,2025-08-03,3,92,22,6,3,0,1,6,8,15.0,5,0.0
NYM,2025-08-04,5,66,17,6,1,0,0,2,4,13.0,2,12.0
NYM,2025-08-05,4,58,17,3,0,2,0,3,1,12.0,1,12.0
NYM,2025-08-06,2,41,11,2,0,0,0,2,4,9.0,0,0.0
NYM,2025-08-08,4,70,16,5,2,1,0,2,1,11.0,1,11.0
NYM,2025-08-09,6,132,31,4,2,0,2,6,7,21.0,7,17.0
NYM,2025-08-10,5,81,18,2,1,0,2,6,7,15.0,4,15.0
NYM,2025-08-12,2,74,20,5,1,1,0,2,8,16.0,0,1.0
NYM,2025-08-13,2,85,22,5,2,0,2,3,5,17.0,7,1.0
NYM,2025-08-14,3,47,15,1,1,0,0,4,5,10.0,3,10.0
NYM,2025-08-15,5,90,25,2,3,0,0,10,5,12.0,7,8.0
NYM,2025-08-16,2,53,13,4,0,0,1,2,3,11.0,1,7.0
NYM,2025-08-17,4,81,19,4,2,0,1,5,4,12.0,2,0.0
NYM,2025-08-19,1,12,4,0,0,0,0,1,2,3.0,0,0.0
NYM,2025-08-20,3,32,10,1,1,0,0,1,3,9.0,0,9.0
NYM,2025-08-21,3,70,17,6,2,0,1,6,3,10.0,7,8.0
NYM,2025-08-22,2,52,13,1,1,0,0,6,2,6.0,5,0.0
NYM,2025-08-23,3,54,11,4,1,0,0,2,1,8.0,0,0.0
NYM,2025-08-24,3,41,12,1,1,1,0,3,3,7.0,2,7.0
NYM,2025-08-25,5,62,15,2,1,0,0,0,4,15.0,0,6.0
NYM,2025-08-26,5,92,21,7,3,0,1,5,1,13.0,5,12.0
NYM,2025-08-27,1,14,4,1,0,0,0,1,2,3.0,0,0.0
NYM,2025-08-28,3,72,18,3,2,0,0,4,6,12.0,3,5.0
NYM,2025-08-29,4,86,22,4,1,0,2,9,8,12.0,5,0.0
NYM,2025-08-30,5,117,28,9,2,1,0,5,4,21.0,4,13.0
NYM,2025-08-31,1,58,17,4,2,0,0,3,5,13.0,0,0.0
NYM,2025-09-01,6,71,23,4,1,0,0,6,6,16.0,2,8.0
NYM,2025-09-02,2,49,15,1,2,0,0,5,4,9.0,3,0.0
NYM,2025-09-03,3,59,16,3,1,0,1,5,4,10.0,5,4.0
NYM,2025-09-05,4,67,16,7,3,0,0,2,2,11.0,0,11.0
NYM,2025-09-06,2,38,11,1,2,0,0,3,3,6.0,2,1.0
NYM,2025-09-07,2,28,7,2,0,0,0,1,1,6.0,0,6.0
NYM,2025-09-08,3,29,8,3,0,0,0,0,2,8.0,0,8.0
NYM,2025-09-09,1,75,17,3,0,0,1,8,3,9.0,5,0.0
NYM,2025-09-10,3,82,23,7,1,2,2,8,4,12.0,8,0.0
NYM,2025-09-11,4,52,15,2,2,0,0,4,3,9.0,3,9.0
NYM,2025-09-12,5,119,34,2,2,1,1,7,11,25.0,2,0.0
NYM,2025-09-13,3,49,16,3,1,0,0,5,3,9.0,3,9.0
NYM,2025-09-14,5,53,17,1,2,1,0,3,5,12.0,2,12.0
NYM,2025-09-16,1,71,19,4,0,0,1,4,4,15.0,1,0.0
NYM,2025-09-17,4,67,19,3,2,1,1,6,3,12.0,1,5.0
NYM,2025-09-18,4,49,14,2,0,0,0,2,5,12.0,0,0.0
NYM,2025-09-19,6,72,19,5,0,0,1,4,2,15.0,2,8.0
NYM,2025-09-20,5,71,21,6,1,0,1,2,2,18.0,2,9.0
NYM,2025-09-21,4,94,23,9,0,0,0,5,4,18.0,0,18.0
NYM,2025-09-23,6,132,31,10,3,0,0,4,2,23.0,2,15.0
NYM,2025-09-24,4,85,24,5,1,0,2,4,5,18.0,5,0.0
NYM,2025-09-25,4,49,12,3,0,0,0,2,6,11.0,0,0.0
NYM,2025-09-26,3,61,15,4,0,0,1,5,4,10.0,3,0.0
NYM,2025-09-27,3,37,10,3,0,1,0,0,3,9.0,0,0.0
NYM,2025-09-28,7,104,30,3,1,1,0,9,8,19.0,4,6.0
NYY,2024-03-28,3,47,18,2,0,0,0,8,2,12.0,0,12.0
NYY,2024-03-29,5,71,18,2,3,0,0,2,7,14.0,0,8.0
NYY,2024-03-30,2,31,10,2,0,1,0,0,2,9.0,0,9.0
NYY,2024-03-31,4,58,18,3,2,0,0,5,2,11.0,1,11.0
NYY,2024-04-01,3,78,19,1,1,1,0,3,8,13.0,1,0.0
NYY,2024-04-02,2,62,15,5,2,0,1,3,3,9.0,3,0.0
NYY,2024-04-03,4,78,21,8,1,1,0,2,1,17.0,3,17.0
NYY,2024-04-05,3,78,16,2,3,0,1,4,2,9.0,1,7.0
NYY,2024-04-06,4,102,24,2,3,1,1,6,6,14.0,6,1.0
NYY,2024-04-07,4,78,21,3,2,1,0,3,7,14.0,2,1.0
NYY,2024-04-08,1,4,3,0,0,0,0,0,0,3.0,0,0.0
NYY,2024-04-09,2,24,10,1,1,0,0,0,2,9.0,2,8.0
NYY,2024-04-10,3,64,16,1,2,0,0,2,4,12.0,1,2.0
NYY,2024-04-13,5,103,26,6,3,0,1,3,8,21.0,3,10.0
NYY,2024-04-14,5,92,23,7,1,0,1,4,5,18.0,5,18.0
NYY,2024-04-15,2,35,10,2,1,0,0,1,4,9.0,0,9.0
NYY,2024-04-16,3,82,18,4,3,0,0,3,3,12.0,1,10.0
NYY,2024-04-17,4,59,16,3,2,0,1,3,5,11.0,2,10.0
NYY,2024-04-19,3,63,16,1,1,0,0,7,2,11.0,2,11.0
NYY,2024-04-20,3,52,12,5,0,0,0,3,1,9.0,2,9.0
NYY,2024-04-21,3,70,16,3,2,0,0,3,1,10.0,3,4.0
NYY,2024-04-22,3,53,12,4,2,1,1,3,2,6.0,2,6.0
NYY,2024-04-23,4,52,12,4,1,0,0,0,4,11.0,0,11.0
NYY,2024-04-24,2,41,11,3,0,0,0,0,6,11.0,0,2.0
NYY,2024-04-25,2,28,7,1,1,0,0,1,0,6.0,0,6.0
NYY,2024-04-26,5,78,20,5,1,0,0,3,4,18.0,3,18.0
NYY,2024-04-27,2,44,14,2,2,0,0,3,0,9.0,2,0.0
NYY,2024-04-28,5,103,24,5,3,1,0,5,4,15.0,1,3.0
NYY,2024-04-29,3,31,10,1,0,1,0,1,5,7.0,1,7.0
NYY,2024-04-30,1,25,7,3,0,0,0,1,2,6.0,0,6.0
NYY,2024-05-01,3,40,11,5,1,1,0,1,1,8.0,0,8.0
NYY,2024-05-02,2,48,12,3,0,1,0,0,3,12.0,1,0.0
NYY,2024-05-03,3,54,15,1,2,0,0,2,2,11.0,0,11.0
NYY,2024-05-04,3,73,15,7,1,0,0,3,2,12.0,0,12.0
NYY,2024-05-05,3,35,8,2,1,0,0,2,1,5.0,2,2.0
NYY,2024-05-07,2,52,13,0,2,0,0,2,1,9.0,2,0.0
NYY,2024-05-08,3,40,12,1,0,0,1,4,3,8.0,2,0.0
NYY,2024-05-09,3,52,13,5,1,0,0,2,2,10.0,0,10.0
NYY,2024-05-10,3,49,10,5,2,0,0,1,1,7.0,0,7.0
NYY,2024-05-11,3,59,13,3,2,0,0,3,2,8.0,3,3.0
NYY,2024-05-12,4,85,19,5,3,2,2,5,3,9.0,6,2.0
NYY,2024-05-14,2,28,10,2,0,0,0,1,5,9.0,0,0.0
NYY,2024-05-15,2,44,11,4,1,0,0,2,2,9.0,0,0.0
NYY,2024-05-16,1,12,3,0,0,0,0,0,1,3.0,0,0.0
NYY,2024-05-17,3,42,10,4,1,0,0,3,0,6.0,1,6.0
NYY,2024-05-18,2,34,10,2,0,0,0,1,5,9.0,0,0.0
NYY,2024-05-19,2,52,12,2,1,0,0,2,2,9.0,0,0.0
NYY,2024-05-20,3,44,11,1,2,0,0,4,3,5.0,4,4.0
NYY,2024-05-21,5,78,19,5,0,1,3,6,7,12.0,4,6.0
NYY,2024-05-22,3,77,17,5,2,0,1,3,2,12.0,3,2.0
NYY,2024-05-23,3,51,13,4,2,1,0,2,1,8.0,0,2.0
NYY,2024-05-24,2,37,8,4,0,0,0,0,1,9.0,0,0.0
NYY,2024-05-25,2,48,12,2,2,0,1,1,2,9.0,1,0.0
NYY,2024-05-26,4,59,16,1,2,0,0,6,3,9.0,5,2.0
NYY,2024-05-28,3,38,12,3,0,0,0,4,1,8.0,2,8.0
NYY,2024-05-29,1,14,4,0,1,0,0,1,0,3.0,0,3.0
NYY,2024-05-30,4,59,13,2,2,1,0,1,2,9.0,1,0.0
NYY,2024-05-31,1,20,6,1,0,0,0,1,2,5.0,0,0.0
NYY,2024-06-01,4,65,16,6,2,0,0,2,3,12.0,0,6.0
NYY,2024-06-02,4,66,20,3,1,1,0,4,4,14.0,2,14.0
NYY,2024-06-04,3,38,10,3,0,0,1,1,5,9.0,1,5.0
NYY,2024-06-05,2,42,12,3,0,0,1,3,2,9.0,3,0.0
NYY,2024-06-06,5,79,19,4,2,0,0,4,5,13.0,1,1.0
NYY,2024-06-07,6,102,25,6,3,1,0,2,3,19.0,2,19.0
NYY,2024-06-08,4,101,21,5,6,0,1,4,4,11.0,8,6.0
NYY,2024-06-09,3,59,14,3,1,0,0,4,2,10.0,1,10.0
NYY,2024-06-10,2,37,9,5,1,0,0,2,1,6.0,1,4.0
NYY,2024-06-11,2,55,14,3,2,1,1,1,4,10.0,1,0.0
NYY,2024-06-12,4,74,21,3,3,0,0,7,2,11.0,4,0.0
NYY,2024-06-13,2,44,10,1,2,0,0,3,2,6.0,2,6.0
NYY,2024-06-14,4,78,16,8,3,0,0,1,2,12.0,0,0.0
NYY,2024-06-15,2,62,15,4,2,0,0,5,3,9.0,2,2.0
NYY,2024-06-16,5,74,18,2,2,1,0,7,3,9.0,5,4.0
NYY,2024-06-18,3,43,12,2,1,0,1,3,3,9.0,2,3.0
NYY,2024-06-19,6,122,30,4,2,2,1,8,8,18.0,5,11.0
NYY,2024-06-20,7,147,43,6,5,1,2,12,6,23.0,10,0.0
NYY,2024-06-21,2,85,23,6,3,1,0,3,6,16.0,0,0.0
NYY,2024-06-22,3,31,8,3,0,0,0,1,4,7.0,0,0.0
NYY,2024-06-23,2,36,7,5,0,0,0,1,1,6.0,0,6.0
NYY,2024-06-25,4,71,18,3,0,0,0,5,5,12.0,3,3.0
NYY,2024-06-26,3,94,23,1,3,1,2,8,7,11.0,9,0.0
NYY,2024-06-27,2,59,12,4,0,1,1,1,2,9.0,1,0.0
NYY,2024-06-28,4,69,18,4,0,1,2,5,6,14.0,3,4.0
NYY,2024-06-29,4,74,20,5,2,0,0,7,3,11.0,6,2.0
NYY,2024-06-30,3,51,14,4,1,0,0,1,4,12.0,0,0.0
NYY,2024-07-02,4,82,19,5,1,0,1,3,4,15.0,2,9.0
NYY,2024-07-03,3,63,12,5,1,0,0,0,2,11.0,0,6.0
NYY,2024-07-04,3,55,17,4,1,0,0,4,1,12.0,3,0.0
NYY,2024-07-05,3,75,19,4,1,0,2,5,4,12.0,4,12.0
NYY,2024-07-06,2,59,16,5,0,0,0,1,2,14.0,0,2.0
NYY,2024-07-07,2,39,10,4,1,0,2,2,2,7.0,2,5.0
NYY,2024-07-09,3,66,16,6,2,0,0,2,1,12.0,1,6.0
NYY,2024-07-10,4,81,19,6,3,0,0,3,1,14.0,0,14.0
NYY,2024-07-11,3,53,12,7,0,0,0,2,0,11.0,0,11.0
NYY,2024-07-12,3,35,11,1,0,1,0,1,2,9.0,0,6.0
NYY,2024-07-13,2,34,10,0,0,0,0,3,2,9.0,0,0.0
NYY,2024-07-14,5,86,21,7,2,0,1,4,3,15.0,4,15.0
NYY,2024-07-19,3,42,10,4,0,0,0,1,1,9.0,0,0.0
NYY,2024-07-20,2,81,20,4,3,0,1,3,5,14.0,3,0.0
NYY,2024-07-21,4,58,14,3,2,0,2,2,3,11.0,3,5.0
NYY,2024-07-22,2,36,7,0,0,1,0,1,3,6.0,0,0.0
NYY,2024-07-23,4,70,17,5,1,0,1,5,2,12.0,2,12.0
NYY,2024-07-24,3,73,19,2,2,0,2,6,9,10.0,6,0.0
NYY,2024-07-26,4,80,18,7,3,0,1,5,3,10.0,5,9.0
NYY,2024-07-27,6,115,29,9,4,1,2,4,4,20.0,3,17.0
NYY,2024-07-28,2,36,12,4,1,0,0,2,1,8.0,0,0.0
NYY,2024-07-29,2,46,15,1,1,0,0,3,2,11.0,0,0.0
NYY,2024-07-30,6,97,29,5,3,1,0,5,4,20.0,1,20.0
NYY,2024-07-31,4,67,18,3,1,1,0,6,4,11.0,2,10.0
NYY,2024-08-02,4,90,26,7,2,2,0,5,5,19.0,3,3.0
NYY,2024-08-03,5,57,16,5,1,0,0,5,1,11.0,2,0.0
NYY,2024-08-04,5,86,19,5,3,1,0,1,5,13.0,1,13.0
NYY,2024-08-07,7,145,34,8,2,0,1,8,8,26.0,2,0.0
NYY,2024-08-08,4,83,21,3,1,3,0,5,4,13.0,5,0.0
NYY,2024-08-10,6,111,34,5,1,0,1,12,7,21.0,8,1.0
NYY,2024-08-11,4,115,24,8,3,0,2,8,4,12.0,6,4.0
NYY,2024-08-12,2,80,23,1,0,0,1,11,4,12.0,8,0.0
NYY,2024-08-13,3,47,12,2,4,0,0,2,3,6.0,1,0.0
NYY,2024-08-14,2,56,14,2,0,0,0,2,3,12.0,0,6.0
NYY,2024-08-16,3,48,11,3,0,0,0,1,4,9.0,0,3.0
NYY,2024-08-17,4,61,17,5,1,0,0,3,3,14.0,0,0.0
NYY,2024-08-18,4,53,13,5,0,0,0,4,0,12.0,3,12.0
NYY,2024-08-20,8,175,43,9,8,0,0,9,5,27.0,6,25.0
NYY,2024-08-21,1,22,8,1,0,1,1,1,2,6.0,1,0.0
NYY,2024-08-22,3,50,11,4,1,1,0,0,1,9.0,0,0.0
NYY,2024-08-23,3,50,11,4,2,0,0,0,2,9.0,0,0.0
NYY,2024-08-24,5,120,28,8,3,0,2,6,5,18.0,3,0.0
NYY,2024-08-25,4,64,15,3,2,0,0,1,4,12.0,0,6.0
NYY,2024-08-26,3,46,9,0,1,0,1,1,1,7.0,1,0.0
NYY,2024-08-27,3,37,11,2,0,0,0,1,1,9.0,1,0.0
NYY,2024-08-28,2,34,8,2,1,0,0,2,0,7.0,0,0.0
NYY,2024-08-30,3,26,7,1,0,0,1,1,1,6.0,1,3.0
NYY,2024-08-31,4,60,17,4,0,0,0,2,5,15.0,1,3.0
NYY,2024-09-01,6,105,27,4,1,0,2,12,3,15.0,9,5.0
NYY,2024-09-02,3,53,14,3,1,0,1,5,3,9.0,3,0.0
NYY,2024-09-03,4,65,16,3,3,0,1,5,2,9.0,6,8.0
NYY,2024-09-04,5,96,21,5,3,0,0,5,4,13.0,4,0.0
NYY,2024-09-06,3,62,11,6,2,0,0,0,0,9.0,0,0.0
NYY,2024-09-07,1,48,14,3,1,0,0,0,4,13.0,0,13.0
NYY,2024-09-08,2,30,7,3,1,0,0,0,1,6.0,0,6.0
NYY,2024-09-09,3,52,11,5,2,0,0,1,2,9.0,0,3.0
NYY,2024-09-10,2,57,14,4,0,0,1,4,4,11.0,2,0.0
NYY,2024-09-11,5,95,22,6,2,0,0,3,4,18.0,1,18.0
NYY,2024-09-12,4,61,17,5,1,0,0,1,4,15.0,0,15.0
NYY,2024-09-13,2,64,14,7,0,0,1,4,2,10.0,2,8.0
NYY,2024-09-14,2,54,17,3,1,0,0,4,2,14.0,0,0.0
NYY,2024-09-15,5,43,13,4,1,1,0,2,1,11.0,0,5.0
NYY,2024-09-17,2,79,18,4,1,0,1,5,4,12.0,1,0.0
NYY,2024-09-18,4,68,16,8,3,0,1,2,3,12.0,1,12.0
NYY,2024-09-19,3,36,12,2,3,1,0,0,1,9.0,0,9.0
NYY,2024-09-20,1,16,4,3,0,0,0,1,0,3.0,1,3.0
NYY,2024-09-21,2,35,9,4,0,0,0,0,2,9.0,0,0.0
NYY,2024-09-22,4,47,14,5,1,0,0,2,2,11.0,2,7.0
NYY,2024-09-24,4,66,17,2,3,0,2,4,5,11.0,2,8.0
NYY,2024-09-25,3,106,26,8,2,0,0,7,4,17.0,4,0.0
NYY,2024-09-26,3,48,12,2,0,0,0,5,1,7.0,1,0.0
NYY,2024-09-27,4,56,14,3,1,0,1,2,1,11.0,2,11.0
NYY,2024-09-28,3,52,13,7,1,0,1,2,3,10.0,3,1.0
NYY,2024-09-29,5,85,19,8,2,0,0,2,0,15.0,1,15.0
NYY,2024-10-05,4,68,16,3,1,0,0,2,2,12.0,2,12.0
NYY,2024-10-07,7,82,20,8,2,0,0,4,3,16.0,1,1.0
NYY,2024-10-09,3,49,16,1,1,0,0,2,6,13.0,0,13.0
NYY,2024-10-10,2,19,6,3,0,0,0,0,0,6.0,0,6.0
NYY,2024-10-14,3,49,13,5,1,0,0,3,1,9.0,1,0.0
NYY,2024-10-15,4,71,18,3,2,0,1,2,1,14.0,2,8.0
NYY,2024-10-17,6,87,26,3,5,0,2,7,7,16.0,5,16.0
NYY,2024-10-18,5,109,27,7,4,0,0,8,4,15.0,4,11.0
NYY,2024-10-19,4,92,20,5,4,0,0,2,2,16.0,0,13.0
NYY,2024-10-25,5,52,17,0,2,1,1,3,7,12.0,5,12.0
NYY,2024-10-26,4,67,17,3,1,0,0,2,3,14.0,0,0.0
NYY,2024-10-28,7,95,24,4,2,2,0,3,2,19.0,1,0.0
NYY,2024-10-29,5,72,17,7,1,0,0,1,2,15.0,1,12.0
NYY,2024-10-30,4,48,14,3,3,0,0,3,3,7.0,2,7.0
NYY,2025-03-27,4,86,16,6,2,0,0,3,2,11.0,1,7.0
NYY,2025-03-29,3,71,19,5,0,0,1,6,3,13.0,3,0.0
NYY,2025-03-30,4,57,15,7,1,0,0,1,4,13.0,0,4.0
NYY,2025-04-01,5,63,19,7,3,0,1,4,3,12.0,5,8.0
NYY,2025-04-02,1,44,12,1,3,0,0,0,3,9.0,0,0.0
NYY,2025-04-03,4,69,17,4,3,0,1,3,5,11.0,4,9.0
NYY,2025-04-04,3,60,15,5,2,0,1,3,5,10.0,3,0.0
NYY,2025-04-05,4,71,16,7,2,0,0,1,1,15.0,0,0.0
NYY,2025-04-06,4,105,24,7,4,0,0,1,7,21.0,1,9.0
NYY,2025-04-07,2,30,9,2,2,0,0,1,0,6.0,1,0.0
NYY,2025-04-08,3,49,14,6,0,0,1,3,4,11.0,1,0.0
NYY,2025-04-09,3,47,11,3,2,0,0,3,3,6.0,2,4.0
NYY,2025-04-11,4,117,24,6,8,0,0,2,2,16.0,3,0.0
NYY,2025-04-12,4,98,22,6,4,1,0,4,5,12.0,2,0.0
NYY,2025-04-13,3,64,14,6,2,0,0,1,2,10.0,1,10.0
NYY,2025-04-14,4,62,15,4,2,0,0,1,3,12.0,0,0.0
NYY,2025-04-15,2,27,7,2,0,0,0,0,2,7.0,0,7.0
NYY,2025-04-16,2,42,11,4,1,0,0,1,1,10.0,0,10.0
NYY,2025-04-17,4,105,30,6,1,0,1,8,5,22.0,2,10.0
NYY,2025-04-18,3,46,9,6,0,0,0,1,3,9.0,0,9.0
NYY,2025-04-19,5,67,21,3,2,0,1,4,4,18.0,6,17.0
NYY,2025-04-20,1,26,6,1,3,0,0,0,1,4.0,0,0.0
NYY,2025-04-21,2,61,17,0,1,1,0,3,6,12.0,1,3.0
NYY,2025-04-22,3,41,13,1,1,0,0,3,3,9.0,2,9.0
NYY,2025-04-23,2,22,7,2,0,0,0,1,3,6.0,0,0.0
NYY,2025-04-25,5,54,18,0,0,1,1,6,3,12.0,4,12.0
NYY,2025-04-27,6,97,28,8,1,0,0,7,5,21.0,1,3.0
NYY,2025-04-28,2,67,16,4,1,0,0,2,2,14.0,0,3.0
NYY,2025-04-29,2,36,12,4,2,0,0,1,1,9.0,1,0.0
NYY,2025-04-30,4,69,19,7,3,0,0,2,2,14.0,1,14.0
NYY,2025-05-02,2,19,6,3,0,0,0,0,0,6.0,0,0.0
NYY,2025-05-03,4,99,23,6,3,0,0,4,2,15.0,2,15.0
NYY,2025-05-04,2,78,24,4,2,0,0,9,8,13.0,2,3.0
NYY,2025-05-05,4,49,13,2,3,0,0,3,1,7.0,4,4.0
NYY,2025-05-06,4,47,14,2,1,0,0,3,2,9.0,1,3.0
NYY,2025-05-07,3,56,14,3,3,1,0,1,4,9.0,2,9.0
NYY,2025-05-09,2,26,8,1,0,0,0,3,1,5.0,2,0.0
NYY,2025-05-10,4,52,14,4,2,0,1,6,4,6.0,7,5.0
NYY,2025-05-11,2,55,14,2,2,0,0,1,2,12.0,0,0.0
NYY,2025-05-12,4,50,13,4,1,0,1,3,3,9.0,3,0.0
NYY,2025-05-13,5,68,17,8,0,0,0,2,3,18.0,1,18.0
NYY,2025-05-14,4,64,15,6,1,1,0,2,3,12.0,0,12.0
NYY,2025-05-16,5,73,17,6,2,0,0,3,2,12.0,1,0.0
NYY,2025-05-17,3,45,13,1,1,1,0,3,2,9.0,1,9.0
NYY,2025-05-18,3,49,11,3,1,0,0,0,1,9.0,0,6.0
NYY,2025-05-20,4,56,14,4,1,0,1,3,5,10.0,2,1.0
NYY,2025-05-21,5,85,21,3,2,1,2,7,2,12.0,2,12.0
NYY,2025-05-22,3,39,11,4,0,0,0,2,2,9.0,0,9.0
NYY,2025-05-23,3,36,12,2,0,0,0,2,4,10.0,2,10.0
NYY,2025-05-24,1,23,7,3,0,0,0,2,0,5.0,0,0.0
NYY,2025-05-25,4,94,23,6,2,0,1,6,3,15.0,2,15.0
NYY,2025-05-26,3,52,13,4,1,0,0,3,3,9.0,0,0.0
NYY,2025-05-27,2,31,9,1,0,0,1,3,3,6.0,2,3.0
NYY,2025-05-28,3,47,11,4,1,0,0,1,2,9.0,0,9.0
NYY,2025-05-30,4,60,15,1,2,0,0,4,2,9.0,4,5.0
NYY,2025-05-31,7,130,37,3,3,0,4,15,14,20.0,11,0.0
NYY,2025-06-01,3,46,11,5,0,0,2,2,3,9.0,2,0.0
NYY,2025-06-03,2,46,9,1,1,0,0,2,3,6.0,1,6.0
NYY,2025-06-04,3,43,14,4,0,0,1,5,3,10.0,1,0.0
NYY,2025-06-05,3,40,12,3,0,0,0,2,5,9.0,0,3.0
NYY,2025-06-06,4,56,16,6,0,2,1,3,3,11.0,4,0.0
NYY,2025-06-07,3,78,21,5,3,0,0,5,1,15.0,2,0.0
NYY,2025-06-08,5,89,22,4,2,0,3,9,4,12.0,6,5.0
NYY,2025-06-10,2,46,11,1,2,0,0,3,5,6.0,0,0.0
NYY,2025-06-11,4,52,15,2,0,0,1,6,3,9.0,3,0.0
NYY,2025-06-12,4,48,12,1,1,0,0,1,2,10.0,0,10.0
NYY,2025-06-13,4,73,20,6,3,0,0,2,6,16.0,1,16.0
NYY,2025-06-14,1,32,9,1,1,0,0,0,2,9.0,1,6.0
NYY,2025-06-15,1,20,4,2,1,0,0,0,0,3.0,0,3.0
NYY,2025-06-16,3,53,15,4,2,0,0,3,3,10.0,1,10.0
NYY,2025-06-17,2,38,14,2,1,1,0,2,3,9.0,1,0.0
NYY,2025-06-18,4,73,19,4,4,0,0,3,2,11.0,1,11.0
NYY,2025-06-19,3,40,11,3,0,1,0,1,2,9.0,0,6.0
NYY,2025-06-20,4,55,13,4,1,0,1,4,1,9.0,2,9.0
NYY,2025-06-21,1,36,8,1,1,0,0,1,2,6.0,0,0.0
NYY,2025-06-22,3,44,11,4,2,0,0,1,2,8.0,0,8.0
NYY,2025-06-23,3,74,16,4,1,0,1,5,5,11.0,3,0.0
NYY,2025-06-24,5,86,21,2,2,0,0,7,5,15.0,5,14.0
NYY,2025-06-25,2,22,6,3,0,0,0,0,1,6.0,0,0.0
NYY,2025-06-27,4,53,13,4,0,0,0,2,3,12.0,0,0.0
NYY,2025-06-28,2,69,16,2,3,0,0,4,4,9.0,3,0.0
NYY,2025-06-29,5,86,19,4,4,1,0,2,3,12.0,4,0.0
NYY,2025-06-30,3,41,13,2,0,0,0,5,1,9.0,4,9.0
NYY,2025-07-01,4,77,16,4,4,0,1,5,2,6.0,8,1.0
NYY,2025-07-02,3,60,17,4,3,0,1,3,5,12.0,2,12.0
NYY,2025-07-03,4,110,24,5,2,0,2,7,3,15.0,5,8.0
NYY,2025-07-04,4,52,13,2,1,0,2,3,6,9.0,3,9.0
NYY,2025-07-05,3,61,16,4,2,1,1,5,2,9.0,5,0.0
NYY,2025-07-06,4,53,15,2,1,1,0,4,0,12.0,2,12.0
NYY,2025-07-08,4,66,14,2,2,0,1,3,2,10.0,3,1.0
NYY,2025-07-09,3,53,15,7,0,1,2,3,5,11.0,4,2.0
NYY,2025-07-10,4,70,19,5,2,0,1,3,7,15.0,3,11.0
NYY,2025-07-11,1,11,4,1,0,0,0,1,1,3.0,0,0.0
NYY,2025-07-12,5,62,20,3,1,0,1,2,7,18.0,1,0.0
NYY,2025-07-13,4,62,16,7,0,0,1,4,4,11.0,3,4.0
NYY,2025-07-18,3,110,30,6,3,0,1,6,4,21.0,4,0.0
NYY,2025-07-19,5,109,27,5,5,1,0,5,6,16.0,4,9.0
NYY,2025-07-20,3,37,11,3,0,0,1,2,5,9.0,1,3.0
NYY,2025-07-21,2,47,10,0,1,0,0,0,3,9.0,0,0.0
NYY,2025-07-22,5,72,18,3,1,0,0,4,5,12.0,2,12.0
NYY,2025-07-23,3,28,13,1,1,0,1,4,4,8.0,3,2.0
NYY,2025-07-25,4,78,21,2,2,0,2,9,4,10.0,10,4.0
NYY,2025-07-26,3,104,28,4,3,0,1,8,1,16.0,5,0.0
NYY,2025-07-27,4,50,12,4,0,0,0,1,4,11.0,0,11.0
NYY,2025-07-28,5,70,19,4,1,0,0,4,5,14.0,1,14.0
NYY,2025-07-29,2,36,11,1,1,0,0,3,1,7.0,1,6.0
NYY,2025-07-30,5,76,20,5,2,0,1,3,5,15.0,3,15.0
NYY,2025-07-31,2,46,13,6,0,0,0,1,2,12.0,0,0.0
NYY,2025-08-01,5,100,26,3,3,1,2,10,4,13.0,11,12.0
NYY,2025-08-02,3,36,9,3,1,0,0,0,1,9.0,0,9.0
NYY,2025-08-03,2,73,19,5,2,0,1,4,5,14.0,4,0.0
NYY,2025-08-04,5,74,17,5,1,0,2,2,5,15.0,4,15.0
NYY,2025-08-05,4,66,15,2,2,0,0,5,3,9.0,2,9.0
NYY,2025-08-06,4,74,17,6,3,0,0,2,2,12.0,0,12.0
NYY,2025-08-08,4,76,21,4,3,0,1,3,4,15.0,3,14.0
NYY,2025-08-09,4,61,15,4,3,0,0,1,3,11.0,2,11.0
NYY,2025-08-10,3,80,19,7,3,0,1,4,5,12.0,3,0.0
NYY,2025-08-11,2,33,7,4,0,0,0,0,1,7.0,0,1.0
NYY,2025-08-12,2,20,6,3,0,0,0,0,1,6.0,0,0.0
NYY,2025-08-13,5,81,20,4,2,0,0,6,6,12.0,3,2.0
NYY,2025-08-15,4,54,15,6,2,1,0,2,1,11.0,1,7.0
NYY,2025-08-16,4,66,15,6,0,0,1,4,2,12.0,1,3.0
NYY,2025-08-17,4,56,16,3,2,0,1,1,5,13.0,1,10.0
NYY,2025-08-19,3,53,16,1,1,2,0,3,5,9.0,1,0.0
NYY,2025-08-20,3,71,16,8,1,0,1,5,2,10.0,4,9.0
NYY,2025-08-21,5,89,23,2,4,0,1,6,3,12.0,4,11.0
NYY,2025-08-22,3,51,13,2,1,0,0,2,4,9.0,1,9.0
NYY,2025-08-23,2,94,25,4,2,0,1,10,4,15.0,6,0.0
NYY,2025-08-24,3,55,14,7,0,0,0,4,2,10.0,2,0.0
NYY,2025-08-25,2,54,15,4,2,0,1,5,1,9.0,5,0.0
NYY,2025-08-26,4,58,15,7,0,1,0,3,1,12.0,0,3.0
NYY,2025-08-27,1,27,8,0,0,0,1,2,3,6.0,1,0.0
NYY,2025-08-28,4,46,12,7,0,0,0,0,2,12.0,0,6.0
NYY,2025-08-29,3,56,15,2,1,0,0,5,6,9.0,1,0.0
NYY,2025-08-30,4,70,19,5,0,0,0,4,4,15.0,2,13.0
NYY,2025-08-31,2,25,8,2,0,0,1,1,1,8.0,1,8.0
NYY,2025-09-02,1,30,6,4,0,0,0,1,0,6.0,0,0.0
NYY,2025-09-03,4,81,19,4,4,0,0,6,1,9.0,4,8.0
NYY,2025-09-04,3,69,17,7,1,0,1,7,3,9.0,2,3.0
NYY,2025-09-05,3,107,29,5,2,0,1,6,7,22.0,3,0.0
NYY,2025-09-06,3,54,12,4,1,0,0,2,4,9.0,0,9.0
NYY,2025-09-07,2,34,8,1,1,0,0,2,1,6.0,0,6.0
NYY,2025-09-09,4,96,24,3,6,1,0,7,3,9.0,9,0.0
NYY,2025-09-10,5,73,20,2,0,0,3,11,5,9.0,9,2.0
NYY,2025-09-11,1,49,14,2,2,0,1,3,5,9.0,2,0.0
NYY,2025-09-12,3,53,12,6,1,0,1,2,2,9.0,1,0.0
NYY,2025-09-13,4,50,12,4,0,0,1,1,5,11.0,1,11.0
NYY,2025-09-14,3,43,10,3,0,0,0,2,1,9.0,0,6.0
NYY,2025-09-15,3,47,11,1,2,0,0,4,1,6.0,5,0.0
NYY,2025-09-16,5,59,19,4,0,0,2,6,5,13.0,5,10.0
NYY,2025-09-17,4,54,15,6,0,0,0,2,3,13.0,0,7.0
NYY,2025-09-18,1,26,7,2,1,0,0,0,0,6.0,0,0.0
NYY,2025-09-19,4,35,12,2,1,0,0,3,3,8.0,2,7.0
NYY,2025-09-20,2,21,6,3,0,0,0,0,2,6.0,0,0.0
NYY,2025-09-21,6,84,20,7,5,0,0,1,3,14.0,0,11.0
NYY,2025-09-23,3,45,12,2,0,0,0,3,3,9.0,0,9.0
NYY,2025-09-24,2,24,7,1,0,0,0,1,3,6.0,0,0.0
NYY,2025-09-25,3,49,11,3,1,0,0,1,2,9.0,0,9.0
NYY,2025-09-26,5,82,19,6,5,0,0,1,1,12.0,0,3.0
NYY,2025-09-27,1,26,7,3,0,0,1,1,2,6.0,1,0.0
NYY,2025-09-28,4,70,16,4,2,0,0,2,2,12.0,0,12.0
NYY,2025-09-30,5,59,15,2,3,0,0,4,3,8.0,3,8.0
NYY,2025-10-01,3,49,10,3,0,0,0,2,4,9.0,0,9.0
NYY,2025-10-02,1,14,4,1,1,0,0,0,1,3.0,0,0.0
NYY,2025-10-04,5,103,28,0,2,0,1,10,6,16.0,8,11.0
NYY,2025-10-05,2,85,23,4,1,0,4,7,10,15.0,8,0.0
NYY,2025-10-07,5,95,23,9,0,0,0,3,3,20.0,0,6.0
NYY,2025-10-08,3,55,14,4,1,1,0,4,2,8.0,3,1.0
PHI,2024-03-29,5,86,22,5,5,0,0,8,2,9.0,8,5.0
PHI,2024-03-30,5,85,21,2,2,0,2,7,6,14.0,5,0.0
PHI,2024-03-31,5,66,16,7,0,0,0,4,4,12.0,1,12.0
PHI,2024-04-01,6,97,22,9,4,0,1,3,3,15.0,6,12.0
PHI,2024-04-02,1,73,18,4,0,0,0,5,0,12.0,3,6.0
PHI,2024-04-03,3,41,11,5,0,0,0,3,0,9.0,1,7.0
PHI,2024-04-05,3,46,11,3,1,0,0,0,5,10.0,0,0.0
PHI,2024-04-06,3,54,11,2,2,0,0,0,2,9.0,0,6.0
PHI,2024-04-07,3,48,14,2,1,0,0,2,5,11.0,1,11.0
PHI,2024-04-08,4,82,18,5,2,0,1,4,6,12.0,3,12.0
PHI,2024-04-09,1,22,5,1,1,0,0,1,0,3.0,0,0.0
PHI,2024-04-10,4,54,12,1,1,0,0,4,1,9.0,1,9.0
PHI,2024-04-11,2,56,14,6,0,0,0,5,3,9.0,1,3.0
PHI,2024-04-12,2,65,16,2,2,0,0,5,2,9.0,3,4.0
PHI,2024-04-13,4,82,16,7,1,0,0,1,4,15.0,0,15.0
PHI,2024-04-14,3,82,20,5,3,0,2,5,3,12.0,3,0.0
PHI,2024-04-15,3,31,9,1,1,0,0,1,3,8.0,0,8.0
PHI,2024-04-17,4,74,18,2,3,0,0,6,3,9.0,5,4.0
PHI,2024-04-19,2,35,8,2,1,0,0,1,3,6.0,0,0.0
PHI,2024-04-20,3,46,15,1,3,1,0,6,3,5.0,5,0.0
PHI,2024-04-21,1,18,4,1,1,0,0,0,1,3.0,0,0.0
PHI,2024-04-22,2,23,6,4,0,0,0,0,0,6.0,0,0.0
PHI,2024-04-23,4,68,21,3,0,1,2,5,6,15.0,3,0.0
PHI,2024-04-24,4,89,20,5,4,0,0,7,5,9.0,6,8.0
PHI,2024-04-25,2,59,12,5,1,0,0,2,2,9.0,0,0.0
PHI,2024-04-26,1,11,3,1,0,0,0,0,1,3.0,0,0.0
PHI,2024-04-27,1,15,3,3,0,0,0,0,0,3.0,0,0.0
PHI,2024-04-28,3,31,10,2,0,0,0,1,2,8.0,0,8.0
PHI,2024-04-29,3,48,14,2,1,0,0,4,1,9.0,2,9.0
PHI,2024-04-30,4,55,16,3,0,0,1,5,3,11.0,4,11.0
PHI,2024-05-01,4,74,17,5,1,0,0,5,3,12.0,0,12.0
PHI,2024-05-03,5,80,19,7,0,0,0,4,3,15.0,1,15.0
PHI,2024-05-04,2,44,13,2,2,1,0,3,1,9.0,0,0.0
PHI,2024-05-05,3,52,12,4,1,1,1,2,5,8.0,1,8.0
PHI,2024-05-06,2,31,7,2,0,0,0,1,2,6.0,0,0.0
PHI,2024-05-07,1,33,6,0,1,0,0,0,1,6.0,0,0.0
PHI,2024-05-08,4,72,15,2,2,0,0,3,5,10.0,2,1.0
PHI,2024-05-10,2,37,9,2,1,0,0,2,2,6.0,2,0.0
PHI,2024-05-11,3,41,12,4,0,0,1,3,4,9.0,2,0.0
PHI,2024-05-12,6,75,20,7,2,1,0,2,1,18.0,1,15.0
PHI,2024-05-13,5,66,17,3,2,0,0,2,3,13.0,1,13.0
PHI,2024-05-15,2,58,17,0,1,0,1,5,4,12.0,3,0.0
PHI,2024-05-16,6,130,29,12,1,0,0,4,4,23.0,2,23.0
PHI,2024-05-17,2,20,6,0,0,0,0,1,5,5.0,0,5.0
PHI,2024-05-18,3,53,13,4,0,1,0,3,1,9.0,1,9.0
PHI,2024-05-19,2,43,12,2,1,0,0,5,3,6.0,2,0.0
PHI,2024-05-21,3,36,11,3,0,0,1,4,1,6.0,1,3.0
PHI,2024-05-22,4,53,15,3,1,1,1,1,3,13.0,1,0.0
PHI,2024-05-23,2,40,7,2,1,0,0,1,2,6.0,0,0.0
PHI,2024-05-24,5,72,22,4,3,0,1,4,3,17.0,2,17.0
PHI,2024-05-25,3,62,14,6,1,0,0,4,1,9.0,1,6.0
PHI,2024-05-26,2,31,9,1,0,0,0,3,1,6.0,0,0.0
PHI,2024-05-27,2,57,11,3,0,0,0,3,3,6.0,2,2.0
PHI,2024-05-28,4,65,16,4,3,0,0,2,5,12.0,1,12.0
PHI,2024-05-29,3,45,11,1,1,0,0,2,4,9.0,1,0.0
PHI,2024-05-31,3,34,8,3,0,0,0,0,2,8.0,0,8.0
PHI,2024-06-01,5,112,27,11,0,0,0,5,5,21.0,1,1.0
PHI,2024-06-02,5,70,19,4,0,0,0,4,1,15.0,1,15.0
PHI,2024-06-03,2,18,6,2,0,0,0,0,2,6.0,0,6.0
PHI,2024-06-04,4,69,16,5,0,1,0,3,4,12.0,0,12.0
PHI,2024-06-05,2,34,8,4,1,0,0,1,0,6.0,0,6.0
PHI,2024-06-08,3,59,13,3,2,0,0,2,3,10.0,0,0.0
PHI,2024-06-09,5,90,20,4,4,1,0,5,4,10.0,5,10.0
PHI,2024-06-11,2,32,7,4,0,0,0,1,1,6.0,0,0.0
PHI,2024-06-12,4,85,21,4,4,1,1,6,3,12.0,5,3.0
PHI,2024-06-13,4,76,18,10,1,2,0,3,1,13.0,1,0.0
PHI,2024-06-14,5,65,17,5,1,1,1,2,7,13.0,1,13.0
PHI,2024-06-15,2,45,13,3,1,0,1,5,1,7.0,3,4.0
PHI,2024-06-16,2,54,13,7,1,0,0,1,2,11.0,0,0.0
PHI,2024-06-17,2,17,6,1,0,0,0,1,1,6.0,0,0.0
PHI,2024-06-18,3,43,9,3,0,0,0,0,2,9.0,0,9.0
PHI,2024-06-19,4,63,18,2,1,1,0,6,2,9.0,4,5.0
PHI,2024-06-21,3,86,23,3,1,3,0,4,6,15.0,1,15.0
PHI,2024-06-22,2,26,6,1,0,0,0,0,3,6.0,0,0.0
PHI,2024-06-23,2,33,9,3,0,0,0,3,1,6.0,1,0.0
PHI,2024-06-24,2,33,7,2,0,0,0,1,2,6.0,0,0.0
PHI,2024-06-25,2,39,7,1,1,0,0,0,3,6.0,0,0.0
PHI,2024-06-26,6,86,22,5,0,1,0,3,5,18.0,1,3.0
PHI,2024-06-27,3,49,15,4,0,1,1,6,1,7.0,7,6.0
PHI,2024-06-29,3,33,8,3,0,0,0,2,2,7.0,1,7.0
PHI,2024-06-30,4,60,17,6,1,0,0,2,2,13.0,0,9.0
PHI,2024-07-02,5,55,15,5,0,0,1,3,6,12.0,3,3.0
PHI,2024-07-03,3,51,12,5,0,0,0,4,0,9.0,1,9.0
PHI,2024-07-04,3,73,18,7,1,1,1,5,2,12.0,5,0.0
PHI,2024-07-05,3,59,13,3,1,0,1,3,4,9.0,3,4.0
PHI,2024-07-06,3,42,11,5,1,0,0,0,0,9.0,0,0.0
PHI,2024-07-07,3,82,23,9,0,0,1,4,7,19.0,1,0.0
PHI,2024-07-09,4,79,19,5,4,1,0,4,0,12.0,0,0.0
PHI,2024-07-10,4,47,12,3,0,0,0,4,3,9.0,1,9.0
PHI,2024-07-11,3,46,12,2,3,0,0,1,2,9.0,0,0.0
PHI,2024-07-12,3,41,12,2,1,0,1,2,6,9.0,2,3.0
PHI,2024-07-13,4,73,17,7,3,0,0,4,1,9.0,2,2.0
PHI,2024-07-14,5,160,43,5,5,0,8,15,16,24.0,18,11.0
PHI,2024-07-19,4,71,18,5,1,0,0,7,0,12.0,4,9.0
PHI,2024-07-20,3,41,11,2,1,0,1,2,3,7.0,2,6.0
PHI,2024-07-21,3,41,11,3,0,0,0,2,3,9.0,0,0.0
PHI,2024-07-22,3,72,18,4,4,1,0,5,4,8.0,3,5.0
PHI,2024-07-23,3,40,9,4,3,0,0,0,0,6.0,0,3.0
PHI,2024-07-24,4,64,14,3,2,2,0,3,3,9.0,4,7.0
PHI,2024-07-26,3,44,10,6,1,0,0,1,1,9.0,0,9.0
PHI,2024-07-28,5,71,19,3,1,0,1,3,7,15.0,1,15.0
PHI,2024-07-29,3,77,21,3,2,0,3,7,6,12.0,7,0.0
PHI,2024-07-30,6,95,25,6,3,0,1,4,9,19.0,5,19.0
PHI,2024-07-31,4,43,12,2,1,0,0,1,2,10.0,2,9.0
PHI,2024-08-02,5,109,25,6,3,0,1,4,5,19.0,2,0.0
PHI,2024-08-03,5,158,39,12,5,3,1,7,8,27.0,6,22.0
PHI,2024-08-04,1,19,4,2,0,0,0,1,0,3.0,0,0.0
PHI,2024-08-05,1,18,7,1,0,0,1,1,3,6.0,1,6.0
PHI,2024-08-06,3,55,11,4,0,0,1,2,4,9.0,1,3.0
PHI,2024-08-07,4,63,15,1,1,1,0,2,4,12.0,0,0.0
PHI,2024-08-08,4,84,21,8,4,0,1,5,3,12.0,3,10.0
PHI,2024-08-09,3,20,7,0,0,0,1,2,4,9.0,1,9.0
PHI,2024-08-10,3,63,16,5,1,0,2,6,5,9.0,7,0.0
PHI,2024-08-11,4,78,19,5,1,0,1,6,2,10.0,7,0.0
PHI,2024-08-13,5,80,21,7,2,0,1,4,2,15.0,2,0.0
PHI,2024-08-14,5,69,17,7,1,0,0,2,4,14.0,0,8.0
PHI,2024-08-15,3,49,14,1,0,0,1,5,5,9.0,1,0.0
PHI,2024-08-16,3,49,11,4,0,0,0,4,3,7.0,2,7.0
PHI,2024-08-18,4,77,22,3,2,0,1,7,7,13.0,3,13.0
PHI,2024-08-20,3,59,12,4,5,0,0,1,0,6.0,1,6.0
PHI,2024-08-21,4,49,12,2,1,0,0,1,2,11.0,0,11.0
PHI,2024-08-22,2,38,7,3,0,0,0,1,1,6.0,0,6.0
PHI,2024-08-23,4,94,21,2,2,0,0,4,5,15.0,1,0.0
PHI,2024-08-24,4,54,14,2,1,0,0,1,4,12.0,1,0.0
PHI,2024-08-25,4,53,14,3,0,0,1,2,5,12.0,1,0.0
PHI,2024-08-26,4,49,14,2,1,0,0,2,0,12.0,0,12.0
PHI,2024-08-27,2,29,8,2,0,0,0,2,0,6.0,0,0.0
PHI,2024-08-28,3,46,16,2,1,1,3,5,7,9.0,4,0.0
PHI,2024-08-29,3,50,11,5,0,1,0,0,2,10.0,0,9.0
PHI,2024-08-30,4,71,21,4,3,0,1,4,2,15.0,3,0.0
PHI,2024-08-31,2,33,8,4,0,0,0,2,1,6.0,0,0.0
PHI,2024-09-01,4,81,19,5,3,0,0,2,5,15.0,0,15.0
PHI,2024-09-03,6,125,34,7,2,0,2,8,10,25.0,3,16.0
PHI,2024-09-04,2,30,7,3,1,0,0,0,1,6.0,0,6.0
PHI,2024-09-05,4,61,17,5,0,0,0,4,0,12.0,2,0.0
PHI,2024-09-06,2,59,15,6,2,1,0,3,3,9.0,1,0.0
PHI,2024-09-07,3,65,18,4,2,0,1,5,4,10.0,4,3.0
PHI,2024-09-08,4,70,18,4,1,0,1,3,2,17.0,2,0.0
PHI,2024-09-09,3,57,13,3,0,0,1,4,3,9.0,1,9.0
PHI,2024-09-10,4,54,14,3,2,0,0,1,4,11.0,0,8.0
PHI,2024-09-11,3,32,9,1,0,0,0,1,4,9.0,0,9.0
PHI,2024-09-13,4,85,22,2,1,0,2,8,4,14.0,5,0.0
PHI,2024-09-14,4,77,22,1,0,1,0,4,5,18.0,0,9.0
PHI,2024-09-15,2,27,7,3,0,0,0,1,1,6.0,0,6.0
PHI,2024-09-16,3,73,15,2,2,0,0,4,3,9.0,3,2.0
PHI,2024-09-17,2,33,7,3,0,0,0,1,2,6.0,0,0.0
PHI,2024-09-18,2,34,8,3,2,0,0,2,0,6.0,1,6.0
PHI,2024-09-19,4,76,23,3,5,0,0,5,2,14.0,3,0.0
PHI,2024-09-20,4,54,14,5,0,1,0,1,2,12.0,0,0.0
PHI,2024-09-21,4,68,18,4,4,1,0,4,4,9.0,4,7.0
PHI,2024-09-22,1,13,3,2,0,0,0,0,0,3.0,0,3.0
PHI,2024-09-23,3,50,12,3,2,0,0,0,3,9.0,1,0.0
PHI,2024-09-24,3,159,40,8,4,1,0,12,12,23.0,10,1.0
PHI,2024-09-25,4,73,17,3,1,0,1,4,3,13.0,2,1.0
PHI,2024-09-27,5,109,28,2,2,0,0,9,2,18.0,3,0.0
PHI,2024-09-28,2,44,12,3,1,0,1,6,4,5.0,4,4.0
PHI,2024-09-29,4,66,16,7,1,1,0,2,4,12.0,0,0.0
PHI,2024-10-05,4,58,14,2,1,0,0,7,3,6.0,6,1.0
PHI,2024-10-06,5,72,19,5,1,0,3,6,3,12.0,4,9.0
PHI,2024-10-08,4,60,16,3,3,0,0,4,3,9.0,5,2.0
PHI,2024-10-09,4,67,17,4,2,1,1,3,4,11.0,4,3.0
PHI,2025-03-27,4,74,17,5,1,1,0,3,3,12.0,2,9.0
PHI,2025-03-29,4,81,21,4,2,0,2,7,3,12.0,4,0.0
PHI,2025-03-30,3,37,10,3,0,0,0,3,2,8.0,0,0.0
PHI,2025-03-31,4,61,15,6,2,0,0,2,3,11.0,0,5.0
PHI,2025-04-02,2,43,9,4,2,0,0,1,2,6.0,0,3.0
PHI,2025-04-03,3,65,15,6,1,0,0,5,0,9.0,1,9.0
PHI,2025-04-04,3,41,10,3,2,0,1,3,1,6.0,2,3.0
PHI,2025-04-05,2,35,10,1,1,0,0,0,4,9.0,0,9.0
PHI,2025-04-06,5,55,14,1,1,0,0,3,7,10.0,3,10.0
PHI,2025-04-08,3,54,14,1,3,0,0,3,2,8.0,2,8.0
PHI,2025-04-09,3,71,20,2,2,0,1,5,5,13.0,3,13.0
PHI,2025-04-10,5,68,16,4,1,0,1,3,3,15.0,3,15.0
PHI,2025-04-11,3,37,13,3,1,0,0,4,4,9.0,0,9.0
PHI,2025-04-12,3,24,8,2,0,0,0,1,4,8.0,0,0.0
PHI,2025-04-13,2,34,10,3,0,0,1,3,3,6.0,2,0.0
PHI,2025-04-14,3,80,19,6,1,0,1,6,4,12.0,4,3.0
PHI,2025-04-15,4,58,14,4,0,0,0,3,5,11.0,2,11.0
PHI,2025-04-16,3,76,20,2,5,0,0,4,7,11.0,6,1.0
PHI,2025-04-17,2,27,8,2,0,0,1,2,1,6.0,1,5.0
PHI,2025-04-18,2,30,8,3,2,0,0,0,1,6.0,0,0.0
PHI,2025-04-19,5,99,29,0,0,1,2,14,7,15.0,9,1.0
PHI,2025-04-20,3,48,15,2,1,0,1,5,6,9.0,5,9.0
PHI,2025-04-21,2,25,6,3,0,0,1,1,1,5.0,3,1.0
PHI,2025-04-22,5,109,28,5,4,1,0,5,7,18.0,3,14.0
PHI,2025-04-23,3,57,17,5,1,0,0,5,3,12.0,2,12.0
PHI,2025-04-25,4,93,23,6,2,0,0,5,1,15.0,2,0.0
PHI,2025-04-26,3,76,16,3,2,0,0,5,4,9.0,2,0.0
PHI,2025-04-27,3,33,9,2,0,0,0,0,3,9.0,0,9.0
PHI,2025-04-29,3,59,15,6,0,0,1,6,1,7.0,5,6.0
PHI,2025-04-30,3,48,12,6,0,0,0,0,4,12.0,0,0.0
PHI,2025-05-01,3,45,14,2,1,1,0,2,2,10.0,0,9.0
PHI,2025-05-02,4,33,11,2,0,0,0,1,6,11.0,0,11.0
PHI,2025-05-03,3,50,12,5,0,0,1,3,2,9.0,2,0.0
PHI,2025-05-04,6,103,28,3,4,1,0,5,6,19.0,4,10.0
PHI,2025-05-06,2,50,10,3,2,0,0,2,2,6.0,2,0.0
PHI,2025-05-07,1,45,10,7,0,0,0,1,0,9.0,0,0.0
PHI,2025-05-08,5,78,21,7,0,0,1,8,3,14.0,4,12.0
PHI,2025-05-09,3,49,12,3,0,0,1,3,4,9.0,2,0.0
PHI,2025-05-10,2,41,9,1,2,0,0,1,3,6.0,1,0.0
PHI,2025-05-11,2,27,6,3,0,0,0,0,2,6.0,0,0.0
PHI,2025-05-12,3,38,10,2,0,0,1,1,4,9.0,1,9.0
PHI,2025-05-14,7,146,33,8,3,0,0,8,8,22.0,6,17.0
PHI,2025-05-16,3,43,10,2,4,0,0,1,1,6.0,1,3.0
PHI,2025-05-17,3,43,11,5,1,0,1,1,2,9.0,2,0.0
PHI,2025-05-18,3,41,10,5,1,0,0,1,1,9.0,0,9.0
PHI,2025-05-19,3,41,10,2,0,0,0,1,4,9.0,0,3.0
PHI,2025-05-20,2,59,14,1,0,0,0,6,3,9.0,3,0.0
PHI,2025-05-21,3,54,17,5,1,0,0,5,2,12.0,2,0.0
PHI,2025-05-22,3,26,8,2,0,0,0,1,4,7.0,0,7.0
PHI,2025-05-23,4,51,12,5,1,0,1,4,2,7.0,3,6.0
PHI,2025-05-24,6,125,30,5,6,0,1,7,7,19.0,3,16.0
PHI,2025-05-25,1,21,6,1,1,0,0,2,2,3.0,2,3.0
PHI,2025-05-27,3,40,11,3,1,0,0,1,1,9.0,0,9.0
PHI,2025-05-29,7,148,37,4,7,0,2,10,9,21.0,8,10.0
PHI,2025-05-30,3,99,23,7,3,0,2,5,5,15.0,4,0.0
PHI,2025-05-31,4,102,28,3,0,0,1,11,8,17.0,6,0.0
PHI,2025-06-01,3,50,13,3,2,0,0,2,4,9.0,4,7.0
PHI,2025-06-03,3,41,11,3,2,0,1,1,3,9.0,2,0.0
PHI,2025-06-04,4,56,12,2,0,0,0,2,7,11.0,1,11.0
PHI,2025-06-05,4,75,21,2,0,0,0,5,6,17.0,1,0.0
PHI,2025-06-06,5,120,29,6,3,0,2,8,9,21.0,4,21.0
PHI,2025-06-07,1,27,5,0,2,0,0,0,1,3.0,0,3.0
PHI,2025-06-08,1,23,6,3,1,1,0,1,0,3.0,1,3.0
PHI,2025-06-09,5,78,19,2,2,0,1,2,7,15.0,2,15.0
PHI,2025-06-10,4,91,24,4,2,0,1,7,8,15.0,5,10.0
PHI,2025-06-11,2,51,13,1,1,0,0,3,5,9.0,1,0.0
PHI,2025-06-13,2,29,9,1,2,0,0,1,1,6.0,0,0.0
PHI,2025-06-14,2,19,6,2,0,0,0,0,3,6.0,0,6.0
PHI,2025-06-15,3,47,14,1,2,0,0,4,2,9.0,2,0.0
PHI,2025-06-16,4,53,15,4,0,1,0,2,2,12.0,1,9.0
PHI,2025-06-17,3,70,17,3,1,0,1,6,0,9.0,6,4.0
PHI,2025-06-18,2,39,10,4,1,0,0,3,1,6.0,1,2.0
PHI,2025-06-19,1,13,5,0,0,0,0,1,2,3.0,0,3.0
PHI,2025-06-20,3,57,15,2,0,0,2,3,4,12.0,2,6.0
PHI,2025-06-21,5,121,30,5,3,0,3,9,7,18.0,7,8.0
PHI,2025-06-22,3,28,8,2,0,0,1,1,3,7.0,1,0.0
PHI,2025-06-24,1,5,2,1,0,0,0,1,1,1.0,0,1.0
PHI,2025-06-25,2,25,8,2,1,0,1,1,3,6.0,1,6.0
PHI,2025-06-26,2,26,9,0,0,1,0,2,2,6.0,1,6.0
PHI,2025-06-27,2,114,30,5,3,0,0,7,8,21.0,0,0.0
PHI,2025-06-28,3,60,15,4,1,0,1,6,2,9.0,4,4.0
PHI,2025-06-29,2,34,9,3,1,0,0,2,3,6.0,0,6.0
PHI,2025-06-30,1,9,4,0,0,0,0,1,2,3.0,0,0.0
PHI,2025-07-02,6,155,38,8,6,0,0,4,5,28.0,1,0.0
PHI,2025-07-04,5,108,26,8,2,0,0,5,6,21.0,4,2.0
PHI,2025-07-05,4,61,15,1,0,0,0,3,4,12.0,0,9.0
PHI,2025-07-07,2,31,7,1,0,2,0,1,0,3.0,2,3.0
PHI,2025-07-08,5,70,21,5,1,0,1,7,6,15.0,3,15.0
PHI,2025-07-09,2,32,8,1,1,0,0,1,2,6.0,0,0.0
PHI,2025-07-11,2,18,5,0,0,0,1,1,2,4.0,1,4.0
PHI,2025-07-12,3,29,8,4,0,0,0,2,2,6.0,1,6.0
PHI,2025-07-13,2,31,9,0,3,0,0,1,3,5.0,0,5.0
PHI,2025-07-18,5,78,18,5,2,0,1,3,3,13.0,2,13.0
PHI,2025-07-19,5,75,18,8,0,0,1,3,4,15.0,2,10.0
PHI,2025-07-20,4,82,22,2,2,0,1,5,5,14.0,2,0.0
PHI,2025-07-21,4,58,15,6,2,0,0,1,4,12.0,0,12.0
PHI,2025-07-23,7,106,25,9,1,1,1,5,3,18.0,3,18.0
PHI,2025-07-25,4,53,14,4,0,0,1,4,6,10.0,2,4.0
PHI,2025-07-26,4,64,16,4,4,0,1,2,5,10.0,2,0.0
PHI,2025-07-27,2,35,9,1,1,0,0,1,2,7.0,0,7.0
PHI,2025-07-28,2,28,8,1,1,0,0,3,1,4.0,2,3.0
PHI,2025-07-29,2,30,9,1,0,0,1,3,3,6.0,3,0.0
PHI,2025-07-30,4,72,18,2,0,0,2,10,3,9.0,7,4.0
PHI,2025-08-01,2,16,7,0,0,0,1,1,3,6.0,1,6.0
PHI,2025-08-02,4,62,13,2,2,0,1,3,3,9.0,3,5.0
PHI,2025-08-03,1,12,3,1,0,0,0,0,0,3.0,0,3.0
PHI,2025-08-04,2,47,10,6,1,0,0,0,2,9.0,0,0.0
PHI,2025-08-05,3,39,10,6,0,0,0,1,1,9.0,0,0.0
PHI,2025-08-06,3,20,8,1,0,0,0,1,2,7.0,0,0.0
PHI,2025-08-08,3,49,12,4,1,0,0,2,2,9.0,0,0.0
PHI,2025-08-09,3,45,11,2,0,0,1,2,2,9.0,1,9.0
PHI,2025-08-10,4,44,16,3,0,0,0,4,4,12.0,0,12.0
PHI,2025-08-11,3,37,11,3,1,0,0,1,2,9.0,0,3.0
PHI,2025-08-12,2,30,8,1,0,0,0,0,3,8.0,1,0.0
PHI,2025-08-13,2,45,10,4,1,0,1,3,2,6.0,4,0.0
PHI,2025-08-14,2,33,8,3,0,0,0,2,2,6.0,2,6.0
PHI,2025-08-15,5,56,15,2,1,0,0,2,1,12.0,0,3.0
PHI,2025-08-16,2,15,4,1,0,0,0,1,1,4.0,0,4.0
PHI,2025-08-17,5,107,27,5,1,0,1,6,8,20.0,3,10.0
PHI,2025-08-18,3,49,13,4,1,0,1,5,2,7.0,5,0.0
PHI,2025-08-19,4,41,11,3,2,0,0,1,1,8.0,3,7.0
PHI,2025-08-20,4,46,12,5,1,0,1,2,1,9.0,1,3.0
PHI,2025-08-22,4,65,18,4,1,0,0,5,5,12.0,1,12.0
PHI,2025-08-23,4,43,14,6,0,1,0,4,0,9.0,1,4.0
PHI,2025-08-24,3,38,9,1,2,0,1,2,2,6.0,2,4.0
PHI,2025-08-25,3,76,19,4,3,2,1,6,4,8.0,8,1.0
PHI,2025-08-26,5,90,21,5,1,1,0,7,4,15.0,5,13.0
PHI,2025-08-27,3,47,12,4,1,0,1,2,2,9.0,2,0.0
PHI,2025-08-28,2,45,11,2,0,0,0,2,5,9.0,0,0.0
PHI,2025-08-29,4,53,15,4,1,0,0,2,5,12.0,0,12.0
PHI,2025-08-30,3,41,11,2,0,0,0,2,5,9.0,1,9.0
PHI,2025-08-31,4,53,14,3,3,0,1,4,1,7.0,3,7.0
PHI,2025-09-01,6,109,24,5,5,0,0,3,4,15.0,3,15.0
PHI,2025-09-03,3,46,9,2,2,0,0,0,2,9.0,0,0.0
PHI,2025-09-04,3,48,10,3,0,0,0,1,4,9.0,0,9.0
PHI,2025-09-05,2,27,8,1,0,0,1,2,3,6.0,2,0.0
PHI,2025-09-06,3,39,9,3,0,0,0,1,2,9.0,0,9.0
PHI,2025-09-07,4,54,11,3,2,1,1,2,2,6.0,1,6.0
PHI,2025-09-08,3,44,12,4,1,0,0,2,2,9.0,0,9.0
PHI,2025-09-09,3,62,16,2,0,0,1,7,5,9.0,3,0.0
PHI,2025-09-10,3,60,16,3,2,0,1,5,6,9.0,2,0.0
PHI,2025-09-11,1,11,3,3,0,0,0,0,0,3.0,0,3.0
PHI,2025-09-12,4,63,14,3,1,0,0,2,5,12.0,1,0.0
PHI,2025-09-13,4,64,16,3,1,0,0,3,5,12.0,2,8.0
PHI,2025-09-14,3,72,18,2,3,0,1,6,6,9.0,4,0.0
PHI,2025-09-15,4,72,17,6,3,0,2,2,5,12.0,2,12.0
PHI,2025-09-16,3,36,10,0,1,0,1,3,4,6.0,2,3.0
PHI,2025-09-17,1,29,5,1,1,0,0,1,2,3.0,1,0.0
PHI,2025-09-19,3,72,19,3,2,0,0,2,7,15.0,0,9.0
PHI,2025-09-20,3,57,15,3,1,1,0,4,3,8.0,1,8.0
PHI,2025-09-21,4,86,20,3,0,1,2,7,5,12.0,3,0.0
PHI,2025-09-23,5,79,20,5,1,0,2,7,6,12.0,6,11.0
PHI,2025-09-24,2,24,7,0,0,0,0,2,2,6.0,0,0.0
PHI,2025-09-25,3,57,16,4,2,0,0,2,2,12.0,0,12.0
PHI,2025-09-26,1,23,5,2,0,0,0,2,1,3.0,0,3.0
PHI,2025-09-27,4,75,17,7,2,0,1,2,5,13.0,2,0.0
PHI,2025-09-28,5,85,20,8,4,0,0,3,3,13.0,1,13.0
PHI,2025-10-04,4,56,14,5,1,1,1,2,3,10.0,3,10.0
PHI,2025-10-06,4,53,15,3,2,0,0,4,4,9.0,4,2.0
PHI,2025-10-08,4,102,29,5,2,0,1,7,5,21.0,2,15.0
PHI,2025-10-09,4,78,19,7,3,0,0,2,3,14.0,2,14.0
PIT,2024-03-28,6,61,21,4,2,1,0,1,3,19.0,0,18.0
PIT,2024-03-29,2,81,16,5,1,0,0,3,2,14.0,1,0.0
PIT,2024-03-30,4,38,12,3,0,0,0,2,2,10.0,1,1.0
PIT,2024-03-31,5,77,21,9,1,0,1,2,6,18.0,1,18.0
PIT,2024-04-01,3,75,18,6,2,0,1,4,6,12.0,3,6.0
PIT,2024-04-03,2,35,8,3,0,0,0,2,1,8.0,0,8.0
PIT,2024-04-04,3,55,11,4,2,0,0,2,2,7.0,2,0.0
PIT,2024-04-05,3,50,15,3,0,0,1,6,5,9.0,3,1.0
PIT,2024-04-06,5,82,21,5,2,0,0,3,4,15.0,4,14.0
PIT,2024-04-07,2,29,10,2,0,0,0,1,4,9.0,0,9.0
PIT,2024-04-08,3,48,15,3,1,0,0,4,2,9.0,2,0.0
PIT,2024-04-09,2,30,9,1,1,2,0,3,0,3.0,4,3.0
PIT,2024-04-11,2,22,7,2,0,0,1,1,3,5.0,2,0.0
PIT,2024-04-12,5,77,18,4,3,0,0,3,6,12.0,1,6.0
PIT,2024-04-13,5,62,14,4,4,0,0,3,2,9.0,2,9.0
PIT,2024-04-14,2,17,6,2,0,0,0,0,0,6.0,0,0.0
PIT,2024-04-15,4,55,14,5,2,1,0,2,0,7.0,4,5.0
PIT,2024-04-16,3,62,15,2,3,0,0,3,5,9.0,2,9.0
PIT,2024-04-17,4,65,18,4,2,0,1,6,4,9.0,7,2.0
PIT,2024-04-19,3,72,21,3,2,1,1,5,7,14.0,3,0.0
PIT,2024-04-20,2,65,14,4,3,0,0,1,4,9.0,0,3.0
PIT,2024-04-21,4,91,22,7,2,1,0,2,6,15.0,4,1.0
PIT,2024-04-22,4,56,13,3,3,0,0,1,2,9.0,1,4.0
PIT,2024-04-23,2,30,7,3,1,0,0,0,1,6.0,0,6.0
PIT,2024-04-24,3,120,31,7,3,2,0,6,7,20.0,3,19.0
PIT,2024-04-25,4,84,20,3,3,0,1,6,5,12.0,3,12.0
PIT,2024-04-26,3,45,11,1,3,0,1,3,4,9.0,3,9.0
PIT,2024-04-27,4,55,15,4,0,0,1,3,4,12.0,2,12.0
PIT,2024-04-28,2,49,11,5,0,0,0,2,3,9.0,0,9.0
PIT,2024-04-29,2,75,15,5,4,0,0,2,4,9.0,0,0.0
PIT,2024-04-30,2,39,13,2,1,0,1,3,4,9.0,2,4.0
PIT,2024-05-01,2,31,8,3,1,0,0,1,3,6.0,1,0.0
PIT,2024-05-03,3,76,15,5,0,0,0,4,2,11.0,1,0.0
PIT,2024-05-04,2,19,6,1,0,0,0,0,3,6.0,0,6.0
PIT,2024-05-05,3,50,12,3,1,0,0,1,6,11.0,0,11.0
PIT,2024-05-07,3,83,22,5,1,0,1,8,3,13.0,4,0.0
PIT,2024-05-08,4,58,14,4,1,0,0,2,5,12.0,3,12.0
PIT,2024-05-10,3,53,16,1,1,0,0,7,3,9.0,4,1.0
PIT,2024-05-11,6,115,28,6,8,1,0,4,4,15.0,8,13.0
PIT,2024-05-12,4,84,20,2,4,1,1,4,6,12.0,2,11.0
PIT,2024-05-13,3,78,16,4,2,0,1,5,4,9.0,6,6.0
PIT,2024-05-14,1,38,7,4,0,0,0,1,1,6.0,0,6.0
PIT,2024-05-15,2,58,14,6,2,1,0,2,4,9.0,1,0.0
PIT,2024-05-16,3,48,12,4,1,1,0,0,2,9.0,1,9.0
PIT,2024-05-17,3,81,16,4,3,0,1,4,3,9.0,3,0.0
PIT,2024-05-18,2,22,5,1,1,0,0,2,1,4.0,1,4.0
PIT,2024-05-19,3,50,10,4,1,0,0,0,4,9.0,0,9.0
PIT,2024-05-21,4,97,23,3,2,0,1,4,10,17.0,2,7.0
PIT,2024-05-22,5,101,23,7,5,0,0,6,2,12.0,6,11.0
PIT,2024-05-23,4,60,17,3,1,0,2,7,8,9.0,6,6.0
PIT,2024-05-24,1,26,8,1,2,0,0,1,3,5.0,2,0.0
PIT,2024-05-25,2,42,10,2,0,0,0,3,1,7.0,0,1.0
PIT,2024-05-26,4,118,29,5,1,0,2,10,11,18.0,7,5.0
PIT,2024-05-29,5,106,29,8,2,0,0,6,5,20.0,2,0.0
PIT,2024-05-31,6,130,34,8,5,2,1,4,6,24.0,5,24.0
PIT,2024-06-01,1,36,10,3,0,0,0,1,1,9.0,0,0.0
PIT,2024-06-02,3,65,14,1,1,0,0,3,4,10.0,3,10.0
PIT,2024-06-04,3,42,12,2,1,0,0,2,6,9.0,0,9.0
PIT,2024-06-05,5,70,18,3,1,0,0,5,6,12.0,2,0.0
PIT,2024-06-06,4,105,26,5,5,1,1,6,5,15.0,5,1.0
PIT,2024-06-07,3,42,10,3,0,0,0,1,3,9.0,0,6.0
PIT,2024-06-08,5,99,27,6,1,1,0,6,4,22.0,0,19.0
PIT,2024-06-09,5,100,29,3,3,4,0,7,8,15.0,8,12.0
PIT,2024-06-11,3,51,13,2,1,0,1,3,3,8.0,1,8.0
PIT,2024-06-12,2,54,15,8,0,0,0,3,2,12.0,1,5.0
PIT,2024-06-13,3,26,6,2,0,0,0,0,2,6.0,0,6.0
PIT,2024-06-14,4,123,33,7,3,0,1,8,7,24.0,2,15.0
PIT,2024-06-15,3,80,22,2,2,0,2,10,5,10.0,10,0.0
PIT,2024-06-16,3,73,19,5,0,0,0,5,5,15.0,2,3.0
PIT,2024-06-17,3,38,10,3,0,1,0,1,3,9.0,0,0.0
PIT,2024-06-18,2,31,8,1,0,0,0,2,2,6.0,0,6.0
PIT,2024-06-19,2,24,6,1,0,0,0,0,4,6.0,0,6.0
PIT,2024-06-21,3,134,36,4,1,1,3,13,13,22.0,9,10.0
PIT,2024-06-22,2,40,10,2,2,0,0,2,0,6.0,1,6.0
PIT,2024-06-23,2,34,10,2,1,0,0,3,4,6.0,2,6.0
PIT,2024-06-24,4,82,20,3,1,0,1,7,4,12.0,6,0.0
PIT,2024-06-25,2,42,12,3,0,0,0,3,3,10.0,1,0.0
PIT,2024-06-26,2,38,10,3,1,0,0,0,3,9.0,0,0.0
PIT,2024-06-28,2,65,17,4,2,1,0,2,6,12.0,0,0.0
PIT,2024-06-29,4,54,11,3,1,0,0,1,4,12.0,1,12.0
PIT,2024-06-30,3,64,17,4,1,0,0,4,2,12.0,1,1.0
PIT,2024-07-02,3,65,18,7,2,0,0,4,0,12.0,1,4.0
PIT,2024-07-03,4,74,21,7,2,0,1,4,3,15.0,3,15.0
PIT,2024-07-04,3,41,13,4,1,0,0,4,3,8.0,2,8.0
PIT,2024-07-05,1,29,7,3,1,0,0,1,0,6.0,0,0.0
PIT,2024-07-06,3,87,25,5,0,0,0,6,7,21.0,5,7.0
PIT,2024-07-07,4,88,18,4,5,0,0,5,1,9.0,3,9.0
PIT,2024-07-08,1,12,4,0,0,0,0,1,1,3.0,0,0.0
PIT,2024-07-09,2,129,34,12,3,0,0,7,1,24.0,2,12.0
PIT,2024-07-10,2,77,18,1,3,0,1,5,6,10.0,4,0.0
PIT,2024-07-11,2,35,9,4,1,0,0,2,2,6.0,0,6.0
PIT,2024-07-12,3,56,13,3,1,0,0,1,4,12.0,0,0.0
PIT,2024-07-13,3,49,11,4,0,0,0,1,1,10.0,1,7.0
PIT,2024-07-14,5,92,25,4,2,0,0,6,4,18.0,2,9.0
PIT,2024-07-19,5,108,24,7,2,1,0,6,4,16.0,1,9.0
PIT,2024-07-20,2,26,7,4,0,0,1,1,2,6.0,1,3.0
PIT,2024-07-21,3,84,22,4,2,0,1,5,4,13.0,4,5.0
PIT,2024-07-22,2,24,7,2,0,0,0,1,0,6.0,0,6.0
PIT,2024-07-23,1,8,2,1,0,0,0,0,0,2.0,0,2.0
PIT,2024-07-24,3,61,13,2,4,0,0,2,0,9.0,0,0.0
PIT,2024-07-26,2,40,13,0,1,0,0,4,0,9.0,1,9.0
PIT,2024-07-27,2,91,26,7,1,2,0,6,5,17.0,5,3.0
PIT,2024-07-28,3,50,13,1,1,0,2,3,4,9.0,3,9.0
PIT,2024-07-29,3,46,16,2,3,0,0,4,3,9.0,1,7.0
PIT,2024-07-30,3,55,16,4,1,0,0,4,3,11.0,1,0.0
PIT,2024-07-31,4,37,12,2,1,0,1,2,3,9.0,2,9.0
PIT,2024-08-02,4,64,17,4,1,0,2,5,6,11.0,4,9.0
PIT,2024-08-03,5,90,24,8,2,1,0,5,4,15.0,2,7.0
PIT,2024-08-04,4,61,18,3,3,0,2,4,3,11.0,5,11.0
PIT,2024-08-06,4,121,33,2,0,2,0,12,8,21.0,6,7.0
PIT,2024-08-07,5,112,28,4,3,3,1,6,6,16.0,4,15.0
PIT,2024-08-08,5,65,15,3,2,1,0,3,2,9.0,3,9.0
PIT,2024-08-09,1,75,15,3,2,0,1,1,5,12.0,2,0.0
PIT,2024-08-10,1,43,9,4,1,0,0,2,0,6.0,0,0.0
PIT,2024-08-11,5,104,26,4,3,0,0,6,9,18.0,2,18.0
PIT,2024-08-12,3,40,8,2,0,0,0,3,1,6.0,2,6.0
PIT,2024-08-13,2,52,12,3,0,0,0,4,3,9.0,1,8.0
PIT,2024-08-14,2,45,11,1,0,0,0,2,8,9.0,0,0.0
PIT,2024-08-16,3,52,11,4,0,0,1,2,3,9.0,1,6.0
PIT,2024-08-17,4,53,14,6,1,3,0,0,3,10.0,0,4.0
PIT,2024-08-18,3,72,22,3,2,2,1,4,7,15.0,3,0.0
PIT,2024-08-19,2,22,6,4,0,0,0,0,1,6.0,0,6.0
PIT,2024-08-20,2,14,5,1,0,0,0,0,0,6.0,0,0.0
PIT,2024-08-21,3,39,11,6,0,0,0,3,1,9.0,1,9.0
PIT,2024-08-22,2,50,12,4,1,0,0,3,2,9.0,0,0.0
PIT,2024-08-23,3,64,16,6,2,0,0,3,3,12.0,0,12.0
PIT,2024-08-24,4,71,20,4,0,0,0,5,2,17.0,2,0.0
PIT,2024-08-25,4,55,15,4,2,0,0,4,1,9.0,3,9.0
PIT,2024-08-26,3,131,35,3,5,2,2,14,8,15.0,15,3.0
PIT,2024-08-27,5,93,23,6,4,1,0,2,4,15.0,4,0.0
PIT,2024-08-28,5,110,28,2,6,0,1,11,4,12.0,11,4.0
PIT,2024-08-30,2,80,23,6,1,0,2,9,7,12.0,6,10.0
PIT,2024-08-31,3,39,10,4,1,0,0,1,2,9.0,0,3.0
PIT,2024-09-01,3,38,12,0,3,0,1,2,3,8.0,2,0.0
PIT,2024-09-02,3,36,9,2,1,0,0,0,3,8.0,0,6.0
PIT,2024-09-03,3,46,13,4,0,0,0,1,4,12.0,0,3.0
PIT,2024-09-04,4,84,25,3,2,1,1,8,6,15.0,5,0.0
PIT,2024-09-05,5,80,19,3,3,1,0,3,3,12.0,1,0.0
PIT,2024-09-07,7,133,32,6,7,0,1,7,8,19.0,7,14.0
PIT,2024-09-08,2,22,8,1,0,0,0,2,0,6.0,1,0.0
PIT,2024-09-09,3,45,12,5,1,0,0,2,2,9.0,1,9.0
PIT,2024-09-10,6,141,34,8,4,0,0,9,3,21.0,4,10.0
PIT,2024-09-11,3,34,10,2,0,1,0,4,1,5.0,1,1.0
PIT,2024-09-13,3,72,18,5,1,0,1,3,5,15.0,1,0.0
PIT,2024-09-14,3,53,13,2,3,0,0,3,1,9.0,1,0.0
PIT,2024-09-15,5,77,20,3,2,1,0,2,6,15.0,1,15.0
PIT,2024-09-16,4,44,13,1,3,0,0,3,2,6.0,3,3.0
PIT,2024-09-17,2,37,9,3,1,0,0,0,3,7.0,1,7.0
PIT,2024-09-18,5,74,21,3,4,0,1,6,2,10.0,6,5.0
PIT,2024-09-19,3,39,11,2,1,0,0,1,5,9.0,0,9.0
PIT,2024-09-20,2,68,17,5,1,0,0,1,5,14.0,1,0.0
PIT,2024-09-21,3,43,14,2,1,1,0,3,4,9.0,1,0.0
PIT,2024-09-22,4,53,13,4,1,0,0,1,4,12.0,0,12.0
PIT,2024-09-24,3,74,18,3,4,1,0,1,4,12.0,3,4.0
PIT,2024-09-25,2,22,6,1,0,0,0,1,1,6.0,0,6.0
PIT,2024-09-26,5,69,20,3,0,0,0,8,8,12.0,2,0.0
PIT,2024-09-27,5,70,16,5,1,0,0,1,6,14.0,2,14.0
PIT,2024-09-28,6,143,35,8,6,1,1,7,5,21.0,4,7.0
PIT,2024-09-29,4,95,20,8,4,1,0,1,4,15.0,2,15.0
PIT,2025-03-27,5,91,18,4,5,1,0,4,1,11.0,3,11.0
PIT,2025-03-28,3,42,12,3,2,0,1,2,1,9.0,2,3.0
PIT,2025-03-29,5,101,25,5,3,0,0,6,4,18.0,3,18.0
PIT,2025-03-30,4,50,14,3,1,1,1,3,4,12.0,2,12.0
PIT,2025-03-31,3,75,19,6,3,0,0,3,3,13.0,2,0.0
PIT,2025-04-01,4,75,16,2,2,0,0,3,5,12.0,1,0.0
PIT,2025-04-02,3,47,9,2,2,0,0,1,1,6.0,1,6.0
PIT,2025-04-04,3,97,22,7,2,1,1,5,3,16.0,4,0.0
PIT,2025-04-05,5,70,23,2,1,1,0,7,6,15.0,5,1.0
PIT,2025-04-06,5,82,18,3,2,0,0,3,4,12.0,3,7.0
PIT,2025-04-07,1,60,16,5,1,0,2,4,6,12.0,3,4.0
PIT,2025-04-08,2,51,11,3,1,0,0,1,5,9.0,0,0.0
PIT,2025-04-09,4,72,20,4,2,0,0,3,4,17.0,1,17.0
PIT,2025-04-11,2,43,11,3,1,0,0,1,2,9.0,0,9.0
PIT,2025-04-12,2,38,10,1,1,1,0,1,2,6.0,1,1.0
PIT,2025-04-13,4,52,13,3,1,0,0,1,5,11.0,1,0.0
PIT,2025-04-14,3,49,12,1,0,0,0,3,2,9.0,1,1.0
PIT,2025-04-15,3,53,13,1,1,0,0,2,3,9.0,0,0.0
PIT,2025-04-16,2,26,8,1,1,0,0,1,1,6.0,1,0.0
PIT,2025-04-17,2,17,5,1,0,0,0,0,1,5.0,0,5.0
PIT,2025-04-18,4,108,23,6,2,0,0,5,2,15.0,6,1.0
PIT,2025-04-19,2,50,11,4,2,0,0,3,1,6.0,1,2.0
PIT,2025-04-20,4,59,19,3,0,1,1,3,4,15.0,3,8.0
PIT,2025-04-22,5,71,17,7,2,0,0,0,2,15.0,0,0.0
PIT,2025-04-23,3,45,10,3,0,0,0,1,2,9.0,0,6.0
PIT,2025-04-24,2,54,10,3,0,0,1,1,5,9.0,1,9.0
PIT,2025-04-25,3,35,10,2,1,0,0,1,4,8.0,0,0.0
PIT,2025-04-26,4,72,15,0,4,0,2,6,5,6.0,5,3.0
PIT,2025-04-27,3,71,19,1,3,0,1,6,4,11.0,3,0.0
PIT,2025-04-29,5,79,21,0,2,0,2,8,5,13.0,5,0.0
PIT,2025-04-30,4,62,18,4,0,0,0,3,5,15.0,2,15.0
PIT,2025-05-01,3,64,18,0,0,0,1,6,9,12.0,5,5.0
PIT,2025-05-02,4,85,21,5,2,1,0,6,1,12.0,4,8.0
PIT,2025-05-03,2,28,7,3,0,0,0,1,0,6.0,0,6.0
PIT,2025-05-04,4,56,17,4,1,0,0,2,0,16.0,0,0.0
PIT,2025-05-05,4,71,19,3,3,0,1,7,3,10.0,4,2.0
PIT,2025-05-06,2,29,7,2,0,0,0,1,0,6.0,0,6.0
PIT,2025-05-07,3,30,9,3,0,0,0,4,2,6.0,2,0.0
PIT,2025-05-09,4,62,15,5,1,0,0,5,1,9.0,2,1.0
PIT,2025-05-10,5,80,20,4,3,1,0,1,4,15.0,0,15.0
PIT,2025-05-11,4,48,14,3,1,0,0,4,1,10.0,3,4.0
PIT,2025-05-12,3,49,14,2,1,1,0,4,4,9.0,3,9.0
PIT,2025-05-13,1,16,4,0,1,0,0,0,1,3.0,0,3.0
PIT,2025-05-14,4,69,18,3,0,0,0,3,4,16.0,0,1.0
PIT,2025-05-16,4,78,19,2,5,1,0,5,2,9.0,7,7.0
PIT,2025-05-17,4,87,20,5,3,0,0,3,2,14.0,3,0.0
PIT,2025-05-19,3,65,17,5,2,0,0,6,2,9.0,5,4.0
PIT,2025-05-20,2,26,6,0,0,0,0,1,1,6.0,0,6.0
PIT,2025-05-21,4,56,14,4,1,1,0,1,3,12.0,0,12.0
PIT,2025-05-22,4,56,18,2,1,0,1,6,6,12.0,4,6.0
PIT,2025-05-23,6,105,22,8,4,0,1,7,3,12.0,4,12.0
PIT,2025-05-24,4,49,14,2,0,2,0,4,4,9.0,0,9.0
PIT,2025-05-25,3,70,15,1,2,0,0,3,4,10.0,3,10.0
PIT,2025-05-26,1,50,12,1,1,0,0,2,2,9.0,0,0.0
PIT,2025-05-27,3,72,20,8,0,0,0,3,5,17.0,4,0.0
PIT,2025-05-28,3,43,10,4,1,0,1,2,3,7.0,1,0.0
PIT,2025-05-30,2,17,6,2,0,0,0,0,3,6.0,0,6.0
PIT,2025-05-31,3,55,10,3,2,0,0,0,3,8.0,0,0.0
PIT,2025-06-01,4,62,14,3,4,0,0,3,3,7.0,4,7.0
PIT,2025-06-03,2,16,6,0,0,0,1,2,3,3.0,2,0.0
PIT,2025-06-04,3,66,14,6,1,0,0,2,3,11.0,0,0.0
PIT,2025-06-05,2,39,11,2,1,0,1,2,3,8.0,3,0.0
PIT,2025-06-06,4,85,19,8,1,0,0,2,3,16.0,2,16.0
PIT,2025-06-07,3,30,9,3,0,0,0,0,3,9.0,0,9.0
PIT,2025-06-08,1,19,6,0,2,0,0,1,0,4.0,0,4.0
PIT,2025-06-09,3,70,19,3,1,0,0,3,3,14.0,1,5.0
PIT,2025-06-10,2,29,9,3,0,0,0,0,1,9.0,0,3.0
PIT,2025-06-11,4,56,15,5,2,0,0,2,2,11.0,1,7.0
PIT,2025-06-12,2,27,7,2,1,0,0,0,2,6.0,0,6.0
PIT,2025-06-13,4,65,19,2,1,0,0,4,4,15.0,1,15.0
PIT,2025-06-14,2,30,9,2,0,0,1,1,3,8.0,1,8.0
PIT,2025-06-15,3,47,14,1,1,0,0,3,6,12.0,1,12.0
PIT,2025-06-17,2,56,15,3,2,1,2,4,5,9.0,4,5.0
PIT,2025-06-19,6,131,32,5,1,1,2,6,11,24.0,4,9.0
PIT,2025-06-20,4,76,22,3,4,0,0,6,5,13.0,2,4.0
PIT,2025-06-21,2,47,12,3,2,0,0,1,1,10.0,0,10.0
PIT,2025-06-22,3,34,11,5,0,0,0,0,1,11.0,1,0.0
PIT,2025-06-23,4,113,27,5,2,1,1,8,7,18.0,4,17.0
PIT,2025-06-24,3,79,17,2,1,0,0,4,2,12.0,2,0.0
PIT,2025-06-25,3,57,15,1,1,0,0,2,3,12.0,0,3.0
PIT,2025-06-27,3,54,14,4,1,1,0,1,6,11.0,0,0.0
PIT,2025-06-28,4,123,29,8,2,0,0,6,3,22.0,1,19.0
PIT,2025-06-29,2,73,17,3,0,0,0,3,2,14.0,0,0.0
PIT,2025-06-30,1,27,8,1,0,0,0,1,3,7.0,0,0.0
PIT,2025-07-01,3,71,17,3,3,0,0,2,4,12.0,0,12.0
PIT,2025-07-02,2,35,9,1,2,0,0,1,4,6.0,0,0.0
PIT,2025-07-04,1,30,11,2,0,0,1,4,3,7.0,2,0.0
PIT,2025-07-05,3,61,13,3,1,1,0,2,2,9.0,1,9.0
PIT,2025-07-06,2,48,11,3,0,0,1,2,5,9.0,1,9.0
PIT,2025-07-07,3,73,20,3,0,0,3,6,8,15.0,5,1.0
PIT,2025-07-08,3,28,8,1,0,0,0,3,2,7.0,1,7.0
PIT,2025-07-09,2,62,16,4,1,0,1,5,5,10.0,1,9.0
PIT,2025-07-11,1,37,10,4,0,0,0,2,2,9.0,0,9.0
PIT,2025-07-12,4,111,31,5,2,0,3,9,8,20.0,7,0.0
PIT,2025-07-13,3,44,12,3,0,0,0,3,3,9.0,0,9.0
PIT,2025-07-18,4,103,25,4,6,0,0,5,4,15.0,6,0.0
PIT,2025-07-19,3,78,25,3,2,1,0,10,6,12.0,8,2.0
PIT,2025-07-20,3,63,17,7,0,1,0,1,1,15.0,0,0.0
PIT,2025-07-21,3,43,12,5,1,0,0,2,0,9.0,0,0.0
PIT,2025-07-22,3,69,14,6,1,0,1,4,4,9.0,2,0.0
PIT,2025-07-23,1,34,7,3,0,0,0,1,1,6.0,0,0.0
PIT,2025-07-25,4,77,20,5,3,0,0,2,6,15.0,1,15.0
PIT,2025-07-26,5,57,15,5,1,0,0,2,1,12.0,0,12.0
PIT,2025-07-27,2,48,11,4,0,0,0,2,1,9.0,0,0.0
PIT,2025-07-28,5,113,30,5,2,2,0,6,6,21.0,2,21.0
PIT,2025-07-29,2,50,12,3,0,0,0,0,4,12.0,0,12.0
PIT,2025-07-30,2,45,15,3,0,0,0,3,5,12.0,0,12.0
PIT,2025-08-01,4,145,34,6,4,0,3,15,9,17.0,13,2.0
PIT,2025-08-02,3,59,16,2,0,0,1,7,5,9.0,5,4.0
PIT,2025-08-03,3,73,18,5,2,1,0,2,2,12.0,0,0.0
PIT,2025-08-04,4,107,31,8,2,0,0,5,6,24.0,2,17.0
PIT,2025-08-05,2,67,21,5,1,0,0,6,4,13.0,2,0.0
PIT,2025-08-06,5,72,20,3,2,0,0,5,6,13.0,3,13.0
PIT,2025-08-07,3,41,11,3,0,0,0,2,4,9.0,0,0.0
PIT,2025-08-08,3,44,12,6,0,0,0,2,2,10.0,1,10.0
PIT,2025-08-09,4,87,22,6,1,0,0,4,4,17.0,2,17.0
PIT,2025-08-10,5,124,28,4,5,0,2,11,6,12.0,10,2.0
PIT,2025-08-11,2,52,13,6,0,0,0,2,2,12.0,1,0.0
PIT,2025-08-12,4,94,26,4,3,0,3,9,10,12.0,10,0.0
PIT,2025-08-13,4,106,22,5,5,1,0,4,4,12.0,6,1.0
PIT,2025-08-15,3,66,17,2,2,1,0,3,4,12.0,1,12.0
PIT,2025-08-16,3,45,15,2,1,1,0,4,1,9.0,2,9.0
PIT,2025-08-17,4,101,22,2,5,0,0,5,8,12.0,3,12.0
PIT,2025-08-18,3,34,10,3,0,1,0,1,0,9.0,0,6.0
PIT,2025-08-19,3,87,21,5,1,0,1,3,6,17.0,2,0.0
PIT,2025-08-20,3,42,13,2,0,1,0,1,5,12.0,0,12.0
PIT,2025-08-22,1,40,14,3,0,1,0,2,2,12.0,0,0.0
PIT,2025-08-23,4,93,20,8,0,1,1,4,6,15.0,1,0.0
PIT,2025-08-24,2,27,8,2,1,0,0,1,4,6.0,0,0.0
PIT,2025-08-25,4,91,23,6,0,0,1,8,2,15.0,6,13.0
PIT,2025-08-26,2,44,10,4,1,0,0,0,4,9.0,0,0.0
PIT,2025-08-27,3,74,22,5,2,1,0,1,6,18.0,0,18.0
PIT,2025-08-28,3,44,12,2,1,1,1,3,6,7.0,3,1.0
PIT,2025-08-29,3,34,11,3,1,0,0,2,3,9.0,0,9.0
PIT,2025-08-30,3,65,18,2,0,1,0,5,3,12.0,1,0.0
PIT,2025-08-31,3,53,14,2,2,0,0,4,5,9.0,1,0.0
PIT,2025-09-02,4,115,32,5,1,0,2,10,7,21.0,6,19.0
PIT,2025-09-03,4,87,22,5,2,0,0,3,6,18.0,0,9.0
PIT,2025-09-04,4,59,15,4,0,0,1,6,3,9.0,3,1.0
PIT,2025-09-05,4,91,24,4,2,0,0,9,2,12.0,4,10.0
PIT,2025-09-06,2,51,12,4,1,1,1,3,1,8.0,2,3.0
PIT,2025-09-07,5,118,26,6,4,0,0,5,5,19.0,1,0.0
PIT,2025-09-09,5,109,27,6,5,1,1,4,6,21.0,2,21.0
PIT,2025-09-10,4,77,19,4,3,0,0,5,4,15.0,2,15.0
PIT,2025-09-11,2,46,11,3,2,0,0,2,2,7.0,1,7.0
PIT,2025-09-12,3,49,14,3,2,0,1,4,5,8.0,4,4.0
PIT,2025-09-13,2,42,11,3,1,0,0,1,3,9.0,0,3.0
PIT,2025-09-14,3,53,15,4,2,0,0,2,5,11.0,1,11.0
PIT,2025-09-15,3,90,20,2,1,1,1,3,6,15.0,1,0.0
PIT,2025-09-16,3,97,25,7,2,0,0,7,4,16.0,1,2.0
PIT,2025-09-17,5,82,21,3,4,0,0,5,6,12.0,4,2.0
PIT,2025-09-19,4,48,13,3,1,0,0,0,4,12.0,0,12.0
PIT,2025-09-20,2,43,12,7,0,0,0,0,2,12.0,0,12.0
PIT,2025-09-21,3,76,18,6,0,0,0,3,3,15.0,0,0.0
PIT,2025-09-23,5,61,15,3,1,0,0,3,1,13.0,0,13.0
PIT,2025-09-24,5,116,25,7,3,1,2,6,5,15.0,3,15.0
PIT,2025-09-25,2,50,12,3,0,0,0,2,2,11.0,0,11.0
PIT,2025-09-26,5,80,20,3,0,0,1,5,9,16.0,2,7.0
PIT,2025-09-27,3,50,11,6,0,0,0,1,4,10.0,0,10.0
PIT,2025-09-28,2,55,13,4,1,0,0,3,3,9.0,2,8.0
SD,2024-03-20,7,104,28,4,6,1,0,5,5,16.0,4,11.0
SD,2024-03-21,5,131,33,7,4,1,1,9,9,19.0,7,3.0
SD,2024-03-28,4,53,15,3,0,0,1,4,4,12.0,3,7.0
SD,2024-03-29,3,73,16,4,1,0,1,5,3,10.0,4,2.0
SD,2024-03-30,4,79,21,4,1,0,2,7,7,13.0,6,4.0
SD,2024-03-31,3,61,19,3,1,1,0,3,3,15.0,2,0.0
SD,2024-04-01,4,82,23,6,2,1,1,5,5,15.0,2,0.0
SD,2024-04-02,3,43,10,1,3,0,0,1,1,6.0,2,1.0
SD,2024-04-03,3,67,14,4,3,2,0,1,0,9.0,1,9.0
SD,2024-04-05,3,39,9,1,0,1,0,1,2,9.0,1,9.0
SD,2024-04-06,3,29,8,1,2,0,0,0,1,6.0,0,0.0
SD,2024-04-07,3,33,12,1,1,0,0,3,2,8.0,3,8.0
SD,2024-04-08,4,88,24,6,3,0,0,4,6,18.0,4,9.0
SD,2024-04-09,3,82,18,6,0,0,1,4,4,15.0,4,0.0
SD,2024-04-10,3,37,10,2,1,0,0,1,3,9.0,0,0.0
SD,2024-04-12,6,77,22,5,2,0,0,1,8,18.0,0,15.0
SD,2024-04-13,3,49,15,3,0,1,0,5,6,9.0,4,4.0
SD,2024-04-14,4,47,14,1,1,0,0,2,4,12.0,0,3.0
SD,2024-04-15,3,51,13,2,1,0,0,3,4,9.0,0,0.0
SD,2024-04-16,4,56,15,4,2,0,0,4,3,9.0,2,0.0
SD,2024-04-17,1,8,2,1,0,0,0,1,0,1.0,1,1.0
SD,2024-04-19,4,65,16,7,0,0,0,4,3,13.0,0,0.0
SD,2024-04-20,2,41,14,1,0,0,0,3,3,12.0,1,1.0
SD,2024-04-21,2,14,6,1,0,0,0,1,0,6.0,0,3.0
SD,2024-04-22,2,35,8,3,0,0,0,3,2,6.0,0,6.0
SD,2024-04-23,3,74,19,4,1,0,0,5,0,13.0,1,3.0
SD,2024-04-24,3,28,10,1,0,0,1,1,3,9.0,1,0.0
SD,2024-04-25,5,100,27,7,3,0,1,8,3,16.0,5,12.0
SD,2024-04-26,3,89,22,4,2,0,1,5,6,16.0,3,0.0
SD,2024-04-27,1,47,11,5,0,0,0,2,3,9.0,0,0.0
SD,2024-04-28,4,61,16,2,1,1,0,6,3,11.0,2,6.0
SD,2024-04-29,3,43,12,2,1,0,0,2,4,9.0,1,0.0
SD,2024-04-30,4,59,17,6,0,0,2,5,4,12.0,4,8.0
SD,2024-05-01,4,44,12,3,2,1,0,0,2,9.0,0,3.0
SD,2024-05-03,2,26,7,2,0,0,0,0,3,7.0,0,0.0
SD,2024-05-04,3,57,13,4,2,0,0,2,4,9.0,1,0.0
SD,2024-05-05,3,59,19,2,0,0,1,5,6,15.0,4,0.0
SD,2024-05-06,5,90,21,6,5,0,2,4,7,12.0,3,0.0
SD,2024-05-07,4,51,17,2,1,0,1,5,3,14.0,2,14.0
SD,2024-05-08,2,33,6,3,0,0,0,0,1,6.0,0,0.0
SD,2024-05-10,2,28,8,0,1,0,0,2,4,6.0,1,6.0
SD,2024-05-11,4,74,18,4,4,0,1,3,4,11.0,4,1.0
SD,2024-05-12,2,43,9,2,0,0,0,2,2,6.0,0,0.0
SD,2024-05-13,3,68,17,6,0,0,0,1,4,16.0,0,9.0
SD,2024-05-14,3,52,15,5,0,0,1,5,3,10.0,4,0.0
SD,2024-05-15,2,50,15,2,0,0,1,4,4,11.0,3,0.0
SD,2024-05-17,4,57,13,8,1,0,0,2,2,10.0,0,10.0
SD,2024-05-19,2,25,7,2,0,0,0,2,0,6.0,1,0.0
SD,2024-05-20,6,119,27,6,1,1,0,4,7,21.0,0,6.0
SD,2024-05-21,4,76,17,3,2,0,0,0,5,15.0,0,15.0
SD,2024-05-22,2,26,8,3,0,0,0,2,2,7.0,0,0.0
SD,2024-05-23,4,95,20,9,3,0,1,2,5,15.0,2,15.0
SD,2024-05-24,2,61,12,2,1,0,0,1,2,10.0,0,0.0
SD,2024-05-25,2,42,9,4,1,0,0,1,0,7.0,0,0.0
SD,2024-05-26,3,67,15,7,2,0,1,2,3,11.0,1,2.0
SD,2024-05-27,3,63,14,4,1,0,0,1,3,12.0,0,12.0
SD,2024-05-28,2,25,6,3,0,0,0,0,0,6.0,0,0.0
SD,2024-05-29,3,93,29,4,1,0,1,10,5,18.0,6,4.0
SD,2024-05-31,5,67,20,2,1,0,1,8,7,11.0,6,5.0
SD,2024-06-01,4,75,19,3,2,0,0,4,4,12.0,0,9.0
SD,2024-06-02,2,28,8,1,1,0,0,3,2,6.0,3,6.0
SD,2024-06-03,2,19,7,0,0,0,0,2,3,5.0,1,5.0
SD,2024-06-04,2,36,10,0,2,0,0,3,2,6.0,2,5.0
SD,2024-06-05,2,20,7,1,0,0,0,2,0,6.0,0,6.0
SD,2024-06-06,3,52,13,2,3,0,0,3,2,7.0,1,7.0
SD,2024-06-07,4,69,17,7,1,0,2,4,3,12.0,3,5.0
SD,2024-06-08,2,36,12,3,1,0,0,2,2,9.0,0,0.0
SD,2024-06-09,3,99,24,4,1,0,0,7,6,18.0,2,0.0
SD,2024-06-10,4,54,11,8,2,0,0,0,1,9.0,0,3.0
SD,2024-06-11,4,53,15,3,1,0,1,2,7,12.0,2,12.0
SD,2024-06-12,5,83,20,6,2,0,0,6,6,12.0,4,12.0
SD,2024-06-14,1,21,5,0,1,0,0,1,0,3.0,0,3.0
SD,2024-06-15,3,84,20,5,0,0,2,7,8,13.0,4,6.0
SD,2024-06-16,4,80,20,4,1,0,1,7,5,13.0,4,0.0
SD,2024-06-17,3,66,17,1,1,0,1,6,6,11.0,3,0.0
SD,2024-06-18,5,60,18,6,1,0,1,7,6,13.0,3,13.0
SD,2024-06-19,2,28,7,4,0,0,1,1,1,6.0,1,0.0
SD,2024-06-20,5,106,22,6,5,0,0,4,3,13.0,2,11.0
SD,2024-06-21,3,85,20,5,1,0,0,5,3,13.0,2,6.0
SD,2024-06-22,5,74,18,4,1,0,1,5,3,12.0,4,1.0
SD,2024-06-23,2,47,13,2,0,0,0,5,4,9.0,1,0.0
SD,2024-06-24,5,71,18,3,0,0,1,6,2,12.0,4,11.0
SD,2024-06-25,4,70,18,1,1,0,0,3,4,12.0,3,4.0
SD,2024-06-26,3,37,11,1,1,1,0,4,3,6.0,5,0.0
SD,2024-06-28,4,73,20,5,1,1,1,3,5,15.0,1,0.0
SD,2024-06-29,3,56,12,5,1,1,0,1,2,9.0,0,0.0
SD,2024-06-30,4,60,14,2,2,0,0,2,3,11.0,0,0.0
SD,2024-07-02,3,70,17,3,2,0,0,2,5,13.0,1,0.0
SD,2024-07-03,4,65,18,9,1,0,0,2,2,15.0,0,15.0
SD,2024-07-04,3,58,14,2,1,0,0,2,2,11.0,1,11.0
SD,2024-07-05,4,54,15,3,1,0,2,6,3,8.0,6,2.0
SD,2024-07-06,5,70,18,4,2,0,0,4,2,12.0,5,10.0
SD,2024-07-07,2,54,13,0,1,0,0,7,2,6.0,6,1.0
SD,2024-07-09,5,82,18,5,0,1,1,6,0,13.0,3,0.0
SD,2024-07-10,3,57,12,4,2,0,0,1,2,9.0,0,9.0
SD,2024-07-12,2,38,9,2,0,0,1,3,2,6.0,2,0.0
SD,2024-07-13,3,49,13,3,0,0,0,4,4,9.0,0,0.0
SD,2024-07-14,4,73,18,5,1,0,2,5,6,12.0,4,4.0
SD,2024-07-19,4,60,13,3,1,1,0,5,3,6.0,6,3.0
SD,2024-07-20,2,18,6,0,0,0,0,0,4,6.0,0,0.0
SD,2024-07-21,2,31,7,2,1,0,0,0,1,6.0,0,6.0
SD,2024-07-23,3,34,10,3,0,0,0,1,0,9.0,0,0.0
SD,2024-07-24,3,31,11,2,0,0,0,2,5,9.0,0,0.0
SD,2024-07-26,6,91,28,5,2,0,1,6,7,19.0,3,19.0
SD,2024-07-27,2,46,13,2,0,0,1,5,4,8.0,4,0.0
SD,2024-07-28,4,122,28,12,4,0,0,5,4,18.0,4,8.0
SD,2024-07-30,6,83,24,7,4,0,0,2,8,18.0,0,18.0
SD,2024-07-31,4,36,10,5,0,0,0,0,3,10.0,0,0.0
SD,2024-08-02,3,75,19,6,2,0,0,5,4,12.0,4,4.0
SD,2024-08-03,3,34,11,4,0,0,1,2,2,9.0,1,9.0
SD,2024-08-04,3,37,13,5,0,0,1,3,3,10.0,1,1.0
SD,2024-08-06,5,121,30,11,2,1,0,4,4,24.0,0,9.0
SD,2024-08-07,6,105,27,8,4,1,0,5,1,15.0,3,15.0
SD,2024-08-08,4,71,18,4,2,0,1,6,5,10.0,4,10.0
SD,2024-08-09,3,37,10,3,0,0,0,1,1,9.0,0,6.0
SD,2024-08-10,5,98,25,6,3,0,1,6,4,17.0,5,13.0
SD,2024-08-11,3,51,13,6,0,0,1,4,2,9.0,2,6.0
SD,2024-08-12,4,74,21,5,2,0,0,5,4,14.0,1,14.0
SD,2024-08-13,3,45,12,5,0,1,0,2,1,9.0,0,6.0
SD,2024-08-14,3,64,15,6,1,0,0,3,0,11.0,1,0.0
SD,2024-08-16,2,36,9,3,1,0,0,1,3,7.0,0,0.0
SD,2024-08-17,4,35,12,4,0,0,0,2,1,10.0,0,0.0
SD,2024-08-18,3,72,16,3,2,0,0,3,3,11.0,2,11.0
SD,2024-08-19,3,47,11,3,1,0,0,1,2,9.0,1,1.0
SD,2024-08-20,4,63,17,3,0,0,0,6,4,13.0,2,13.0
SD,2024-08-21,3,79,20,6,0,1,0,6,4,14.0,2,0.0
SD,2024-08-22,2,52,15,4,0,0,0,8,0,8.0,5,5.0
SD,2024-08-23,2,38,7,5,0,0,0,1,0,6.0,0,0.0
SD,2024-08-24,3,46,15,4,0,0,2,2,4,12.0,2,0.0
SD,2024-08-25,5,77,19,10,0,0,1,3,3,16.0,1,16.0
SD,2024-08-26,3,57,14,1,0,0,0,5,4,9.0,2,0.0
SD,2024-08-27,5,71,18,4,1,0,1,4,4,14.0,2,14.0
SD,2024-08-28,3,70,14,4,2,0,0,4,2,9.0,1,9.0
SD,2024-08-29,3,47,15,3,0,0,1,4,4,11.0,2,8.0
SD,2024-08-30,4,99,18,9,3,0,0,3,2,12.0,1,0.0
SD,2024-08-31,1,48,14,1,0,1,0,2,7,11.0,2,0.0
SD,2024-09-01,4,71,17,4,3,1,0,2,3,12.0,2,12.0
SD,2024-09-02,3,40,11,2,0,0,0,3,3,9.0,0,6.0
SD,2024-09-04,7,131,29,8,4,0,1,3,8,22.0,2,18.0
SD,2024-09-05,4,47,13,3,2,0,1,3,3,8.0,4,1.0
SD,2024-09-06,3,38,9,3,0,0,0,0,2,9.0,0,0.0
SD,2024-09-07,3,47,12,2,1,1,1,2,4,9.0,2,8.0
SD,2024-09-08,3,67,16,7,1,0,1,1,3,14.0,1,3.0
SD,2024-09-10,4,81,18,4,4,0,0,3,1,12.0,1,0.0
SD,2024-09-11,3,56,12,1,2,0,0,1,5,9.0,2,0.0
SD,2024-09-13,3,30,9,2,0,0,0,0,2,9.0,0,0.0
SD,2024-09-14,2,41,11,2,0,0,0,2,1,9.0,0,0.0
SD,2024-09-15,5,85,18,4,1,0,1,2,6,15.0,2,15.0
SD,2024-09-16,3,43,13,1,0,0,0,3,4,9.0,1,9.0
SD,2024-09-17,4,50,15,4,2,0,0,4,3,9.0,2,9.0
SD,2024-09-18,1,6,2,1,0,0,0,0,1,2.0,0,0.0
SD,2024-09-20,4,62,15,4,1,0,1,2,3,12.0,2,12.0
SD,2024-09-21,4,63,16,6,3,1,0,2,0,11.0,1,2.0
SD,2024-09-22,3,42,10,6,0,0,0,2,1,8.0,0,8.0
SD,2024-09-24,5,53,16,2,1,0,0,6,4,12.0,1,3.0
SD,2024-09-25,4,52,13,1,3,0,0,3,1,9.0,1,9.0
SD,2024-09-26,3,55,14,1,2,0,1,6,2,5.0,5,0.0
SD,2024-09-27,4,69,16,3,1,0,0,3,3,11.0,1,10.0
SD,2024-09-28,3,42,11,3,1,0,0,1,1,9.0,0,6.0
SD,2024-09-29,2,97,23,3,0,2,2,8,6,13.0,5,0.0
SD,2024-10-01,2,23,8,3,0,0,0,2,1,6.0,0,0.0
SD,2024-10-02,5,105,22,4,1,0,2,5,7,16.0,3,6.0
SD,2024-10-05,5,83,21,4,3,0,0,4,5,14.0,3,14.0
SD,2024-10-06,2,30,9,2,1,0,1,2,2,6.0,1,0.0
SD,2024-10-08,4,54,13,6,0,0,0,1,2,12.0,0,12.0
SD,2024-10-09,6,116,33,9,2,1,2,8,7,22.0,6,0.0
SD,2024-10-11,2,21,5,1,0,0,0,1,0,4.0,0,4.0
SD,2025-03-27,6,119,25,7,2,0,1,3,8,19.0,1,13.0
SD,2025-03-28,4,72,17,6,2,0,0,1,2,14.0,0,14.0
SD,2025-03-29,3,42,11,2,1,0,0,1,2,9.0,0,9.0
SD,2025-03-30,2,25,6,4,1,0,0,0,0,6.0,0,0.0
SD,2025-03-31,4,63,16,4,0,1,0,3,3,12.0,0,0.0
SD,2025-04-01,4,63,15,5,2,1,0,0,4,12.0,0,0.0
SD,2025-04-02,3,34,11,2,0,0,0,4,2,8.0,1,0.0
SD,2025-04-04,3,58,15,3,2,1,0,1,5,10.0,2,10.0
SD,2025-04-05,3,110,25,4,5,0,1,5,8,15.0,4,0.0
SD,2025-04-06,5,139,32,8,4,0,1,4,6,25.0,2,20.0
SD,2025-04-07,4,33,11,4,0,0,1,2,5,10.0,1,10.0
SD,2025-04-08,3,56,16,3,0,0,1,4,4,12.0,1,0.0
SD,2025-04-09,4,47,14,3,2,0,0,1,6,12.0,0,12.0
SD,2025-04-11,2,30,6,5,0,0,0,0,1,6.0,0,0.0
SD,2025-04-12,3,42,12,5,1,0,0,3,2,9.0,0,9.0
SD,2025-04-14,4,64,16,3,2,0,0,4,1,10.0,1,5.0
SD,2025-04-15,5,73,21,6,1,0,0,3,6,15.0,2,15.0
SD,2025-04-16,3,33,11,3,0,0,1,2,1,9.0,1,9.0
SD,2025-04-18,2,40,11,2,1,0,0,2,2,9.0,1,6.0
SD,2025-04-19,2,42,11,0,1,0,0,3,4,7.0,1,7.0
SD,2025-04-20,3,57,14,5,0,0,0,1,2,12.0,0,12.0
SD,2025-04-21,3,90,26,4,4,1,0,6,3,18.0,2,14.0
SD,2025-04-22,2,25,7,1,0,0,0,1,4,6.0,0,6.0
SD,2025-04-23,3,71,17,4,0,1,1,5,4,11.0,4,6.0
SD,2025-04-25,4,56,14,8,0,0,0,2,0,12.0,0,12.0
SD,2025-04-26,5,81,20,4,2,0,0,3,8,14.0,2,9.0
SD,2025-04-27,4,65,17,4,0,0,0,5,3,13.0,1,13.0
SD,2025-04-29,4,52,13,5,0,0,0,2,4,11.0,2,4.0
SD,2025-04-30,4,59,14,6,2,0,2,2,6,10.0,2,5.0
SD,2025-05-02,6,84,23,5,2,2,1,4,6,15.0,2,7.0
SD,2025-05-03,4,40,12,0,3,0,0,0,3,12.0,0,12.0
SD,2025-05-04,4,59,15,7,0,0,0,4,2,11.0,0,0.0
SD,2025-05-05,4,59,13,4,0,0,0,1,7,12.0,1,8.0
SD,2025-05-06,3,50,16,0,3,0,1,7,5,6.0,10,1.0
SD,2025-05-07,3,39,12,1,1,0,1,2,5,10.0,3,10.0
SD,2025-05-09,5,68,19,1,1,0,1,9,6,9.0,7,0.0
SD,2025-05-11,4,52,18,4,1,0,1,5,6,12.0,3,0.0
SD,2025-05-12,5,87,19,8,5,1,1,3,1,10.0,6,9.0
SD,2025-05-13,3,24,9,1,0,0,1,3,4,7.0,3,7.0
SD,2025-05-14,3,35,9,2,1,0,0,0,3,9.0,0,6.0
SD,2025-05-16,2,62,15,5,2,0,0,2,1,12.0,0,0.0
SD,2025-05-17,5,62,15,4,2,0,1,4,2,9.0,3,7.0
SD,2025-05-18,4,68,17,4,4,0,0,2,4,11.0,2,0.0
SD,2025-05-20,1,18,4,1,1,0,0,0,1,3.0,0,0.0
SD,2025-05-21,4,90,27,3,3,1,1,10,4,10.0,12,5.0
SD,2025-05-22,5,93,22,1,4,0,0,5,8,15.0,3,15.0
SD,2025-05-23,3,40,10,3,0,0,0,2,2,9.0,0,9.0
SD,2025-05-24,3,102,27,8,3,1,1,7,3,16.0,5,8.0
SD,2025-05-25,4,53,13,3,1,0,0,1,3,12.0,0,12.0
SD,2025-05-26,5,65,16,4,1,0,0,1,3,14.0,0,14.0
SD,2025-05-27,3,51,15,3,1,0,0,4,4,11.0,0,11.0
SD,2025-05-28,4,61,21,4,1,1,1,7,2,13.0,6,13.0
SD,2025-05-30,3,51,12,6,2,0,0,1,1,9.0,0,9.0
SD,2025-05-31,4,80,19,4,1,1,0,5,5,13.0,2,0.0
SD,2025-06-01,5,93,19,7,1,0,0,1,5,17.0,0,9.0
SD,2025-06-02,4,81,19,7,4,0,0,2,2,13.0,0,13.0
SD,2025-06-03,3,56,17,2,1,0,0,1,5,15.0,0,15.0
SD,2025-06-04,2,36,9,1,1,0,0,2,3,6.0,3,6.0
SD,2025-06-05,2,49,11,4,1,0,0,1,3,9.0,0,9.0
SD,2025-06-06,4,66,17,6,2,0,0,2,5,13.0,0,13.0
SD,2025-06-07,4,41,13,0,1,0,1,5,5,10.0,4,10.0
SD,2025-06-08,5,61,17,5,2,1,0,3,2,11.0,0,11.0
SD,2025-06-09,6,96,24,5,1,0,0,4,5,18.0,3,18.0
SD,2025-06-10,1,32,10,1,2,0,0,3,1,6.0,1,0.0
SD,2025-06-11,6,86,23,4,2,0,1,7,6,13.0,4,10.0
SD,2025-06-13,3,57,12,4,1,0,0,0,4,11.0,0,0.0
SD,2025-06-14,5,73,20,4,3,0,0,6,4,12.0,5,11.0
SD,2025-06-15,2,32,7,5,0,0,0,1,1,6.0,0,0.0
SD,2025-06-16,2,49,13,3,1,0,0,2,1,9.0,0,0.0
SD,2025-06-17,5,75,18,3,2,0,1,8,2,9.0,5,6.0
SD,2025-06-18,3,48,10,3,3,0,1,1,2,8.0,1,8.0
SD,2025-06-19,6,91,21,4,4,1,0,3,3,13.0,2,5.0
SD,2025-06-20,4,77,19,4,1,0,0,5,4,13.0,2,9.0
SD,2025-06-21,2,28,8,2,0,0,0,1,2,7.0,0,1.0
SD,2025-06-22,2,23,7,1,1,0,0,2,2,6.0,0,6.0
SD,2025-06-23,4,96,25,9,1,0,2,10,4,14.0,6,0.0
SD,2025-06-24,4,69,20,5,0,0,0,2,1,18.0,1,16.0
SD,2025-06-25,2,21,6,2,0,0,0,0,2,6.0,0,6.0
SD,2025-06-27,3,71,16,6,0,0,1,4,4,12.0,4,0.0
SD,2025-06-28,4,63,17,4,2,0,0,1,3,14.0,1,13.0
SD,2025-06-29,4,55,15,3,1,0,0,6,3,10.0,3,10.0
SD,2025-06-30,2,37,10,2,0,1,0,0,4,10.0,0,0.0
SD,2025-07-02,6,103,27,5,5,0,0,7,5,15.0,3,1.0
SD,2025-07-04,4,63,16,4,3,0,0,2,5,12.0,0,12.0
SD,2025-07-05,4,61,14,2,2,0,0,2,3,11.0,2,2.0
SD,2025-07-06,5,96,25,8,0,0,0,2,8,23.0,0,17.0
SD,2025-07-07,4,90,25,4,3,0,1,6,4,16.0,4,4.0
SD,2025-07-08,4,68,14,5,2,1,0,1,1,10.0,0,10.0
SD,2025-07-09,2,61,15,4,2,1,1,3,4,9.0,2,0.0
SD,2025-07-10,4,76,19,4,2,0,0,4,7,14.0,1,14.0
SD,2025-07-11,5,76,17,4,2,0,0,2,3,13.0,0,13.0
SD,2025-07-12,5,57,17,1,1,0,0,4,6,13.0,0,13.0
SD,2025-07-13,3,49,10,3,0,0,0,3,3,7.0,1,7.0
SD,2025-07-18,4,53,15,3,1,1,1,5,3,11.0,2,8.0
SD,2025-07-19,3,45,11,2,2,0,1,1,1,9.0,1,9.0
SD,2025-07-20,2,55,14,1,1,0,0,3,4,9.0,0,0.0
SD,2025-07-21,4,47,15,4,0,0,0,2,2,14.0,0,14.0
SD,2025-07-22,2,45,11,3,1,0,0,3,2,7.0,1,6.0
SD,2025-07-23,2,28,10,2,0,1,0,1,4,9.0,0,9.0
SD,2025-07-24,4,78,19,3,3,0,1,4,3,13.0,1,12.0
SD,2025-07-25,2,15,6,0,0,0,0,2,1,5.0,0,0.0
SD,2025-07-26,4,64,16,3,1,1,0,2,3,13.0,0,13.0
SD,2025-07-27,3,49,12,3,1,0,0,2,3,9.0,0,0.0
SD,2025-07-28,5,52,14,6,0,0,1,1,7,13.0,1,12.0
SD,2025-07-29,5,67,17,4,0,0,0,2,2,15.0,1,9.0
SD,2025-07-30,2,31,7,3,0,0,0,1,1,6.0,0,0.0
SD,2025-08-01,2,21,7,1,0,0,0,3,1,6.0,0,0.0
SD,2025-08-02,4,64,21,7,2,1,0,4,3,15.0,4,13.0
SD,2025-08-03,5,83,19,7,2,0,0,5,2,12.0,3,6.0
SD,2025-08-04,2,29,10,0,0,0,1,2,6,9.0,1,0.0
SD,2025-08-05,7,106,27,6,3,1,1,3,6,21.0,2,18.0
SD,2025-08-06,3,51,14,7,1,0,0,1,1,13.0,0,13.0
SD,2025-08-08,2,71,19,1,5,1,1,5,8,9.0,5,0.0
SD,2025-08-09,6,130,33,14,4,0,0,5,3,24.0,2,24.0
SD,2025-08-10,3,54,13,6,1,1,0,1,0,9.0,2,0.0
SD,2025-08-11,3,54,10,4,0,0,0,1,2,9.0,0,0.0
SD,2025-08-12,4,65,18,5,1,0,0,4,3,13.0,0,0.0
SD,2025-08-13,2,18,8,2,0,0,0,1,3,7.0,0,0.0
SD,2025-08-15,4,119,27,9,4,0,1,4,4,20.0,3,20.0
SD,2025-08-16,3,59,16,2,0,0,1,3,4,14.0,1,0.0
SD,2025-08-17,4,55,15,6,0,0,1,3,8,12.0,1,12.0
SD,2025-08-18,3,55,13,5,2,0,0,1,1,10.0,0,6.0
SD,2025-08-19,3,38,10,2,0,0,0,1,4,9.0,0,0.0
SD,2025-08-20,3,46,11,4,2,0,0,0,1,9.0,0,0.0
SD,2025-08-21,4,56,14,4,2,0,0,1,1,12.0,0,0.0
SD,2025-08-22,3,54,12,3,2,0,0,2,2,9.0,0,9.0
SD,2025-08-23,3,42,10,4,0,0,1,1,4,9.0,1,2.0
SD,2025-08-24,3,71,17,2,1,0,3,7,5,9.0,6,1.0
SD,2025-08-25,3,74,21,5,2,1,0,5,5,13.0,5,3.0
SD,2025-08-26,5,89,19,6,1,0,1,4,6,14.0,3,14.0
SD,2025-08-27,4,63,18,2,2,0,0,4,3,12.0,0,9.0
SD,2025-08-29,4,115,27,2,5,0,1,7,5,15.0,6,0.0
SD,2025-08-30,4,53,13,1,0,0,0,1,7,12.0,0,3.0
SD,2025-08-31,5,123,31,8,4,2,1,7,7,18.0,7,5.0
SD,2025-09-01,4,81,21,6,0,0,1,6,3,15.0,2,15.0
SD,2025-09-02,4,77,23,5,3,0,0,4,4,15.0,3,2.0
SD,2025-09-03,5,118,26,10,5,0,0,1,4,20.0,1,6.0
SD,2025-09-05,2,40,10,4,2,0,0,2,2,6.0,1,2.0
SD,2025-09-06,3,69,16,4,2,0,2,6,4,9.0,5,2.0
SD,2025-09-07,3,59,14,4,2,0,0,2,1,12.0,0,0.0
SD,2025-09-08,6,53,14,6,0,0,0,1,3,13.0,0,12.0
SD,2025-09-09,4,68,15,7,1,0,1,2,3,12.0,2,12.0
SD,2025-09-10,3,51,13,2,4,0,0,3,1,6.0,2,6.0
SD,2025-09-11,3,36,9,5,0,0,0,0,0,9.0,0,9.0
SD,2025-09-12,2,49,18,3,0,0,0,4,7,14.0,0,0.0
SD,2025-09-13,3,47,13,4,0,1,0,3,3,9.0,2,0.0
SD,2025-09-14,4,77,18,8,1,0,1,4,3,12.0,5,4.0
SD,2025-09-16,3,100,18,9,2,1,0,0,3,15.0,0,0.0
SD,2025-09-17,4,76,17,4,2,0,1,2,5,13.0,1,6.0
SD,2025-09-18,5,105,23,6,3,0,1,3,6,17.0,4,0.0
SD,2025-09-19,2,22,6,1,0,0,0,0,2,6.0,0,6.0
SD,2025-09-20,4,60,16,4,2,0,1,2,6,13.0,1,1.0
SD,2025-09-21,5,72,17,7,5,0,0,1,2,12.0,2,8.0
SD,2025-09-22,6,86,22,6,3,0,0,3,5,16.0,1,16.0
SD,2025-09-23,2,33,9,2,0,0,0,3,2,6.0,0,0.0
SD,2025-09-24,4,63,15,1,1,0,1,4,5,12.0,2,12.0
SD,2025-09-26,5,101,20,7,6,0,0,2,4,12.0,2,1.0
SD,2025-09-27,5,90,23,9,2,0,1,4,3,19.0,1,0.0
SD,2025-09-28,3,61,15,6,1,0,0,4,1,10.0,2,0.0
SD,2025-09-30,4,42,12,4,1,0,0,3,1,9.0,1,9.0
SD,2025-10-01,3,78,17,6,0,1,0,1,3,16.0,0,1.0
SD,2025-10-02,6,115,28,10,1,0,1,9,5,21.0,2,15.0
SEA,2024-03-28,3,63,17,2,0,0,1,5,5,12.0,2,8.0
SEA,2024-03-29,3,42,10,5,1,0,0,2,1,7.0,0,7.0
SEA,2024-03-30,4,56,13,5,2,0,0,3,2,9.0,2,9.0
SEA,2024-03-31,3,63,17,2,1,0,0,4,3,12.0,1,0.0
SEA,2024-04-01,4,40,13,4,0,0,1,2,4,11.0,1,11.0
SEA,2024-04-02,3,38,12,4,0,0,0,2,3,10.0,1,0.0
SEA,2024-04-03,3,49,18,2,1,0,0,1,5,16.0,0,0.0
SEA,2024-04-05,3,66,15,2,5,0,0,3,3,9.0,2,9.0
SEA,2024-04-06,4,40,11,1,3,0,1,2,2,6.0,3,6.0
SEA,2024-04-07,4,80,20,5,3,0,1,3,4,14.0,4,0.0
SEA,2024-04-08,2,45,11,3,0,1,0,2,2,9.0,1,0.0
SEA,2024-04-09,5,69,18,4,2,2,0,3,6,12.0,0,3.0
SEA,2024-04-10,2,41,11,2,2,1,0,1,2,7.0,0,4.0
SEA,2024-04-12,3,51,10,3,0,0,1,1,4,8.0,2,2.0
SEA,2024-04-13,2,43,11,4,0,0,2,2,4,9.0,2,3.0
SEA,2024-04-14,3,38,9,3,0,0,0,1,2,9.0,0,9.0
SEA,2024-04-15,3,33,11,4,0,0,1,2,4,9.0,1,0.0
SEA,2024-04-16,3,57,11,3,3,0,0,1,3,7.0,0,7.0
SEA,2024-04-17,3,47,9,5,0,0,0,0,0,9.0,0,3.0
SEA,2024-04-20,2,29,8,2,0,1,0,1,2,6.0,0,0.0
SEA,2024-04-21,7,94,29,6,2,1,0,7,8,24.0,2,15.0
SEA,2024-04-23,3,31,7,3,0,0,0,1,0,7.0,0,0.0
SEA,2024-04-24,3,73,18,3,1,2,0,4,5,12.0,3,4.0
SEA,2024-04-25,3,58,13,3,0,0,0,3,3,9.0,1,9.0
SEA,2024-04-26,2,44,12,3,2,0,0,1,2,9.0,0,0.0
SEA,2024-04-27,2,34,8,2,1,0,0,1,3,6.0,1,4.0
SEA,2024-04-28,3,41,11,3,1,0,0,2,2,8.0,1,8.0
SEA,2024-04-29,2,30,7,4,0,0,0,1,0,6.0,0,6.0
SEA,2024-04-30,2,44,11,3,1,0,0,3,0,6.0,2,5.0
SEA,2024-05-01,4,52,18,3,1,0,0,1,8,16.0,1,0.0
SEA,2024-05-03,4,65,14,2,5,0,0,3,2,6.0,3,6.0
SEA,2024-05-04,1,10,4,1,0,0,0,1,0,3.0,0,0.0
SEA,2024-05-05,3,43,13,2,1,1,0,2,5,9.0,0,9.0
SEA,2024-05-06,1,20,6,2,0,0,0,2,3,4.0,1,4.0
SEA,2024-05-07,6,82,20,4,1,0,0,5,4,15.0,2,12.0
SEA,2024-05-08,3,46,12,5,0,0,0,3,4,9.0,2,5.0
SEA,2024-05-09,2,58,17,4,1,1,1,2,5,12.0,3,0.0
SEA,2024-05-10,4,82,22,6,1,1,0,6,2,14.0,1,0.0
SEA,2024-05-11,3,64,16,3,3,0,1,4,5,9.0,5,5.0
SEA,2024-05-12,3,41,11,1,1,0,1,2,2,9.0,2,0.0
SEA,2024-05-13,2,32,9,4,0,0,0,3,1,6.0,2,1.0
SEA,2024-05-14,3,32,9,3,1,0,0,1,2,7.0,1,2.0
SEA,2024-05-15,4,59,15,4,0,0,0,3,4,11.0,1,11.0
SEA,2024-05-17,3,55,13,1,1,0,0,4,4,8.0,3,0.0
SEA,2024-05-18,4,63,13,4,2,0,1,2,2,9.0,1,9.0
SEA,2024-05-19,2,33,9,2,0,0,0,3,2,6.0,1,4.0
SEA,2024-05-20,3,56,14,2,3,0,0,4,1,9.0,1,5.0
SEA,2024-05-21,4,64,15,2,2,1,1,3,4,9.0,3,4.0
SEA,2024-05-22,3,48,11,3,3,0,1,2,4,6.0,2,0.0
SEA,2024-05-23,4,56,15,1,2,0,0,4,3,9.0,3,3.0
SEA,2024-05-24,2,31,7,2,0,0,1,2,2,6.0,1,0.0
SEA,2024-05-25,3,26,8,2,0,0,0,3,1,6.0,2,6.0
SEA,2024-05-26,3,38,12,5,0,0,1,3,5,9.0,4,4.0
SEA,2024-05-27,3,35,9,3,0,0,0,1,2,9.0,0,9.0
SEA,2024-05-28,3,34,10,4,1,0,0,0,3,9.0,0,9.0
SEA,2024-05-29,5,47,13,6,0,0,0,1,3,12.0,0,12.0
SEA,2024-05-30,1,32,10,0,0,0,0,1,3,9.0,0,0.0
SEA,2024-05-31,4,65,14,6,2,0,1,4,2,9.0,4,7.0
SEA,2024-06-01,3,53,12,3,0,0,0,3,3,9.0,0,0.0
SEA,2024-06-02,2,44,10,3,1,0,0,2,2,6.0,1,3.0
SEA,2024-06-04,5,72,18,2,5,0,0,2,2,12.0,1,11.0
SEA,2024-06-05,1,10,3,1,0,0,0,0,1,3.0,0,3.0
SEA,2024-06-06,3,42,9,2,0,0,0,0,4,9.0,0,6.0
SEA,2024-06-07,4,74,18,4,4,0,0,4,2,12.0,6,11.0
SEA,2024-06-08,3,50,15,2,3,0,0,3,3,9.0,3,2.0
SEA,2024-06-09,4,51,13,4,0,0,2,4,3,9.0,4,9.0
SEA,2024-06-10,3,63,13,3,3,0,1,3,1,7.0,1,3.0
SEA,2024-06-11,4,50,11,4,0,0,0,1,2,11.0,0,11.0
SEA,2024-06-12,4,43,11,5,1,0,1,1,1,9.0,1,9.0
SEA,2024-06-13,3,53,11,3,1,0,0,2,2,9.0,1,9.0
SEA,2024-06-14,3,37,11,4,1,0,0,1,2,9.0,0,9.0
SEA,2024-06-15,4,45,15,1,1,0,0,6,1,9.0,4,1.0
SEA,2024-06-16,1,15,3,0,0,0,0,0,0,3.0,0,0.0
SEA,2024-06-18,5,62,17,3,1,2,0,4,2,10.0,2,0.0
SEA,2024-06-19,3,73,19,5,2,0,2,5,6,12.0,5,0.0
SEA,2024-06-20,3,60,11,4,2,0,1,1,3,9.0,1,8.0
SEA,2024-06-21,3,39,8,2,0,0,0,2,2,9.0,1,9.0
SEA,2024-06-22,1,16,3,2,0,0,0,0,0,3.0,0,0.0
SEA,2024-06-23,4,67,15,6,2,0,0,1,2,12.0,0,6.0
SEA,2024-06-24,6,94,24,8,2,1,0,6,5,15.0,3,15.0
SEA,2024-06-25,3,77,17,4,2,0,2,6,3,8.0,9,0.0
SEA,2024-06-26,4,59,12,1,2,1,0,1,4,9.0,1,0.0
SEA,2024-06-28,4,35,13,1,0,0,0,2,5,12.0,0,12.0
SEA,2024-06-29,4,85,17,6,0,0,1,5,2,12.0,3,2.0
SEA,2024-06-30,4,50,14,3,0,0,1,2,7,12.0,2,12.0
SEA,2024-07-02,3,48,10,2,1,0,0,2,3,8.0,0,8.0
SEA,2024-07-03,3,42,11,2,0,0,0,0,4,11.0,0,0.0
SEA,2024-07-04,4,49,12,5,1,0,1,2,1,10.0,1,4.0
SEA,2024-07-05,3,26,7,2,0,0,0,0,0,7.0,0,7.0
SEA,2024-07-06,5,85,25,4,4,0,0,5,4,15.0,4,11.0
SEA,2024-07-07,4,81,18,3,2,1,1,3,6,12.0,4,11.0
SEA,2024-07-09,2,17,4,0,0,0,0,0,0,4.0,0,0.0
SEA,2024-07-10,3,59,13,3,3,0,0,1,2,9.0,0,9.0
SEA,2024-07-11,2,54,13,3,2,1,0,1,1,9.0,0,0.0
SEA,2024-07-12,6,78,20,9,3,0,1,2,5,20.0,2,20.0
SEA,2024-07-13,2,22,8,1,0,0,0,2,1,6.0,0,6.0
SEA,2024-07-14,3,27,6,2,2,0,1,1,1,3.0,3,3.0
SEA,2024-07-19,2,28,7,5,1,0,0,0,1,6.0,0,0.0
SEA,2024-07-20,3,54,13,5,1,0,2,3,3,9.0,3,9.0
SEA,2024-07-21,4,48,16,6,1,0,1,5,3,10.0,3,5.0
SEA,2024-07-22,3,48,11,2,4,0,0,1,2,6.0,3,6.0
SEA,2024-07-23,2,24,7,2,1,0,0,0,1,7.0,0,0.0
SEA,2024-07-24,4,48,12,6,0,0,0,4,1,9.0,2,9.0
SEA,2024-07-26,2,26,7,1,2,0,0,1,0,6.0,0,0.0
SEA,2024-07-27,5,85,22,7,0,1,0,5,3,15.0,1,0.0
SEA,2024-07-28,3,36,9,1,1,0,0,0,5,8.0,0,0.0
SEA,2024-07-29,4,92,27,5,1,0,2,9,11,16.0,8,0.0
SEA,2024-07-30,4,54,15,4,0,1,0,5,3,9.0,3,0.0
SEA,2024-07-31,5,62,15,5,2,0,0,3,5,14.0,1,14.0
SEA,2024-08-02,2,38,11,2,1,0,0,4,1,6.0,2,0.0
SEA,2024-08-03,6,105,24,8,4,1,0,2,5,17.0,4,13.0
SEA,2024-08-04,5,70,16,2,1,0,3,6,7,9.0,5,5.0
SEA,2024-08-06,3,52,11,5,1,0,1,2,2,9.0,1,5.0
SEA,2024-08-07,5,75,20,2,3,0,0,6,8,12.0,3,11.0
SEA,2024-08-08,2,28,7,4,0,0,0,0,1,7.0,0,7.0
SEA,2024-08-09,3,56,13,3,1,0,0,4,4,9.0,0,3.0
SEA,2024-08-10,2,25,7,0,0,0,0,1,3,6.0,0,0.0
SEA,2024-08-11,3,50,12,4,2,0,0,2,2,9.0,0,0.0
SEA,2024-08-13,4,73,20,1,0,0,2,8,9,13.0,4,0.0
SEA,2024-08-14,3,49,11,3,1,0,1,3,5,9.0,3,9.0
SEA,2024-08-15,2,24,5,1,1,0,1,1,2,3.0,2,3.0
SEA,2024-08-16,3,30,8,3,0,0,0,3,0,5.0,2,1.0
SEA,2024-08-17,4,42,12,3,0,0,1,4,5,8.0,3,3.0
SEA,2024-08-18,3,32,10,0,0,0,0,1,6,9.0,0,0.0
SEA,2024-08-19,3,45,10,1,3,0,1,2,3,5.0,2,0.0
SEA,2024-08-20,4,85,19,4,2,1,1,5,2,12.0,4,11.0
SEA,2024-08-21,3,50,14,3,0,0,0,3,2,10.0,3,0.0
SEA,2024-08-23,4,69,16,9,2,0,0,2,2,12.0,0,6.0
SEA,2024-08-24,4,69,17,2,2,0,1,2,6,13.0,1,13.0
SEA,2024-08-25,2,45,11,4,4,0,1,1,1,6.0,1,6.0
SEA,2024-08-26,2,39,6,3,0,0,0,0,1,6.0,0,0.0
SEA,2024-08-27,3,48,13,4,0,0,2,4,4,9.0,3,9.0
SEA,2024-08-28,3,36,10,6,0,0,0,0,2,10.0,0,0.0
SEA,2024-08-30,4,53,13,2,0,1,0,2,3,10.0,1,1.0
SEA,2024-08-31,3,40,9,1,1,0,1,2,2,8.0,1,8.0
SEA,2024-09-01,3,43,11,5,1,0,0,0,2,10.0,0,10.0
SEA,2024-09-02,3,40,8,3,1,0,1,1,1,9.0,1,9.0
SEA,2024-09-03,2,33,7,3,1,0,0,2,1,6.0,1,6.0
SEA,2024-09-04,4,43,11,5,1,0,0,1,1,9.0,1,0.0
SEA,2024-09-05,4,56,16,5,2,0,1,2,4,12.0,2,10.0
SEA,2024-09-06,3,47,12,2,1,0,1,2,5,9.0,1,4.0
SEA,2024-09-08,4,92,23,7,2,0,0,4,6,18.0,2,0.0
SEA,2024-09-10,4,67,18,5,3,0,0,4,3,12.0,2,0.0
SEA,2024-09-11,3,36,9,4,0,0,0,2,1,7.0,1,0.0
SEA,2024-09-12,4,48,14,0,0,0,2,4,8,9.0,4,9.0
SEA,2024-09-13,5,59,15,5,2,0,0,1,3,12.0,1,6.0
SEA,2024-09-14,3,46,10,2,0,0,0,1,2,9.0,0,9.0
SEA,2024-09-15,2,20,6,3,0,0,0,0,2,6.0,0,0.0
SEA,2024-09-17,3,79,21,1,3,0,0,3,8,13.0,4,0.0
SEA,2024-09-18,3,62,14,7,1,0,0,1,4,12.0,1,12.0
SEA,2024-09-19,4,39,12,5,1,0,0,0,1,11.0,0,11.0
SEA,2024-09-20,3,46,13,1,1,0,0,4,3,9.0,0,0.0
SEA,2024-09-21,5,97,23,4,4,0,0,7,5,12.0,2,7.0
SEA,2024-09-22,3,46,12,4,1,0,1,3,1,9.0,2,9.0
SEA,2024-09-23,2,25,8,0,0,0,1,2,2,6.0,1,0.0
SEA,2024-09-24,2,29,7,2,0,0,0,1,1,6.0,0,6.0
SEA,2024-09-25,4,36,10,2,1,0,0,0,3,9.0,0,0.0
SEA,2024-09-27,4,71,15,6,1,0,0,2,4,12.0,0,12.0
SEA,2024-09-28,6,82,20,8,0,1,1,5,5,14.0,3,14.0
SEA,2024-09-29,4,57,17,5,1,0,0,6,3,10.0,4,2.0
SEA,2025-03-27,2,23,7,2,1,0,1,1,1,6.0,1,6.0
SEA,2025-03-28,4,78,23,1,3,0,2,9,6,12.0,5,5.0
SEA,2025-03-29,3,56,14,3,0,0,0,3,5,10.0,1,10.0
SEA,2025-03-30,3,40,11,3,1,0,0,1,1,9.0,0,9.0
SEA,2025-03-31,4,143,37,5,3,0,0,11,8,25.0,3,0.0
SEA,2025-04-01,4,61,15,3,0,0,1,3,3,12.0,1,0.0
SEA,2025-04-02,2,37,9,3,2,0,0,1,0,6.0,0,6.0
SEA,2025-04-04,8,175,38,10,4,0,1,11,8,24.0,7,24.0
SEA,2025-04-05,2,36,11,1,1,0,0,3,1,8.0,1,0.0
SEA,2025-04-06,3,48,12,3,2,0,0,2,1,9.0,1,9.0
SEA,2025-04-07,3,55,14,3,2,0,0,1,0,10.0,2,10.0
SEA,2025-04-08,6,96,26,6,3,0,0,3,4,21.0,2,21.0
SEA,2025-04-09,3,81,22,2,2,0,0,4,8,15.0,1,3.0
SEA,2025-04-11,4,57,17,3,0,1,1,6,4,12.0,2,12.0
SEA,2025-04-12,2,35,8,0,0,0,0,3,2,6.0,1,0.0
SEA,2025-04-13,4,50,13,4,0,0,0,1,1,12.0,0,12.0
SEA,2025-04-15,4,73,16,3,3,0,0,2,3,11.0,2,9.0
SEA,2025-04-16,5,67,17,4,0,0,0,7,2,12.0,3,8.0
SEA,2025-04-17,7,102,26,3,6,0,1,5,5,15.0,5,12.0
SEA,2025-04-18,1,8,3,0,0,0,0,0,1,3.0,0,3.0
SEA,2025-04-19,6,96,28,3,2,0,0,5,6,22.0,2,19.0
SEA,2025-04-20,4,44,15,2,2,1,0,1,5,12.0,0,0.0
SEA,2025-04-22,3,82,19,5,3,0,1,6,5,10.0,4,4.0
SEA,2025-04-23,3,48,12,4,1,0,1,2,2,9.0,3,0.0
SEA,2025-04-24,4,47,11,4,1,0,1,1,3,9.0,1,9.0
SEA,2025-04-25,2,96,28,5,0,0,2,10,9,18.0,8,9.0
SEA,2025-04-26,3,43,12,2,0,0,0,3,5,9.0,0,0.0
SEA,2025-04-27,4,61,19,4,0,0,2,7,6,12.0,4,5.0
SEA,2025-04-29,5,57,16,5,0,0,1,4,4,12.0,3,7.0
SEA,2025-04-30,3,40,11,0,1,0,0,1,5,9.0,0,3.0
SEA,2025-05-02,2,41,10,2,0,0,1,2,3,8.0,1,0.0
SEA,2025-05-03,3,44,11,2,2,0,0,1,1,9.0,0,9.0
SEA,2025-05-04,2,45,13,2,2,1,0,1,4,9.0,2,0.0
SEA,2025-05-05,5,129,32,4,5,1,0,6,3,21.0,3,21.0
SEA,2025-05-06,4,65,18,5,2,1,0,6,1,9.0,1,9.0
SEA,2025-05-07,3,35,10,3,0,0,0,2,2,9.0,0,9.0
SEA,2025-05-09,3,57,16,5,1,0,0,3,4,12.0,1,8.0
SEA,2025-05-10,4,78,20,7,3,0,0,5,2,12.0,4,8.0
SEA,2025-05-11,3,60,19,1,1,0,1,7,3,12.0,4,0.0
SEA,2025-05-12,3,83,21,4,2,1,1,7,4,12.0,4,0.0
SEA,2025-05-13,5,91,20,7,3,1,0,1,3,14.0,1,14.0
SEA,2025-05-14,3,45,12,6,0,0,2,3,2,9.0,2,9.0
SEA,2025-05-16,3,46,11,6,0,1,0,1,1,9.0,1,0.0
SEA,2025-05-17,4,61,15,5,0,0,0,2,2,13.0,0,10.0
SEA,2025-05-18,2,37,9,0,2,0,0,2,3,6.0,0,0.0
SEA,2025-05-19,3,43,10,3,2,0,0,2,3,6.0,1,0.0
SEA,2025-05-20,3,94,26,7,0,0,0,6,6,21.0,1,21.0
SEA,2025-05-21,3,51,13,3,1,0,0,2,4,9.0,1,9.0
SEA,2025-05-22,4,82,22,2,1,1,2,7,9,13.0,4,0.0
SEA,2025-05-23,3,37,12,0,1,0,0,2,3,9.0,0,9.0
SEA,2025-05-24,1,22,7,0,0,0,0,2,2,6.0,0,6.0
SEA,2025-05-25,4,54,13,2,3,0,1,4,2,9.0,2,9.0
SEA,2025-05-27,1,10,3,1,0,0,0,0,2,3.0,0,0.0
SEA,2025-05-28,2,66,20,2,2,1,1,5,7,12.0,3,0.0
SEA,2025-05-29,6,76,25,4,1,0,1,10,6,14.0,9,12.0
SEA,2025-05-30,4,78,21,4,3,0,2,8,4,10.0,9,7.0
SEA,2025-05-31,5,126,29,9,2,2,0,7,4,21.0,1,21.0
SEA,2025-06-01,3,61,13,4,1,1,0,2,2,9.0,1,9.0
SEA,2025-06-03,3,62,16,1,1,0,1,5,6,12.0,3,9.0
SEA,2025-06-04,4,59,14,3,3,0,0,2,1,10.0,2,10.0
SEA,2025-06-05,3,50,11,4,0,0,0,2,2,9.0,0,9.0
SEA,2025-06-06,2,46,10,5,0,0,0,1,3,9.0,0,9.0
SEA,2025-06-07,2,68,18,1,4,2,0,3,5,9.0,2,4.0
SEA,2025-06-08,2,32,7,4,1,0,0,0,0,6.0,0,6.0
SEA,2025-06-09,5,106,26,7,7,0,1,4,4,18.0,6,12.0
SEA,2025-06-10,2,68,16,4,2,0,2,6,4,9.0,6,0.0
SEA,2025-06-11,3,37,9,2,0,0,0,3,2,6.0,0,0.0
SEA,2025-06-13,3,37,10,1,0,0,0,1,5,9.0,0,3.0
SEA,2025-06-14,4,61,15,4,0,0,0,3,3,12.0,0,12.0
SEA,2025-06-15,2,28,8,2,0,0,0,2,1,6.0,0,0.0
SEA,2025-06-16,3,62,14,2,2,0,0,1,4,12.0,0,12.0
SEA,2025-06-17,2,30,7,4,0,0,0,1,1,6.0,0,0.0
SEA,2025-06-18,3,40,9,2,0,0,0,0,4,9.0,0,9.0
SEA,2025-06-20,5,49,14,1,2,0,0,2,2,12.0,0,9.0
SEA,2025-06-21,3,81,18,5,2,1,1,3,5,12.0,1,0.0
SEA,2025-06-22,4,65,16,3,1,1,1,2,5,12.0,2,0.0
SEA,2025-06-23,2,37,10,2,0,0,0,1,3,9.0,0,0.0
SEA,2025-06-24,4,56,14,3,1,0,0,1,6,12.0,0,12.0
SEA,2025-06-25,2,28,7,3,0,0,1,1,2,6.0,1,6.0
SEA,2025-06-26,3,73,22,1,4,0,2,8,8,9.0,8,0.0
SEA,2025-06-27,6,105,29,7,5,1,0,4,4,20.0,2,20.0
SEA,2025-06-28,4,67,15,3,3,1,0,1,1,12.0,1,12.0
SEA,2025-06-29,4,95,22,5,2,0,1,2,6,18.0,3,16.0
SEA,2025-06-30,3,48,12,4,1,1,0,1,1,9.0,1,0.0
SEA,2025-07-01,2,43,13,2,1,0,0,3,5,9.0,1,8.0
SEA,2025-07-02,4,71,17,7,1,0,0,3,4,13.0,1,13.0
SEA,2025-07-03,4,60,16,2,4,0,0,2,3,10.0,3,10.0
SEA,2025-07-04,2,44,12,4,1,0,0,2,3,9.0,0,0.0
SEA,2025-07-05,2,27,7,3,1,0,0,0,1,6.0,0,6.0
SEA,2025-07-06,3,41,9,4,0,0,0,1,1,8.0,0,8.0
SEA,2025-07-08,2,43,14,4,0,0,2,6,5,8.0,6,0.0
SEA,2025-07-09,2,54,15,2,1,0,0,4,2,10.0,3,1.0
SEA,2025-07-10,3,58,14,1,3,0,1,4,7,8.0,5,7.0
SEA,2025-07-11,3,53,15,4,2,1,0,0,5,12.0,1,9.0
SEA,2025-07-12,4,66,19,4,2,0,1,5,5,12.0,3,0.0
SEA,2025-07-13,4,56,13,4,0,0,1,2,4,11.0,2,8.0
SEA,2025-07-18,3,36,9,1,1,0,0,1,3,7.0,1,4.0
SEA,2025-07-19,7,117,31,9,3,2,0,6,3,21.0,5,19.0
SEA,2025-07-20,2,62,18,2,1,1,0,7,4,9.0,6,1.0
SEA,2025-07-21,3,48,12,3,1,0,0,5,0,9.0,2,0.0
SEA,2025-07-22,4,55,12,3,3,0,0,1,0,8.0,0,8.0
SEA,2025-07-23,3,78,21,5,2,0,0,7,1,12.0,4,0.0
SEA,2025-07-24,5,68,18,4,1,0,0,4,3,12.0,1,12.0
SEA,2025-07-25,4,61,13,5,1,0,0,1,1,12.0,1,12.0
SEA,2025-07-26,2,26,10,1,0,0,0,2,3,9.0,0,0.0
SEA,2025-07-27,2,47,10,2,1,0,0,1,3,9.0,0,0.0
SEA,2025-07-28,3,36,9,1,2,0,0,2,1,6.0,0,6.0
SEA,2025-07-29,2,37,12,1,1,0,0,1,3,10.0,0,0.0
SEA,2025-07-30,2,25,6,3,0,0,0,1,1,5.0,0,5.0
SEA,2025-07-31,3,36,10,3,0,0,0,1,0,9.0,0,0.0
SEA,2025-08-01,3,31,10,3,0,0,0,1,1,9.0,0,9.0
SEA,2025-08-02,7,102,27,4,2,0,0,7,7,20.0,4,20.0
SEA,2025-08-03,3,54,13,4,1,0,1,1,4,12.0,1,12.0
SEA,2025-08-05,2,58,11,1,2,0,2,3,7,6.0,2,0.0
SEA,2025-08-06,3,60,15,5,2,0,3,4,4,9.0,4,5.0
SEA,2025-08-07,7,97,26,6,1,2,1,5,7,18.0,1,18.0
SEA,2025-08-08,2,28,6,3,0,0,0,0,0,6.0,0,6.0
SEA,2025-08-09,4,49,14,5,1,0,1,2,4,11.0,3,2.0
SEA,2025-08-10,3,54,11,3,1,0,0,1,1,9.0,0,6.0
SEA,2025-08-12,3,30,9,2,1,0,0,2,1,6.0,0,6.0
SEA,2025-08-13,3,38,12,3,0,0,0,5,2,8.0,3,8.0
SEA,2025-08-14,4,59,17,3,3,1,0,1,2,12.0,2,0.0
SEA,2025-08-15,6,57,18,7,0,0,1,3,4,15.0,3,11.0
SEA,2025-08-16,3,38,9,2,0,0,0,4,3,6.0,2,2.0
SEA,2025-08-17,2,47,13,5,1,0,0,2,2,10.0,0,0.0
SEA,2025-08-18,3,98,33,3,2,0,2,13,8,18.0,6,0.0
SEA,2025-08-19,3,45,13,2,1,0,1,3,4,9.0,2,6.0
SEA,2025-08-20,5,106,26,3,3,1,1,10,5,12.0,8,7.0
SEA,2025-08-22,3,34,11,4,1,0,0,4,2,6.0,1,6.0
SEA,2025-08-23,4,59,15,4,2,0,0,1,3,12.0,1,12.0
SEA,2025-08-24,2,52,16,2,3,1,0,4,0,9.0,3,0.0
SEA,2025-08-25,4,69,18,8,1,0,1,4,2,12.0,2,0.0
SEA,2025-08-26,4,65,17,0,0,0,0,7,4,12.0,2,12.0
SEA,2025-08-27,4,49,13,3,0,1,0,2,4,10.0,2,10.0
SEA,2025-08-29,2,37,9,2,2,0,0,3,1,6.0,3,6.0
SEA,2025-08-30,2,40,9,2,1,0,0,2,1,6.0,1,5.0
SEA,2025-08-31,3,40,9,5,0,0,0,0,1,9.0,0,9.0
SEA,2025-09-01,3,69,19,3,0,0,1,7,4,12.0,5,0.0
SEA,2025-09-02,5,59,14,5,2,1,0,3,2,9.0,3,9.0
SEA,2025-09-03,3,94,26,6,1,0,0,9,2,18.0,1,0.0
SEA,2025-09-05,3,32,11,3,0,0,0,5,1,6.0,3,3.0
SEA,2025-09-06,4,38,12,3,0,0,0,1,4,11.0,1,2.0
SEA,2025-09-07,3,49,14,1,2,0,0,2,4,9.0,1,0.0
SEA,2025-09-08,3,42,10,5,1,0,0,0,2,9.0,0,9.0
SEA,2025-09-09,5,61,17,7,0,0,0,2,3,15.0,0,15.0
SEA,2025-09-10,6,113,28,6,0,1,0,3,2,25.0,1,25.0
SEA,2025-09-11,6,95,25,6,2,0,0,6,2,19.0,2,19.0
SEA,2025-09-12,3,46,11,6,0,1,0,1,1,9.0,1,9.0
SEA,2025-09-13,3,42,11,3,0,0,1,3,2,9.0,1,3.0
SEA,2025-09-14,2,46,10,4,1,0,0,1,2,8.0,0,0.0
SEA,2025-09-16,5,60,17,1,2,1,1,3,2,10.0,4,0.0
SEA,2025-09-17,4,52,15,1,2,0,1,5,4,9.0,4,8.0
SEA,2025-09-18,3,36,12,5,0,1,0,2,2,9.0,0,9.0
SEA,2025-09-19,3,59,15,4,0,0,0,2,2,12.0,0,3.0
SEA,2025-09-20,4,48,16,4,1,2,1,5,2,9.0,4,7.0
SEA,2025-09-21,3,45,13,2,0,0,1,4,2,9.0,2,0.0
SEA,2025-09-23,4,53,12,6,0,0,0,2,1,10.0,2,10.0
SEA,2025-09-24,2,33,7,1,1,0,0,1,1,5.0,1,0.0
SEA,2025-09-25,4,84,25,6,3,0,0,7,2,15.0,2,0.0
SEA,2025-09-26,4,66,15,4,1,0,0,3,3,12.0,1,12.0
SEA,2025-09-27,2,71,18,1,3,0,0,3,3,12.0,2,12.0
SEA,2025-09-28,4,86,18,8,0,0,1,3,6,15.0,2,0.0
SEA,2025-10-04,6,99,22,8,3,0,0,1,5,18.0,1,18.0
SEA,2025-10-05,4,81,17,7,1,0,0,2,3,13.0,2,13.0
SEA,2025-10-07,4,50,12,2,1,0,0,3,2,9.0,3,0.0
SEA,2025-10-08,4,86,21,1,2,0,3,9,7,11.0,8,4.0
SEA,2025-10-10,6,151,39,11,4,0,1,5,10,30.0,2,30.0
SEA,2025-10-12,3,24,9,1,0,0,0,0,4,9.0,0,9.0
SEA,2025-10-13,3,105,22,3,4,0,0,1,6,18.0,0,3.0
SEA,2025-10-15,3,73,25,3,1,0,2,10,4,15.0,6,0.0
SEA,2025-10-16,5,111,29,6,3,0,1,6,5,20.0,5,3.0
SEA,2025-10-17,4,72,21,1,2,1,0,3,8,15.0,2,12.0
SEA,2025-10-19,3,49,19,3,2,1,0,4,7,12.0,0,0.0
SEA,2025-10-20,3,64,18,3,2,0,1,6,1,12.0,3,12.0
SF,2024-03-28,3,43,11,2,1,0,0,4,0,6.0,3,1.0
SF,2024-03-29,3,47,11,0,0,1,1,3,2,9.0,1,0.0
SF,2024-03-30,4,84,20,4,4,0,2,4,4,12.0,6,4.0
SF,2024-03-31,4,107,28,6,4,0,0,7,5,18.0,4,0.0
SF,2024-04-01,3,61,15,4,1,0,1,5,3,9.0,5,1.0
SF,2024-04-02,3,81,17,6,3,0,0,2,1,13.0,0,9.0
SF,2024-04-03,3,48,11,2,0,0,1,3,5,9.0,1,9.0
SF,2024-04-05,2,39,8,3,1,0,0,1,0,6.0,0,6.0
SF,2024-04-06,2,44,11,1,0,0,0,2,4,9.0,0,0.0
SF,2024-04-07,2,28,7,5,0,0,0,1,1,6.0,0,6.0
SF,2024-04-08,4,124,30,5,5,1,1,7,5,18.0,5,4.0
SF,2024-04-09,3,55,14,1,0,2,0,3,4,9.0,2,9.0
SF,2024-04-10,3,38,10,3,0,1,0,0,4,9.0,0,0.0
SF,2024-04-12,2,41,10,3,0,0,0,1,3,9.0,0,9.0
SF,2024-04-13,2,45,9,3,1,0,0,2,2,6.0,1,0.0
SF,2024-04-14,2,48,16,2,0,0,2,4,5,12.0,2,0.0
SF,2024-04-15,3,50,12,3,0,0,0,2,1,9.0,0,9.0
SF,2024-04-16,4,72,17,2,3,0,0,5,3,9.0,4,4.0
SF,2024-04-17,3,40,10,2,0,0,0,2,2,9.0,0,9.0
SF,2024-04-18,2,23,7,3,0,0,0,1,0,6.0,0,3.0
SF,2024-04-19,4,109,29,2,4,0,1,13,6,13.0,12,0.0
SF,2024-04-20,5,57,15,8,0,0,0,1,5,15.0,0,12.0
SF,2024-04-21,3,71,18,2,0,0,0,6,4,12.0,4,10.0
SF,2024-04-22,3,44,12,1,2,0,0,0,2,9.0,0,0.0
SF,2024-04-23,2,19,6,1,0,0,0,3,1,3.0,1,0.0
SF,2024-04-24,6,139,37,4,4,0,3,10,6,24.0,8,7.0
SF,2024-04-26,3,68,15,4,2,1,0,3,0,9.0,0,9.0
SF,2024-04-27,4,71,19,4,1,0,2,6,6,12.0,4,10.0
SF,2024-04-28,3,58,14,2,2,1,0,2,0,9.0,1,9.0
SF,2024-04-30,3,74,19,7,3,2,0,2,0,13.0,0,0.0
SF,2024-05-01,4,113,33,6,2,0,0,10,8,21.0,6,11.0
SF,2024-05-02,4,53,13,4,0,0,0,1,1,12.0,0,12.0
SF,2024-05-03,3,63,14,7,0,0,0,2,2,12.0,0,12.0
SF,2024-05-04,5,150,40,4,8,0,1,8,11,22.0,9,0.0
SF,2024-05-05,3,61,15,11,0,0,0,3,0,12.0,0,6.0
SF,2024-05-06,3,52,14,3,1,0,1,2,2,11.0,1,0.0
SF,2024-05-07,2,39,8,5,2,0,0,0,0,6.0,0,0.0
SF,2024-05-08,5,63,18,2,2,0,1,5,4,12.0,3,1.0
SF,2024-05-09,3,78,19,8,0,0,0,6,3,13.0,3,0.0
SF,2024-05-10,2,41,8,0,2,0,1,1,4,6.0,1,6.0
SF,2024-05-11,5,70,19,5,1,2,0,4,1,14.0,0,0.0
SF,2024-05-12,4,85,24,6,2,0,1,7,4,15.0,2,15.0
SF,2024-05-13,5,83,21,9,2,0,1,4,5,15.0,4,15.0
SF,2024-05-14,2,78,23,8,0,0,0,8,5,15.0,6,0.0
SF,2024-05-15,4,56,14,5,1,0,0,4,3,9.0,1,2.0
SF,2024-05-17,6,120,27,5,3,1,0,5,4,18.0,1,9.0
SF,2024-05-18,4,66,18,6,1,0,0,5,0,12.0,1,1.0
SF,2024-05-19,4,69,14,4,2,0,0,0,2,12.0,0,3.0
SF,2024-05-21,5,66,17,3,2,0,0,5,1,12.0,5,5.0
SF,2024-05-22,5,103,24,10,2,0,1,2,3,20.0,4,12.0
SF,2024-05-23,5,112,32,6,2,1,2,7,9,22.0,5,12.0
SF,2024-05-24,3,68,18,6,2,0,1,3,4,12.0,2,6.0
SF,2024-05-25,5,92,21,6,3,0,1,2,5,15.0,1,12.0
SF,2024-05-26,2,39,11,1,1,1,0,5,1,6.0,3,6.0
SF,2024-05-27,4,66,17,1,1,0,0,2,6,15.0,0,9.0
SF,2024-05-28,4,121,34,7,1,0,0,7,7,27.0,0,27.0
SF,2024-05-29,3,63,17,6,3,0,0,2,2,12.0,2,0.0
SF,2024-05-31,3,48,12,2,0,0,0,1,4,11.0,0,0.0
SF,2024-06-01,2,28,9,3,0,0,1,4,2,6.0,3,2.0
SF,2024-06-02,5,71,21,5,2,0,1,6,2,13.0,6,13.0
SF,2024-06-03,4,122,30,8,0,1,2,7,12,24.0,4,24.0
SF,2024-06-04,2,47,13,3,2,0,0,5,3,6.0,4,1.0
SF,2024-06-05,5,87,21,6,1,1,1,3,4,16.0,1,0.0
SF,2024-06-07,2,28,6,2,0,0,0,0,0,6.0,0,0.0
SF,2024-06-08,4,66,16,3,1,0,0,2,5,13.0,0,13.0
SF,2024-06-09,3,43,13,1,1,0,0,3,2,11.0,2,0.0
SF,2024-06-10,5,57,17,3,1,0,0,5,2,11.0,2,11.0
SF,2024-06-11,3,56,14,5,0,0,0,2,2,13.0,0,13.0
SF,2024-06-12,3,26,9,2,0,0,0,2,2,9.0,0,9.0
SF,2024-06-14,5,107,26,2,2,0,1,4,10,20.0,4,3.0
SF,2024-06-15,3,53,12,2,2,1,0,1,2,9.0,1,9.0
SF,2024-06-16,7,134,34,8,4,0,1,7,6,24.0,5,9.0
SF,2024-06-17,3,57,18,1,1,0,2,6,8,12.0,6,11.0
SF,2024-06-18,2,27,9,1,1,0,0,5,0,3.0,3,2.0
SF,2024-06-19,5,127,34,9,3,0,2,11,5,21.0,5,14.0
SF,2024-06-20,4,79,19,9,1,1,0,2,3,16.0,1,15.0
SF,2024-06-22,3,67,19,7,0,0,2,8,3,12.0,4,4.0
SF,2024-06-23,3,27,8,2,0,0,0,2,2,6.0,1,3.0
SF,2024-06-24,4,170,40,12,6,0,0,10,8,24.0,4,19.0
SF,2024-06-25,5,100,23,6,2,0,0,3,1,19.0,0,16.0
SF,2024-06-26,4,53,16,2,2,0,0,3,3,13.0,0,13.0
SF,2024-06-27,5,72,21,7,1,0,1,5,4,15.0,2,12.0
SF,2024-06-28,2,25,8,2,0,0,0,2,1,6.0,1,6.0
SF,2024-06-29,6,189,51,7,5,1,1,16,13,30.0,14,26.0
SF,2024-06-30,3,83,18,4,2,0,0,4,6,12.0,3,0.0
SF,2024-07-02,4,54,14,4,0,0,0,2,2,12.0,1,12.0
SF,2024-07-03,2,44,11,5,0,0,0,2,2,9.0,0,9.0
SF,2024-07-04,2,25,7,3,0,0,0,1,2,6.0,0,6.0
SF,2024-07-05,6,162,36,7,4,0,1,10,6,24.0,2,11.0
SF,2024-07-06,4,53,16,3,1,0,1,2,1,14.0,1,12.0
SF,2024-07-07,3,65,16,2,1,0,1,5,4,10.0,3,10.0
SF,2024-07-09,4,77,16,5,2,0,1,2,2,12.0,3,12.0
SF,2024-07-10,2,47,18,3,0,0,0,6,4,12.0,5,0.0
SF,2024-07-11,3,69,16,4,1,0,0,2,5,14.0,0,0.0
SF,2024-07-12,3,48,16,2,0,0,0,5,5,11.0,1,0.0
SF,2024-07-13,4,87,19,4,2,0,1,8,2,12.0,2,12.0
SF,2024-07-14,3,29,9,1,1,0,0,2,1,6.0,2,6.0
SF,2024-07-19,4,92,20,4,3,1,3,7,7,9.0,7,5.0
SF,2024-07-20,2,29,6,4,0,0,0,0,1,6.0,0,6.0
SF,2024-07-21,3,42,12,3,1,0,0,2,0,9.0,0,9.0
SF,2024-07-22,3,40,9,2,1,0,0,2,2,6.0,1,6.0
SF,2024-07-23,4,90,20,6,1,1,0,6,1,13.0,1,0.0
SF,2024-07-24,4,64,16,2,0,0,0,5,3,12.0,2,6.0
SF,2024-07-25,3,53,14,3,0,1,2,5,3,9.0,2,9.0
SF,2024-07-26,4,49,12,1,1,0,0,4,4,7.0,3,0.0
SF,2024-07-27,7,88,24,7,1,1,1,3,7,21.0,1,6.0
SF,2024-07-28,5,133,34,9,1,0,1,9,8,24.0,4,20.0
SF,2024-07-30,3,69,17,3,0,1,1,3,3,14.0,1,0.0
SF,2024-08-03,3,69,15,3,1,0,0,2,3,13.0,0,0.0
SF,2024-08-04,4,54,15,3,1,1,0,1,4,12.0,0,6.0
SF,2024-08-05,4,45,13,7,0,1,0,2,3,10.0,0,0.0
SF,2024-08-06,3,115,30,7,3,0,1,10,5,18.0,5,3.0
SF,2024-08-07,4,54,15,2,2,1,0,4,2,9.0,1,0.0
SF,2024-08-08,6,82,20,5,3,0,1,2,4,16.0,3,11.0
SF,2024-08-09,2,37,9,3,0,0,0,0,3,9.0,0,9.0
SF,2024-08-10,2,29,8,3,1,0,0,1,0,6.0,0,6.0
SF,2024-08-11,4,85,21,3,3,0,0,4,2,14.0,1,10.0
SF,2024-08-12,4,49,13,5,0,0,0,2,2,11.0,1,11.0
SF,2024-08-13,4,80,20,5,0,0,0,4,4,15.0,1,15.0
SF,2024-08-14,5,151,38,5,4,0,3,10,12,25.0,8,0.0
SF,2024-08-15,2,17,4,1,0,0,0,0,1,4.0,0,0.0
SF,2024-08-17,3,64,15,2,2,0,0,3,3,10.0,1,10.0
SF,2024-08-18,2,43,13,6,1,0,0,2,1,9.0,1,9.0
SF,2024-08-19,4,61,16,2,1,0,0,6,4,9.0,2,4.0
SF,2024-08-20,3,23,8,3,0,0,0,0,0,7.0,0,1.0
SF,2024-08-21,2,36,8,1,2,0,0,3,1,3.0,4,2.0
SF,2024-08-23,6,109,27,9,4,0,1,7,7,18.0,6,12.0
SF,2024-08-24,4,90,25,7,3,0,0,4,6,18.0,1,18.0
SF,2024-08-25,3,81,22,4,1,2,0,6,2,15.0,3,15.0
SF,2024-08-27,4,89,19,6,4,0,0,3,3,12.0,0,12.0
SF,2024-08-28,4,61,13,2,2,0,0,3,4,10.0,0,3.0
SF,2024-08-29,2,71,19,6,4,0,0,4,2,13.0,3,0.0
SF,2024-08-30,2,27,6,2,0,0,0,0,0,6.0,0,6.0
SF,2024-08-31,4,57,15,5,1,0,1,3,1,12.0,2,12.0
SF,2024-09-01,3,46,12,3,1,0,0,2,2,9.0,1,9.0
SF,2024-09-03,3,110,26,8,2,0,1,4,6,19.0,4,3.0
SF,2024-09-04,3,99,24,4,3,0,1,4,6,18.0,4,7.0
SF,2024-09-05,5,121,30,12,3,1,0,2,2,24.0,0,24.0
SF,2024-09-06,2,54,13,3,0,0,1,3,3,10.0,2,0.0
SF,2024-09-07,3,35,10,2,0,0,0,1,4,9.0,0,6.0
SF,2024-09-08,5,104,21,1,4,0,1,4,3,14.0,4,6.0
SF,2024-09-10,3,58,17,3,2,0,1,4,4,12.0,1,12.0
SF,2024-09-11,2,65,18,3,3,0,0,3,4,12.0,1,0.0
SF,2024-09-12,3,71,16,3,1,0,1,2,2,12.0,2,7.0
SF,2024-09-13,4,78,21,7,0,1,0,5,4,15.0,1,0.0
SF,2024-09-14,4,87,29,3,3,0,0,11,8,15.0,6,5.0
SF,2024-09-15,6,79,21,4,1,0,1,4,8,15.0,4,15.0
SF,2024-09-17,4,41,13,3,0,0,0,4,4,9.0,0,0.0
SF,2024-09-18,4,62,15,4,1,1,0,3,3,10.0,1,10.0
SF,2024-09-19,3,78,18,5,1,0,1,6,3,12.0,2,12.0
SF,2024-09-20,4,63,15,4,3,0,0,1,1,10.0,1,10.0
SF,2024-09-21,2,44,14,3,0,0,0,2,5,12.0,0,0.0
SF,2024-09-22,3,54,13,4,1,2,0,1,3,9.0,0,9.0
SF,2024-09-23,4,72,16,5,1,0,0,3,1,12.0,1,0.0
SF,2024-09-24,2,49,12,2,1,0,0,2,4,9.0,0,0.0
SF,2024-09-25,5,103,23,5,2,0,1,6,5,16.0,4,0.0
SF,2024-09-27,4,98,21,1,2,0,0,4,3,16.0,2,0.0
SF,2024-09-28,6,133,28,6,4,0,0,9,5,15.0,4,14.0
SF,2024-09-29,3,78,20,3,3,0,0,3,2,14.0,3,0.0
SF,2025-03-27,4,57,16,3,1,1,0,2,3,12.0,1,10.0
SF,2025-03-29,3,52,11,4,0,0,1,2,3,9.0,1,9.0
SF,2025-03-30,4,45,12,1,1,0,0,2,1,11.0,0,5.0
SF,2025-03-31,4,53,13,4,1,1,0,2,1,9.0,2,0.0
SF,2025-04-01,2,30,8,1,0,0,0,2,3,6.0,0,6.0
SF,2025-04-02,4,57,19,6,1,0,0,3,3,15.0,2,9.0
SF,2025-04-04,7,151,42,6,5,0,1,10,8,26.0,5,26.0
SF,2025-04-05,2,44,12,3,1,0,0,3,1,9.0,0,0.0
SF,2025-04-06,4,64,17,1,2,0,0,5,3,11.0,2,11.0
SF,2025-04-07,3,43,11,3,3,1,0,1,2,6.0,2,6.0
SF,2025-04-08,1,39,11,2,1,0,0,1,4,9.0,0,9.0
SF,2025-04-09,5,56,15,7,1,0,0,1,4,13.0,1,12.0
SF,2025-04-11,1,28,4,2,1,0,0,0,1,3.0,0,0.0
SF,2025-04-12,3,64,16,5,1,0,1,3,4,12.0,4,1.0
SF,2025-04-13,3,52,14,4,0,1,1,1,4,12.0,1,12.0
SF,2025-04-14,4,66,15,5,1,0,0,2,4,12.0,0,3.0
SF,2025-04-15,3,44,10,1,1,0,1,2,3,7.0,2,5.0
SF,2025-04-16,3,68,18,5,1,0,0,1,5,15.0,0,3.0
SF,2025-04-17,2,25,5,2,2,0,0,0,1,3.0,1,1.0
SF,2025-04-18,2,23,6,0,0,0,0,1,0,6.0,0,6.0
SF,2025-04-19,2,31,7,1,0,0,0,1,1,6.0,0,6.0
SF,2025-04-20,3,52,13,3,2,1,0,4,0,9.0,4,5.0
SF,2025-04-21,2,56,14,5,2,0,0,1,2,12.0,0,9.0
SF,2025-04-22,3,61,19,1,1,1,2,5,5,12.0,7,0.0
SF,2025-04-23,4,44,12,2,0,1,0,3,2,8.0,2,2.0
SF,2025-04-24,4,73,21,5,3,0,0,3,3,16.0,0,12.0
SF,2025-04-25,2,38,10,5,0,0,0,2,3,9.0,0,9.0
SF,2025-04-26,2,27,9,2,0,0,0,3,3,6.0,0,6.0
SF,2025-04-27,2,60,15,7,0,0,0,3,3,12.0,0,12.0
SF,2025-04-29,3,59,13,2,0,1,1,2,4,9.0,2,5.0
SF,2025-04-30,3,51,14,2,1,0,0,3,3,11.0,2,3.0
SF,2025-05-01,3,41,12,2,1,0,0,3,4,8.0,2,8.0
SF,2025-05-02,1,26,6,1,0,0,0,1,2,6.0,0,0.0
SF,2025-05-03,4,57,15,2,1,0,0,2,2,12.0,2,3.0
SF,2025-05-04,2,40,10,2,0,0,0,4,2,6.0,2,0.0
SF,2025-05-05,2,58,17,1,3,0,1,4,4,9.0,5,0.0
SF,2025-05-06,6,92,25,9,4,0,0,3,3,18.0,2,15.0
SF,2025-05-07,3,38,10,2,1,0,0,1,1,9.0,0,9.0
SF,2025-05-09,1,42,9,3,3,0,0,0,0,6.0,0,6.0
SF,2025-05-10,1,12,3,3,0,0,0,0,0,3.0,0,3.0
SF,2025-05-11,5,90,23,7,2,0,0,7,4,15.0,4,15.0
SF,2025-05-12,3,24,8,3,0,0,0,0,2,9.0,0,9.0
SF,2025-05-13,3,47,14,0,1,1,2,4,6,9.0,3,0.0
SF,2025-05-14,4,131,32,5,5,1,2,6,9,21.0,5,6.0
SF,2025-05-16,1,12,3,3,0,0,0,0,0,3.0,0,0.0
SF,2025-05-17,4,34,13,3,1,0,0,0,3,12.0,0,12.0
SF,2025-05-18,4,53,16,4,0,0,0,1,3,15.0,0,15.0
SF,2025-05-19,2,36,10,0,1,0,1,4,2,6.0,3,6.0
SF,2025-05-20,4,59,14,6,1,0,0,2,1,12.0,1,12.0
SF,2025-05-21,3,56,21,0,0,1,0,6,7,15.0,2,0.0
SF,2025-05-23,3,35,8,1,1,0,0,0,3,9.0,0,3.0
SF,2025-05-24,2,51,15,4,0,0,0,3,2,12.0,1,8.0
SF,2025-05-25,3,37,11,3,0,0,0,2,4,9.0,1,9.0
SF,2025-05-26,3,48,14,2,2,0,0,2,3,11.0,2,9.0
SF,2025-05-27,1,23,6,3,0,0,0,0,1,6.0,0,0.0
SF,2025-05-28,3,52,15,9,0,1,0,2,1,12.0,2,12.0
SF,2025-05-30,6,83,19,6,4,1,0,2,3,12.0,0,12.0
SF,2025-05-31,1,5,3,0,0,0,0,1,1,3.0,0,3.0
SF,2025-06-01,5,78,19,4,5,0,0,4,3,11.0,1,8.0
SF,2025-06-02,2,21,6,2,0,0,0,0,1,6.0,1,6.0
SF,2025-06-03,4,82,21,3,4,1,0,6,1,11.0,3,11.0
SF,2025-06-04,4,61,18,3,1,0,0,3,6,14.0,0,9.0
SF,2025-06-05,2,37,9,3,0,0,0,3,2,6.0,0,6.0
SF,2025-06-06,6,94,24,5,2,1,1,4,3,17.0,2,17.0
SF,2025-06-07,3,48,12,0,2,0,0,1,3,9.0,0,9.0
SF,2025-06-08,3,51,11,6,0,1,0,1,1,9.0,0,9.0
SF,2025-06-10,3,83,19,4,5,0,0,4,4,12.0,2,11.0
SF,2025-06-11,3,80,21,1,1,0,1,7,4,15.0,3,7.0
SF,2025-06-12,4,79,17,2,4,0,0,4,3,9.0,5,8.0
SF,2025-06-13,2,23,7,1,1,0,0,0,1,6.0,0,0.0
SF,2025-06-14,3,117,31,1,5,0,3,7,8,19.0,5,0.0
SF,2025-06-15,4,50,17,4,0,0,1,5,3,13.0,3,13.0
SF,2025-06-17,3,29,9,1,0,0,0,1,2,9.0,0,9.0
SF,2025-06-18,4,61,14,4,2,0,0,0,2,13.0,0,12.0
SF,2025-06-19,2,23,6,3,0,0,0,0,0,6.0,0,6.0
SF,2025-06-20,5,71,18,6,0,0,1,4,3,14.0,2,14.0
SF,2025-06-21,3,39,12,1,0,0,0,3,4,9.0,1,3.0
SF,2025-06-22,4,73,16,4,2,0,1,4,3,12.0,1,6.0
SF,2025-06-24,4,69,18,2,0,0,0,6,2,12.0,1,12.0
SF,2025-06-25,5,76,21,4,3,0,0,7,4,12.0,6,10.0
SF,2025-06-26,4,82,24,7,2,0,0,7,2,15.0,7,2.0
SF,2025-06-27,4,51,12,2,1,0,0,0,2,11.0,0,11.0
SF,2025-06-28,2,30,8,2,0,0,0,3,2,6.0,0,6.0
SF,2025-06-29,3,38,13,0,1,0,0,6,1,6.0,3,2.0
SF,2025-06-30,2,22,6,1,0,0,1,1,2,5.0,1,5.0
SF,2025-07-01,2,74,18,5,1,0,3,6,2,12.0,4,2.0
SF,2025-07-02,5,83,24,9,1,0,1,6,4,18.0,4,17.0
SF,2025-07-04,2,89,22,7,0,0,2,5,7,15.0,5,0.0
SF,2025-07-05,3,29,7,2,0,0,0,0,3,7.0,0,0.0
SF,2025-07-06,4,45,16,2,2,0,0,2,3,12.0,1,0.0
SF,2025-07-07,4,66,14,2,1,0,0,2,2,12.0,0,12.0
SF,2025-07-08,4,53,16,1,1,0,1,5,6,10.0,2,10.0
SF,2025-07-09,4,90,23,2,3,1,1,10,5,9.0,9,0.0
SF,2025-07-11,3,55,16,0,1,0,0,5,4,11.0,1,11.0
SF,2025-07-12,3,38,10,2,0,0,0,1,1,9.0,0,9.0
SF,2025-07-13,5,80,20,6,2,0,0,3,7,15.0,3,14.0
SF,2025-07-18,2,58,17,2,1,0,0,1,4,16.0,0,0.0
SF,2025-07-19,2,27,9,2,0,0,1,3,3,6.0,2,4.0
SF,2025-07-20,3,55,15,4,0,0,1,4,3,11.0,4,9.0
SF,2025-07-21,5,164,34,12,5,0,0,7,7,24.0,6,2.0
SF,2025-07-22,3,74,17,8,1,0,0,4,1,12.0,0,0.0
SF,2025-07-23,4,61,18,4,0,0,0,6,3,12.0,3,0.0
SF,2025-07-25,4,81,19,6,1,1,0,2,4,15.0,1,0.0
SF,2025-07-26,4,53,14,5,2,0,0,2,0,10.0,0,10.0
SF,2025-07-27,6,134,37,7,3,0,2,12,8,24.0,5,24.0
SF,2025-07-28,2,64,17,5,2,0,1,4,4,12.0,2,12.0
SF,2025-07-29,4,53,18,4,0,0,0,6,4,12.0,2,12.0
SF,2025-07-30,5,72,18,3,3,0,0,2,3,13.0,1,13.0
SF,2025-08-01,4,44,15,1,3,1,0,2,5,9.0,2,9.0
SF,2025-08-02,3,102,25,2,2,1,0,9,3,14.0,8,6.0
SF,2025-08-03,3,63,16,4,1,0,0,5,1,11.0,2,0.0
SF,2025-08-04,3,84,17,4,2,1,1,3,1,12.0,4,9.0
SF,2025-08-05,2,36,9,3,1,0,0,0,2,9.0,0,0.0
SF,2025-08-06,3,55,11,3,0,0,0,2,2,9.0,0,9.0
SF,2025-08-08,4,108,28,6,2,0,0,4,6,24.0,0,15.0
SF,2025-08-09,2,69,20,2,0,0,0,6,2,15.0,1,3.0
SF,2025-08-10,2,58,19,2,0,0,0,6,4,12.0,3,0.0
SF,2025-08-11,3,40,10,2,0,0,0,3,2,8.0,0,0.0
SF,2025-08-12,3,60,14,0,3,0,1,3,2,9.0,1,0.0
SF,2025-08-13,5,131,34,4,3,0,1,10,6,22.0,4,0.0
SF,2025-08-15,5,93,26,5,1,2,0,5,4,18.0,4,16.0
SF,2025-08-16,3,40,12,1,2,1,0,4,3,6.0,2,6.0
SF,2025-08-17,2,34,9,2,1,0,0,2,2,6.0,1,0.0
SF,2025-08-18,2,40,9,1,0,0,0,3,2,7.0,0,7.0
SF,2025-08-19,3,83,21,3,2,0,0,6,3,14.0,3,2.0
SF,2025-08-20,3,86,23,6,1,0,2,5,9,17.0,5,0.0
SF,2025-08-21,3,59,17,3,1,1,0,4,5,11.0,2,0.0
SF,2025-08-22,5,85,21,7,3,1,1,3,3,15.0,3,15.0
SF,2025-08-23,2,43,11,2,0,0,0,2,3,9.0,0,0.0
SF,2025-08-24,4,56,15,3,0,0,0,3,2,12.0,0,12.0
SF,2025-08-26,3,44,10,5,0,0,0,1,2,9.0,0,0.0
SF,2025-08-27,3,56,13,5,1,0,0,0,4,12.0,0,0.0
SF,2025-08-28,3,23,7,2,1,0,0,1,1,6.0,0,6.0
SF,2025-08-29,3,64,18,4,0,0,1,4,6,14.0,2,0.0
SF,2025-08-30,4,112,28,8,2,0,1,8,6,18.0,6,0.0
SF,2025-08-31,2,74,19,0,2,0,0,6,3,12.0,2,0.0
SF,2025-09-01,2,53,13,2,0,0,0,4,3,11.0,2,0.0
SF,2025-09-02,3,52,15,3,1,0,1,2,4,12.0,2,1.0
SF,2025-09-03,3,62,18,3,1,0,0,4,4,13.0,3,2.0
SF,2025-09-05,2,57,16,5,0,1,1,3,7,12.0,1,0.0
SF,2025-09-06,3,37,12,1,1,1,0,4,1,9.0,3,9.0
SF,2025-09-07,4,64,17,5,1,0,0,5,1,12.0,3,9.0
SF,2025-09-08,2,34,12,3,0,0,1,3,4,9.0,1,0.0
SF,2025-09-09,4,66,18,2,1,0,0,5,6,12.0,1,11.0
SF,2025-09-10,4,132,31,8,4,1,0,5,3,23.0,2,0.0
SF,2025-09-12,3,38,10,1,1,1,0,0,3,9.0,0,9.0
SF,2025-09-13,4,96,27,2,4,1,0,7,7,15.0,9,3.0
SF,2025-09-14,4,109,29,4,2,0,0,12,7,15.0,6,0.0
SF,2025-09-15,4,88,22,1,3,0,1,7,3,12.0,7,4.0
SF,2025-09-16,4,94,29,2,4,1,0,8,3,18.0,3,18.0
SF,2025-09-17,3,58,16,2,2,1,0,1,1,12.0,1,9.0
SF,2025-09-18,1,13,4,0,0,0,0,1,1,3.0,0,3.0
SF,2025-09-19,3,38,12,1,0,0,0,2,4,10.0,1,0.0
SF,2025-09-20,4,98,26,4,3,0,3,8,9,15.0,5,14.0
SF,2025-09-21,3,38,9,3,0,0,0,1,1,9.0,0,9.0
SF,2025-09-22,3,57,18,6,2,0,0,1,2,14.0,1,14.0
SF,2025-09-23,4,76,17,3,1,0,2,7,4,9.0,6,8.0
SF,2025-09-24,4,79,19,6,2,0,0,3,1,15.0,1,15.0
SF,2025-09-26,2,28,7,3,0,0,0,1,1,6.0,0,0.0
SF,2025-09-27,4,46,13,1,2,1,1,2,3,9.0,1,9.0
SF,2025-09-28,3,53,13,5,2,0,0,2,3,11.0,0,8.0
STL,2024-03-28,3,60,16,5,2,0,0,3,3,11.0,2,0.0
STL,2024-03-29,2,32,9,5,0,0,1,1,1,8.0,1,0.0
STL,2024-03-30,5,134,30,9,3,0,1,10,8,18.0,5,16.0
STL,2024-03-31,3,56,13,3,2,0,2,3,2,8.0,4,7.0
STL,2024-04-01,2,15,7,1,0,0,0,1,1,6.0,0,0.0
STL,2024-04-02,3,34,11,3,1,0,0,2,1,9.0,0,3.0
STL,2024-04-03,3,57,12,5,1,0,0,2,1,9.0,0,9.0
STL,2024-04-04,5,65,15,2,1,0,0,1,4,13.0,0,6.0
STL,2024-04-06,4,56,15,2,0,0,0,4,5,12.0,1,5.0
STL,2024-04-07,2,67,18,3,1,1,0,6,1,9.0,3,0.0
STL,2024-04-08,4,51,15,2,1,0,1,4,4,10.0,3,10.0
STL,2024-04-09,4,86,17,8,3,0,0,3,1,12.0,0,0.0
STL,2024-04-10,3,69,20,7,1,0,0,7,5,12.0,2,12.0
STL,2024-04-12,4,65,16,7,1,0,1,1,2,13.0,3,7.0
STL,2024-04-13,2,31,7,3,1,0,0,0,1,6.0,0,3.0
STL,2024-04-14,2,66,14,2,1,0,0,3,2,10.0,2,0.0
STL,2024-04-15,3,37,10,4,1,0,1,1,3,9.0,1,6.0
STL,2024-04-16,2,29,6,2,0,0,0,0,1,6.0,0,6.0
STL,2024-04-17,3,43,12,1,1,0,0,3,4,9.0,1,2.0
STL,2024-04-19,4,75,15,6,2,0,0,2,2,12.0,1,12.0
STL,2024-04-20,3,93,24,2,2,0,0,9,5,13.0,6,2.0
STL,2024-04-21,3,30,9,1,1,0,0,1,1,8.0,0,8.0
STL,2024-04-22,4,49,14,4,1,0,0,2,3,12.0,0,9.0
STL,2024-04-23,2,90,24,6,1,1,2,9,7,14.0,9,0.0
STL,2024-04-24,3,30,10,1,1,0,0,2,2,9.0,0,6.0
STL,2024-04-26,3,35,11,4,0,0,0,1,1,10.0,0,10.0
STL,2024-04-27,3,47,13,4,1,0,0,3,3,9.0,0,3.0
STL,2024-04-28,3,81,22,3,3,0,1,3,5,18.0,3,18.0
STL,2024-04-30,6,134,31,9,4,0,2,7,9,20.0,7,12.0
STL,2024-05-01,2,31,8,1,0,0,0,2,1,6.0,1,5.0
STL,2024-05-03,2,21,6,0,0,0,0,0,0,6.0,0,0.0
STL,2024-05-04,4,72,19,4,0,0,0,4,3,15.0,3,15.0
STL,2024-05-05,4,86,22,7,0,0,1,6,3,16.0,4,8.0
STL,2024-05-06,4,43,12,1,0,0,1,3,4,9.0,1,9.0
STL,2024-05-07,3,79,21,3,1,0,1,5,4,15.0,2,8.0
STL,2024-05-09,3,34,12,3,0,0,0,3,3,9.0,1,0.0
STL,2024-05-10,3,87,19,5,2,1,0,7,0,10.0,8,0.0
STL,2024-05-11,3,58,14,2,1,1,1,3,4,9.0,4,9.0
STL,2024-05-12,3,40,10,5,0,0,0,1,1,9.0,0,9.0
STL,2024-05-13,5,71,21,4,2,0,0,2,4,17.0,1,0.0
STL,2024-05-14,4,62,14,4,2,0,0,4,2,9.0,1,9.0
STL,2024-05-15,2,72,16,5,2,0,2,6,4,9.0,3,0.0
STL,2024-05-17,3,53,14,1,1,0,0,4,0,9.0,3,1.0
STL,2024-05-18,4,45,14,3,0,0,0,4,2,12.0,1,9.0
STL,2024-05-19,3,124,28,7,3,0,2,8,6,18.0,8,0.0
STL,2024-05-20,4,38,12,1,2,0,0,0,3,10.0,0,4.0
STL,2024-05-21,3,35,10,3,1,0,0,1,2,9.0,0,9.0
STL,2024-05-22,3,72,19,2,2,0,0,3,4,15.0,1,12.0
STL,2024-05-25,3,59,18,2,1,0,0,8,2,9.0,3,8.0
STL,2024-05-26,4,63,20,2,0,1,2,7,6,12.0,3,8.0
STL,2024-05-27,2,33,9,1,3,0,0,0,4,6.0,0,6.0
STL,2024-05-28,2,48,14,4,1,2,0,2,1,9.0,0,0.0
STL,2024-05-29,4,58,16,1,2,0,0,5,5,9.0,3,5.0
STL,2024-05-31,2,26,8,3,0,0,0,2,1,6.0,1,6.0
STL,2024-06-01,3,50,13,3,1,0,1,2,4,9.0,2,0.0
STL,2024-06-02,6,74,22,7,0,0,0,4,6,18.0,0,18.0
STL,2024-06-03,3,47,13,3,0,0,2,4,4,7.0,4,6.0
STL,2024-06-04,4,78,20,4,0,0,0,4,6,15.0,2,2.0
STL,2024-06-05,3,31,10,4,1,0,0,0,2,9.0,0,9.0
STL,2024-06-06,3,57,15,4,1,0,0,2,1,13.0,0,9.0
STL,2024-06-07,5,82,21,8,1,1,0,4,2,15.0,1,12.0
STL,2024-06-08,2,36,12,2,0,0,1,4,4,9.0,3,9.0
STL,2024-06-09,3,54,15,2,1,0,0,2,4,12.0,1,0.0
STL,2024-06-11,2,31,10,1,2,0,0,2,2,6.0,2,6.0
STL,2024-06-12,2,29,8,3,0,0,1,2,1,6.0,1,6.0
STL,2024-06-13,5,71,18,4,2,0,0,3,2,14.0,2,14.0
STL,2024-06-14,3,35,9,2,2,0,0,1,2,6.0,0,3.0
STL,2024-06-15,4,69,22,1,5,0,1,4,4,14.0,5,10.0
STL,2024-06-16,3,60,13,2,4,0,0,1,2,8.0,1,8.0
STL,2024-06-17,3,72,17,2,2,0,1,3,4,13.0,5,13.0
STL,2024-06-18,4,57,18,4,0,0,0,5,1,14.0,3,14.0
STL,2024-06-19,4,78,21,4,1,0,0,5,5,16.0,2,16.0
STL,2024-06-20,4,71,16,3,1,0,0,4,7,11.0,2,11.0
STL,2024-06-22,3,43,13,2,0,0,0,4,4,9.0,0,0.0
STL,2024-06-23,3,33,10,2,3,0,0,1,2,6.0,2,5.0
STL,2024-06-24,2,48,13,5,4,0,0,2,1,7.0,2,2.0
STL,2024-06-26,7,146,36,5,3,0,1,9,8,24.0,3,7.0
STL,2024-06-27,3,66,17,4,0,0,0,4,5,14.0,2,0.0
STL,2024-06-28,4,45,12,4,1,0,0,0,5,11.0,0,11.0
STL,2024-06-29,2,83,22,4,2,0,0,6,5,14.0,6,1.0
STL,2024-06-30,3,35,10,2,1,0,0,0,1,9.0,0,9.0
STL,2024-07-02,4,47,13,2,0,0,0,2,4,12.0,0,3.0
STL,2024-07-03,4,56,17,3,2,0,1,6,4,12.0,3,12.0
STL,2024-07-04,2,66,13,3,1,0,0,3,3,9.0,1,9.0
STL,2024-07-05,5,89,25,2,3,0,0,6,6,18.0,1,18.0
STL,2024-07-06,2,90,24,3,2,0,0,6,4,16.0,3,0.0
STL,2024-07-07,3,57,15,4,1,1,0,2,1,12.0,0,0.0
STL,2024-07-08,2,36,9,1,0,0,0,2,2,8.0,0,2.0
STL,2024-07-10,6,137,37,6,1,0,2,11,10,25.0,8,14.0
STL,2024-07-12,3,40,9,0,0,0,0,4,2,6.0,2,0.0
STL,2024-07-13,6,106,29,7,1,0,1,4,6,24.0,1,15.0
STL,2024-07-14,4,50,15,3,1,0,2,3,5,11.0,2,0.0
STL,2024-07-20,4,82,21,4,2,0,1,4,7,16.0,3,13.0
STL,2024-07-21,3,38,12,3,1,0,0,2,2,9.0,0,3.0
STL,2024-07-22,2,43,10,2,0,0,0,5,0,6.0,1,6.0
STL,2024-07-23,5,50,13,5,0,0,0,3,1,12.0,1,12.0
STL,2024-07-24,2,62,17,2,1,0,0,1,8,15.0,0,0.0
STL,2024-07-26,5,92,23,7,5,0,0,4,4,15.0,5,14.0
STL,2024-07-27,4,121,28,5,5,1,1,10,4,12.0,12,1.0
STL,2024-07-28,3,28,10,2,0,0,0,2,1,9.0,0,9.0
STL,2024-07-29,4,63,18,1,0,1,1,6,4,12.0,3,4.0
STL,2024-07-30,3,50,14,3,0,0,0,1,2,12.0,0,0.0
STL,2024-07-31,2,20,6,0,0,0,0,0,3,6.0,0,0.0
STL,2024-08-01,2,35,9,2,0,0,1,4,2,6.0,3,6.0
STL,2024-08-02,3,52,12,2,1,0,0,2,3,9.0,0,1.0
STL,2024-08-03,2,19,6,1,0,0,0,0,3,6.0,0,6.0
STL,2024-08-04,4,61,16,2,2,0,2,3,3,12.0,3,3.0
STL,2024-08-05,2,45,16,8,0,0,1,4,2,13.0,1,0.0
STL,2024-08-06,2,34,9,2,1,0,0,2,1,6.0,1,6.0
STL,2024-08-07,4,64,18,2,2,0,0,4,5,12.0,1,0.0
STL,2024-08-08,4,36,14,1,1,1,1,4,4,9.0,4,9.0
STL,2024-08-09,3,66,19,4,3,0,0,2,3,15.0,0,12.0
STL,2024-08-10,3,52,16,0,0,0,1,9,6,7.0,7,2.0
STL,2024-08-12,2,46,11,3,1,0,0,1,4,9.0,0,0.0
STL,2024-08-13,2,14,7,1,0,1,0,0,1,6.0,0,0.0
STL,2024-08-14,3,58,16,4,0,0,1,6,3,10.0,3,0.0
STL,2024-08-16,4,60,15,4,0,0,1,5,4,10.0,4,9.0
STL,2024-08-17,2,19,6,1,0,0,0,0,2,6.0,0,3.0
STL,2024-08-18,4,63,15,3,1,0,0,2,3,12.0,0,12.0
STL,2024-08-20,3,35,12,1,1,0,0,2,3,10.0,1,8.0
STL,2024-08-21,6,122,23,9,6,0,0,4,2,14.0,4,14.0
STL,2024-08-22,3,48,11,3,1,0,0,1,2,9.0,0,3.0
STL,2024-08-23,2,31,7,1,1,0,0,0,1,6.0,0,0.0
STL,2024-08-24,2,25,8,1,0,0,1,2,3,6.0,1,0.0
STL,2024-08-25,4,38,13,0,1,0,0,4,3,9.0,1,9.0
STL,2024-08-26,4,72,17,2,0,1,0,3,5,14.0,1,0.0
STL,2024-08-27,3,50,15,1,1,0,0,4,4,10.0,2,10.0
STL,2024-08-28,4,51,13,4,1,0,1,2,2,10.0,1,10.0
STL,2024-08-29,3,55,11,3,2,0,0,0,3,9.0,0,6.0
STL,2024-08-30,2,55,11,5,1,0,1,2,2,8.0,2,7.0
STL,2024-08-31,3,46,13,2,1,0,0,7,3,6.0,4,4.0
STL,2024-09-01,5,82,21,6,3,0,0,4,4,15.0,2,6.0
STL,2024-09-02,2,61,14,5,3,0,1,2,2,9.0,4,1.0
STL,2024-09-03,5,106,27,10,2,1,0,2,2,22.0,2,19.0
STL,2024-09-04,3,53,13,5,2,0,1,2,3,9.0,1,9.0
STL,2024-09-06,5,79,22,4,1,1,1,6,6,13.0,5,5.0
STL,2024-09-07,3,43,11,4,2,0,0,2,2,7.0,0,7.0
STL,2024-09-08,3,118,30,10,4,1,1,5,4,21.0,3,0.0
STL,2024-09-10,3,49,14,4,1,0,0,1,3,12.0,0,0.0
STL,2024-09-11,4,47,12,4,0,0,0,0,3,12.0,0,12.0
STL,2024-09-12,2,35,12,2,1,0,0,2,3,9.0,0,3.0
STL,2024-09-13,3,85,22,4,2,0,0,4,7,18.0,1,18.0
STL,2024-09-14,2,67,15,3,1,0,0,6,1,8.0,5,1.0
STL,2024-09-15,3,53,14,4,2,0,0,3,1,9.0,1,9.0
STL,2024-09-16,2,24,6,3,0,0,0,0,1,6.0,0,3.0
STL,2024-09-17,3,46,13,5,0,0,0,4,3,9.0,0,9.0
STL,2024-09-18,2,43,13,4,0,0,1,4,2,10.0,3,4.0
STL,2024-09-19,4,48,14,1,2,0,1,4,1,9.0,2,9.0
STL,2024-09-20,1,45,11,1,1,0,1,2,2,9.0,1,0.0
STL,2024-09-21,4,55,16,5,1,0,1,6,3,9.0,4,9.0
STL,2024-09-22,2,24,7,0,0,0,0,1,4,6.0,0,6.0
STL,2024-09-24,4,52,15,5,0,0,0,4,2,12.0,0,6.0
STL,2024-09-25,3,27,9,1,1,0,1,3,1,6.0,1,0.0
STL,2024-09-26,4,83,21,3,1,0,0,9,2,12.0,5,10.0
STL,2024-09-27,4,46,15,4,2,0,0,2,4,12.0,0,0.0
STL,2024-09-28,3,54,15,3,2,0,0,4,3,9.0,2,8.0
STL,2024-09-29,1,18,4,0,0,0,0,2,0,3.0,0,0.0
STL,2025-03-27,5,70,17,5,1,0,0,4,3,12.0,1,12.0
STL,2025-03-29,3,32,10,1,0,0,0,1,5,9.0,0,0.0
STL,2025-03-30,1,51,13,2,0,0,0,1,4,12.0,0,0.0
STL,2025-03-31,5,70,19,7,3,0,0,2,3,14.0,4,14.0
STL,2025-04-01,4,90,20,2,2,0,0,4,4,15.0,6,12.0
STL,2025-04-02,3,37,11,2,1,0,0,1,1,9.0,0,6.0
STL,2025-04-04,4,107,29,2,4,0,0,11,9,15.0,7,7.0
STL,2025-04-06,8,211,53,11,8,0,1,14,9,33.0,13,17.0
STL,2025-04-07,2,40,9,0,2,0,0,2,3,5.0,4,0.0
STL,2025-04-08,4,61,16,5,0,1,0,3,2,12.0,2,1.0
STL,2025-04-09,7,114,29,8,5,1,0,5,5,21.0,2,21.0
STL,2025-04-11,2,23,7,0,0,0,0,1,2,6.0,0,6.0
STL,2025-04-12,3,76,18,4,1,0,0,5,3,12.0,1,2.0
STL,2025-04-13,3,26,9,2,0,0,0,0,2,9.0,0,0.0
STL,2025-04-14,2,39,11,1,1,0,1,4,1,6.0,3,0.0
STL,2025-04-15,2,40,11,3,0,1,1,1,3,9.0,1,9.0
STL,2025-04-16,4,57,15,3,1,0,0,2,3,12.0,0,3.0
STL,2025-04-17,2,33,8,0,1,0,0,1,2,6.0,0,0.0
STL,2025-04-18,5,64,16,1,2,0,2,4,5,13.0,3,13.0
STL,2025-04-19,1,16,6,1,0,0,1,2,1,4.0,1,2.0
STL,2025-04-20,3,49,13,4,2,0,0,5,1,6.0,4,5.0
STL,2025-04-21,3,39,11,3,2,0,1,3,2,6.0,5,5.0
STL,2025-04-22,3,68,18,4,3,0,0,1,5,14.0,0,8.0
STL,2025-04-23,4,38,11,4,0,0,1,5,4,6.0,4,4.0
STL,2025-04-25,3,53,13,1,1,0,0,4,2,9.0,1,9.0
STL,2025-04-26,4,49,13,2,0,1,1,3,4,9.0,2,9.0
STL,2025-04-27,3,44,12,3,1,0,0,1,2,10.0,0,0.0
STL,2025-04-28,2,31,9,0,2,0,0,2,0,6.0,0,6.0
STL,2025-04-30,4,112,29,7,2,0,0,2,5,26.0,1,8.0
STL,2025-05-01,3,102,27,5,3,1,1,7,3,15.0,7,2.0
STL,2025-05-02,4,77,23,2,1,1,1,8,4,14.0,5,1.0
STL,2025-05-04,5,158,38,8,4,1,0,5,8,29.0,3,22.0
STL,2025-05-05,4,64,17,4,1,0,0,3,2,12.0,0,3.0
STL,2025-05-06,2,24,7,1,0,0,0,1,1,6.0,0,6.0
STL,2025-05-07,2,22,8,2,0,0,0,2,2,6.0,0,0.0
STL,2025-05-10,2,39,10,1,3,0,0,2,1,5.0,0,5.0
STL,2025-05-11,3,47,12,3,1,0,0,1,2,11.0,0,2.0
STL,2025-05-12,3,50,13,4,0,0,0,2,3,11.0,0,11.0
STL,2025-05-14,7,140,30,9,2,0,0,6,4,23.0,2,17.0
STL,2025-05-16,1,36,8,2,0,0,0,2,2,6.0,1,0.0
STL,2025-05-17,2,34,10,0,0,0,0,2,3,9.0,0,9.0
STL,2025-05-18,2,22,10,1,1,0,0,3,1,6.0,1,6.0
STL,2025-05-19,3,66,15,2,1,0,0,5,2,9.0,4,0.0
STL,2025-05-20,2,53,14,3,0,0,0,2,4,12.0,1,12.0
STL,2025-05-21,4,65,16,4,2,2,0,3,2,10.0,3,6.0
STL,2025-05-23,3,54,14,1,1,0,1,4,4,9.0,2,1.0
STL,2025-05-24,3,61,13,3,1,0,0,6,3,6.0,4,5.0
STL,2025-05-25,3,43,12,2,1,1,0,1,4,9.0,0,9.0
STL,2025-05-26,3,46,12,3,0,0,0,3,1,9.0,0,0.0
STL,2025-05-27,3,44,12,4,0,0,0,2,3,10.0,0,4.0
STL,2025-05-28,5,83,20,6,2,0,0,3,4,15.0,0,15.0
STL,2025-05-30,3,72,19,2,2,1,1,8,5,9.0,6,0.0
STL,2025-05-31,2,33,6,2,1,0,0,0,1,6.0,0,6.0
STL,2025-06-01,3,54,14,1,2,0,1,5,1,6.0,6,3.0
STL,2025-06-03,4,71,22,3,2,0,0,6,4,14.0,5,4.0
STL,2025-06-05,8,158,37,6,3,0,0,8,8,27.0,3,24.0
STL,2025-06-06,3,32,9,4,0,0,0,2,1,8.0,0,0.0
STL,2025-06-07,3,52,16,4,1,0,0,5,3,11.0,1,11.0
STL,2025-06-08,2,61,16,3,3,2,1,2,4,9.0,3,4.0
STL,2025-06-09,3,62,17,2,2,0,2,6,4,12.0,3,9.0
STL,2025-06-10,3,58,18,3,0,0,1,7,6,12.0,3,6.0
STL,2025-06-11,2,52,15,2,2,0,0,2,0,12.0,0,0.0
STL,2025-06-12,2,59,14,0,0,0,0,4,3,11.0,0,0.0
STL,2025-06-13,2,45,9,3,0,0,0,1,1,8.0,1,8.0
STL,2025-06-14,4,93,23,7,3,1,1,5,4,14.0,1,0.0
STL,2025-06-15,3,37,9,3,0,0,0,3,0,6.0,1,6.0
STL,2025-06-17,2,36,9,1,0,0,0,1,2,9.0,0,0.0
STL,2025-06-19,9,159,40,10,5,0,2,8,9,27.0,7,22.0
STL,2025-06-20,4,51,12,4,2,0,0,2,1,9.0,1,3.0
STL,2025-06-21,5,104,24,6,3,0,1,3,7,18.0,4,16.0
STL,2025-06-22,2,47,13,4,0,0,0,2,2,12.0,1,2.0
STL,2025-06-23,2,36,8,0,1,0,0,1,1,6.0,0,0.0
STL,2025-06-24,4,68,20,4,1,0,1,6,4,13.0,2,11.0
STL,2025-06-25,3,75,23,6,2,0,0,3,2,16.0,1,0.0
STL,2025-06-26,3,62,14,3,1,0,0,2,4,12.0,0,8.0
STL,2025-06-28,4,74,19,4,2,0,0,2,5,15.0,0,9.0
STL,2025-06-29,3,60,12,6,3,0,0,0,2,9.0,0,0.0
STL,2025-06-30,2,47,10,4,0,0,0,1,2,9.0,0,0.0
STL,2025-07-01,1,22,6,1,0,0,0,3,2,3.0,1,3.0
STL,2025-07-02,2,36,9,3,1,0,0,3,1,5.0,3,1.0
STL,2025-07-04,2,31,9,1,0,0,2,3,4,6.0,3,0.0
STL,2025-07-05,4,77,20,5,2,0,1,5,7,12.0,3,10.0
STL,2025-07-06,4,135,34,6,1,1,1,11,7,20.0,10,0.0
STL,2025-07-08,4,77,16,2,2,0,0,3,1,12.0,0,12.0
STL,2025-07-09,2,41,10,1,1,0,1,1,2,9.0,1,0.0
STL,2025-07-10,2,54,13,1,2,0,0,2,1,10.0,1,1.0
STL,2025-07-11,4,86,22,9,1,0,0,3,8,18.0,0,18.0
STL,2025-07-12,4,63,18,5,1,0,1,4,4,13.0,4,13.0
STL,2025-07-13,4,132,28,8,2,1,0,6,3,18.0,3,18.0
STL,2025-07-18,2,42,12,4,1,0,0,2,0,10.0,1,0.0
STL,2025-07-19,2,47,18,2,1,1,0,2,3,14.0,2,0.0
STL,2025-07-20,4,59,14,6,0,0,0,3,1,12.0,0,0.0
STL,2025-07-21,2,23,8,4,1,0,0,1,0,6.0,0,0.0
STL,2025-07-22,3,84,23,8,3,0,0,4,4,15.0,2,0.0
STL,2025-07-23,2,56,13,3,1,0,1,4,2,9.0,1,0.0
STL,2025-07-24,4,59,15,7,1,0,0,2,1,12.0,0,12.0
STL,2025-07-25,4,42,15,3,0,0,0,4,1,12.0,0,0.0
STL,2025-07-26,4,59,18,3,0,1,0,3,3,14.0,1,14.0
STL,2025-07-27,2,72,19,4,1,0,1,7,3,13.0,2,0.0
STL,2025-07-28,2,39,10,2,1,0,0,3,2,6.0,1,0.0
STL,2025-07-29,4,53,16,0,0,0,0,4,2,12.0,2,0.0
STL,2025-07-30,3,31,10,2,0,0,0,1,3,9.0,0,9.0
STL,2025-08-01,3,46,15,3,0,1,0,3,3,11.0,2,1.0
STL,2025-08-02,2,43,12,1,1,0,0,2,1,9.0,1,6.0
STL,2025-08-03,2,58,16,3,2,0,1,5,5,9.0,5,4.0
STL,2025-08-04,2,25,9,1,1,0,0,2,1,6.0,1,6.0
STL,2025-08-05,4,102,27,7,2,0,1,10,7,15.0,7,1.0
STL,2025-08-06,3,66,17,5,1,0,0,2,2,15.0,0,15.0
STL,2025-08-08,3,43,11,3,0,1,0,1,1,9.0,0,0.0
STL,2025-08-09,3,122,30,6,2,0,1,6,8,22.0,3,0.0
STL,2025-08-10,2,39,10,1,2,0,0,3,3,6.0,0,6.0
STL,2025-08-11,1,29,8,2,0,0,0,1,1,7.0,0,7.0
STL,2025-08-12,3,67,15,7,0,0,0,1,4,15.0,1,1.0
STL,2025-08-13,3,58,15,4,1,0,1,5,3,9.0,3,9.0
STL,2025-08-15,3,79,17,4,4,0,0,1,5,12.0,0,6.0
STL,2025-08-16,3,94,22,6,4,0,1,6,4,12.0,6,0.0
STL,2025-08-17,4,77,20,4,3,0,0,5,2,12.0,5,11.0
STL,2025-08-18,3,48,13,3,1,0,0,1,1,12.0,0,9.0
STL,2025-08-19,3,43,11,5,2,0,0,0,2,9.0,0,0.0
STL,2025-08-20,3,67,13,3,4,0,0,1,2,8.0,1,0.0
STL,2025-08-21,3,66,19,4,4,0,0,4,2,12.0,1,0.0
STL,2025-08-22,3,91,24,5,2,1,2,6,4,16.0,5,0.0
STL,2025-08-24,3,60,17,4,2,0,1,5,5,11.0,6,0.0
STL,2025-08-25,3,58,15,3,2,1,0,3,1,9.0,2,9.0
STL,2025-08-26,3,77,16,8,1,0,0,3,3,12.0,0,0.0
STL,2025-08-27,1,29,7,2,2,0,0,0,0,6.0,0,6.0
STL,2025-08-28,3,63,15,4,2,1,0,1,4,12.0,0,6.0
STL,2025-08-29,5,95,23,8,4,0,1,4,6,15.0,2,15.0
STL,2025-08-30,3,41,12,0,1,0,1,3,3,9.0,1,9.0
STL,2025-08-31,2,57,14,5,1,0,1,4,4,9.0,2,6.0
STL,2025-09-01,2,40,14,1,0,0,0,6,2,9.0,5,0.0
STL,2025-09-02,2,45,10,3,1,0,0,0,3,9.0,0,9.0
STL,2025-09-03,2,54,16,3,1,0,1,5,3,11.0,1,7.0
STL,2025-09-05,4,89,25,6,2,0,0,9,5,15.0,2,0.0
STL,2025-09-06,2,30,11,2,0,0,0,2,3,9.0,0,9.0
STL,2025-09-07,3,63,14,5,1,0,0,3,2,11.0,1,11.0
STL,2025-09-08,3,36,11,2,1,0,0,2,2,9.0,4,9.0
STL,2025-09-09,4,66,18,4,2,0,0,3,5,12.0,0,12.0
STL,2025-09-10,4,110,27,7,5,0,1,4,6,21.0,3,21.0
STL,2025-09-12,3,76,17,2,1,0,1,7,3,9.0,3,0.0
STL,2025-09-13,4,115,26,4,4,2,0,7,4,15.0,8,7.0
STL,2025-09-14,4,74,17,4,2,0,0,3,3,12.0,0,12.0
STL,2025-09-15,5,85,22,2,4,0,0,9,5,9.0,8,7.0
STL,2025-09-16,2,20,6,3,0,0,0,0,0,6.0,0,0.0
STL,2025-09-17,4,68,17,6,0,0,0,5,3,12.0,2,2.0
STL,2025-09-19,2,51,13,4,1,0,0,3,1,9.0,0,0.0
STL,2025-09-20,3,60,18,2,1,0,0,2,1,15.0,2,15.0
STL,2025-09-21,3,66,18,4,1,3,0,2,4,12.0,0,0.0
STL,2025-09-22,4,57,13,3,1,0,0,1,0,12.0,0,12.0
STL,2025-09-23,6,105,27,6,0,0,1,8,5,19.0,4,15.0
STL,2025-09-24,2,33,11,2,1,0,0,4,0,6.0,1,6.0
STL,2025-09-26,3,92,20,3,2,1,1,8,5,9.0,8,0.0
STL,2025-09-27,4,71,17,5,3,0,2,4,3,10.0,4,5.0
STL,2025-09-28,4,66,20,8,0,0,1,5,6,15.0,2,15.0
TB,2024-03-28,3,68,15,2,6,0,0,1,3,10.0,2,0.0
TB,2024-03-29,2,50,12,1,0,0,0,2,4,9.0,1,0.0
TB,2024-03-30,4,50,12,4,1,0,0,2,1,9.0,1,1.0
TB,2024-03-31,3,150,38,8,7,0,2,7,12,24.0,7,2.0
TB,2024-04-01,2,73,19,1,3,2,1,4,7,10.0,4,0.0
TB,2024-04-02,3,40,11,3,1,0,0,2,3,8.0,1,0.0
TB,2024-04-03,2,47,15,2,0,0,0,6,2,9.0,3,6.0
TB,2024-04-05,4,87,21,4,4,0,3,7,6,12.0,9,9.0
TB,2024-04-06,4,78,17,4,1,0,1,3,7,14.0,2,6.0
TB,2024-04-07,3,77,16,4,4,0,0,4,1,9.0,2,6.0
TB,2024-04-08,1,68,16,2,3,0,0,5,3,9.0,2,0.0
TB,2024-04-09,4,68,17,3,3,0,0,3,5,12.0,1,7.0
TB,2024-04-10,4,66,17,8,0,0,1,3,2,14.0,1,12.0
TB,2024-04-12,5,83,20,6,4,0,0,2,3,15.0,0,15.0
TB,2024-04-13,2,87,24,3,5,0,3,8,6,12.0,7,0.0
TB,2024-04-14,2,102,29,4,1,0,1,8,11,21.0,3,3.0
TB,2024-04-15,3,67,17,1,3,0,2,7,4,8.0,7,6.0
TB,2024-04-16,7,97,25,5,2,1,0,1,8,21.0,2,21.0
TB,2024-04-17,4,58,15,2,2,0,0,4,4,10.0,2,10.0
TB,2024-04-18,3,40,12,4,0,0,0,3,2,9.0,0,9.0
TB,2024-04-19,3,52,15,3,1,1,1,3,3,8.0,5,6.0
TB,2024-04-20,4,54,13,3,1,0,0,1,3,12.0,0,12.0
TB,2024-04-21,2,41,11,4,0,0,0,1,1,10.0,0,3.0
TB,2024-04-22,2,49,13,3,0,2,0,2,4,9.0,1,0.0
TB,2024-04-23,3,39,13,2,0,1,2,3,4,9.0,3,9.0
TB,2024-04-24,4,128,32,8,2,0,0,6,10,24.0,4,16.0
TB,2024-04-26,1,43,11,3,1,0,1,3,1,6.0,3,0.0
TB,2024-04-27,5,67,20,7,2,0,1,2,5,17.0,4,17.0
TB,2024-04-28,2,35,9,1,0,0,0,4,2,6.0,2,3.0
TB,2024-04-29,3,49,13,5,2,1,0,1,1,9.0,0,9.0
TB,2024-04-30,2,83,21,1,3,1,1,4,6,12.0,5,0.0
TB,2024-05-01,2,55,14,2,3,0,1,4,5,7.0,4,0.0
TB,2024-05-03,4,64,17,4,0,0,1,4,4,13.0,2,6.0
TB,2024-05-04,3,61,13,3,4,0,0,0,2,9.0,0,9.0
TB,2024-05-05,6,149,37,6,6,1,0,5,15,24.0,4,24.0
TB,2024-05-06,2,57,16,4,2,0,0,0,8,15.0,0,3.0
TB,2024-05-07,2,31,7,2,1,1,0,0,0,6.0,0,0.0
TB,2024-05-08,3,73,21,6,1,0,0,7,4,13.0,2,3.0
TB,2024-05-10,4,52,13,2,0,0,1,5,3,9.0,1,9.0
TB,2024-05-11,4,48,12,1,0,1,0,1,4,10.0,0,4.0
TB,2024-05-12,2,51,12,1,1,1,2,4,6,6.0,4,1.0
TB,2024-05-13,3,61,15,6,1,0,0,2,2,12.0,0,12.0
TB,2024-05-14,6,90,22,8,2,2,0,2,1,21.0,2,21.0
TB,2024-05-15,4,48,16,6,0,0,1,4,4,12.0,1,12.0
TB,2024-05-16,5,67,16,4,2,0,1,2,4,12.0,1,12.0
TB,2024-05-17,2,12,6,1,0,0,0,1,1,5.0,1,5.0
TB,2024-05-18,3,43,11,2,0,1,0,1,4,9.0,0,9.0
TB,2024-05-19,2,38,9,5,0,0,0,1,2,8.0,2,0.0
TB,2024-05-20,2,27,7,0,0,0,0,1,3,6.0,0,0.0
TB,2024-05-21,4,54,15,3,2,0,1,4,2,10.0,2,8.0
TB,2024-05-22,5,75,22,5,0,0,1,6,3,15.0,7,4.0
TB,2024-05-24,3,123,37,5,4,2,2,12,9,21.0,8,8.0
TB,2024-05-25,7,99,27,1,5,0,0,7,6,18.0,5,17.0
TB,2024-05-26,4,54,19,2,1,1,1,6,5,12.0,1,6.0
TB,2024-05-28,2,39,8,2,3,0,0,0,2,6.0,0,0.0
TB,2024-05-29,4,60,13,3,0,0,0,3,2,10.0,2,10.0
TB,2024-05-30,6,151,40,13,2,0,1,9,6,30.0,5,28.0
TB,2024-05-31,3,59,15,3,2,0,0,5,5,8.0,3,8.0
TB,2024-06-01,2,61,15,4,0,0,0,1,4,14.0,0,0.0
TB,2024-06-02,3,44,14,2,1,1,0,4,2,9.0,0,9.0
TB,2024-06-04,3,62,16,4,0,0,0,6,2,9.0,2,0.0
TB,2024-06-05,5,55,20,3,0,1,0,4,5,15.0,1,13.0
TB,2024-06-07,3,50,14,5,0,0,1,2,5,12.0,2,7.0
TB,2024-06-08,5,107,23,4,5,0,1,6,9,12.0,4,9.0
TB,2024-06-09,3,64,17,1,2,0,1,6,4,9.0,6,1.0
TB,2024-06-10,3,54,12,5,1,0,0,2,2,9.0,1,2.0
TB,2024-06-11,4,47,14,5,1,0,0,3,4,10.0,1,10.0
TB,2024-06-12,4,59,16,2,1,1,1,4,4,10.0,3,10.0
TB,2024-06-13,2,21,6,0,1,0,0,0,1,6.0,0,6.0
TB,2024-06-14,4,106,24,6,0,1,0,4,5,18.0,0,0.0
TB,2024-06-15,3,61,17,2,2,0,1,5,5,10.0,4,0.0
TB,2024-06-16,4,55,13,5,1,0,1,2,3,10.0,2,10.0
TB,2024-06-18,7,86,22,6,1,0,1,6,5,16.0,3,16.0
TB,2024-06-19,4,52,15,4,1,0,0,2,2,12.0,0,12.0
TB,2024-06-20,5,85,21,5,2,0,2,5,7,15.0,4,13.0
TB,2024-06-21,3,59,17,3,0,0,1,2,6,17.0,1,5.0
TB,2024-06-22,1,10,3,2,0,0,0,0,0,3.0,0,3.0
TB,2024-06-23,4,53,15,2,3,0,0,0,2,12.0,0,12.0
TB,2024-06-24,4,78,15,6,3,0,1,1,5,11.0,2,11.0
TB,2024-06-25,3,59,14,5,0,0,1,2,3,12.0,1,3.0
TB,2024-06-26,4,84,17,5,2,0,1,4,3,11.0,5,4.0
TB,2024-06-28,3,47,11,3,1,1,0,1,0,9.0,0,7.0
TB,2024-06-29,3,53,17,2,0,0,0,7,4,10.0,6,1.0
TB,2024-06-30,4,51,12,5,1,1,0,0,3,10.0,0,0.0
TB,2024-07-02,4,50,14,2,0,0,1,2,4,12.0,1,3.0
TB,2024-07-03,3,67,17,4,2,0,0,3,3,12.0,2,11.0
TB,2024-07-04,4,45,16,1,0,1,1,3,5,12.0,3,2.0
TB,2024-07-05,2,32,9,1,1,0,0,3,2,6.0,0,0.0
TB,2024-07-06,2,38,9,4,1,0,1,3,2,6.0,2,6.0
TB,2024-07-07,4,91,24,5,2,0,2,10,8,12.0,6,0.0
TB,2024-07-09,4,41,14,3,1,0,1,3,3,10.0,2,8.0
TB,2024-07-10,2,30,7,2,0,0,0,2,1,6.0,0,6.0
TB,2024-07-11,6,95,21,5,5,0,0,2,6,14.0,2,13.0
TB,2024-07-12,2,25,6,5,0,0,0,0,1,6.0,0,6.0
TB,2024-07-13,3,50,13,1,0,0,1,4,9,9.0,2,9.0
TB,2024-07-14,3,39,11,2,0,0,0,2,4,9.0,0,9.0
TB,2024-07-19,3,58,13,3,2,0,0,2,2,9.0,1,0.0
TB,2024-07-20,2,40,10,2,0,1,0,4,1,6.0,1,0.0
TB,2024-07-21,6,92,22,6,1,0,1,5,5,17.0,4,7.0
TB,2024-07-22,2,63,14,4,1,0,2,6,3,7.0,4,0.0
TB,2024-07-23,5,98,26,6,0,0,2,5,5,21.0,2,18.0
TB,2024-07-24,3,41,12,1,2,0,0,2,3,7.0,3,6.0
TB,2024-07-25,2,53,11,3,2,0,0,0,4,9.0,0,0.0
TB,2024-07-26,5,61,14,6,1,0,0,1,1,12.0,1,12.0
TB,2024-07-27,2,30,7,0,1,0,0,1,1,6.0,0,0.0
TB,2024-07-28,5,102,26,9,1,1,0,3,8,21.0,0,21.0
TB,2024-07-30,5,85,21,6,0,1,1,4,4,16.0,1,7.0
TB,2024-07-31,2,72,17,5,0,0,0,4,1,12.0,2,3.0
TB,2024-08-02,3,52,12,2,0,0,0,4,2,8.0,1,8.0
TB,2024-08-03,4,41,11,4,0,0,0,1,4,10.0,0,1.0
TB,2024-08-04,4,101,28,11,1,0,0,2,8,25.0,0,25.0
TB,2024-08-06,2,39,10,2,0,0,0,2,1,9.0,0,9.0
TB,2024-08-07,2,39,10,3,0,0,0,0,3,10.0,0,0.0
TB,2024-08-08,5,64,17,3,1,0,0,3,5,14.0,0,14.0
TB,2024-08-09,3,72,16,6,1,0,1,3,3,12.0,1,0.0
TB,2024-08-10,5,147,39,8,3,0,2,11,9,24.0,4,11.0
TB,2024-08-11,3,50,16,5,1,0,0,3,4,12.0,0,12.0
TB,2024-08-12,3,60,15,5,0,0,0,2,2,14.0,1,0.0
TB,2024-08-13,1,24,9,3,0,0,0,2,1,6.0,0,6.0
TB,2024-08-14,5,83,18,6,2,0,0,1,5,15.0,1,15.0
TB,2024-08-16,3,57,17,2,2,0,1,4,7,11.0,2,11.0
TB,2024-08-17,4,64,15,3,1,0,0,1,4,12.0,0,0.0
TB,2024-08-18,6,159,43,10,4,0,2,10,8,30.0,7,20.0
TB,2024-08-19,2,27,7,4,0,0,0,1,0,6.0,0,0.0
TB,2024-08-20,1,9,4,1,0,0,0,0,2,4.0,0,4.0
TB,2024-08-21,3,57,12,5,1,0,0,2,2,9.0,0,9.0
TB,2024-08-22,4,55,18,3,2,0,0,2,8,14.0,0,14.0
TB,2024-08-23,5,60,19,3,1,1,1,4,2,14.0,4,14.0
TB,2024-08-24,3,59,14,2,1,0,1,1,5,12.0,2,12.0
TB,2024-08-25,2,55,15,5,2,2,1,3,2,9.0,2,9.0
TB,2024-08-26,1,14,6,2,0,0,0,0,1,6.0,0,0.0
TB,2024-08-27,5,68,18,8,2,0,0,4,2,12.0,1,12.0
TB,2024-08-28,2,102,25,5,1,0,3,7,11,18.0,5,8.0
TB,2024-08-30,4,134,31,6,6,1,2,5,9,20.0,6,0.0
TB,2024-08-31,3,72,20,1,1,0,0,8,4,12.0,2,0.0
TB,2024-09-01,4,115,26,3,6,0,0,2,8,18.0,2,11.0
TB,2024-09-02,4,69,18,3,0,0,1,3,8,15.0,1,15.0
TB,2024-09-03,3,38,11,5,0,0,0,2,1,9.0,0,9.0
TB,2024-09-04,4,101,32,9,2,0,2,10,7,21.0,4,6.0
TB,2024-09-05,2,28,8,1,1,0,0,1,2,6.0,0,6.0
TB,2024-09-06,2,25,8,0,0,0,0,2,5,6.0,0,6.0
TB,2024-09-07,3,46,12,6,1,0,0,0,3,11.0,0,2.0
TB,2024-09-08,4,72,16,7,2,0,0,2,1,12.0,0,12.0
TB,2024-09-09,5,113,29,4,3,0,1,5,8,24.0,2,24.0
TB,2024-09-10,4,53,15,3,1,1,1,7,4,6.0,5,5.0
TB,2024-09-11,2,43,12,1,1,1,0,2,1,8.0,1,8.0
TB,2024-09-12,5,94,23,8,2,0,0,1,3,21.0,0,18.0
TB,2024-09-13,3,46,12,4,1,0,0,2,1,9.0,1,6.0
TB,2024-09-14,2,84,26,4,2,0,2,7,9,18.0,6,9.0
TB,2024-09-15,3,51,12,3,0,0,0,2,0,10.0,0,10.0
TB,2024-09-17,2,30,8,2,0,0,1,1,3,6.0,1,3.0
TB,2024-09-18,3,48,12,2,1,0,0,4,2,9.0,1,9.0
TB,2024-09-19,2,34,6,4,0,0,0,0,2,6.0,0,6.0
TB,2024-09-20,5,79,18,5,1,0,0,3,2,14.0,0,14.0
TB,2024-09-21,4,64,16,5,1,0,0,3,4,12.0,1,12.0
TB,2024-09-22,5,65,17,6,1,0,0,7,2,9.0,2,9.0
TB,2024-09-24,2,34,9,6,0,0,0,0,2,9.0,0,9.0
TB,2024-09-25,3,73,17,4,1,0,1,6,5,10.0,4,2.0
TB,2024-09-26,3,60,15,4,2,0,0,4,3,9.0,4,7.0
TB,2024-09-27,3,49,13,3,0,0,0,3,3,9.0,1,9.0
TB,2024-09-28,2,42,11,2,0,0,0,2,1,9.0,0,0.0
TB,2024-09-29,3,55,15,4,1,0,0,3,1,12.0,1,12.0
TB,2025-03-28,3,48,11,4,2,0,0,1,1,9.0,0,9.0
TB,2025-03-29,3,42,11,2,0,0,0,2,3,9.0,1,9.0
TB,2025-03-30,3,49,13,3,0,0,1,4,3,9.0,2,7.0
TB,2025-03-31,3,56,14,6,0,0,0,2,2,12.0,1,0.0
TB,2025-04-01,2,44,11,5,0,0,0,2,0,9.0,0,0.0
TB,2025-04-02,4,59,17,2,0,2,0,3,2,12.0,2,12.0
TB,2025-04-04,1,13,4,1,0,1,0,0,0,3.0,0,0.0
TB,2025-04-05,3,50,14,5,2,1,1,2,2,9.0,2,9.0
TB,2025-04-06,4,73,17,6,1,0,1,4,5,12.0,3,12.0
TB,2025-04-08,2,40,11,1,2,0,0,3,4,6.0,2,6.0
TB,2025-04-09,4,54,15,3,2,0,1,1,3,12.0,1,12.0
TB,2025-04-10,3,66,21,1,0,0,2,6,6,15.0,4,0.0
TB,2025-04-11,3,39,13,2,0,0,2,3,6,9.0,2,1.0
TB,2025-04-12,5,85,23,4,3,0,4,11,5,12.0,5,12.0
TB,2025-04-13,3,54,16,6,0,0,0,4,2,12.0,3,1.0
TB,2025-04-14,2,43,12,3,0,0,0,4,2,9.0,0,0.0
TB,2025-04-15,3,56,13,3,1,0,1,3,1,9.0,1,0.0
TB,2025-04-16,3,41,9,2,0,0,0,0,3,9.0,0,9.0
TB,2025-04-17,4,46,13,2,0,0,0,2,1,11.0,2,1.0
TB,2025-04-18,3,53,13,3,1,0,0,2,4,10.0,0,10.0
TB,2025-04-19,6,119,28,9,3,1,0,6,5,20.0,5,15.0
TB,2025-04-20,2,47,11,3,0,0,1,3,1,9.0,1,0.0
TB,2025-04-22,1,30,9,1,2,1,0,1,1,6.0,2,4.0
TB,2025-04-23,5,91,22,2,5,0,1,3,6,15.0,3,15.0
TB,2025-04-24,4,61,17,2,2,0,0,1,3,15.0,0,12.0
TB,2025-04-25,2,31,7,3,0,0,0,1,2,6.0,0,6.0
TB,2025-04-26,3,45,12,3,1,0,0,2,3,9.0,0,6.0
TB,2025-04-27,4,52,13,3,2,0,0,0,3,12.0,0,12.0
TB,2025-04-29,2,36,9,2,0,0,0,3,1,6.0,1,6.0
TB,2025-04-30,2,62,16,4,0,0,0,5,4,12.0,0,0.0
TB,2025-05-01,3,66,20,4,2,1,0,6,4,10.0,4,0.0
TB,2025-05-02,4,54,14,3,2,0,1,1,4,11.0,3,1.0
TB,2025-05-03,3,32,8,1,0,0,0,2,1,6.0,0,6.0
TB,2025-05-04,5,68,17,3,4,0,0,4,1,11.0,3,4.0
TB,2025-05-06,4,95,22,3,2,0,1,8,5,14.0,5,8.0
TB,2025-05-07,5,87,21,6,0,0,0,3,3,17.0,1,0.0
TB,2025-05-08,5,70,20,2,1,0,1,7,5,12.0,6,10.0
TB,2025-05-09,3,50,13,4,2,0,0,2,2,9.0,1,9.0
TB,2025-05-10,3,42,12,2,1,0,0,0,4,9.0,0,9.0
TB,2025-05-11,5,72,17,4,2,0,0,3,2,12.0,1,12.0
TB,2025-05-13,5,77,22,5,3,0,2,6,7,13.0,6,12.0
TB,2025-05-14,1,20,8,0,0,0,0,2,4,6.0,0,6.0
TB,2025-05-15,2,27,6,1,1,0,0,0,1,5.0,0,0.0
TB,2025-05-16,3,82,22,3,4,0,0,7,6,12.0,4,4.0
TB,2025-05-17,3,41,11,1,0,0,0,2,4,9.0,0,0.0
TB,2025-05-18,1,30,7,2,0,0,0,1,3,6.0,0,0.0
TB,2025-05-19,3,36,12,1,0,1,1,3,6,9.0,1,9.0
TB,2025-05-20,4,59,15,7,1,0,0,2,3,12.0,0,12.0
TB,2025-05-21,3,45,12,5,0,0,2,3,4,9.0,2,3.0
TB,2025-05-23,4,64,14,2,6,0,0,0,2,9.0,1,7.0
TB,2025-05-24,3,45,13,0,2,0,0,2,2,10.0,0,10.0
TB,2025-05-25,2,32,6,2,0,0,0,1,2,6.0,0,0.0
TB,2025-05-26,3,31,10,2,0,0,1,2,3,8.0,2,5.0
TB,2025-05-27,2,35,8,4,0,0,0,2,0,6.0,1,6.0
TB,2025-05-28,3,50,14,2,0,0,0,5,5,9.0,0,0.0
TB,2025-05-29,3,44,11,4,0,0,0,1,3,10.0,0,1.0
TB,2025-05-30,2,30,10,4,0,0,1,5,1,7.0,2,7.0
TB,2025-06-01,1,15,5,1,1,0,0,1,1,3.0,0,3.0
TB,2025-06-03,5,54,16,4,1,0,0,3,2,12.0,1,3.0
TB,2025-06-04,4,63,17,6,1,0,0,3,2,12.0,1,12.0
TB,2025-06-05,3,61,14,5,1,0,1,5,2,9.0,1,9.0
TB,2025-06-06,4,47,14,2,0,0,1,5,5,9.0,2,8.0
TB,2025-06-07,6,86,23,7,1,0,0,7,3,18.0,6,13.0
TB,2025-06-08,3,43,10,4,0,0,0,1,1,9.0,0,9.0
TB,2025-06-09,5,113,31,7,5,1,0,7,6,17.0,7,15.0
TB,2025-06-10,1,39,9,4,0,0,0,2,3,7.0,0,7.0
TB,2025-06-11,2,27,7,2,0,0,0,1,1,6.0,0,6.0
TB,2025-06-13,5,103,23,8,3,1,0,3,6,15.0,2,14.0
TB,2025-06-14,4,61,16,2,0,0,0,4,4,12.0,0,0.0
TB,2025-06-15,3,53,12,2,3,0,0,2,3,7.0,0,0.0
TB,2025-06-16,1,12,3,0,0,0,0,0,2,3.0,0,0.0
TB,2025-06-17,3,63,15,6,1,0,0,6,0,9.0,2,2.0
TB,2025-06-18,6,98,25,5,0,1,1,1,7,23.0,3,6.0
TB,2025-06-19,2,67,16,4,3,0,1,2,5,11.0,3,1.0
TB,2025-06-20,2,56,15,3,0,0,2,4,5,11.0,5,0.0
TB,2025-06-21,3,67,17,3,2,0,0,4,5,12.0,2,0.0
TB,2025-06-22,4,76,22,5,3,0,2,8,4,12.0,8,9.0
TB,2025-06-24,3,30,9,2,0,0,0,2,2,7.0,1,0.0
TB,2025-06-25,4,58,15,5,1,0,0,1,3,12.0,0,0.0
TB,2025-06-26,2,12,4,0,0,0,0,2,1,3.0,0,0.0
TB,2025-06-27,6,161,43,8,6,1,4,16,11,19.0,17,12.0
TB,2025-06-28,1,45,12,4,0,1,1,4,1,6.0,2,0.0
TB,2025-06-29,2,33,10,2,0,0,0,2,4,8.0,2,0.0
TB,2025-06-30,5,81,24,8,2,1,0,4,5,18.0,2,15.0
TB,2025-07-01,3,42,9,4,1,0,0,0,3,9.0,1,9.0
TB,2025-07-02,3,56,15,8,0,0,1,6,1,9.0,3,3.0
TB,2025-07-04,3,41,13,5,1,2,1,4,2,9.0,3,9.0
TB,2025-07-05,4,45,15,2,3,0,1,5,5,10.0,5,10.0
TB,2025-07-06,4,149,33,9,4,0,1,4,7,24.0,4,22.0
TB,2025-07-07,1,36,9,3,1,0,2,2,4,6.0,2,0.0
TB,2025-07-08,2,48,11,4,3,1,1,1,3,6.0,2,6.0
TB,2025-07-09,4,49,14,3,2,0,0,2,4,10.0,0,0.0
TB,2025-07-10,2,35,10,1,2,0,0,2,3,6.0,3,6.0
TB,2025-07-11,4,102,26,3,3,0,1,5,8,21.0,4,18.0
TB,2025-07-12,1,24,6,4,1,0,0,0,0,5.0,0,5.0
TB,2025-07-13,1,22,6,1,0,0,0,1,0,6.0,0,0.0
TB,2025-07-18,2,41,12,2,1,0,0,2,2,9.0,1,0.0
TB,2025-07-19,2,59,13,4,0,0,0,4,4,9.0,1,9.0
TB,2025-07-20,2,59,12,4,0,0,0,3,3,9.0,0,0.0
TB,2025-07-21,3,76,18,8,1,0,0,3,4,15.0,0,0.0
TB,2025-07-22,4,60,17,5,0,0,1,3,5,15.0,1,15.0
TB,2025-07-23,5,111,32,6,2,0,1,7,9,22.0,7,20.0
TB,2025-07-25,2,63,14,5,3,1,0,4,1,6.0,2,0.0
TB,2025-07-26,3,62,15,3,4,0,0,5,4,6.0,4,5.0
TB,2025-07-27,3,37,9,3,0,0,0,0,2,9.0,0,9.0
TB,2025-07-28,3,54,14,5,0,0,0,2,2,12.0,0,12.0
TB,2025-07-29,5,65,18,5,2,0,1,2,4,14.0,2,6.0
TB,2025-07-30,6,70,22,5,1,0,2,8,7,18.0,5,18.0
TB,2025-07-31,3,68,15,5,1,0,0,2,3,12.0,0,0.0
TB,2025-08-01,3,57,13,7,0,0,0,1,2,12.0,0,0.0
TB,2025-08-02,3,44,12,5,0,0,0,2,2,11.0,0,0.0
TB,2025-08-03,3,84,19,1,3,0,0,5,4,12.0,3,11.0
TB,2025-08-04,1,28,7,3,0,0,0,0,1,7.0,0,0.0
TB,2025-08-05,4,42,11,6,0,0,0,1,2,10.0,0,0.0
TB,2025-08-06,5,80,19,7,2,0,0,1,4,15.0,0,15.0
TB,2025-08-08,2,33,9,1,0,0,1,3,2,6.0,3,6.0
TB,2025-08-09,3,98,20,5,3,0,0,3,4,14.0,0,1.0
TB,2025-08-10,3,55,13,5,2,0,1,3,0,9.0,2,6.0
TB,2025-08-11,3,36,10,1,0,1,0,1,4,8.0,0,2.0
TB,2025-08-12,1,18,5,0,1,0,0,2,1,3.0,1,0.0
TB,2025-08-13,3,43,10,8,0,0,0,1,1,9.0,0,0.0
TB,2025-08-15,5,111,29,7,1,2,0,5,4,21.0,2,20.0
TB,2025-08-16,4,66,16,8,1,0,0,3,4,12.0,1,12.0
TB,2025-08-17,2,42,12,3,0,0,2,5,4,7.0,3,0.0
TB,2025-08-19,4,113,29,7,3,0,4,9,6,18.0,7,0.0
TB,2025-08-20,4,67,16,7,0,0,3,4,3,12.0,4,7.0
TB,2025-08-21,5,53,15,3,1,0,1,1,3,15.0,1,0.0
TB,2025-08-22,3,51,11,4,0,0,1,3,2,8.0,2,2.0
TB,2025-08-24,3,77,19,5,2,0,0,4,5,12.0,2,0.0
TB,2025-08-25,3,58,14,5,1,0,0,1,2,12.0,0,0.0
TB,2025-08-26,2,26,6,2,1,0,0,0,2,6.0,0,0.0
TB,2025-08-27,4,60,17,6,2,0,1,4,4,12.0,2,12.0
TB,2025-08-29,4,90,21,5,1,0,0,6,2,15.0,0,12.0
TB,2025-08-30,3,66,17,6,2,0,0,3,0,12.0,1,0.0
TB,2025-08-31,3,60,14,8,1,0,0,3,1,12.0,0,0.0
TB,2025-09-01,2,47,13,4,0,0,1,5,3,9.0,2,0.0
TB,2025-09-02,5,72,19,3,5,0,0,2,5,12.0,2,12.0
TB,2025-09-03,1,31,6,1,1,0,0,0,1,6.0,0,0.0
TB,2025-09-04,4,57,16,7,0,1,2,3,4,12.0,2,6.0
TB,2025-09-05,4,152,38,9,2,1,1,10,7,24.0,7,2.0
TB,2025-09-06,4,65,16,6,3,0,0,2,2,12.0,1,12.0
TB,2025-09-07,5,80,19,5,2,0,0,4,2,12.0,2,12.0
TB,2025-09-09,5,52,15,4,0,0,0,3,6,11.0,2,11.0
TB,2025-09-10,5,133,32,10,3,1,1,7,6,21.0,6,14.0
TB,2025-09-11,2,61,13,3,2,1,0,2,2,8.0,3,0.0
TB,2025-09-12,5,109,23,7,2,0,1,6,5,17.0,2,17.0
TB,2025-09-13,4,56,16,4,2,0,1,2,5,12.0,1,12.0
TB,2025-09-14,2,41,11,2,2,0,0,3,4,6.0,2,6.0
TB,2025-09-15,5,62,17,5,0,0,0,2,2,15.0,2,15.0
TB,2025-09-16,4,80,27,6,0,0,2,7,6,22.0,2,8.0
TB,2025-09-17,2,23,6,3,0,0,0,0,1,6.0,0,6.0
TB,2025-09-18,4,56,14,2,1,0,0,2,3,12.0,0,0.0
TB,2025-09-19,5,112,33,6,4,1,1,8,6,18.0,9,13.0
TB,2025-09-20,1,62,16,3,1,0,0,5,3,9.0,3,8.0
TB,2025-09-21,5,80,20,5,1,0,0,6,4,13.0,2,10.0
TB,2025-09-23,2,104,22,4,2,1,1,4,7,15.0,3,0.0
TB,2025-09-24,5,68,19,4,2,1,0,3,4,15.0,2,0.0
TB,2025-09-25,2,100,26,10,2,0,3,7,6,20.0,6,11.0
TB,2025-09-26,1,32,7,2,1,0,0,0,3,6.0,0,6.0
TB,2025-09-27,3,38,11,3,0,0,1,2,5,9.0,1,0.0
TB,2025-09-28,3,98,24,5,2,0,3,8,11,14.0,8,3.0
TEX,2024-03-28,4,85,18,5,4,0,0,2,2,12.0,0,12.0
TEX,2024-03-30,4,48,13,2,1,0,0,2,3,12.0,0,0.0
TEX,2024-03-31,4,121,28,4,6,1,0,5,5,16.0,4,14.0
TEX,2024-04-01,2,39,11,5,1,0,0,2,2,8.0,0,0.0
TEX,2024-04-02,2,55,14,2,1,1,1,3,5,10.0,4,0.0
TEX,2024-04-03,2,34,11,1,0,1,0,4,3,6.0,1,3.0
TEX,2024-04-05,2,18,6,1,1,0,1,1,3,4.0,2,0.0
TEX,2024-04-06,6,75,20,4,1,0,0,3,6,16.0,0,13.0
TEX,2024-04-07,3,43,8,3,1,0,0,0,4,7.0,0,0.0
TEX,2024-04-08,3,78,22,6,0,0,1,7,1,16.0,6,2.0
TEX,2024-04-09,3,47,13,5,1,0,2,2,3,10.0,3,10.0
TEX,2024-04-10,3,50,11,2,0,0,1,4,4,7.0,1,0.0
TEX,2024-04-11,2,48,14,5,1,0,0,1,4,12.0,0,12.0
TEX,2024-04-12,5,87,21,5,2,1,1,6,4,12.0,5,0.0
TEX,2024-04-13,3,74,26,1,3,0,0,10,4,13.0,8,8.0
TEX,2024-04-14,2,48,11,1,3,0,0,2,3,6.0,3,0.0
TEX,2024-04-15,3,65,15,3,0,0,0,2,2,12.0,0,12.0
TEX,2024-04-16,2,38,9,3,1,0,0,2,1,6.0,1,6.0
TEX,2024-04-17,4,77,19,6,2,0,1,4,5,12.0,3,10.0
TEX,2024-04-18,3,85,22,4,3,0,0,3,6,16.0,0,16.0
TEX,2024-04-19,3,59,15,2,3,0,2,3,4,9.0,5,2.0
TEX,2024-04-20,2,46,12,4,1,0,1,3,3,8.0,2,5.0
TEX,2024-04-21,2,43,12,2,0,0,0,2,6,9.0,1,9.0
TEX,2024-04-23,4,76,16,3,2,0,0,2,2,14.0,0,0.0
TEX,2024-04-24,3,63,15,7,1,0,0,1,0,13.0,0,4.0
TEX,2024-04-25,2,31,9,4,0,0,0,0,1,9.0,0,9.0
TEX,2024-04-26,3,42,9,4,0,0,0,0,4,9.0,0,9.0
TEX,2024-04-27,1,55,14,3,1,0,1,4,3,9.0,3,0.0
TEX,2024-04-28,4,76,16,5,1,1,0,3,2,11.0,2,11.0
TEX,2024-04-30,1,12,3,0,0,0,0,0,1,3.0,0,0.0
TEX,2024-05-01,2,27,6,1,0,0,0,1,0,6.0,0,6.0
TEX,2024-05-02,3,48,13,4,1,0,0,2,0,11.0,0,0.0
TEX,2024-05-03,3,56,13,1,1,0,1,7,3,6.0,6,1.0
TEX,2024-05-04,4,84,20,2,2,0,0,5,5,13.0,2,0.0
TEX,2024-05-05,2,40,11,3,2,0,0,0,2,9.0,0,9.0
TEX,2024-05-06,3,49,10,3,2,0,0,0,1,9.0,0,9.0
TEX,2024-05-07,3,118,23,5,8,0,2,3,5,12.0,5,0.0
TEX,2024-05-08,7,156,38,10,8,1,1,8,9,21.0,7,11.0
TEX,2024-05-10,3,41,11,3,2,0,0,2,2,6.0,3,6.0
TEX,2024-05-11,3,78,18,5,2,1,0,6,1,9.0,6,5.0
TEX,2024-05-12,2,41,8,1,4,0,0,1,2,4.0,1,4.0
TEX,2024-05-13,3,64,16,1,4,0,0,7,3,6.0,6,1.0
TEX,2024-05-14,4,113,29,2,3,2,0,4,9,22.0,1,1.0
TEX,2024-05-15,3,41,11,6,0,1,0,2,2,8.0,0,0.0
TEX,2024-05-17,3,98,27,6,2,0,1,9,3,16.0,6,2.0
TEX,2024-05-18,5,106,24,9,3,0,1,1,2,21.0,1,21.0
TEX,2024-05-19,2,45,11,1,1,0,0,3,3,8.0,4,1.0
TEX,2024-05-21,2,54,13,3,0,0,1,4,2,9.0,3,8.0
TEX,2024-05-22,3,107,24,6,5,0,2,4,5,14.0,8,0.0
TEX,2024-05-23,3,54,16,5,0,0,1,3,2,14.0,1,2.0
TEX,2024-05-24,3,48,13,2,4,0,0,1,2,9.0,0,9.0
TEX,2024-05-25,3,63,13,3,4,0,1,4,3,6.0,4,6.0
TEX,2024-05-26,3,65,18,4,1,0,0,1,8,16.0,1,0.0
TEX,2024-05-28,4,94,22,7,2,0,0,3,4,18.0,0,18.0
TEX,2024-05-29,5,74,18,4,1,0,0,6,3,12.0,1,0.0
TEX,2024-05-31,3,86,25,3,2,0,1,8,4,17.0,5,7.0
TEX,2024-06-01,3,53,11,5,1,0,0,2,3,8.0,0,0.0
TEX,2024-06-02,3,40,11,4,0,0,0,3,1,9.0,0,0.0
TEX,2024-06-03,2,30,11,3,0,0,1,1,5,10.0,1,10.0
TEX,2024-06-04,3,62,14,3,0,1,0,2,5,12.0,0,0.0
TEX,2024-06-05,2,33,8,5,0,0,0,1,0,7.0,0,0.0
TEX,2024-06-07,5,96,21,8,3,0,1,4,4,14.0,3,8.0
TEX,2024-06-08,3,61,14,6,3,0,0,1,0,10.0,0,10.0
TEX,2024-06-09,2,34,6,4,0,0,0,0,0,6.0,0,0.0
TEX,2024-06-11,4,109,28,1,5,1,4,10,7,13.0,12,0.0
TEX,2024-06-12,4,109,22,6,3,0,0,3,4,18.0,1,18.0
TEX,2024-06-13,2,46,9,6,1,1,0,1,0,6.0,0,6.0
TEX,2024-06-14,1,52,11,2,1,0,0,2,2,10.0,0,10.0
TEX,2024-06-15,3,95,22,8,4,0,1,3,2,15.0,3,0.0
TEX,2024-06-16,3,52,14,4,1,1,1,2,4,10.0,2,4.0
TEX,2024-06-17,3,121,30,5,2,1,0,11,3,18.0,5,0.0
TEX,2024-06-18,4,73,19,5,3,0,0,6,0,9.0,4,7.0
TEX,2024-06-19,2,45,10,3,0,0,0,1,3,9.0,0,9.0
TEX,2024-06-21,3,45,12,6,1,0,0,2,2,9.0,0,0.0
TEX,2024-06-22,3,43,10,6,0,0,0,1,2,9.0,0,6.0
TEX,2024-06-23,1,42,12,1,1,0,0,1,2,12.0,0,0.0
TEX,2024-06-24,3,81,17,1,6,0,1,3,3,9.0,5,2.0
TEX,2024-06-25,2,63,14,1,3,0,0,2,2,9.0,1,9.0
TEX,2024-06-26,3,45,13,4,3,0,0,2,3,9.0,1,9.0
TEX,2024-06-27,2,60,15,2,1,0,2,5,4,9.0,3,0.0
TEX,2024-06-28,2,36,10,3,1,0,0,1,4,8.0,0,8.0
TEX,2024-06-29,3,60,15,1,3,0,0,3,4,9.0,1,9.0
TEX,2024-06-30,1,32,8,2,0,0,0,2,3,6.0,0,0.0
TEX,2024-07-02,1,27,7,1,0,0,0,1,1,6.0,0,0.0
TEX,2024-07-03,4,114,22,8,0,1,1,6,4,15.0,4,15.0
TEX,2024-07-04,1,39,11,1,0,0,0,3,2,8.0,1,8.0
TEX,2024-07-05,4,77,18,6,3,0,0,2,2,12.0,0,0.0
TEX,2024-07-06,5,52,15,2,0,0,1,4,5,11.0,3,11.0
TEX,2024-07-07,1,31,7,3,0,0,0,1,1,6.0,0,0.0
TEX,2024-07-08,4,61,16,6,2,0,0,3,4,12.0,1,0.0
TEX,2024-07-09,3,41,9,3,1,0,0,1,2,7.0,0,7.0
TEX,2024-07-10,3,55,14,5,2,0,1,3,3,9.0,2,0.0
TEX,2024-07-12,2,51,13,0,1,0,1,4,6,9.0,3,2.0
TEX,2024-07-13,2,39,11,4,1,0,0,1,2,9.0,0,9.0
TEX,2024-07-14,4,64,19,3,1,0,0,2,3,15.0,1,10.0
TEX,2024-07-19,3,62,16,3,1,0,1,3,7,12.0,3,0.0
TEX,2024-07-20,4,155,36,8,7,2,3,7,12,21.0,4,2.0
TEX,2024-07-21,3,61,16,7,1,0,1,3,2,12.0,2,5.0
TEX,2024-07-22,4,64,17,9,1,0,1,1,3,15.0,1,15.0
TEX,2024-07-23,2,19,5,2,0,0,1,1,3,4.0,1,4.0
TEX,2024-07-24,2,21,6,3,0,0,0,0,0,6.0,0,3.0
TEX,2024-07-25,3,34,11,3,1,0,0,2,2,9.0,0,9.0
TEX,2024-07-26,4,76,19,3,3,1,0,5,2,12.0,2,12.0
TEX,2024-07-27,2,123,33,4,2,0,0,10,10,22.0,3,10.0
TEX,2024-07-28,2,90,22,1,1,0,0,4,6,17.0,3,0.0
TEX,2024-07-29,3,52,9,3,0,0,0,1,4,9.0,1,0.0
TEX,2024-07-30,2,75,20,2,2,2,1,5,6,12.0,5,1.0
TEX,2024-07-31,3,85,19,4,0,0,0,8,4,11.0,5,0.0
TEX,2024-08-02,3,103,25,4,3,1,2,8,6,15.0,5,0.0
TEX,2024-08-03,5,140,25,7,2,0,0,7,3,16.0,1,6.0
TEX,2024-08-04,3,77,18,5,3,0,2,3,5,12.0,4,0.0
TEX,2024-08-05,4,89,22,8,5,2,0,3,0,12.0,2,12.0
TEX,2024-08-06,1,61,20,2,3,0,1,6,4,12.0,3,11.0
TEX,2024-08-07,5,93,24,4,2,1,1,7,6,15.0,4,12.0
TEX,2024-08-10,5,164,42,9,5,1,3,9,10,27.0,8,0.0
TEX,2024-08-11,4,64,17,2,1,0,3,7,7,10.0,6,3.0
TEX,2024-08-12,6,117,27,8,6,0,0,6,3,16.0,4,16.0
TEX,2024-08-13,2,50,14,4,0,0,0,5,5,10.0,3,6.0
TEX,2024-08-14,4,69,19,4,1,0,0,5,6,15.0,4,14.0
TEX,2024-08-15,3,63,13,5,4,0,0,0,2,9.0,1,9.0
TEX,2024-08-16,3,48,15,3,1,0,0,0,6,14.0,0,12.0
TEX,2024-08-17,3,35,8,1,1,0,0,2,1,6.0,4,5.0
TEX,2024-08-18,4,94,25,6,2,1,1,1,8,21.0,1,9.0
TEX,2024-08-19,2,77,19,5,2,0,0,2,5,15.0,0,15.0
TEX,2024-08-20,1,31,9,2,1,0,0,2,1,6.0,1,0.0
TEX,2024-08-21,4,65,15,8,1,0,0,3,1,12.0,0,12.0
TEX,2024-08-23,3,54,11,5,2,0,0,0,3,9.0,0,9.0
TEX,2024-08-24,3,113,27,5,2,0,3,9,9,18.0,6,0.0
TEX,2024-08-25,3,34,9,3,0,0,1,2,4,6.0,1,6.0
TEX,2024-08-27,4,72,15,8,1,0,0,2,3,12.0,0,12.0
TEX,2024-08-28,3,71,21,2,2,0,0,4,7,15.0,1,15.0
TEX,2024-08-29,2,41,9,1,1,0,1,2,2,6.0,1,6.0
TEX,2024-08-30,3,82,22,3,0,1,2,8,8,13.0,5,0.0
TEX,2024-08-31,2,37,8,2,1,0,0,1,2,6.0,0,6.0
TEX,2024-09-01,5,148,38,6,1,0,0,15,6,26.0,4,26.0
TEX,2024-09-02,1,82,19,5,1,1,1,5,7,12.0,4,1.0
TEX,2024-09-03,5,81,19,5,2,0,0,7,1,12.0,4,11.0
TEX,2024-09-04,4,66,13,1,3,0,1,4,3,6.0,4,0.0
TEX,2024-09-05,3,47,11,7,1,0,0,2,1,9.0,0,9.0
TEX,2024-09-06,2,85,26,3,2,0,1,4,5,19.0,4,7.0
TEX,2024-09-07,5,67,15,5,3,0,0,1,3,12.0,2,12.0
TEX,2024-09-08,3,48,12,2,1,0,0,2,5,9.0,1,6.0
TEX,2024-09-10,3,55,14,3,1,1,0,3,2,9.0,2,0.0
TEX,2024-09-11,2,87,21,2,1,0,2,7,5,13.0,6,0.0
TEX,2024-09-12,5,100,21,9,3,0,0,3,3,15.0,2,11.0
TEX,2024-09-13,4,85,23,3,2,2,1,6,6,13.0,5,5.0
TEX,2024-09-14,2,87,21,6,4,0,1,5,5,15.0,3,15.0
TEX,2024-09-15,2,75,18,3,0,2,1,7,7,9.0,4,0.0
TEX,2024-09-17,4,76,18,2,3,1,0,2,7,13.0,1,8.0
TEX,2024-09-18,2,26,6,3,0,0,0,0,3,6.0,0,6.0
TEX,2024-09-19,4,90,23,7,2,0,2,5,5,18.0,2,9.0
TEX,2024-09-20,2,108,30,5,3,0,2,7,8,18.0,7,10.0
TEX,2024-09-21,5,133,28,5,3,1,0,9,3,16.0,5,13.0
TEX,2024-09-22,3,48,11,3,0,0,0,1,2,10.0,2,9.0
TEX,2024-09-24,2,24,7,2,1,0,0,2,0,6.0,1,6.0
TEX,2024-09-25,3,78,20,4,0,1,0,3,8,16.0,0,0.0
TEX,2024-09-26,1,48,15,1,3,0,0,2,3,10.0,0,9.0
TEX,2024-09-27,6,96,21,6,3,0,0,3,3,15.0,1,12.0
TEX,2024-09-28,4,74,20,5,2,0,0,3,5,15.0,1,3.0
TEX,2024-09-29,2,32,8,3,1,0,0,0,1,6.0,0,0.0
TEX,2025-03-27,4,66,15,4,3,0,1,3,0,9.0,3,7.0
TEX,2025-03-28,5,62,16,3,1,0,0,3,5,12.0,0,3.0
TEX,2025-03-29,5,106,29,8,2,0,1,5,5,22.0,2,22.0
TEX,2025-03-30,4,75,19,5,3,0,0,3,3,12.0,2,12.0
TEX,2025-03-31,3,81,26,5,2,2,1,7,6,15.0,8,0.0
TEX,2025-04-02,4,50,14,4,0,0,0,2,3,12.0,0,12.0
TEX,2025-04-04,4,61,16,6,0,0,0,5,3,12.0,0,2.0
TEX,2025-04-05,4,44,12,2,0,0,0,2,6,10.0,1,10.0
TEX,2025-04-06,3,73,15,5,2,0,0,1,4,12.0,2,12.0
TEX,2025-04-07,1,51,16,3,1,0,0,6,1,10.0,4,0.0
TEX,2025-04-08,5,86,24,5,4,1,0,7,4,12.0,7,7.0
TEX,2025-04-09,2,27,8,1,0,0,0,2,3,6.0,1,0.0
TEX,2025-04-11,3,43,14,4,0,0,1,3,2,12.0,2,12.0
TEX,2025-04-12,2,71,20,5,2,0,1,6,3,14.0,5,0.0
TEX,2025-04-13,3,46,10,4,0,0,0,1,1,9.0,0,9.0
TEX,2025-04-15,4,43,11,2,0,1,0,2,2,9.0,0,6.0
TEX,2025-04-16,3,47,13,3,0,1,0,1,4,11.0,0,11.0
TEX,2025-04-17,2,21,6,3,0,0,0,0,0,6.0,0,6.0
TEX,2025-04-18,2,43,10,1,2,0,0,2,3,6.0,2,5.0
TEX,2025-04-19,2,38,10,3,1,0,0,1,1,9.0,0,9.0
TEX,2025-04-20,2,27,8,1,1,0,0,1,3,6.0,1,6.0
TEX,2025-04-22,5,61,18,2,2,0,2,4,6,12.0,3,0.0
TEX,2025-04-23,2,96,24,5,3,0,0,3,6,19.0,1,0.0
TEX,2025-04-24,4,65,16,4,2,0,0,4,3,11.0,2,11.0
TEX,2025-04-25,3,44,10,6,0,0,0,1,2,9.0,0,9.0
TEX,2025-04-26,4,56,15,3,2,0,0,3,2,12.0,1,12.0
TEX,2025-04-27,5,62,17,1,0,1,0,3,3,17.0,2,17.0
TEX,2025-04-28,3,71,16,3,3,0,0,1,6,13.0,0,13.0
TEX,2025-04-29,1,52,14,3,2,0,1,4,3,9.0,2,0.0
TEX,2025-04-30,4,54,15,2,2,0,2,5,5,9.0,6,8.0
TEX,2025-05-01,4,61,16,3,4,0,0,3,2,9.0,2,4.0
TEX,2025-05-02,3,79,25,1,1,1,1,9,9,14.0,8,0.0
TEX,2025-05-03,3,53,14,1,0,0,0,5,3,10.0,1,10.0
TEX,2025-05-04,3,51,13,2,1,0,0,1,4,12.0,0,0.0
TEX,2025-05-06,3,34,10,5,0,0,0,1,3,9.0,0,0.0
TEX,2025-05-07,4,50,15,1,0,0,1,7,4,9.0,4,6.0
TEX,2025-05-08,1,49,11,4,0,0,1,3,5,8.0,2,0.0
TEX,2025-05-09,1,20,4,2,1,0,0,0,1,3.0,0,3.0
TEX,2025-05-10,3,59,14,3,2,0,0,2,0,12.0,1,0.0
TEX,2025-05-11,3,38,9,3,1,0,0,2,1,6.0,1,0.0
TEX,2025-05-12,4,33,11,2,2,0,0,2,2,8.0,0,8.0
TEX,2025-05-13,3,46,12,3,0,0,0,3,2,9.0,0,6.0
TEX,2025-05-14,2,55,13,5,1,0,0,3,0,9.0,0,0.0
TEX,2025-05-15,1,13,4,0,1,0,0,0,3,3.0,0,3.0
TEX,2025-05-16,3,75,19,1,2,0,1,7,5,10.0,6,3.0
TEX,2025-05-17,3,43,11,2,2,0,0,0,5,9.0,0,3.0
TEX,2025-05-18,2,29,9,1,2,0,1,1,3,6.0,3,6.0
TEX,2025-05-20,2,52,14,3,1,0,1,4,5,9.0,3,2.0
TEX,2025-05-21,2,26,7,1,2,0,1,2,2,6.0,2,6.0
TEX,2025-05-22,2,27,6,1,0,0,0,0,4,6.0,0,6.0
TEX,2025-05-23,3,46,12,5,0,0,0,3,1,9.0,1,0.0
TEX,2025-05-24,4,86,22,3,3,0,1,7,5,9.0,8,2.0
TEX,2025-05-25,4,45,14,5,0,0,0,4,3,11.0,2,11.0
TEX,2025-05-26,3,43,16,1,2,0,0,3,3,11.0,0,11.0
TEX,2025-05-27,5,110,29,6,5,1,0,2,9,21.0,0,21.0
TEX,2025-05-28,4,50,13,4,0,0,1,4,3,9.0,2,9.0
TEX,2025-05-30,2,40,12,4,0,0,0,2,6,10.0,1,0.0
TEX,2025-05-31,3,60,15,2,2,0,0,2,6,11.0,0,11.0
TEX,2025-06-01,3,38,11,2,0,0,0,1,1,9.0,0,6.0
TEX,2025-06-03,2,42,11,4,0,0,1,3,2,8.0,3,0.0
TEX,2025-06-04,4,81,16,7,1,0,0,2,3,14.0,0,12.0
TEX,2025-06-05,4,60,16,5,1,0,0,4,2,12.0,3,12.0
TEX,2025-06-07,2,25,7,1,1,0,0,1,1,6.0,0,0.0
TEX,2025-06-08,4,81,21,4,0,0,0,5,6,17.0,1,17.0
TEX,2025-06-10,3,38,12,1,1,0,0,2,2,10.0,0,0.0
TEX,2025-06-11,4,65,17,2,0,0,0,5,2,12.0,3,2.0
TEX,2025-06-12,4,44,14,3,0,0,0,2,4,12.0,1,0.0
TEX,2025-06-13,6,94,26,4,2,0,0,6,6,18.0,1,14.0
TEX,2025-06-14,5,84,21,9,2,0,0,4,3,15.0,2,15.0
TEX,2025-06-15,3,70,16,6,1,0,1,4,4,12.0,1,12.0
TEX,2025-06-17,1,36,10,3,0,0,0,0,5,10.0,0,0.0
TEX,2025-06-18,4,65,16,2,2,0,0,1,2,12.0,2,7.0
TEX,2025-06-19,3,116,31,1,3,0,2,5,13,24.0,2,6.0
TEX,2025-06-20,3,37,13,2,0,0,0,4,3,9.0,0,0.0
TEX,2025-06-21,3,46,12,4,0,1,0,0,4,11.0,1,11.0
TEX,2025-06-22,1,72,22,1,1,0,0,10,6,12.0,6,2.0
TEX,2025-06-23,2,50,14,3,2,1,0,2,5,9.0,2,0.0
TEX,2025-06-24,4,63,16,4,1,0,3,3,6,12.0,5,12.0
TEX,2025-06-25,2,16,6,2,0,0,0,0,2,6.0,0,0.0
TEX,2025-06-27,7,125,39,4,3,1,0,11,8,27.0,3,20.0
TEX,2025-06-28,4,36,13,3,0,0,0,2,3,12.0,0,12.0
TEX,2025-06-29,3,93,28,5,5,0,1,6,6,18.0,5,16.0
TEX,2025-06-30,5,89,24,6,2,0,2,7,5,15.0,7,12.0
TEX,2025-07-01,1,43,11,3,0,0,0,2,3,9.0,0,0.0
TEX,2025-07-02,2,61,16,2,1,0,0,3,6,12.0,0,0.0
TEX,2025-07-04,5,73,22,6,3,0,0,6,7,14.0,2,14.0
TEX,2025-07-05,5,71,16,4,3,0,0,4,2,9.0,2,1.0
TEX,2025-07-06,2,80,20,2,3,0,0,5,3,13.0,3,9.0
TEX,2025-07-07,4,61,16,3,2,0,0,5,4,12.0,3,12.0
TEX,2025-07-08,2,46,10,3,0,0,0,1,5,9.0,0,0.0
TEX,2025-07-09,4,51,18,0,0,0,1,6,5,11.0,5,10.0
TEX,2025-07-10,2,68,16,7,1,0,1,3,3,12.0,2,0.0
TEX,2025-07-11,4,55,13,4,0,0,0,3,2,11.0,0,2.0
TEX,2025-07-12,5,66,18,3,3,0,1,3,3,15.0,3,15.0
TEX,2025-07-13,1,21,5,1,0,0,0,1,1,4.0,0,0.0
TEX,2025-07-18,3,41,11,3,2,0,0,1,1,10.0,0,10.0
TEX,2025-07-19,2,47,11,1,1,0,1,2,6,8.0,1,0.0
TEX,2025-07-20,4,77,17,5,2,0,0,3,6,12.0,1,12.0
TEX,2025-07-21,3,30,11,2,1,0,0,1,4,9.0,0,0.0
TEX,2025-07-22,3,58,15,4,1,0,0,4,3,9.0,1,3.0
TEX,2025-07-23,3,31,12,3,0,0,0,2,4,10.0,0,10.0
TEX,2025-07-25,6,77,18,4,3,0,1,3,5,12.0,3,0.0
TEX,2025-07-26,3,84,22,5,2,0,1,3,11,18.0,2,18.0
TEX,2025-07-27,2,41,11,4,1,0,0,2,1,9.0,0,0.0
TEX,2025-07-28,2,51,10,5,0,0,1,2,3,8.0,2,3.0
TEX,2025-07-29,3,74,19,3,4,3,0,3,4,9.0,5,4.0
TEX,2025-07-30,3,43,9,4,0,0,1,2,3,6.0,2,0.0
TEX,2025-07-31,2,55,14,4,1,0,0,3,3,10.0,2,0.0
TEX,2025-08-01,4,68,16,3,2,0,1,4,5,14.0,3,14.0
TEX,2025-08-02,6,95,22,7,3,0,1,3,6,16.0,2,16.0
TEX,2025-08-03,2,36,10,4,0,0,0,1,2,9.0,0,9.0
TEX,2025-08-04,3,92,26,5,2,0,1,4,8,21.0,2,21.0
TEX,2025-08-05,1,9,3,1,0,0,0,1,0,3.0,0,3.0
TEX,2025-08-06,4,82,21,2,4,0,1,3,3,17.0,1,17.0
TEX,2025-08-08,3,92,24,5,4,0,1,6,6,14.0,5,0.0
TEX,2025-08-09,2,44,9,3,1,1,0,1,0,7.0,1,7.0
TEX,2025-08-10,4,54,18,3,0,1,0,3,5,14.0,1,14.0
TEX,2025-08-11,5,65,18,5,0,0,1,3,5,15.0,1,12.0
TEX,2025-08-12,4,67,17,8,0,0,1,4,4,12.0,2,12.0
TEX,2025-08-13,3,48,14,4,2,1,2,2,2,9.0,4,9.0
TEX,2025-08-15,5,67,17,2,2,0,1,6,3,9.0,6,5.0
TEX,2025-08-16,3,92,30,3,3,1,3,10,9,17.0,8,0.0
TEX,2025-08-17,3,49,10,3,2,0,1,2,3,6.0,2,0.0
TEX,2025-08-18,4,66,16,5,2,0,1,2,2,13.0,1,10.0
TEX,2025-08-19,3,47,12,3,1,2,1,4,1,6.0,3,4.0
TEX,2025-08-20,3,93,23,8,2,0,0,3,6,18.0,0,15.0
TEX,2025-08-21,4,86,21,4,6,0,1,2,6,13.0,2,12.0
TEX,2025-08-22,3,37,10,4,0,1,0,3,2,6.0,2,6.0
TEX,2025-08-23,2,23,8,1,0,1,0,1,5,6.0,0,0.0
TEX,2025-08-24,2,19,6,1,0,0,0,1,1,6.0,0,0.0
TEX,2025-08-25,3,59,17,5,2,0,1,4,5,12.0,2,2.0
TEX,2025-08-26,2,27,6,1,0,0,2,3,4,3.0,3,0.0
TEX,2025-08-27,4,73,18,5,2,0,0,3,5,14.0,1,0.0
TEX,2025-08-29,2,32,10,1,1,0,0,0,5,9.0,0,0.0
TEX,2025-08-30,3,48,11,4,1,0,0,2,3,8.0,0,0.0
TEX,2025-08-31,4,83,20,5,1,0,0,7,1,12.0,6,0.0
TEX,2025-09-01,3,53,14,5,0,0,0,2,4,13.0,1,13.0
TEX,2025-09-02,3,47,12,3,0,0,1,5,1,8.0,5,2.0
TEX,2025-09-03,2,30,6,2,0,0,0,0,1,6.0,0,6.0
TEX,2025-09-05,4,66,19,4,1,0,1,4,4,15.0,2,15.0
TEX,2025-09-06,5,104,25,4,2,1,0,10,2,11.0,9,1.0
TEX,2025-09-07,3,42,12,3,0,0,0,2,1,10.0,1,8.0
TEX,2025-09-08,3,60,13,1,1,0,0,3,4,10.0,0,0.0
TEX,2025-09-09,5,65,17,1,0,0,1,4,4,13.0,1,13.0
TEX,2025-09-10,4,45,11,4,1,0,0,1,2,10.0,0,7.0
TEX,2025-09-12,2,29,7,3,0,0,0,1,2,6.0,0,0.0
TEX,2025-09-13,5,93,20,8,1,1,1,5,5,14.0,1,14.0
TEX,2025-09-14,6,72,19,5,1,0,2,5,6,16.0,4,16.0
TEX,2025-09-15,2,13,5,1,0,0,0,1,2,4.0,1,0.0
TEX,2025-09-16,4,79,19,5,4,1,0,1,6,15.0,1,3.0
TEX,2025-09-17,3,36,10,3,0,0,0,0,1,9.0,0,0.0
TEX,2025-09-19,8,122,33,4,2,0,1,10,8,22.0,6,21.0
TEX,2025-09-20,4,51,13,3,2,0,0,2,6,10.0,0,10.0
TEX,2025-09-21,5,58,17,5,0,0,0,4,4,14.0,1,9.0
TEX,2025-09-23,5,119,25,5,5,1,0,4,4,16.0,2,6.0
TEX,2025-09-24,3,43,14,3,0,0,0,3,2,12.0,1,12.0
TEX,2025-09-25,3,63,17,5,0,0,1,5,3,12.0,3,6.0
TEX,2025-09-26,2,40,8,1,1,0,0,1,2,6.0,1,0.0
TEX,2025-09-27,3,71,15,2,3,1,0,1,5,11.0,1,11.0
TEX,2025-09-28,4,113,24,4,2,0,2,7,10,18.0,6,18.0
TOR,2024-03-28,3,51,12,5,1,0,0,2,3,9.0,0,0.0
TOR,2024-03-29,1,59,14,1,1,0,0,4,2,9.0,3,0.0
TOR,2024-03-30,4,71,16,2,1,0,0,5,3,11.0,3,4.0
TOR,2024-03-31,3,71,18,0,2,0,1,1,7,14.0,1,0.0
TOR,2024-04-01,3,36,12,1,2,0,2,2,6,8.0,3,0.0
TOR,2024-04-02,3,45,11,2,1,0,0,2,6,9.0,0,9.0
TOR,2024-04-03,4,69,18,4,1,0,3,6,6,11.0,6,0.0
TOR,2024-04-05,4,54,14,4,1,0,0,2,5,11.0,0,8.0
TOR,2024-04-06,3,116,29,5,5,0,1,6,5,20.0,3,0.0
TOR,2024-04-07,4,95,24,3,4,0,0,6,4,15.0,2,2.0
TOR,2024-04-08,2,50,11,4,1,0,2,3,5,7.0,2,0.0
TOR,2024-04-09,2,53,9,2,2,0,1,1,2,7.0,2,4.0
TOR,2024-04-10,4,67,18,6,3,0,1,3,3,12.0,5,11.0
TOR,2024-04-12,3,100,27,5,2,1,2,10,10,16.0,6,0.0
TOR,2024-04-13,4,85,20,9,2,0,0,3,3,16.0,2,12.0
TOR,2024-04-14,2,29,6,3,0,0,0,0,0,6.0,0,0.0
TOR,2024-04-15,3,32,8,1,0,0,0,0,3,8.0,0,8.0
TOR,2024-04-16,3,48,13,1,1,1,0,2,4,9.0,3,7.0
TOR,2024-04-17,4,90,19,5,1,0,2,7,5,12.0,5,11.0
TOR,2024-04-19,4,78,18,7,1,0,0,2,2,15.0,0,0.0
TOR,2024-04-20,4,44,14,2,1,0,0,4,2,9.0,2,2.0
TOR,2024-04-21,2,65,16,2,6,1,0,0,5,8.0,4,7.0
TOR,2024-04-22,3,37,12,3,0,0,1,3,5,9.0,1,1.0
TOR,2024-04-23,2,24,5,2,0,0,0,1,0,4.0,0,4.0
TOR,2024-04-24,3,66,16,0,1,0,0,3,4,12.0,0,12.0
TOR,2024-04-26,6,117,31,3,2,0,1,10,7,19.0,5,0.0
TOR,2024-04-27,4,56,13,0,1,0,0,2,3,9.0,0,0.0
TOR,2024-04-28,3,43,9,3,2,0,0,1,2,6.0,0,6.0
TOR,2024-04-29,5,78,21,6,0,0,2,5,3,16.0,2,16.0
TOR,2024-04-30,3,32,10,1,1,0,0,3,4,6.0,2,2.0
TOR,2024-05-01,3,43,12,3,0,0,1,3,4,9.0,3,2.0
TOR,2024-05-03,5,67,17,0,4,0,1,6,2,6.0,8,5.0
TOR,2024-05-04,5,75,19,5,3,1,0,3,4,11.0,3,1.0
TOR,2024-05-05,4,51,19,2,1,0,1,5,7,12.0,4,11.0
TOR,2024-05-07,5,63,17,3,1,0,0,4,6,13.0,2,0.0
TOR,2024-05-08,3,35,12,1,0,0,0,4,4,8.0,2,3.0
TOR,2024-05-10,2,18,6,2,0,0,0,3,0,3.0,1,3.0
TOR,2024-05-11,5,68,21,6,0,0,1,3,5,18.0,1,12.0
TOR,2024-05-12,2,43,9,3,1,0,0,2,1,6.0,2,2.0
TOR,2024-05-13,2,35,10,4,1,0,0,0,2,9.0,0,9.0
TOR,2024-05-15,5,61,18,3,2,0,1,5,7,14.0,2,14.0
TOR,2024-05-17,4,43,13,4,0,0,0,3,0,10.0,1,3.0
TOR,2024-05-18,4,70,16,4,3,0,1,4,2,9.0,2,9.0
TOR,2024-05-19,3,36,9,3,0,0,1,3,3,6.0,2,0.0
TOR,2024-05-20,3,51,12,3,2,0,0,1,3,9.0,0,3.0
TOR,2024-05-21,4,39,12,5,1,0,0,3,2,9.0,2,0.0
TOR,2024-05-22,2,43,9,2,1,0,1,1,1,6.0,2,0.0
TOR,2024-05-23,3,31,10,0,0,0,0,2,1,9.0,0,3.0
TOR,2024-05-24,3,53,14,2,2,0,0,2,5,10.0,0,0.0
TOR,2024-05-25,1,13,4,2,0,0,0,1,0,3.0,0,3.0
TOR,2024-05-26,5,119,30,3,4,1,3,9,10,18.0,9,6.0
TOR,2024-05-27,4,68,17,2,1,0,1,5,6,12.0,1,3.0
TOR,2024-05-28,3,36,13,1,0,0,0,4,3,9.0,1,0.0
TOR,2024-05-29,5,100,27,3,2,0,1,3,8,22.0,1,11.0
TOR,2024-05-31,5,73,21,5,1,0,0,0,10,21.0,2,21.0
TOR,2024-06-01,3,41,14,1,1,0,1,2,2,11.0,3,0.0
TOR,2024-06-02,4,80,17,6,2,0,0,3,1,12.0,1,12.0
TOR,2024-06-03,2,50,12,3,0,0,1,4,3,8.0,1,0.0
TOR,2024-06-04,5,127,35,4,4,2,3,9,8,21.0,10,2.0
TOR,2024-06-05,3,43,10,3,1,0,0,0,3,9.0,0,9.0
TOR,2024-06-06,3,50,13,4,1,1,2,2,4,9.0,4,1.0
TOR,2024-06-07,1,1,1,0,0,0,1,1,1,3.0,1,3.0
TOR,2024-06-09,6,76,23,7,1,0,1,4,5,18.0,4,16.0
TOR,2024-06-10,2,34,9,4,1,0,0,1,0,7.0,0,7.0
TOR,2024-06-11,4,57,15,6,1,0,0,2,2,12.0,0,9.0
TOR,2024-06-12,4,54,16,3,1,0,1,6,3,9.0,4,2.0
TOR,2024-06-14,3,31,10,1,0,0,0,1,1,11.0,0,9.0
TOR,2024-06-15,5,112,26,3,1,0,0,7,6,20.0,0,0.0
TOR,2024-06-16,4,40,13,2,0,0,1,5,4,9.0,2,2.0
TOR,2024-06-17,3,88,22,2,5,0,0,4,4,15.0,2,0.0
TOR,2024-06-18,4,61,14,3,0,0,1,5,3,9.0,2,9.0
TOR,2024-06-19,5,53,14,0,0,0,0,4,6,10.0,3,0.0
TOR,2024-06-21,3,116,26,6,2,0,0,3,5,20.0,4,0.0
TOR,2024-06-22,3,41,11,4,0,0,1,2,1,9.0,1,0.0
TOR,2024-06-23,5,79,25,3,2,0,2,5,4,18.0,4,17.0
TOR,2024-06-24,3,31,11,2,1,0,1,7,3,6.0,5,5.0
TOR,2024-06-25,3,60,11,5,2,0,0,0,1,9.0,0,0.0
TOR,2024-06-26,6,120,30,11,2,0,1,4,6,24.0,1,18.0
TOR,2024-06-27,2,36,8,3,1,0,0,1,2,6.0,0,0.0
TOR,2024-06-28,5,91,26,1,1,0,1,14,10,12.0,12,2.0
TOR,2024-06-29,3,38,11,3,0,0,1,2,3,9.0,2,0.0
TOR,2024-06-30,5,71,19,4,0,0,0,5,8,14.0,3,0.0
TOR,2024-07-01,2,24,9,3,0,0,1,2,3,7.0,2,5.0
TOR,2024-07-02,3,62,15,5,0,0,0,3,4,12.0,1,12.0
TOR,2024-07-03,4,74,22,2,3,2,0,6,2,10.0,7,2.0
TOR,2024-07-04,3,51,15,6,1,2,1,1,3,12.0,1,12.0
TOR,2024-07-05,3,45,11,3,3,0,0,2,3,6.0,0,6.0
TOR,2024-07-06,3,64,14,5,0,0,2,5,5,9.0,4,6.0
TOR,2024-07-07,5,82,20,4,4,1,0,3,6,12.0,0,12.0
TOR,2024-07-09,2,44,10,1,2,0,0,3,1,5.0,2,5.0
TOR,2024-07-10,4,62,18,3,2,0,2,4,7,12.0,3,0.0
TOR,2024-07-11,2,33,7,1,0,0,1,1,3,6.0,1,1.0
TOR,2024-07-12,5,87,22,5,6,0,0,2,3,15.0,3,15.0
TOR,2024-07-13,3,89,23,4,3,0,3,8,7,12.0,7,0.0
TOR,2024-07-14,5,65,17,3,1,0,0,3,4,13.0,2,13.0
TOR,2024-07-19,3,26,7,3,0,0,0,0,2,7.0,0,3.0
TOR,2024-07-20,5,57,17,3,1,0,1,4,5,12.0,5,0.0
TOR,2024-07-21,2,32,9,1,1,0,0,1,4,7.0,0,7.0
TOR,2024-07-23,5,72,15,5,2,0,0,1,0,13.0,1,9.0
TOR,2024-07-24,4,65,15,5,3,0,0,2,2,10.0,2,7.0
TOR,2024-07-25,4,118,28,2,5,0,0,11,7,12.0,10,0.0
TOR,2024-07-26,4,78,16,4,1,0,0,2,3,13.0,0,13.0
TOR,2024-07-28,2,34,10,0,0,0,1,4,4,6.0,2,0.0
TOR,2024-07-29,7,201,49,8,5,0,2,15,15,32.0,8,1.0
TOR,2024-07-30,4,78,18,3,4,0,1,2,5,12.0,1,0.0
TOR,2024-07-31,4,98,24,5,4,1,1,7,3,12.0,6,1.0
TOR,2024-08-02,4,77,16,7,1,0,0,2,1,13.0,0,1.0
TOR,2024-08-03,3,54,15,2,2,0,0,3,5,9.0,2,0.0
TOR,2024-08-04,7,103,26,2,6,0,1,6,3,16.0,4,16.0
TOR,2024-08-06,2,29,7,3,1,0,0,0,0,6.0,1,0.0
TOR,2024-08-07,5,69,19,3,2,1,2,4,5,12.0,5,8.0
TOR,2024-08-08,2,34,8,1,0,0,0,5,2,3.0,4,1.0
TOR,2024-08-09,2,23,7,0,1,0,0,0,3,6.0,0,6.0
TOR,2024-08-10,4,40,11,3,0,0,0,3,0,10.0,0,10.0
TOR,2024-08-11,3,87,19,4,2,0,0,4,6,15.0,1,0.0
TOR,2024-08-12,3,31,8,0,1,0,1,1,0,6.0,1,3.0
TOR,2024-08-13,2,38,8,5,1,0,1,1,1,6.0,1,0.0
TOR,2024-08-14,2,29,9,1,2,1,0,1,0,6.0,1,0.0
TOR,2024-08-16,5,61,18,1,2,0,1,3,6,15.0,2,9.0
TOR,2024-08-17,2,41,10,3,1,0,0,0,4,9.0,0,6.0
TOR,2024-08-18,3,25,8,1,1,0,0,1,2,6.0,0,6.0
TOR,2024-08-19,4,49,16,3,1,0,0,4,1,12.0,4,1.0
TOR,2024-08-20,2,33,9,0,0,0,0,3,1,6.0,1,0.0
TOR,2024-08-21,5,105,25,7,3,1,3,5,6,14.0,8,2.0
TOR,2024-08-22,3,99,30,8,1,1,1,7,4,24.0,3,4.0
TOR,2024-08-23,3,47,10,5,0,0,0,2,0,9.0,0,9.0
TOR,2024-08-24,1,14,3,1,0,0,0,0,0,3.0,0,3.0
TOR,2024-08-25,2,29,7,3,0,0,1,1,2,6.0,1,0.0
TOR,2024-08-26,1,13,4,1,0,0,0,1,0,4.0,0,1.0
TOR,2024-08-27,2,36,10,6,0,0,0,1,0,9.0,0,0.0
TOR,2024-08-28,2,17,7,1,0,0,1,2,2,4.0,2,1.0
TOR,2024-08-29,2,25,8,1,0,1,0,1,2,6.0,0,6.0
TOR,2024-08-30,2,27,7,2,1,0,0,0,1,7.0,0,7.0
TOR,2024-08-31,3,30,10,3,0,0,0,1,2,9.0,0,0.0
TOR,2024-09-01,5,82,22,3,2,1,1,3,6,15.0,4,15.0
TOR,2024-09-03,6,107,23,4,4,1,1,8,2,11.0,6,9.0
TOR,2024-09-04,3,53,13,2,2,1,1,2,3,9.0,1,9.0
TOR,2024-09-06,2,24,7,3,0,0,0,1,2,6.0,0,6.0
TOR,2024-09-07,4,56,15,2,2,0,0,5,1,9.0,4,0.0
TOR,2024-09-08,6,81,24,1,2,0,0,6,3,18.0,3,18.0
TOR,2024-09-09,4,113,28,6,4,2,0,3,5,21.0,1,21.0
TOR,2024-09-10,4,55,11,3,1,0,0,1,4,9.0,0,0.0
TOR,2024-09-11,2,45,10,0,4,0,1,3,5,3.0,5,2.0
TOR,2024-09-13,4,57,15,3,0,0,1,3,4,12.0,1,12.0
TOR,2024-09-14,2,24,7,1,0,0,0,1,4,6.0,1,0.0
TOR,2024-09-15,5,69,18,3,2,0,1,4,4,14.0,1,14.0
TOR,2024-09-17,6,126,27,7,6,0,2,7,4,13.0,6,8.0
TOR,2024-09-18,1,29,6,4,0,0,0,0,1,6.0,0,6.0
TOR,2024-09-19,4,48,13,4,0,0,0,2,2,12.0,0,3.0
TOR,2024-09-20,2,16,6,3,0,0,0,0,0,6.0,0,6.0
TOR,2024-09-21,4,50,14,3,1,0,0,3,2,12.0,0,12.0
TOR,2024-09-22,4,100,26,9,1,0,2,6,4,20.0,4,20.0
TOR,2024-09-23,5,76,17,2,3,0,0,1,1,14.0,1,0.0
TOR,2024-09-24,5,102,25,4,3,0,0,8,4,15.0,6,9.0
TOR,2024-09-25,3,46,11,3,0,0,0,3,4,9.0,0,0.0
TOR,2024-09-27,4,96,30,4,4,0,2,11,11,18.0,9,0.0
TOR,2024-09-28,4,63,18,3,0,0,1,7,6,12.0,6,1.0
TOR,2024-09-29,4,112,30,7,1,0,0,6,5,24.0,1,19.0
TOR,2025-03-27,5,103,21,3,3,1,3,5,9,12.0,6,0.0
TOR,2025-03-28,3,48,12,5,3,0,0,0,3,9.0,0,0.0
TOR,2025-03-29,5,114,30,8,1,2,1,9,6,18.0,7,4.0
TOR,2025-03-30,3,43,10,4,0,0,0,1,1,9.0,0,9.0
TOR,2025-03-31,3,57,12,5,0,0,0,3,2,9.0,0,6.0
TOR,2025-04-01,4,42,13,4,1,0,0,2,2,10.0,1,10.0
TOR,2025-04-02,4,41,16,4,0,0,1,4,2,12.0,2,4.0
TOR,2025-04-04,3,49,12,1,2,0,0,2,4,8.0,3,0.0
TOR,2025-04-05,4,53,13,2,3,0,0,4,1,7.0,3,7.0
TOR,2025-04-06,2,32,10,3,1,0,0,1,3,8.0,0,8.0
TOR,2025-04-07,2,33,9,2,1,0,0,1,2,6.0,1,0.0
TOR,2025-04-08,5,57,15,4,0,0,0,5,1,11.0,1,0.0
TOR,2025-04-09,2,33,10,4,1,0,0,0,2,9.0,0,9.0
TOR,2025-04-10,4,84,19,5,3,2,0,3,2,13.0,2,13.0
TOR,2025-04-12,3,29,8,1,0,1,0,1,1,7.0,0,7.0
TOR,2025-04-13,5,72,20,7,1,0,0,2,6,15.0,2,10.0
TOR,2025-04-14,2,41,13,1,0,1,0,0,3,12.0,0,0.0
TOR,2025-04-15,4,61,13,3,2,0,1,2,4,9.0,1,0.0
TOR,2025-04-16,4,70,15,9,1,0,1,2,2,12.0,1,8.0
TOR,2025-04-18,4,48,10,2,1,1,0,0,3,9.0,0,9.0
TOR,2025-04-19,5,122,27,8,4,0,1,6,4,18.0,5,17.0
TOR,2025-04-20,3,118,28,13,0,1,1,5,6,22.0,2,0.0
TOR,2025-04-21,1,38,12,3,1,1,0,4,2,6.0,3,0.0
TOR,2025-04-22,3,44,11,5,1,0,1,3,3,8.0,1,0.0
TOR,2025-04-23,3,58,15,4,0,0,0,5,5,10.0,0,10.0
TOR,2025-04-25,4,65,18,2,2,1,0,5,6,10.0,2,10.0
TOR,2025-04-27,6,151,39,10,4,0,2,12,9,23.0,7,0.0
TOR,2025-04-29,3,102,27,4,3,1,0,6,5,18.0,3,0.0
TOR,2025-04-30,5,140,35,10,3,1,1,5,8,27.0,4,11.0
TOR,2025-05-01,2,18,7,2,0,0,0,0,4,7.0,0,7.0
TOR,2025-05-02,3,60,15,2,1,1,0,2,4,11.0,0,11.0
TOR,2025-05-03,4,69,14,7,2,0,2,3,2,9.0,5,6.0
TOR,2025-05-04,4,99,23,4,7,0,0,4,2,14.0,1,14.0
TOR,2025-05-06,6,74,18,4,2,0,2,5,5,10.0,6,8.0
TOR,2025-05-07,3,46,13,5,1,1,0,4,1,9.0,3,9.0
TOR,2025-05-08,2,38,10,7,0,0,0,1,3,9.0,1,1.0
TOR,2025-05-09,3,69,16,8,2,0,0,2,1,11.0,1,7.0
TOR,2025-05-10,2,31,7,5,0,0,0,0,2,7.0,0,1.0
TOR,2025-05-11,3,88,22,7,1,0,0,2,5,21.0,0,6.0
TOR,2025-05-13,4,59,17,4,1,0,2,5,4,11.0,7,6.0
TOR,2025-05-14,3,51,11,3,0,0,0,0,2,10.0,0,10.0
TOR,2025-05-15,3,53,14,4,1,0,1,4,4,10.0,2,0.0
TOR,2025-05-16,4,72,16,4,2,0,1,2,5,13.0,1,9.0
TOR,2025-05-17,5,60,19,2,2,0,0,1,5,18.0,0,18.0
TOR,2025-05-18,3,52,13,2,2,0,0,3,3,9.0,1,9.0
TOR,2025-05-20,3,36,9,2,0,0,0,1,1,9.0,0,0.0
TOR,2025-05-21,1,35,9,1,0,0,0,2,2,6.0,0,0.0
TOR,2025-05-22,7,117,27,7,1,0,1,5,7,21.0,4,21.0
TOR,2025-05-23,3,49,13,5,0,0,0,2,1,11.0,0,6.0
TOR,2025-05-24,2,24,7,1,1,0,0,0,0,6.0,0,6.0
TOR,2025-05-25,3,73,22,2,2,1,1,6,7,12.0,10,0.0
TOR,2025-05-26,1,13,3,0,0,0,0,0,3,3.0,0,3.0
TOR,2025-05-27,2,46,12,2,1,0,0,3,0,8.0,1,8.0
TOR,2025-05-28,4,84,22,9,3,0,0,0,4,19.0,0,19.0
TOR,2025-05-29,2,48,11,4,0,0,0,2,1,9.0,0,0.0
TOR,2025-05-30,4,54,15,2,2,0,0,3,2,12.0,2,0.0
TOR,2025-05-31,4,130,32,6,4,0,1,7,6,23.0,2,15.0
TOR,2025-06-01,4,62,18,7,1,1,0,3,6,13.0,1,9.0
TOR,2025-06-03,4,108,28,8,2,0,1,4,9,22.0,1,0.0
TOR,2025-06-04,3,39,10,3,0,0,0,1,1,9.0,0,9.0
TOR,2025-06-05,2,25,6,2,0,0,0,0,1,6.0,0,0.0
TOR,2025-06-06,5,141,28,10,4,0,0,3,6,21.0,1,16.0
TOR,2025-06-07,3,45,13,2,1,0,1,3,6,9.0,1,9.0
TOR,2025-06-08,4,96,24,5,3,0,0,7,7,14.0,2,4.0
TOR,2025-06-09,3,47,14,6,1,0,1,3,2,10.0,4,8.0
TOR,2025-06-10,3,36,12,1,0,0,2,6,5,6.0,5,2.0
TOR,2025-06-11,4,79,18,7,1,0,0,3,4,14.0,0,0.0
TOR,2025-06-13,3,57,16,3,1,0,0,6,2,9.0,4,0.0
TOR,2025-06-14,4,81,18,2,2,0,1,3,7,13.0,1,13.0
TOR,2025-06-15,3,93,22,1,4,0,1,9,3,10.0,5,0.0
TOR,2025-06-17,4,63,14,2,4,0,0,2,1,9.0,1,9.0
TOR,2025-06-18,3,52,15,4,0,1,0,2,4,12.0,1,3.0
TOR,2025-06-19,3,64,17,4,2,0,0,2,5,14.0,3,0.0
TOR,2025-06-20,6,123,29,11,3,1,1,4,10,21.0,4,0.0
TOR,2025-06-21,2,17,4,1,0,0,0,0,1,4.0,0,0.0
TOR,2025-06-22,5,74,17,5,4,0,0,3,3,9.0,3,9.0
TOR,2025-06-24,5,74,18,5,4,0,2,3,4,11.0,5,2.0
TOR,2025-06-25,4,70,17,2,2,0,1,4,6,15.0,2,15.0
TOR,2025-06-26,1,21,4,1,1,0,0,0,2,3.0,0,0.0
TOR,2025-06-27,2,29,6,0,1,0,0,0,3,6.0,0,0.0
TOR,2025-06-28,4,111,31,4,2,1,2,10,12,18.0,8,0.0
TOR,2025-06-29,4,62,17,5,1,1,0,1,1,14.0,0,14.0
TOR,2025-06-30,5,82,20,5,4,0,1,4,5,12.0,2,12.0
TOR,2025-07-01,5,62,18,2,3,0,0,3,4,12.0,3,6.0
TOR,2025-07-02,4,104,24,4,5,0,1,6,6,14.0,3,14.0
TOR,2025-07-03,4,70,16,3,2,0,0,4,3,10.0,2,6.0
TOR,2025-07-04,4,69,18,5,3,2,1,2,3,12.0,3,12.0
TOR,2025-07-05,3,89,25,5,2,0,0,2,7,21.0,1,21.0
TOR,2025-07-06,3,47,14,5,2,0,0,2,2,10.0,0,10.0
TOR,2025-07-07,3,62,17,2,1,0,0,6,5,9.0,3,0.0
TOR,2025-07-09,4,68,16,5,0,2,0,2,1,12.0,0,12.0
TOR,2025-07-11,4,75,15,7,1,0,1,5,3,9.0,2,1.0
TOR,2025-07-12,3,47,13,4,1,0,0,3,3,9.0,0,9.0
TOR,2025-07-13,6,89,22,6,3,0,1,3,4,15.0,2,0.0
TOR,2025-07-18,3,41,9,7,0,0,0,1,0,8.0,0,0.0
TOR,2025-07-19,3,37,10,2,0,0,1,2,3,9.0,1,6.0
TOR,2025-07-20,4,70,14,4,1,0,0,4,2,10.0,2,10.0
TOR,2025-07-21,3,34,8,4,1,0,0,1,0,6.0,0,0.0
TOR,2025-07-22,3,46,14,2,1,0,1,1,6,12.0,1,12.0
TOR,2025-07-23,2,19,6,0,0,0,0,2,1,5.0,0,0.0
TOR,2025-07-24,1,20,7,1,0,0,1,4,3,3.0,3,0.0
TOR,2025-07-25,3,40,9,3,0,0,0,0,3,9.0,0,0.0
TOR,2025-07-26,3,43,10,3,0,0,0,1,2,9.0,1,6.0
TOR,2025-07-27,2,51,11,2,1,0,0,7,0,3.0,7,0.0
TOR,2025-07-28,5,89,26,3,2,0,2,9,8,17.0,5,4.0
TOR,2025-07-29,6,160,47,11,2,4,4,17,14,25.0,13,16.0
TOR,2025-07-30,6,95,21,9,2,0,0,4,3,14.0,3,13.0
TOR,2025-08-01,4,83,17,2,3,0,2,5,3,9.0,4,0.0
TOR,2025-08-02,3,41,10,2,0,0,0,1,3,9.0,1,9.0
TOR,2025-08-03,5,47,19,1,1,1,0,5,3,12.0,5,9.0
TOR,2025-08-04,2,33,10,3,1,0,0,1,2,9.0,0,0.0
TOR,2025-08-05,3,53,13,2,2,0,0,2,1,11.0,0,0.0
TOR,2025-08-06,2,30,7,3,0,0,0,0,1,6.0,0,0.0
TOR,2025-08-08,3,39,11,2,3,0,0,1,2,6.0,3,0.0
TOR,2025-08-09,4,82,19,6,3,1,0,4,3,10.0,6,0.0
TOR,2025-08-10,7,133,30,6,9,0,0,3,1,18.0,1,18.0
TOR,2025-08-12,5,63,16,6,3,0,0,2,2,11.0,1,0.0
TOR,2025-08-13,3,35,10,3,1,0,0,3,2,6.0,2,1.0
TOR,2025-08-14,3,34,8,6,1,0,0,1,0,6.0,0,6.0
TOR,2025-08-15,5,53,15,7,2,0,1,1,3,12.0,2,5.0
TOR,2025-08-16,3,51,18,4,1,2,0,3,1,12.0,1,0.0
TOR,2025-08-17,5,90,23,1,4,0,2,5,6,14.0,4,0.0
TOR,2025-08-18,3,62,15,4,4,0,0,1,2,9.0,1,8.0
TOR,2025-08-19,3,46,13,4,0,0,0,4,1,9.0,2,0.0
TOR,2025-08-20,3,47,10,2,2,1,0,2,0,7.0,0,7.0
TOR,2025-08-22,4,54,13,2,2,0,1,2,3,9.0,1,0.0
TOR,2025-08-23,6,84,24,5,3,0,0,6,3,17.0,5,16.0
TOR,2025-08-24,2,38,9,1,1,0,0,3,0,6.0,1,6.0
TOR,2025-08-25,2,45,12,1,2,0,0,1,4,9.0,0,0.0
TOR,2025-08-26,5,71,18,3,3,2,2,5,5,10.0,5,9.0
TOR,2025-08-27,4,66,17,6,2,0,0,2,0,13.0,1,9.0
TOR,2025-08-29,5,93,21,6,4,0,0,6,2,11.0,6,1.0
TOR,2025-08-30,3,38,11,1,1,0,2,5,2,6.0,3,5.0
TOR,2025-08-31,5,83,21,6,0,0,0,4,3,15.0,0,3.0
TOR,2025-09-01,3,54,13,2,0,0,0,6,3,9.0,3,9.0
TOR,2025-09-02,5,125,30,7,0,0,1,10,4,21.0,3,12.0
TOR,2025-09-03,5,67,16,5,1,0,0,5,3,9.0,4,1.0
TOR,2025-09-05,1,11,3,0,1,0,0,0,1,3.0,0,0.0
TOR,2025-09-06,3,51,12,5,2,0,0,2,1,9.0,1,9.0
TOR,2025-09-07,3,49,12,5,1,0,0,0,0,11.0,0,11.0
TOR,2025-09-09,5,60,17,1,2,1,0,2,7,13.0,0,12.0
TOR,2025-09-10,4,70,16,4,3,0,1,2,5,11.0,1,11.0
TOR,2025-09-12,5,61,15,4,3,0,0,1,5,12.0,0,9.0
TOR,2025-09-13,4,58,17,3,2,0,1,3,5,12.0,2,12.0
TOR,2025-09-14,2,41,12,3,1,0,1,3,2,9.0,1,0.0
TOR,2025-09-15,5,87,21,9,2,0,0,1,1,18.0,0,18.0
TOR,2025-09-16,6,106,24,8,4,0,0,6,1,15.0,2,5.0
TOR,2025-09-17,2,26,9,0,1,0,0,2,4,6.0,1,6.0
TOR,2025-09-18,3,55,14,3,0,0,1,3,4,11.0,1,0.0
TOR,2025-09-19,6,143,46,4,4,0,1,20,14,22.0,13,0.0
TOR,2025-09-20,2,38,8,1,1,1,0,0,1,5.0,0,5.0
TOR,2025-09-21,4,55,19,2,0,0,0,5,3,15.0,3,8.0
TOR,2025-09-23,4,44,11,2,2,0,0,0,2,10.0,0,0.0
TOR,2025-09-24,3,59,16,3,3,0,1,2,2,12.0,3,0.0
TOR,2025-09-25,6,104,26,5,2,1,0,4,7,21.0,1,12.0
TOR,2025-09-26,4,79,16,5,3,0,0,1,4,12.0,0,12.0
TOR,2025-09-27,4,66,15,7,2,0,1,2,1,12.0,1,0.0
TOR,2025-09-28,5,84,19,9,2,0,0,1,2,16.0,0,4.0
TOR,2025-10-04,4,54,13,3,0,1,0,2,4,10.0,0,4.0
TOR,2025-10-05,7,90,23,4,2,0,1,10,4,11.0,7,0.0
TOR,2025-10-07,6,102,26,4,3,0,2,7,7,16.0,6,7.0
TOR,2025-10-08,7,136,33,8,6,0,1,5,9,23.0,2,14.0
TOR,2025-10-12,5,74,16,6,2,0,0,4,1,10.0,2,10.0
TOR,2025-10-13,6,112,24,10,3,0,2,6,7,15.0,7,1.0
TOR,2025-10-15,3,47,12,2,0,0,2,4,6,9.0,2,0.0
TOR,2025-10-16,4,42,12,3,1,0,0,2,4,10.0,1,0.0
TOR,2025-10-17,3,58,13,2,3,1,2,2,4,7.0,5,4.0
TOR,2025-10-19,2,57,12,6,1,0,0,1,4,10.0,1,0.0
TOR,2025-10-20,5,70,19,4,3,0,1,1,4,16.0,1,16.0
TOR,2025-10-24,5,91,20,8,3,0,1,2,6,15.0,2,6.0
TOR,2025-10-25,3,37,12,1,3,0,0,2,5,7.0,1,2.0
TOR,2025-10-27,8,238,57,10,9,1,2,11,22,41.0,4,41.0
TOR,2025-10-28,3,44,13,4,1,0,0,2,1,11.0,1,2.0
TOR,2025-10-29,2,35,8,3,1,0,0,1,1,6.0,0,0.0
TOR,2025-10-31,4,52,12,4,2,0,0,1,4,9.0,0,9.0
TOR,2025-11-01,6,118,30,2,4,0,3,7,9,20.0,4,20.0
WSH,2024-03-28,4,48,15,3,0,1,0,2,5,12.0,1,0.0
WSH,2024-03-30,4,70,19,6,2,0,0,3,3,14.0,3,14.0
WSH,2024-03-31,4,63,18,3,1,0,2,7,6,12.0,3,12.0
WSH,2024-04-01,4,104,25,3,4,0,0,10,5,11.0,6,7.0
WSH,2024-04-03,4,70,15,8,2,0,1,1,2,11.0,1,11.0
WSH,2024-04-04,4,90,22,4,4,0,1,4,2,14.0,2,0.0
WSH,2024-04-05,3,61,13,3,6,0,0,0,1,9.0,0,0.0
WSH,2024-04-06,3,58,14,3,2,0,0,4,0,9.0,1,7.0
WSH,2024-04-07,3,46,11,4,1,0,0,0,3,10.0,0,10.0
WSH,2024-04-08,3,60,15,5,0,0,0,3,3,12.0,0,0.0
WSH,2024-04-09,5,94,23,4,2,0,0,7,2,15.0,2,15.0
WSH,2024-04-10,2,26,7,1,0,0,0,1,4,7.0,1,0.0
WSH,2024-04-12,4,60,14,5,1,0,0,2,0,12.0,1,12.0
WSH,2024-04-13,5,66,17,7,1,0,0,4,2,12.0,1,12.0
WSH,2024-04-14,4,76,16,2,4,0,0,5,2,8.0,5,7.0
WSH,2024-04-15,4,81,18,5,0,0,0,5,2,12.0,2,4.0
WSH,2024-04-16,2,42,9,3,1,0,0,4,1,5.0,2,0.0
WSH,2024-04-17,3,45,11,3,1,0,0,1,2,9.0,0,9.0
WSH,2024-04-19,5,81,20,1,1,0,0,6,5,15.0,2,10.0
WSH,2024-04-20,5,78,20,2,2,0,0,7,3,12.0,3,12.0
WSH,2024-04-21,2,25,7,1,0,0,0,1,2,6.0,0,0.0
WSH,2024-04-23,5,83,20,1,3,0,1,6,7,11.0,4,8.0
WSH,2024-04-24,4,81,23,3,2,0,1,8,7,13.0,5,0.0
WSH,2024-04-25,3,56,12,3,1,0,0,2,3,9.0,1,9.0
WSH,2024-04-26,3,47,13,7,0,0,0,1,0,12.0,0,12.0
WSH,2024-04-27,4,71,21,2,0,0,1,7,7,15.0,3,0.0
WSH,2024-04-28,4,86,21,4,3,0,0,4,2,15.0,2,6.0
WSH,2024-04-29,2,27,9,2,0,0,0,0,0,9.0,0,0.0
WSH,2024-04-30,3,62,16,3,1,0,2,5,6,9.0,5,4.0
WSH,2024-05-01,4,62,15,6,2,0,0,1,1,12.0,0,12.0
WSH,2024-05-02,3,48,12,3,1,0,0,3,1,8.0,3,0.0
WSH,2024-05-03,3,39,11,3,0,0,0,1,3,9.0,0,6.0
WSH,2024-05-04,3,65,19,5,2,0,1,4,4,12.0,2,2.0
WSH,2024-05-05,6,103,26,2,4,0,0,4,6,18.0,2,12.0
WSH,2024-05-07,4,50,13,4,0,0,0,1,1,12.0,0,6.0
WSH,2024-05-08,7,91,24,8,1,1,1,5,4,19.0,4,19.0
WSH,2024-05-10,5,70,17,5,4,0,0,2,2,12.0,0,9.0
WSH,2024-05-11,1,20,6,1,1,0,0,2,1,3.0,2,3.0
WSH,2024-05-12,2,22,7,2,0,0,0,1,4,6.0,0,6.0
WSH,2024-05-14,7,101,25,4,2,0,1,6,7,21.0,1,6.0
WSH,2024-05-15,3,25,9,1,0,0,0,3,4,7.0,1,7.0
WSH,2024-05-17,2,38,9,2,0,0,0,0,4,9.0,0,9.0
WSH,2024-05-18,4,55,16,1,1,0,1,4,3,11.0,2,11.0
WSH,2024-05-19,5,70,22,3,5,0,1,7,4,11.0,9,1.0
WSH,2024-05-20,2,33,11,1,1,0,0,1,2,9.0,0,0.0
WSH,2024-05-21,2,44,12,1,1,2,1,1,3,9.0,2,0.0
WSH,2024-05-22,2,42,10,3,0,0,0,2,3,8.0,1,8.0
WSH,2024-05-24,2,22,7,2,0,0,0,1,0,6.0,0,0.0
WSH,2024-05-25,4,61,13,4,0,1,0,0,2,12.0,0,12.0
WSH,2024-05-26,3,53,17,2,1,1,0,6,4,9.0,5,4.0
WSH,2024-05-27,3,47,12,4,2,0,0,3,1,8.0,1,0.0
WSH,2024-05-28,2,42,10,2,1,0,1,3,2,6.0,2,6.0
WSH,2024-05-29,4,50,13,3,0,0,0,2,5,11.0,1,0.0
WSH,2024-05-30,4,49,12,4,1,0,0,1,1,10.0,0,10.0
WSH,2024-05-31,3,51,12,0,3,0,1,3,4,6.0,5,2.0
WSH,2024-06-01,2,39,10,2,1,1,0,1,3,7.0,0,7.0
WSH,2024-06-02,3,41,10,1,0,0,0,1,3,9.0,0,0.0
WSH,2024-06-03,4,85,20,4,0,0,0,6,4,14.0,5,3.0
WSH,2024-06-04,3,67,19,3,0,0,1,6,3,15.0,4,1.0
WSH,2024-06-05,3,64,17,2,2,1,0,4,2,11.0,5,0.0
WSH,2024-06-06,2,40,10,1,0,0,1,4,1,6.0,3,2.0
WSH,2024-06-07,3,35,11,4,0,0,0,2,2,9.0,1,9.0
WSH,2024-06-08,3,47,13,6,0,0,1,1,2,12.0,1,0.0
WSH,2024-06-09,5,71,20,3,2,0,1,4,8,14.0,3,0.0
WSH,2024-06-11,4,87,19,10,1,0,0,2,1,16.0,0,16.0
WSH,2024-06-12,4,59,15,4,0,0,1,6,3,9.0,4,5.0
WSH,2024-06-13,4,61,15,2,1,0,1,6,3,8.0,6,4.0
WSH,2024-06-14,2,34,9,1,1,0,0,2,2,6.0,0,0.0
WSH,2024-06-15,3,48,13,4,1,0,0,3,3,9.0,0,6.0
WSH,2024-06-16,3,32,11,3,0,0,0,2,2,9.0,0,9.0
WSH,2024-06-18,3,56,18,2,0,1,0,6,4,12.0,1,0.0
WSH,2024-06-19,3,54,13,3,0,0,0,1,2,12.0,0,12.0
WSH,2024-06-20,4,60,14,5,0,0,1,3,4,12.0,1,8.0
WSH,2024-06-21,4,66,19,5,0,0,0,4,4,16.0,1,0.0
WSH,2024-06-22,3,55,14,4,3,0,2,6,3,9.0,4,9.0
WSH,2024-06-23,3,43,12,3,2,0,0,2,3,9.0,0,9.0
WSH,2024-06-24,3,49,13,1,2,0,0,3,3,9.0,4,9.0
WSH,2024-06-25,4,57,13,3,0,0,1,4,3,9.0,4,1.0
WSH,2024-06-26,3,71,18,4,2,0,1,3,6,14.0,4,0.0
WSH,2024-06-28,3,55,12,3,1,0,1,3,3,9.0,1,6.0
WSH,2024-06-29,3,45,11,6,1,0,0,1,2,9.0,0,0.0
WSH,2024-06-30,2,30,7,2,0,0,1,1,4,6.0,1,0.0
WSH,2024-07-01,6,89,23,5,1,1,2,7,4,13.0,9,10.0
WSH,2024-07-02,4,67,19,4,0,0,1,6,5,13.0,6,12.0
WSH,2024-07-03,4,50,10,2,1,0,0,0,4,9.0,0,9.0
WSH,2024-07-04,1,9,3,2,0,0,0,0,0,3.0,0,3.0
WSH,2024-07-05,5,79,27,1,1,0,1,8,7,18.0,4,18.0
WSH,2024-07-06,3,80,24,4,2,0,0,5,5,17.0,1,0.0
WSH,2024-07-07,4,93,24,4,1,0,1,8,7,14.0,5,1.0
WSH,2024-07-08,2,42,12,3,0,1,1,5,2,6.0,4,0.0
WSH,2024-07-09,1,39,9,3,1,0,0,2,0,6.0,1,0.0
WSH,2024-07-10,3,52,13,1,2,0,0,4,2,9.0,4,2.0
WSH,2024-07-11,4,49,15,4,0,0,0,6,3,10.0,4,0.0
WSH,2024-07-12,4,77,16,7,2,1,0,1,0,13.0,0,4.0
WSH,2024-07-13,5,138,31,10,4,0,0,3,7,25.0,2,18.0
WSH,2024-07-14,3,86,18,7,4,0,1,3,3,12.0,2,0.0
WSH,2024-07-19,5,86,16,6,3,0,0,4,1,9.0,4,0.0
WSH,2024-07-20,5,109,28,6,2,0,1,5,6,21.0,1,21.0
WSH,2024-07-21,2,22,7,2,1,0,0,0,2,6.0,0,3.0
WSH,2024-07-23,5,59,17,2,1,0,0,4,3,12.0,2,2.0
WSH,2024-07-24,5,116,31,2,1,0,1,13,7,18.0,6,0.0
WSH,2024-07-25,2,20,7,0,0,0,0,2,1,6.0,0,0.0
WSH,2024-07-26,5,62,17,3,0,0,1,2,5,15.0,2,13.0
WSH,2024-07-27,3,66,17,3,2,0,0,4,5,11.0,1,0.0
WSH,2024-07-28,3,51,13,1,2,0,1,4,4,12.0,2,12.0
WSH,2024-07-29,5,88,20,1,1,0,2,10,3,12.0,7,3.0
WSH,2024-07-30,3,96,27,0,3,0,2,9,9,15.0,6,0.0
WSH,2024-07-31,3,47,12,0,0,0,0,4,3,8.0,3,0.0
WSH,2024-08-02,5,81,20,5,4,1,1,5,2,10.0,5,2.0
WSH,2024-08-03,3,56,17,3,0,0,1,5,4,12.0,2,4.0
WSH,2024-08-04,4,37,12,3,0,0,1,4,4,9.0,3,4.0
WSH,2024-08-05,3,45,11,4,0,0,0,2,1,9.0,0,0.0
WSH,2024-08-06,3,56,13,4,0,0,0,1,4,12.0,0,0.0
WSH,2024-08-07,4,40,15,0,0,1,0,2,7,12.0,2,0.0
WSH,2024-08-08,6,139,34,9,3,0,0,9,6,22.0,7,20.0
WSH,2024-08-09,2,61,14,5,1,0,0,2,2,11.0,0,11.0
WSH,2024-08-10,4,65,21,3,1,0,0,3,5,18.0,0,18.0
WSH,2024-08-11,5,114,25,3,7,0,0,4,5,15.0,1,0.0
WSH,2024-08-13,4,52,13,4,1,0,0,3,2,9.0,1,0.0
WSH,2024-08-14,3,48,12,2,3,0,0,3,1,6.0,2,2.0
WSH,2024-08-15,3,85,25,3,1,1,1,7,9,15.0,5,0.0
WSH,2024-08-16,4,61,17,2,3,0,0,3,7,14.0,1,14.0
WSH,2024-08-17,2,33,8,2,0,0,0,1,1,7.0,1,0.0
WSH,2024-08-18,3,45,10,1,0,0,0,2,2,9.0,0,9.0
WSH,2024-08-20,4,46,14,2,1,0,0,4,3,10.0,1,9.0
WSH,2024-08-21,2,35,7,1,0,0,0,1,2,6.0,0,0.0
WSH,2024-08-22,3,52,12,5,1,0,1,2,1,9.0,2,0.0
WSH,2024-08-23,4,50,13,3,0,0,0,1,1,12.0,2,12.0
WSH,2024-08-24,4,60,15,4,0,0,1,6,5,8.0,3,8.0
WSH,2024-08-25,3,61,16,4,1,0,1,3,5,12.0,1,3.0
WSH,2024-08-26,3,67,21,2,1,0,2,7,9,15.0,3,3.0
WSH,2024-08-27,4,56,15,1,1,0,0,6,2,9.0,2,2.0
WSH,2024-08-28,3,46,11,3,2,0,0,1,0,9.0,0,0.0
WSH,2024-08-30,5,55,14,7,1,0,0,1,4,13.0,0,0.0
WSH,2024-08-31,5,55,17,2,0,1,0,4,8,13.0,2,13.0
WSH,2024-09-01,4,84,22,3,3,0,0,10,4,9.0,10,0.0
WSH,2024-09-03,3,54,11,5,1,0,0,1,1,10.0,0,0.0
WSH,2024-09-04,4,61,17,4,1,0,0,6,5,12.0,3,12.0
WSH,2024-09-05,4,66,16,3,6,1,0,1,2,9.0,2,0.0
WSH,2024-09-07,10,165,42,11,3,0,1,10,5,29.0,6,23.0
WSH,2024-09-08,2,20,8,1,0,0,0,2,3,6.0,0,0.0
WSH,2024-09-10,5,88,26,5,1,1,3,9,7,16.0,5,0.0
WSH,2024-09-11,3,53,13,3,0,0,0,4,3,9.0,0,0.0
WSH,2024-09-12,4,37,13,1,1,0,0,5,1,8.0,4,7.0
WSH,2024-09-13,3,63,15,1,0,0,0,4,1,12.0,0,6.0
WSH,2024-09-14,3,50,11,5,0,0,0,3,0,9.0,0,6.0
WSH,2024-09-15,4,43,13,4,0,0,1,4,4,9.0,2,9.0
WSH,2024-09-16,3,45,10,2,2,0,0,2,3,8.0,2,8.0
WSH,2024-09-17,4,75,21,5,1,0,2,7,4,13.0,5,0.0
WSH,2024-09-18,3,74,19,5,1,0,2,5,5,14.0,6,0.0
WSH,2024-09-19,3,52,15,2,0,0,0,4,3,11.0,3,11.0
WSH,2024-09-20,4,56,14,0,2,0,0,3,4,9.0,2,8.0
WSH,2024-09-21,2,25,7,0,0,0,0,1,1,6.0,0,0.0
WSH,2024-09-22,4,70,16,5,1,0,0,3,4,12.0,0,0.0
WSH,2024-09-24,3,78,19,7,2,0,0,3,3,15.0,1,15.0
WSH,2024-09-25,5,63,15,3,0,0,0,4,3,12.0,2,0.0
WSH,2024-09-26,4,64,17,1,3,0,0,2,2,11.0,3,10.0
WSH,2024-09-27,4,52,14,3,1,0,1,1,3,12.0,1,0.0
WSH,2024-09-28,3,59,13,3,1,1,1,2,2,9.0,3,6.0
WSH,2024-09-29,3,54,17,3,0,1,0,4,3,14.0,0,0.0
WSH,2025-03-27,5,101,25,6,6,0,2,7,6,12.0,6,11.0
WSH,2025-03-29,4,108,25,3,6,0,2,7,4,12.0,8,1.0
WSH,2025-03-30,4,32,11,1,2,1,0,1,0,8.0,1,0.0
WSH,2025-03-31,4,54,15,0,2,1,0,5,5,9.0,1,6.0
WSH,2025-04-01,3,56,15,4,2,1,0,2,1,9.0,2,9.0
WSH,2025-04-02,2,48,11,1,0,0,0,1,4,9.0,1,1.0
WSH,2025-04-04,5,63,17,3,1,0,0,4,5,12.0,2,12.0
WSH,2025-04-05,4,45,14,0,2,0,0,3,4,9.0,2,7.0
WSH,2025-04-06,4,78,17,5,1,0,0,4,0,12.0,1,12.0
WSH,2025-04-07,3,60,15,4,2,0,0,4,1,9.0,2,7.0
WSH,2025-04-08,3,123,28,11,3,0,2,6,5,18.0,2,0.0
WSH,2025-04-09,3,53,15,3,1,1,1,4,2,9.0,2,9.0
WSH,2025-04-11,3,44,14,2,2,1,0,2,2,9.0,0,6.0
WSH,2025-04-12,4,65,14,2,2,0,0,3,3,10.0,3,8.0
WSH,2025-04-13,3,68,16,2,4,0,1,6,3,6.0,7,2.0
WSH,2025-04-14,3,71,20,5,2,0,0,8,3,11.0,8,1.0
WSH,2025-04-15,2,34,7,4,0,0,0,1,1,6.0,0,0.0
WSH,2025-04-16,3,34,12,0,1,1,1,4,4,6.0,5,2.0
WSH,2025-04-17,2,34,11,4,1,0,0,2,0,9.0,0,9.0
WSH,2025-04-19,4,79,20,4,4,2,0,4,1,9.0,9,7.0
WSH,2025-04-20,6,98,26,8,3,1,0,3,1,20.0,1,20.0
WSH,2025-04-22,2,29,5,2,2,0,0,0,0,3.0,0,0.0
WSH,2025-04-23,4,69,20,3,2,2,0,4,5,12.0,2,12.0
WSH,2025-04-24,2,39,11,5,1,1,0,0,1,9.0,0,9.0
WSH,2025-04-25,3,34,9,0,1,0,0,3,2,5.0,4,4.0
WSH,2025-04-26,4,73,18,6,1,0,0,3,3,15.0,0,15.0
WSH,2025-04-27,4,71,16,4,0,3,0,2,2,12.0,0,6.0
WSH,2025-04-28,4,97,33,4,4,2,3,16,6,11.0,16,0.0
WSH,2025-04-29,4,58,14,3,1,0,0,4,4,9.0,3,6.0
WSH,2025-04-30,2,28,8,0,0,0,1,2,4,6.0,1,0.0
WSH,2025-05-01,3,49,15,3,1,0,0,3,1,12.0,1,11.0
WSH,2025-05-02,4,73,17,4,2,0,0,3,5,12.0,1,0.0
WSH,2025-05-03,4,58,15,6,2,0,0,3,3,11.0,2,0.0
WSH,2025-05-04,3,45,13,4,0,0,0,1,4,12.0,0,3.0
WSH,2025-05-06,8,154,38,2,4,0,2,15,7,20.0,11,11.0
WSH,2025-05-07,3,69,20,2,3,0,0,5,4,12.0,4,7.0
WSH,2025-05-09,3,110,26,4,6,1,0,4,8,15.0,5,0.0
WSH,2025-05-10,3,44,12,1,2,1,0,0,5,9.0,0,3.0
WSH,2025-05-11,3,48,13,3,2,0,1,4,2,7.0,3,0.0
WSH,2025-05-12,4,43,10,3,0,0,0,3,1,9.0,1,9.0
WSH,2025-05-13,4,88,20,8,1,1,0,7,1,12.0,3,10.0
WSH,2025-05-14,4,88,19,3,1,1,0,4,3,13.0,2,9.0
WSH,2025-05-15,4,66,16,3,1,0,0,4,3,11.0,2,2.0
WSH,2025-05-16,6,106,22,6,2,1,0,4,4,16.0,1,16.0
WSH,2025-05-17,2,40,13,1,0,0,1,5,3,8.0,4,0.0
WSH,2025-05-18,4,55,13,2,1,1,1,2,3,10.0,1,0.0
WSH,2025-05-20,4,36,11,0,0,0,0,1,3,11.0,0,11.0
WSH,2025-05-22,6,92,25,5,1,0,0,6,6,19.0,3,19.0
WSH,2025-05-23,3,71,17,4,4,1,0,5,2,9.0,3,4.0
WSH,2025-05-24,1,9,3,1,0,0,0,0,1,3.0,0,0.0
WSH,2025-05-25,2,37,11,2,1,0,0,0,3,9.0,0,9.0
WSH,2025-05-27,3,79,20,4,3,1,0,5,5,10.0,5,0.0
WSH,2025-05-28,3,49,11,2,0,0,0,2,3,9.0,0,0.0
WSH,2025-05-29,4,79,18,3,3,1,0,3,2,12.0,3,9.0
WSH,2025-05-30,3,74,16,5,2,1,0,2,1,12.0,1,4.0
WSH,2025-05-31,3,66,16,3,2,1,1,4,3,11.0,5,0.0
WSH,2025-06-01,3,41,12,3,2,0,0,0,0,9.0,0,9.0
WSH,2025-06-03,5,100,22,5,4,0,1,4,5,14.0,4,1.0
WSH,2025-06-04,2,36,9,1,1,0,0,2,1,6.0,0,6.0
WSH,2025-06-05,4,74,21,4,2,0,1,7,4,12.0,4,0.0
WSH,2025-06-06,3,32,10,1,0,0,0,0,4,9.0,0,9.0
WSH,2025-06-07,4,65,17,3,4,0,0,4,6,9.0,3,4.0
WSH,2025-06-08,4,73,20,5,2,0,1,5,1,14.0,2,14.0
WSH,2025-06-10,4,45,12,3,1,0,0,3,1,12.0,3,12.0
WSH,2025-06-11,2,48,12,1,1,1,1,2,4,9.0,1,0.0
WSH,2025-06-12,2,57,14,1,2,0,0,4,2,9.0,0,0.0
WSH,2025-06-13,4,123,26,3,2,0,0,9,2,17.0,5,4.0
WSH,2025-06-14,5,43,17,4,0,0,1,5,8,11.0,3,7.0
WSH,2025-06-15,3,46,14,2,2,0,0,3,3,9.0,1,9.0
WSH,2025-06-16,2,44,12,2,0,0,2,3,4,9.0,3,9.0
WSH,2025-06-17,4,72,16,3,2,1,5,5,8,9.0,7,0.0
WSH,2025-06-18,3,38,11,1,0,0,1,2,3,9.0,2,9.0
WSH,2025-06-19,5,83,20,7,1,0,0,3,2,17.0,1,17.0
WSH,2025-06-20,2,48,11,1,2,0,0,2,4,7.0,0,6.0
WSH,2025-06-21,3,52,13,4,1,0,1,1,4,11.0,1,2.0
WSH,2025-06-22,4,51,18,1,1,0,3,9,7,8.0,13,2.0
WSH,2025-06-23,3,59,13,2,1,0,1,3,6,9.0,3,0.0
WSH,2025-06-24,3,42,10,2,1,0,0,0,2,9.0,1,9.0
WSH,2025-06-25,2,34,8,2,1,0,0,1,1,6.0,0,6.0
WSH,2025-06-27,4,72,18,2,2,0,0,2,2,14.0,2,11.0
WSH,2025-06-28,4,70,16,1,3,0,3,7,5,6.0,7,2.0
WSH,2025-06-29,3,69,21,4,2,0,0,3,3,18.0,1,15.0
WSH,2025-07-02,7,192,41,11,2,0,2,11,11,29.0,7,8.0
WSH,2025-07-03,4,54,16,3,1,1,0,5,3,9.0,4,1.0
WSH,2025-07-04,4,87,25,3,3,0,1,7,8,15.0,6,0.0
WSH,2025-07-05,3,30,10,2,0,0,0,1,2,9.0,1,0.0
WSH,2025-07-06,6,84,24,5,1,0,1,5,7,19.0,2,14.0
WSH,2025-07-08,2,24,7,1,0,0,0,1,4,6.0,0,6.0
WSH,2025-07-09,3,49,12,4,1,0,0,2,2,9.0,1,0.0
WSH,2025-07-10,4,70,19,4,1,0,1,6,5,12.0,6,3.0
WSH,2025-07-11,4,41,12,3,0,1,1,2,2,10.0,1,0.0
WSH,2025-07-12,4,60,19,0,2,0,0,5,3,15.0,3,15.0
WSH,2025-07-13,4,81,18,5,3,1,2,5,2,9.0,5,3.0
WSH,2025-07-18,7,90,23,3,2,1,1,8,6,12.0,6,10.0
WSH,2025-07-19,3,41,11,3,1,0,0,1,0,9.0,0,9.0
WSH,2025-07-20,3,110,27,4,2,0,0,5,6,20.0,0,0.0
WSH,2025-07-21,6,89,24,2,5,0,0,3,6,16.0,2,6.0
WSH,2025-07-22,4,64,18,4,0,0,0,4,5,15.0,0,6.0
WSH,2025-07-23,4,54,16,1,1,0,0,6,5,10.0,4,6.0
WSH,2025-07-25,4,45,12,3,0,1,0,2,3,9.0,0,9.0
WSH,2025-07-26,3,57,13,3,1,0,0,4,3,10.0,1,0.0
WSH,2025-07-27,2,24,8,1,0,0,0,2,1,6.0,0,0.0
WSH,2025-07-28,4,48,14,5,1,0,0,3,0,11.0,0,11.0
WSH,2025-07-29,4,87,26,3,3,0,0,9,4,14.0,5,6.0
WSH,2025-07-30,3,46,11,3,1,0,1,2,5,8.0,3,0.0
WSH,2025-08-01,4,117,32,4,2,1,2,13,4,15.0,8,0.0
WSH,2025-08-02,3,82,22,3,1,0,0,7,4,15.0,3,0.0
WSH,2025-08-03,6,111,30,4,6,1,1,10,5,13.0,10,1.0
WSH,2025-08-05,5,132,33,9,4,0,3,12,6,18.0,9,0.0
WSH,2025-08-06,4,69,17,6,3,0,1,1,2,14.0,1,14.0
WSH,2025-08-07,4,66,17,5,0,0,1,6,4,12.0,2,0.0
WSH,2025-08-08,2,52,12,1,2,0,0,2,3,8.0,1,0.0
WSH,2025-08-09,3,43,13,3,1,0,0,4,2,9.0,1,4.0
WSH,2025-08-10,3,35,9,5,0,0,0,0,2,9.0,0,0.0
WSH,2025-08-11,4,64,14,3,3,0,1,3,3,9.0,3,8.0
WSH,2025-08-12,3,62,15,3,3,0,1,4,2,8.0,4,1.0
WSH,2025-08-13,5,92,23,3,2,1,0,5,5,15.0,1,15.0
WSH,2025-08-14,4,46,12,4,0,0,0,3,0,9.0,0,9.0
WSH,2025-08-15,4,48,15,2,3,1,2,2,6,9.0,4,2.0
WSH,2025-08-16,1,24,7,2,0,0,0,1,0,6.0,0,6.0
WSH,2025-08-17,6,118,33,7,2,2,1,9,8,22.0,5,8.0
WSH,2025-08-19,3,57,14,3,2,0,2,3,5,9.0,2,0.0
WSH,2025-08-20,4,46,13,1,1,0,0,1,3,11.0,0,11.0
WSH,2025-08-21,5,78,16,6,1,0,0,1,1,14.0,0,11.0
WSH,2025-08-22,3,43,10,6,0,0,1,1,3,9.0,1,9.0
WSH,2025-08-23,2,43,12,2,2,0,0,2,4,9.0,0,3.0
WSH,2025-08-24,4,95,21,7,3,0,0,1,4,17.0,1,4.0
WSH,2025-08-25,3,63,17,3,2,1,1,4,6,11.0,3,0.0
WSH,2025-08-26,3,78,17,3,5,0,1,3,6,9.0,2,0.0
WSH,2025-08-27,5,133,25,8,3,0,2,5,6,17.0,3,0.0
WSH,2025-08-29,4,57,13,5,3,0,0,2,1,8.0,1,7.0
WSH,2025-08-30,3,28,9,2,0,0,0,0,2,9.0,0,0.0
WSH,2025-08-31,5,68,19,8,0,0,0,1,4,18.0,0,0.0
WSH,2025-09-01,4,70,14,6,1,0,0,1,2,12.0,0,12.0
WSH,2025-09-02,5,74,16,5,3,0,0,0,5,12.0,0,0.0
WSH,2025-09-03,4,61,16,3,1,0,0,3,0,13.0,0,0.0
WSH,2025-09-05,4,87,23,3,4,0,2,5,10,14.0,5,0.0
WSH,2025-09-06,4,64,13,3,3,0,0,1,2,10.0,0,10.0
WSH,2025-09-07,4,66,19,6,1,0,1,5,4,13.0,2,10.0
WSH,2025-09-08,2,86,21,3,5,0,2,4,6,12.0,5,0.0
WSH,2025-09-09,3,42,10,2,0,1,0,4,2,4.0,4,1.0
WSH,2025-09-10,5,74,18,3,2,0,1,8,4,9.0,6,8.0
WSH,2025-09-11,3,68,14,2,3,0,0,3,3,9.0,3,6.0
WSH,2025-09-12,3,46,12,5,1,0,0,3,2,9.0,2,6.0
WSH,2025-09-13,5,75,18,2,5,0,1,4,5,9.0,5,5.0
WSH,2025-09-14,4,70,18,7,3,0,0,2,3,12.0,0,12.0
WSH,2025-09-15,3,70,19,5,1,1,2,6,4,12.0,5,0.0
WSH,2025-09-16,8,138,34,3,4,0,0,9,11,23.0,6,12.0
WSH,2025-09-17,3,75,22,4,2,0,1,10,4,11.0,8,7.0
WSH,2025-09-19,5,90,24,5,4,0,1,6,2,14.0,8,8.0
WSH,2025-09-20,5,97,26,7,1,2,0,6,4,18.0,3,10.0
WSH,2025-09-21,1,53,13,2,0,0,0,2,5,11.0,0,11.0
WSH,2025-09-22,5,141,35,5,5,2,0,10,6,18.0,9,0.0
WSH,2025-09-23,3,41,9,3,1,0,1,2,3,6.0,1,6.0
WSH,2025-09-24,5,89,22,6,4,0,3,4,6,14.0,3,13.0
WSH,2025-09-26,5,79,21,4,1,1,1,4,4,15.0,4,3.0
WSH,2025-09-27,4,46,13,6,0,0,0,5,0,9.0,1,9.0
WSH,2025-09-28,5,69,21,4,1,0,0,5,4,15.0,3,0.0
