canonical_game_id,game_date,home_team,away_team,closing_total,market_home_probability,market_over_probability,home_win,over,fold,target,model_probability,market_probability,market_disagreement,abs_market_disagreement,total_level,month,moneyline_role,disagreement_direction,disagreement_size,home_form_edge,run_form_edge,away_bp_er_14g,x,large_disagreement,cluster
kaggle_mlb_vegas:2017-07-27:MIL:WSH:0,2017-07-27,WSH,MIL,9.0,0.7261223782284624,0.4675324675324676,True,True,2,1,0.5103560520333669,0.4675324675324676,0.0428235845008992,0.0428235845008992,high_total,7,home_favorite,model_higher_by_3pp,largest,0.4999999999999999,2.2,29.0,0.02640383781041691,True,0
kaggle_mlb_vegas:2017-07-28:CHC:MIL:0,2017-07-28,MIL,CHC,9.0,0.4417293233082706,0.4675324675324676,True,False,2,0,0.5053470088511071,0.4675324675324676,0.0378145413186394,0.0378145413186394,high_total,7,road_favorite,model_higher_by_3pp,largest,-0.6000000000000001,-3.899999999999999,25.0,0.02640383781041691,True,1
kaggle_mlb_vegas:2017-07-28:CLE:CWS:0,2017-07-28,CWS,CLE,9.5,0.2993839124446387,0.4891657638136511,False,True,2,1,0.536880227338234,0.4891657638136511,0.0477144635245829,0.0477144635245829,high_total,7,road_favorite,model_higher_by_3pp,largest,-0.7000000000000001,-6.1,14.0,0.02640383781041691,True,1
kaggle_mlb_vegas:2017-07-28:SF:LAD:0,2017-07-28,LAD,SF,8.5,0.7313237221494101,0.4782608695652174,True,True,2,1,0.5074062041126501,0.4782608695652174,0.0291453345474327,0.0291453345474327,high_total,7,home_favorite,within_3pp,largest,0.3,1.5999999999999996,21.0,0.02640383781041691,True,0
kaggle_mlb_vegas:2017-07-28:TB:NYY:0,2017-07-28,NYY,TB,9.0,0.6428571428571429,0.5217391304347826,True,False,2,0,0.4890731489153583,0.5217391304347826,-0.0326659815194242,0.0326659815194242,high_total,7,home_favorite,market_higher_by_3pp,largest,0.2999999999999999,1.7999999999999998,17.0,0.02640383781041691,True,0
kaggle_mlb_vegas:2017-07-29:CIN:MIA:0,2017-07-29,MIA,CIN,9.0,0.5675675675675675,0.5217391304347826,True,True,2,1,0.4941302170017891,0.5217391304347826,-0.0276089134329934,0.0276089134329934,high_total,7,home_favorite,within_3pp,largest,0.3999999999999999,3.1,38.0,0.02640383781041691,True,0
kaggle_mlb_vegas:2017-07-29:CLE:CWS:0,2017-07-29,CWS,CLE,8.5,0.2618453865336658,0.4804509318389158,False,True,2,1,0.5636665188307616,0.4804509318389158,0.0832155869918457,0.0832155869918457,high_total,7,road_favorite,model_higher_by_3pp,largest,-0.7000000000000001,-7.0,10.0,0.02640383781041691,True,1
kaggle_mlb_vegas:2017-07-29:HOU:DET:0,2017-07-29,DET,HOU,10.5,0.4814756210583422,0.5108342361863489,True,False,2,0,0.5389550528179681,0.5108342361863489,0.0281208166316191,0.0281208166316191,high_total,7,road_favorite,within_3pp,largest,-0.3,-2.8999999999999995,27.0,0.02640383781041691,True,1
kaggle_mlb_vegas:2017-07-30:NYM:SEA:0,2017-07-30,SEA,NYM,8.5,0.6804928445702915,0.5108342361863489,True,True,2,1,0.4840208795426473,0.5108342361863489,-0.0268133566437016,0.0268133566437016,high_total,7,home_favorite,within_3pp,largest,-0.0999999999999999,-0.6999999999999993,18.0,0.02640383781041691,True,1
kaggle_mlb_vegas:2017-07-31:SEA:TEX:0,2017-07-31,TEX,SEA,10.5,0.5,0.4782608695652174,False,False,2,0,0.514489961399383,0.4782608695652174,0.0362290918341655,0.0362290918341655,high_total,7,home_favorite,model_higher_by_3pp,largest,0.0,-1.0999999999999996,16.0,0.02640383781041691,True,1
kaggle_mlb_vegas:2017-08-01:DET:NYY:0,2017-08-01,NYY,DET,10.0,0.6215278252196369,0.5217391304347826,False,False,2,0,0.4872934488604932,0.5217391304347826,-0.0344456815742893,0.0344456815742893,high_total,8,home_favorite,market_higher_by_3pp,largest,0.4,2.399999999999999,33.0,0.02640383781041691,True,0
kaggle_mlb_vegas:2017-08-01:STL:MIL:0,2017-08-01,MIL,STL,8.5,0.525232987515386,0.4848162769511084,True,False,2,0,0.513241374962529,0.4848162769511084,0.0284250980114205,0.0284250980114205,high_total,8,home_favorite,within_3pp,largest,-0.3,-2.7000000000000006,12.0,0.02640383781041691,True,1
kaggle_mlb_vegas:2017-08-02:TB:HOU:0,2017-08-02,HOU,TB,8.0,0.6626906010917333,0.5,False,False,2,0,0.4701295799465645,0.5,-0.0298704200534354,0.0298704200534354,high_total,8,home_favorite,within_3pp,largest,0.0999999999999999,1.0,21.0,0.02640383781041691,True,0
kaggle_mlb_vegas:2017-08-03:ATH:SF:0,2017-08-03,SF,ATH,8.5,0.5764909248055314,0.5217391304347826,True,True,2,1,0.4915384681361291,0.5217391304347826,-0.0302006622986534,0.0302006622986534,high_total,8,home_favorite,market_higher_by_3pp,largest,-0.1,0.2000000000000001,18.0,0.02640383781041691,True,1
kaggle_mlb_vegas:2017-08-03:NYM:COL:0,2017-08-03,COL,NYM,11.0,0.6297217024951263,0.5217391304347826,True,False,2,0,0.4777183735950727,0.5217391304347826,-0.0440207568397098,0.0440207568397098,high_total,8,home_favorite,market_higher_by_3pp,largest,0.0999999999999999,0.7999999999999998,15.0,0.02640383781041691,True,0
kaggle_mlb_vegas:2017-08-03:NYY:CLE:0,2017-08-03,CLE,NYY,7.5,0.6413833759088229,0.5217391304347826,True,False,2,0,0.4851676090054999,0.5217391304347826,-0.0365715214292826,0.0365715214292826,low_total,8,home_favorite,market_higher_by_3pp,largest,0.0,0.7000000000000002,13.0,0.02640383781041691,True,0
kaggle_mlb_vegas:2017-08-05:ATH:LAA:0,2017-08-05,LAA,ATH,9.0,0.6215278252196369,0.5195490681610844,False,False,2,0,0.4796878613083801,0.5195490681610844,-0.0398612068527042,0.0398612068527042,high_total,8,home_favorite,market_higher_by_3pp,largest,0.1999999999999999,2.5,24.0,0.02640383781041691,True,0
kaggle_mlb_vegas:2017-08-05:CWS:BOS:0,2017-08-05,BOS,CWS,9.5,0.7508493771234428,0.4654419639179504,True,False,2,0,0.5204027623135393,0.4654419639179504,0.0549607983955889,0.0549607983955889,high_total,8,home_favorite,model_higher_by_3pp,largest,0.3999999999999999,3.2,26.0,0.02640383781041691,True,0
kaggle_mlb_vegas:2017-08-05:TOR:HOU:0,2017-08-05,HOU,TOR,9.0,0.6172970557014359,0.5195490681610844,False,False,2,0,0.4757157540499228,0.5195490681610844,-0.0438333141111615,0.0438333141111615,high_total,8,home_favorite,market_higher_by_3pp,largest,-0.1999999999999999,-0.9000000000000004,35.0,0.02640383781041691,True,1
kaggle_mlb_vegas:2017-08-06:WSH:CHC:0,2017-08-06,CHC,WSH,9.0,0.6428571428571429,0.5324675324675325,False,True,2,1,0.4989034501758405,0.5324675324675325,-0.033564082291692,0.033564082291692,high_total,8,home_favorite,market_higher_by_3pp,largest,0.0999999999999999,1.4,23.0,0.02640383781041691,True,0
kaggle_mlb_vegas:2017-08-07:BAL:LAA:0,2017-08-07,LAA,BAL,9.0,0.590044398353696,0.5086640097036909,False,False,2,0,0.4744899439010052,0.5086640097036909,-0.0341740658026856,0.0341740658026856,high_total,8,home_favorite,market_higher_by_3pp,largest,-0.0999999999999999,-0.7000000000000006,14.0,0.02640383781041691,True,1
kaggle_mlb_vegas:2017-08-08:BAL:LAA:0,2017-08-08,LAA,BAL,9.0,0.5401967050867028,0.5324675324675325,True,False,2,0,0.5021530897261597,0.5324675324675325,-0.0303144427413728,0.0303144427413728,high_total,8,home_favorite,market_higher_by_3pp,largest,-0.2,-2.0,14.0,0.02640383781041691,True,1
kaggle_mlb_vegas:2017-08-08:NYY:TOR:0,2017-08-08,TOR,NYY,9.0,0.5729649936735555,0.5324675324675325,True,False,2,0,0.5056183717022198,0.5324675324675325,-0.0268491607653127,0.0268491607653127,high_total,8,home_favorite,within_3pp,largest,0.0,-0.7000000000000002,12.0,0.02640383781041691,True,1
kaggle_mlb_vegas:2017-08-09:CHC:SF:0,2017-08-09,SF,CHC,7.0,0.5422592774235736,0.5324675324675325,True,False,2,0,0.5001006037773645,0.5324675324675325,-0.0323669286901679,0.0323669286901679,low_total,8,home_favorite,market_higher_by_3pp,largest,0.0,0.5,16.0,0.02640383781041691,True,0
kaggle_mlb_vegas:2017-08-09:NYY:TOR:0,2017-08-09,TOR,NYY,9.0,0.3548872180451127,0.4891657638136511,False,True,2,1,0.5175766640834804,0.4891657638136511,0.0284109002698292,0.0284109002698292,high_total,8,road_favorite,within_3pp,largest,0.0999999999999999,-0.1999999999999997,12.0,0.02640383781041691,True,1
kaggle_mlb_vegas:2017-08-10:NYY:TOR:0,2017-08-10,TOR,NYY,9.0,0.4183253491667228,0.4675324675324676,True,False,2,0,0.4948160906558624,0.4675324675324676,0.0272836231233948,0.0272836231233948,high_total,8,road_favorite,within_3pp,largest,0.0999999999999999,-0.8000000000000003,13.0,0.02640383781041691,True,1
kaggle_mlb_vegas:2017-08-10:SD:CIN:0,2017-08-10,CIN,SD,8.5,0.590044398353696,0.5324675324675325,True,True,2,1,0.5017657871212308,0.5324675324675325,-0.0307017453463017,0.0307017453463017,high_total,8,home_favorite,market_higher_by_3pp,largest,0.1999999999999999,2.0,24.0,0.02640383781041691,True,0
kaggle_mlb_vegas:2017-08-11:LAA:SEA:0,2017-08-11,SEA,LAA,10.0,0.5675675675675675,0.5108342361863489,False,True,2,1,0.4839874466961081,0.5108342361863489,-0.0268467894902407,0.0268467894902407,high_total,8,home_favorite,within_3pp,largest,-0.0999999999999999,-1.9999999999999996,23.0,0.02640383781041691,True,1
kaggle_mlb_vegas:2017-08-13:ATL:STL:0,2017-08-13,STL,ATL,8.5,0.638854296388543,0.5,False,True,2,1,0.4705278867257536,0.5,-0.0294721132742464,0.0294721132742464,high_total,8,home_favorite,within_3pp,largest,0.5,4.0,15.0,0.02640383781041691,True,0
kaggle_mlb_vegas:2017-08-13:BAL:ATH:0,2017-08-13,ATH,BAL,9.5,0.4907015667859966,0.4782608695652174,True,True,2,1,0.506380884021763,0.4782608695652174,0.0281200144565455,0.0281200144565455,high_total,8,road_favorite,within_3pp,largest,-0.0999999999999999,-3.1999999999999997,16.0,0.02640383781041691,True,1
kaggle_mlb_vegas:2017-08-13:SF:WSH:1,2017-08-13,WSH,SF,9.0,0.5850622406639004,0.5108342361863489,False,False,2,0,0.4816279308038976,0.5108342361863489,-0.0292063053824512,0.0292063053824512,high_total,8,home_favorite,within_3pp,largest,0.0,-0.9000000000000004,13.0,0.02640383781041691,True,1
kaggle_mlb_vegas:2017-08-13:SF:WSH:2,2017-08-13,WSH,SF,7.5,0.7147147147147147,0.5217391304347826,True,True,2,1,0.4936282166581976,0.5217391304347826,-0.0281109137765849,0.0281109137765849,low_total,8,home_favorite,within_3pp,largest,0.0,-0.6000000000000001,13.0,0.02640383781041691,True,1
kaggle_mlb_vegas:2017-08-14:SF:MIA:0,2017-08-14,MIA,SF,9.0,0.6012269938650306,0.5217391304347826,True,True,2,1,0.488136813350522,0.5217391304347826,-0.0336023170842605,0.0336023170842605,high_total,8,home_favorite,market_higher_by_3pp,largest,-0.0999999999999999,-1.5999999999999996,17.0,0.02640383781041691,True,1
kaggle_mlb_vegas:2017-08-15:ATL:COL:0,2017-08-15,COL,ATL,11.0,0.6362901596282077,0.5108342361863489,False,False,2,0,0.4782439510074162,0.5108342361863489,-0.0325902851789327,0.0325902851789327,high_total,8,home_favorite,market_higher_by_3pp,largest,0.2,0.6000000000000001,15.0,0.02640383781041691,True,0
kaggle_mlb_vegas:2017-08-15:CLE:MIN:0,2017-08-15,MIN,CLE,9.5,0.4034916946651176,0.5324675324675325,False,False,2,0,0.4915251120954524,0.5324675324675325,-0.0409424203720801,0.0409424203720801,high_total,8,road_favorite,market_higher_by_3pp,largest,0.2,1.6,21.0,0.02640383781041691,True,0
kaggle_mlb_vegas:2017-08-15:SF:MIA:0,2017-08-15,MIA,SF,7.5,0.5092984332140034,0.5324675324675325,False,True,2,1,0.4992904949785243,0.5324675324675325,-0.0331770374890081,0.0331770374890081,low_total,8,home_favorite,market_higher_by_3pp,largest,0.0999999999999999,0.5,15.0,0.02640383781041691,True,0
kaggle_mlb_vegas:2017-08-15:STL:BOS:0,2017-08-15,BOS,STL,9.5,0.5816746508332771,0.5239223627237672,True,True,2,1,0.4891891129984674,0.5239223627237672,-0.0347332497252997,0.0347332497252997,high_total,8,home_favorite,market_higher_by_3pp,largest,0.0,-1.2000000000000002,14.0,0.02640383781041691,True,1
kaggle_mlb_vegas:2017-08-16:CIN:CHC:0,2017-08-16,CHC,CIN,10.0,0.6814832422153554,0.5195490681610844,True,True,2,1,0.4866131090947677,0.5195490681610844,-0.0329359590663166,0.0329359590663166,high_total,8,home_favorite,market_higher_by_3pp,largest,0.0,1.5,27.0,0.02640383781041691,True,0
kaggle_mlb_vegas:2017-08-16:LAA:WSH:0,2017-08-16,WSH,LAA,9.0,0.5505486808311931,0.5217391304347826,False,False,2,0,0.487920667317545,0.5217391304347826,-0.0338184631172375,0.0338184631172375,high_total,8,home_favorite,market_higher_by_3pp,largest,0.0999999999999999,1.2999999999999994,13.0,0.02640383781041691,True,0
kaggle_mlb_vegas:2017-08-16:STL:BOS:0,2017-08-16,BOS,STL,9.5,0.6115107913669063,0.5195490681610844,True,False,2,0,0.4836344716743689,0.5195490681610844,-0.0359145964867154,0.0359145964867154,high_total,8,home_favorite,market_higher_by_3pp,largest,0.0,-0.5000000000000004,16.0,0.02640383781041691,True,1
kaggle_mlb_vegas:2017-08-17:ATL:COL:0,2017-08-17,COL,ATL,12.0,0.6229179100428626,0.5,False,True,2,1,0.4668383557601988,0.5,-0.0331616442398012,0.0331616442398012,high_total,8,home_favorite,market_higher_by_3pp,largest,0.1,3.1,22.0,0.02640383781041691,True,0
kaggle_mlb_vegas:2017-08-18:CIN:ATL:0,2017-08-18,ATL,CIN,9.5,0.536016459868573,0.5217391304347826,False,False,2,0,0.4921421781255078,0.5217391304347826,-0.0295969523092747,0.0295969523092747,high_total,8,home_favorite,within_3pp,largest,-0.2,-1.6999999999999993,29.0,0.02640383781041691,True,1
kaggle_mlb_vegas:2017-08-18:CLE:KC:0,2017-08-18,KC,CLE,8.0,0.3571428571428571,0.4848162769511084,False,True,2,1,0.5112417094935116,0.4848162769511084,0.0264254325424031,0.0264254325424031,high_total,8,road_favorite,within_3pp,largest,-0.2999999999999999,-3.3999999999999995,22.0,0.02640383781041691,True,1
kaggle_mlb_vegas:2017-08-18:CWS:TEX:0,2017-08-18,TEX,CWS,11.0,0.7006160875553613,0.5217391304347826,False,False,2,0,0.486641787428386,0.5217391304347826,-0.0350973430063966,0.0350973430063966,high_total,8,home_favorite,market_higher_by_3pp,largest,0.2999999999999999,3.0999999999999996,28.0,0.02640383781041691,True,0
kaggle_mlb_vegas:2017-08-18:LAD:DET:0,2017-08-18,DET,LAD,10.5,0.3276513628688591,0.5,False,True,2,1,0.5285711059300997,0.5,0.0285711059300997,0.0285711059300997,high_total,8,road_favorite,within_3pp,largest,-0.6000000000000001,-4.1,21.0,0.02640383781041691,True,1
kaggle_mlb_vegas:2017-08-18:NYY:BOS:0,2017-08-18,BOS,NYY,9.0,0.5544421922209049,0.5217391304347826,True,True,2,1,0.4911253439332634,0.5217391304347826,-0.0306137865015191,0.0306137865015191,high_total,8,home_favorite,market_higher_by_3pp,largest,0.2,2.000000000000001,14.0,0.02640383781041691,True,0
kaggle_mlb_vegas:2017-08-19:CWS:TEX:0,2017-08-19,TEX,CWS,11.0,0.6764705882352942,0.5173641257162701,True,True,2,1,0.4799482531656868,0.5173641257162701,-0.0374158725505833,0.0374158725505833,high_total,8,home_favorite,market_higher_by_3pp,largest,0.1999999999999999,2.7000000000000006,26.0,0.02640383781041691,True,0
kaggle_mlb_vegas:2017-08-19:LAA:BAL:0,2017-08-19,BAL,LAA,9.5,0.6088560885608857,0.5217391304347826,False,False,2,0,0.4944386179990561,0.5217391304347826,-0.0273005124357264,0.0273005124357264,high_total,8,home_favorite,within_3pp,largest,-0.2999999999999999,-4.440892098500626e-16,17.0,0.02640383781041691,True,1
kaggle_mlb_vegas:2017-08-19:LAD:DET:0,2017-08-19,DET,LAD,10.5,0.4270350063264445,0.4891657638136511,False,False,2,0,0.5179895342474378,0.4891657638136511,0.0288237704337866,0.0288237704337866,high_total,8,road_favorite,within_3pp,largest,-0.6000000000000001,-4.1,21.0,0.02640383781041691,True,1
kaggle_mlb_vegas:2017-08-19:NYY:BOS:0,2017-08-19,BOS,NYY,8.0,0.7147147147147147,0.5217391304347826,False,False,2,0,0.4838628082458091,0.5217391304347826,-0.0378763221889734,0.0378763221889734,high_total,8,home_favorite,market_higher_by_3pp,largest,0.2,2.1000000000000005,19.0,0.02640383781041691,True,0
kaggle_mlb_vegas:2017-08-19:TOR:CHC:0,2017-08-19,CHC,TOR,9.5,0.6888888888888889,0.5217391304347826,True,False,2,0,0.4884819046911032,0.5217391304347826,-0.0332572257436794,0.0332572257436794,high_total,8,home_favorite,market_higher_by_3pp,largest,-0.0999999999999999,0.5,25.0,0.02640383781041691,True,0
kaggle_mlb_vegas:2017-08-20:ATH:HOU:0,2017-08-20,HOU,ATH,9.0,0.6888888888888889,0.5324675324675325,False,False,2,0,0.5045047176828628,0.5324675324675325,-0.0279628147846697,0.0279628147846697,high_total,8,home_favorite,within_3pp,largest,0.2,1.7000000000000006,25.0,0.02640383781041691,True,0
kaggle_mlb_vegas:2017-08-20:CWS:TEX:0,2017-08-20,TEX,CWS,11.5,0.6451127819548872,0.4891657638136511,False,False,2,0,0.4611095819835937,0.4891657638136511,-0.0280561818300573,0.0280561818300573,high_total,8,home_favorite,within_3pp,largest,0.4,5.1000000000000005,34.0,0.02640383781041691,True,0
kaggle_mlb_vegas:2017-08-20:LAD:DET:0,2017-08-20,DET,LAD,9.0,0.4324324324324324,0.4675324675324676,True,False,2,0,0.4974918940006799,0.4675324675324676,0.0299594264682123,0.0299594264682123,high_total,8,road_favorite,within_3pp,largest,-0.6000000000000001,-3.5999999999999996,18.0,0.02640383781041691,True,1
kaggle_mlb_vegas:2017-08-20:PHI:SF:0,2017-08-20,SF,PHI,8.0,0.6888888888888889,0.5217391304347826,False,False,2,0,0.4933024611817782,0.5217391304347826,-0.0284366692530043,0.0284366692530043,high_total,8,home_favorite,within_3pp,largest,0.3,2.5999999999999996,22.0,0.02640383781041691,True,0
kaggle_mlb_vegas:2017-08-20:TOR:CHC:0,2017-08-20,CHC,TOR,9.0,0.6310538349615464,0.5108342361863489,True,True,2,1,0.4779703984351697,0.5108342361863489,-0.0328638377511791,0.0328638377511791,high_total,8,home_favorite,market_higher_by_3pp,largest,0.0,0.4000000000000003,17.0,0.02640383781041691,True,0
kaggle_mlb_vegas:2017-08-21:BOS:CLE:0,2017-08-21,CLE,BOS,8.5,0.5207810820494446,0.5217391304347826,True,True,2,1,0.4838169021671974,0.5217391304347826,-0.0379222282675851,0.0379222282675851,high_total,8,home_favorite,market_higher_by_3pp,largest,0.1,1.5,16.0,0.02640383781041691,True,0
kaggle_mlb_vegas:2017-08-21:TEX:LAA:0,2017-08-21,LAA,TEX,8.5,0.5949110703209065,0.5324675324675325,False,False,2,0,0.4880032635096694,0.5324675324675325,-0.0444642689578631,0.0444642689578631,high_total,8,home_favorite,market_higher_by_3pp,largest,0.1,-1.6000000000000003,17.0,0.02640383781041691,True,1
kaggle_mlb_vegas:2017-08-22:ATH:BAL:0,2017-08-22,BAL,ATH,11.0,0.6118283321702722,0.5195490681610844,False,False,2,0,0.4836438261655499,0.5195490681610844,-0.0359052419955344,0.0359052419955344,high_total,8,home_favorite,market_higher_by_3pp,largest,0.0,1.6999999999999993,23.0,0.02640383781041691,True,0
kaggle_mlb_vegas:2017-08-22:BOS:CLE:0,2017-08-22,CLE,BOS,8.5,0.6215278252196369,0.5108342361863489,False,True,2,1,0.4771451382655307,0.5108342361863489,-0.0336890979208182,0.0336890979208182,high_total,8,home_favorite,market_higher_by_3pp,largest,0.2,1.8000000000000005,,0.02640383781041691,True,0
kaggle_mlb_vegas:2017-08-22:CHC:CIN:0,2017-08-22,CIN,CHC,10.5,0.4003338691727463,0.5,False,True,2,1,0.5347657157737935,0.5,0.0347657157737935,0.0347657157737935,high_total,8,road_favorite,model_higher_by_3pp,largest,-0.1999999999999999,-3.0,32.0,0.02640383781041691,True,1
kaggle_mlb_vegas:2017-08-22:TEX:LAA:0,2017-08-22,LAA,TEX,9.5,0.6103477573023174,0.5324675324675325,True,True,2,1,0.4892546657653338,0.5324675324675325,-0.0432128667021987,0.0432128667021987,high_total,8,home_favorite,market_higher_by_3pp,largest,0.0,-2.2,17.0,0.02640383781041691,True,1
kaggle_mlb_vegas:2017-08-23:ATH:BAL:0,2017-08-23,BAL,ATH,10.0,0.6349947220491167,0.5195490681610844,True,True,2,1,0.4874113786873502,0.5195490681610844,-0.0321376894737341,0.0321376894737341,high_total,8,home_favorite,market_higher_by_3pp,largest,0.0,1.5,24.0,0.02640383781041691,True,0
kaggle_mlb_vegas:2017-08-23:LAD:PIT:0,2017-08-23,PIT,LAD,8.5,0.4200394530984286,0.4739134147382802,True,False,2,0,0.5107584847236737,0.4739134147382802,0.0368450699853935,0.0368450699853935,high_total,8,road_favorite,model_higher_by_3pp,largest,-0.6000000000000001,-3.3,,0.02640383781041691,True,1
kaggle_mlb_vegas:2017-08-23:NYY:DET:0,2017-08-23,DET,NYY,9.0,0.2976554536187564,0.4804509318389158,False,True,2,1,0.5439982867703552,0.4804509318389158,0.0635473549314394,0.0635473549314394,high_total,8,road_favorite,model_higher_by_3pp,largest,-0.3999999999999999,-3.6000000000000005,23.0,0.02640383781041691,True,1
kaggle_mlb_vegas:2017-08-23:SEA:ATL:0,2017-08-23,ATL,SEA,9.0,0.5317611340360479,0.5324675324675325,False,True,2,1,0.5049145589950532,0.5324675324675325,-0.0275529734724793,0.0275529734724793,high_total,8,home_favorite,within_3pp,largest,0.0,0.6000000000000005,21.0,0.02640383781041691,True,0
kaggle_mlb_vegas:2017-08-24:NYY:DET:0,2017-08-24,DET,NYY,9.5,0.5069715560513106,0.4891657638136511,True,True,2,1,0.5263534940072402,0.4891657638136511,0.037187730193589,0.037187730193589,high_total,8,home_favorite,model_higher_by_3pp,largest,-0.4999999999999999,-5.2,24.0,0.02640383781041691,True,1
kaggle_mlb_vegas:2017-08-25:CHC:PHI:0,2017-08-25,PHI,CHC,8.5,0.3185167577846446,0.5021645958699511,True,False,2,0,0.5322149363040536,0.5021645958699511,0.0300503404341024,0.0300503404341024,high_total,8,road_favorite,model_higher_by_3pp,largest,-0.3999999999999999,-3.0,33.0,0.02640383781041691,True,1
kaggle_mlb_vegas:2017-08-25:KC:CLE:0,2017-08-25,CLE,KC,9.0,0.5764909248055314,0.5217391304347826,True,False,2,0,0.4870462602021651,0.5217391304347826,-0.0346928702326174,0.0346928702326174,high_total,8,home_favorite,market_higher_by_3pp,largest,0.0,1.5,30.0,0.02640383781041691,True,0
kaggle_mlb_vegas:2017-08-25:MIL:LAD:0,2017-08-25,LAD,MIL,7.5,0.6215278252196369,0.5217391304347826,True,False,2,0,0.4923372959337438,0.5217391304347826,-0.0294018345010387,0.0294018345010387,low_total,8,home_favorite,within_3pp,largest,0.1,0.7999999999999998,13.0,0.02640383781041691,True,0
kaggle_mlb_vegas:2017-08-25:SD:MIA:0,2017-08-25,MIA,SD,9.0,0.5933014354066986,0.5195490681610844,True,True,2,1,0.4919448196166436,0.5195490681610844,-0.0276042485444407,0.0276042485444407,high_total,8,home_favorite,within_3pp,largest,0.0999999999999999,-0.3000000000000007,24.0,0.02640383781041691,True,0
kaggle_mlb_vegas:2017-08-26:BAL:BOS:0,2017-08-26,BOS,BAL,9.5,0.5675675675675675,0.5239223627237672,False,False,2,0,0.4893176085895891,0.5239223627237672,-0.0346047541341781,0.0346047541341781,high_total,8,home_favorite,market_higher_by_3pp,largest,0.0999999999999999,-1.2999999999999998,16.0,0.02640383781041691,True,1
kaggle_mlb_vegas:2017-08-26:MIL:LAD:0,2017-08-26,LAD,MIL,8.5,0.6215278252196369,0.5108342361863489,False,False,2,0,0.484033293018066,0.5108342361863489,-0.0268009431682829,0.0268009431682829,high_total,8,home_favorite,within_3pp,largest,0.2,1.0999999999999996,11.0,0.02640383781041691,True,0
kaggle_mlb_vegas:2017-08-26:TB:STL:0,2017-08-26,STL,TB,9.0,0.5505486808311931,0.4804509318389158,True,True,2,1,0.5095104158828255,0.4804509318389158,0.0290594840439097,0.0290594840439097,high_total,8,home_favorite,within_3pp,largest,-0.2,-1.700000000000001,8.0,0.02640383781041691,True,1
kaggle_mlb_vegas:2017-08-27:SEA:NYY:0,2017-08-27,NYY,SEA,9.0,0.6187175043327556,0.5324675324675325,True,True,2,1,0.4790734369274765,0.5324675324675325,-0.053394095540056,0.053394095540056,high_total,8,home_favorite,market_higher_by_3pp,largest,-0.0999999999999999,0.8000000000000003,24.0,0.02640383781041691,True,0
kaggle_mlb_vegas:2017-08-27:TEX:ATH:0,2017-08-27,ATH,TEX,10.5,0.536016459868573,0.5282320336795787,True,True,2,1,0.4987101047988632,0.5282320336795787,-0.0295219288807154,0.0295219288807154,high_total,8,home_favorite,within_3pp,largest,0.0,0.1000000000000005,18.0,0.02640383781041691,True,1
kaggle_mlb_vegas:2017-08-28:DET:COL:0,2017-08-28,COL,DET,13.0,0.6681233509234829,0.5151837230488916,False,False,2,0,0.4758303819994485,0.5151837230488916,-0.0393533410494431,0.0393533410494431,high_total,8,home_favorite,market_higher_by_3pp,largest,0.1,1.3999999999999997,32.0,0.02640383781041691,True,0
kaggle_mlb_vegas:2017-08-28:SEA:BAL:0,2017-08-28,BAL,SEA,10.5,0.5116279069767442,0.5195490681610844,True,True,2,1,0.4898203807765999,0.5195490681610844,-0.0297286873844844,0.0297286873844844,high_total,8,home_favorite,within_3pp,largest,0.0,2.5999999999999996,22.0,0.02640383781041691,True,0
kaggle_mlb_vegas:2017-08-29:DET:COL:0,2017-08-29,COL,DET,11.0,0.6489208633093525,0.5324675324675325,True,False,2,0,0.5021887947055441,0.5324675324675325,-0.0302787377619884,0.0302787377619884,high_total,8,home_favorite,market_higher_by_3pp,largest,0.0,1.1999999999999995,28.0,0.02640383781041691,True,0
kaggle_mlb_vegas:2017-08-29:TB:KC:0,2017-08-29,KC,TB,9.0,0.4814756210583422,0.4891657638136511,True,False,2,0,0.5173758604205474,0.4891657638136511,0.0282100966068962,0.0282100966068962,high_total,8,road_favorite,within_3pp,largest,-0.3,-5.3999999999999995,12.0,0.02640383781041691,True,1
kaggle_mlb_vegas:2017-08-30:ATL:PHI:2,2017-08-30,PHI,ATL,9.0,0.4883720930232558,0.4782608695652174,False,False,2,0,0.5207103241011174,0.4782608695652174,0.0424494545358999,0.0424494545358999,high_total,8,road_favorite,model_higher_by_3pp,largest,0.0999999999999999,-1.2000000000000002,31.0,0.02640383781041691,True,0
kaggle_mlb_vegas:2017-08-30:CLE:NYY:2,2017-08-30,NYY,CLE,9.0,0.6283801591903432,0.5217391304347826,False,True,2,1,0.4884572523002087,0.5217391304347826,-0.0332818781345738,0.0332818781345738,high_total,8,home_favorite,market_higher_by_3pp,largest,-0.1999999999999999,-0.0999999999999996,14.0,0.02640383781041691,True,1
kaggle_mlb_vegas:2017-08-30:SEA:BAL:0,2017-08-30,BAL,SEA,10.5,0.5525036648406759,0.5108342361863489,True,True,2,1,0.4814473934776713,0.5108342361863489,-0.0293868427086775,0.0293868427086775,high_total,8,home_favorite,within_3pp,largest,0.2999999999999999,4.2,21.0,0.02640383781041691,True,0
kaggle_mlb_vegas:2017-08-31:ATL:CHC:0,2017-08-31,CHC,ATL,7.0,0.6841382467383841,0.5324675324675325,True,True,2,1,0.4849553342289341,0.5324675324675325,-0.0475121982385984,0.0475121982385984,low_total,8,home_favorite,market_higher_by_3pp,largest,0.1999999999999999,2.5,32.0,0.02640383781041691,True,0
kaggle_mlb_vegas:2017-08-31:TOR:BAL:0,2017-08-31,BAL,TOR,10.0,0.6158662708072438,0.5,False,True,2,1,0.467857007651532,0.5,-0.032142992348468,0.032142992348468,high_total,8,home_favorite,market_higher_by_3pp,largest,0.6000000000000001,5.1,29.0,0.02640383781041691,True,0
kaggle_mlb_vegas:2017-09-01:ATL:CHC:0,2017-09-01,CHC,ATL,8.5,0.6659707724425887,0.4891657638136511,True,False,2,0,0.4529100387265888,0.4891657638136511,-0.0362557250870622,0.0362557250870622,high_total,9,home_favorite,market_higher_by_3pp,largest,0.2999999999999999,3.9,26.0,0.02640383781041691,True,0
kaggle_mlb_vegas:2017-09-01:CLE:DET:1,2017-09-01,DET,CLE,8.5,0.3149004332156249,0.4869927159209156,False,False,2,0,0.5161873725681541,0.4869927159209156,0.0291946566472384,0.0291946566472384,high_total,9,road_favorite,within_3pp,largest,-0.3,-3.5999999999999996,15.0,0.02640383781041691,True,1
kaggle_mlb_vegas:2017-09-01:TOR:BAL:0,2017-09-01,BAL,TOR,9.0,0.6428571428571429,0.5,True,False,2,0,0.4582483739458932,0.5,-0.0417516260541067,0.0417516260541067,high_total,9,home_favorite,market_higher_by_3pp,largest,0.5,4.499999999999999,31.0,0.02640383781041691,True,0
kaggle_mlb_vegas:2017-09-02:CLE:DET:0,2017-09-02,DET,CLE,8.0,0.2553444180522565,0.4717679663204214,False,False,2,0,0.5364470538663133,0.4717679663204214,0.0646790875458919,0.0646790875458919,high_total,9,road_favorite,model_higher_by_3pp,largest,-0.5,-6.100000000000001,14.0,0.02640383781041691,True,1
kaggle_mlb_vegas:2017-09-02:TOR:BAL:0,2017-09-02,BAL,TOR,8.5,0.513948077676165,0.5217391304347826,False,True,2,1,0.4711284738635622,0.5217391304347826,-0.0506106565712203,0.0506106565712203,high_total,9,home_favorite,market_higher_by_3pp,largest,0.5,4.2,31.0,0.02640383781041691,True,0
kaggle_mlb_vegas:2017-09-03:ATL:CHC:0,2017-09-03,CHC,ATL,9.5,0.6888888888888889,0.5195490681610844,False,False,2,0,0.4773602819185117,0.5195490681610844,-0.0421887862425726,0.0421887862425726,high_total,9,home_favorite,market_higher_by_3pp,largest,0.3999999999999999,4.000000000000001,30.0,0.02640383781041691,True,0
kaggle_mlb_vegas:2017-09-03:BOS:NYY:0,2017-09-03,NYY,BOS,6.5,0.4930284439486894,0.5447468516584222,True,True,2,1,0.5095330223673884,0.5447468516584222,-0.0352138292910337,0.0352138292910337,low_total,9,road_favorite,market_higher_by_3pp,largest,0.0,2.5,19.0,0.02640383781041691,True,0
kaggle_mlb_vegas:2017-09-03:CLE:DET:0,2017-09-03,DET,CLE,10.0,0.3546932255942873,0.4782608695652174,False,True,2,1,0.5079413006859148,0.4782608695652174,0.0296804311206974,0.0296804311206974,high_total,9,road_favorite,within_3pp,largest,-0.6,-6.4,15.0,0.02640383781041691,True,1
kaggle_mlb_vegas:2017-09-03:LAA:TEX:0,2017-09-03,TEX,LAA,11.0,0.4494513191688069,0.5108342361863489,True,True,2,1,0.4834332506554568,0.5108342361863489,-0.027400985530892,0.027400985530892,high_total,9,road_favorite,within_3pp,largest,0.0,-0.0999999999999996,12.0,0.02640383781041691,True,1
kaggle_mlb_vegas:2017-09-04:MIN:TB:0,2017-09-04,TB,MIN,8.0,0.5523059177728685,0.5195490681610844,True,True,2,1,0.4903772913520468,0.5195490681610844,-0.0291717768090375,0.0291717768090375,high_total,9,home_favorite,within_3pp,largest,0.0,-2.1,17.0,0.02640383781041691,True,1
kaggle_mlb_vegas:2017-09-04:SF:COL:0,2017-09-04,COL,SF,13.0,0.6256684491978609,0.5130072840790842,True,False,2,0,0.4759793862013318,0.5130072840790842,-0.0370278978777524,0.0370278978777524,high_total,9,home_favorite,market_higher_by_3pp,largest,0.2,1.8000000000000007,37.0,0.02640383781041691,True,0
kaggle_mlb_vegas:2017-09-05:NYY:BAL:0,2017-09-05,BAL,NYY,9.5,0.4883720930232558,0.5217391304347826,True,True,2,1,0.4837483694366801,0.5217391304347826,-0.0379907609981024,0.0379907609981024,high_total,9,road_favorite,market_higher_by_3pp,largest,0.0999999999999999,-1.1999999999999995,20.0,0.02640383781041691,True,1
kaggle_mlb_vegas:2017-09-06:CLE:CWS:0,2017-09-06,CWS,CLE,8.5,0.2976554536187564,0.4804509318389158,False,False,2,0,0.5150486038254303,0.4804509318389158,0.0345976719865144,0.0345976719865144,high_total,9,road_favorite,model_higher_by_3pp,largest,-0.7,-6.700000000000001,,0.02640383781041691,True,1
kaggle_mlb_vegas:2017-09-06:SF:COL:0,2017-09-06,COL,SF,11.0,0.6428571428571429,0.5195490681610844,False,True,2,1,0.4910800913696008,0.5195490681610844,-0.0284689767914835,0.0284689767914835,high_total,9,home_favorite,within_3pp,largest,0.3,2.6000000000000005,31.0,0.02640383781041691,True,0
kaggle_mlb_vegas:2017-09-07:CIN:NYM:0,2017-09-07,NYM,CIN,8.5,0.4379642975939683,0.5217391304347826,True,True,2,1,0.4886567327779583,0.5217391304347826,-0.0330823976568243,0.0330823976568243,high_total,9,road_favorite,market_higher_by_3pp,largest,-0.3,-4.4,16.0,0.02640383781041691,True,1
kaggle_mlb_vegas:2017-09-07:CLE:CWS:0,2017-09-07,CWS,CLE,8.0,0.2338461538461538,0.5,False,True,2,1,0.5319782977242633,0.5,0.0319782977242633,0.0319782977242633,high_total,9,road_favorite,model_higher_by_3pp,largest,-0.7,-6.0,12.0,0.02640383781041691,True,1
kaggle_mlb_vegas:2017-09-07:MIA:ATL:0,2017-09-07,ATL,MIA,9.5,0.4536695037738878,0.4804509318389158,True,True,2,1,0.5245188664009285,0.4804509318389158,0.0440679345620126,0.0440679345620126,high_total,9,road_favorite,model_higher_by_3pp,largest,0.3,2.700000000000001,31.0,0.02640383781041691,True,0
kaggle_mlb_vegas:2017-09-07:MIN:KC:0,2017-09-07,KC,MIN,9.5,0.4907015667859966,0.4782608695652174,False,False,2,0,0.5285265793325352,0.4782608695652174,0.0502657097673178,0.0502657097673178,high_total,9,road_favorite,model_higher_by_3pp,largest,-0.0999999999999999,-6.5,21.0,0.02640383781041691,True,1
kaggle_mlb_vegas:2017-09-08:HOU:ATH:0,2017-09-08,ATH,HOU,9.5,0.3784721747803631,0.4804509318389158,True,True,2,1,0.5281371230012374,0.4804509318389158,0.0476861911623215,0.0476861911623215,high_total,9,road_favorite,model_higher_by_3pp,largest,-0.6000000000000001,-2.2,18.0,0.02640383781041691,True,1
kaggle_mlb_vegas:2017-09-08:MIN:KC:0,2017-09-08,KC,MIN,9.0,0.4398389742060534,0.5195490681610844,False,True,2,1,0.4858806367761656,0.5195490681610844,-0.0336684313849187,0.0336684313849187,high_total,9,road_favorite,market_higher_by_3pp,largest,-0.0999999999999999,-5.199999999999999,19.0,0.02640383781041691,True,1
kaggle_mlb_vegas:2017-09-08:PHI:WSH:0,2017-09-08,WSH,PHI,8.0,0.7763470010166046,0.4782608695652174,True,True,2,1,0.4413831484592557,0.4782608695652174,-0.0368777211059617,0.0368777211059617,high_total,9,home_favorite,market_higher_by_3pp,largest,0.2999999999999999,2.2999999999999994,22.0,0.02640383781041691,True,0
kaggle_mlb_vegas:2017-09-08:PIT:STL:0,2017-09-08,STL,PIT,7.5,0.6428571428571429,0.5217391304347826,True,False,2,0,0.4792151134655247,0.5217391304347826,-0.0425240169692578,0.0425240169692578,low_total,9,home_favorite,market_higher_by_3pp,largest,0.2999999999999999,3.6000000000000005,25.0,0.02640383781041691,True,0
kaggle_mlb_vegas:2017-09-08:SD:ARI:0,2017-09-08,ARI,SD,9.5,0.6764705882352942,0.5,False,True,2,1,0.4513066756382662,0.5,-0.0486933243617337,0.0486933243617337,high_total,9,home_favorite,market_higher_by_3pp,largest,0.4,4.0,12.0,0.02640383781041691,True,0
kaggle_mlb_vegas:2017-09-09:HOU:ATH:2,2017-09-09,ATH,HOU,9.5,0.3340292275574112,0.4891657638136511,True,True,2,1,0.5175322123938382,0.4891657638136511,0.028366448580187,0.028366448580187,high_total,9,road_favorite,within_3pp,largest,-0.3999999999999999,-1.0999999999999996,30.0,0.02640383781041691,True,1
kaggle_mlb_vegas:2017-09-09:SD:ARI:0,2017-09-09,ARI,SD,9.5,0.6451127819548872,0.5,False,True,2,1,0.4732401618022067,0.5,-0.0267598381977932,0.0267598381977932,high_total,9,home_favorite,within_3pp,largest,0.3,2.3999999999999995,11.0,0.02640383781041691,True,0
kaggle_mlb_vegas:2017-09-10:SD:ARI:0,2017-09-10,ARI,SD,9.5,0.6888888888888889,0.4935039625828245,True,False,2,0,0.4642402609087658,0.4935039625828245,-0.0292637016740586,0.0292637016740586,high_total,9,home_favorite,within_3pp,largest,0.2,2.5999999999999996,13.0,0.02640383781041691,True,0
kaggle_mlb_vegas:2017-09-11:DET:CLE:0,2017-09-11,CLE,DET,8.5,0.7780411593578279,0.5173641257162701,True,True,2,1,0.4900130989632908,0.5173641257162701,-0.0273510267529792,0.0273510267529792,high_total,9,home_favorite,within_3pp,largest,0.8,8.2,34.0,0.02640383781041691,True,0
kaggle_mlb_vegas:2017-09-11:LAD:SF:0,2017-09-11,SF,LAD,8.5,0.3452115812917595,0.5,True,True,2,1,0.5303336061247708,0.5,0.0303336061247707,0.0303336061247707,high_total,9,road_favorite,model_higher_by_3pp,largest,0.3,2.3,36.0,0.02640383781041691,True,0
kaggle_mlb_vegas:2017-09-11:PIT:MIL:0,2017-09-11,MIL,PIT,9.0,0.5729649936735555,0.5217391304347826,False,False,2,0,0.4815738555939895,0.5217391304347826,-0.040165274840793,0.040165274840793,high_total,9,home_favorite,market_higher_by_3pp,largest,0.1999999999999999,1.4000000000000004,23.0,0.02640383781041691,True,0
kaggle_mlb_vegas:2017-09-12:CWS:KC:0,2017-09-12,KC,CWS,10.5,0.6475572274501893,0.5108342361863489,True,False,2,0,0.4809739373886078,0.5108342361863489,-0.0298602987977411,0.0298602987977411,high_total,9,home_favorite,within_3pp,largest,0.0,-2.2,30.0,0.02640383781041691,True,1
kaggle_mlb_vegas:2017-09-12:DET:CLE:0,2017-09-12,CLE,DET,8.0,0.7961064516473388,0.5217391304347826,True,False,2,0,0.4788021413810602,0.5217391304347826,-0.0429369890537223,0.0429369890537223,high_total,9,home_favorite,market_higher_by_3pp,largest,0.8,9.3,36.0,0.02640383781041691,True,0
kaggle_mlb_vegas:2017-09-12:LAD:SF:0,2017-09-12,SF,LAD,7.0,0.2758620689655172,0.5,False,True,2,1,0.5429886373885306,0.5,0.0429886373885306,0.0429886373885306,low_total,9,road_favorite,model_higher_by_3pp,largest,0.4,2.8999999999999995,39.0,0.02640383781041691,True,0
kaggle_mlb_vegas:2017-09-12:MIA:PHI:0,2017-09-12,PHI,MIA,9.5,0.4577407225764263,0.4891657638136511,True,True,2,1,0.5166725363378649,0.4891657638136511,0.0275067725242137,0.0275067725242137,high_total,9,road_favorite,within_3pp,largest,0.2,1.4000000000000004,39.0,0.02640383781041691,True,0
kaggle_mlb_vegas:2017-09-13:ATH:BOS:0,2017-09-13,BOS,ATH,11.0,0.6401231743362066,0.5217391304347826,False,False,2,0,0.480209887721026,0.5217391304347826,-0.0415292427137565,0.0415292427137565,high_total,9,home_favorite,market_higher_by_3pp,largest,0.0999999999999999,0.7999999999999994,30.0,0.02640383781041691,True,0
kaggle_mlb_vegas:2017-09-13:NYM:CHC:0,2017-09-13,CHC,NYM,9.0,0.7241379310344829,0.5217391304347826,True,True,2,1,0.4895234917643511,0.5217391304347826,-0.0322156386704314,0.0322156386704314,high_total,9,home_favorite,market_higher_by_3pp,largest,-0.0999999999999999,-1.7999999999999998,31.0,0.02640383781041691,True,1
kaggle_mlb_vegas:2017-09-13:SD:MIN:0,2017-09-13,MIN,SD,9.0,0.5799605469015714,0.5217391304347826,True,False,2,0,0.4883860416977193,0.5217391304347826,-0.0333530887370632,0.0333530887370632,high_total,9,home_favorite,market_higher_by_3pp,largest,0.0,3.2,17.0,0.02640383781041691,True,0
kaggle_mlb_vegas:2017-09-14:CIN:STL:0,2017-09-14,STL,CIN,9.0,0.6489208633093525,0.5108342361863489,True,False,2,0,0.4768298079551066,0.5108342361863489,-0.0340044282312422,0.0340044282312422,high_total,9,home_favorite,market_higher_by_3pp,largest,0.3,2.4000000000000004,24.0,0.02640383781041691,True,0
kaggle_mlb_vegas:2017-09-14:TOR:MIN:0,2017-09-14,MIN,TOR,9.0,0.5764909248055314,0.5217391304347826,True,False,2,0,0.4901157652734521,0.5217391304347826,-0.0316233651613304,0.0316233651613304,high_total,9,home_favorite,market_higher_by_3pp,largest,0.0,0.1,21.0,0.02640383781041691,True,0
kaggle_mlb_vegas:2017-09-15:CWS:DET:0,2017-09-15,DET,CWS,10.5,0.5463304962261122,0.5217391304347826,True,False,2,0,0.5527785006003447,0.5217391304347826,0.0310393701655621,0.0310393701655621,high_total,9,home_favorite,model_higher_by_3pp,largest,-0.3,-4.5,24.0,0.02640383781041691,True,1
kaggle_mlb_vegas:2017-09-15:KC:CLE:0,2017-09-15,CLE,KC,8.5,0.6713021491782554,0.5151837230488916,False,False,2,0,0.4723424346602525,0.5151837230488916,-0.042841288388639,0.042841288388639,high_total,9,home_favorite,market_higher_by_3pp,largest,0.6,4.6,42.0,0.02640383781041691,True,0
kaggle_mlb_vegas:2017-09-15:NYM:ATL:0,2017-09-15,ATL,NYM,9.0,0.5463304962261122,0.5324675324675325,True,False,2,0,0.4963710340568929,0.5324675324675325,-0.0360964984106396,0.0360964984106396,high_total,9,home_favorite,market_higher_by_3pp,largest,0.0999999999999999,1.7000000000000002,39.0,0.02640383781041691,True,0
kaggle_mlb_vegas:2017-09-16:ARI:SF:0,2017-09-16,SF,ARI,7.5,0.4149377593360995,0.4739134147382802,False,False,2,0,0.500331954151578,0.4739134147382802,0.0264185394132978,0.0264185394132978,low_total,9,road_favorite,within_3pp,largest,-0.3,-2.3,18.0,0.02640383781041691,True,1
kaggle_mlb_vegas:2017-09-16:KC:CLE:0,2017-09-16,CLE,KC,8.0,0.6536301577159768,0.5366306721917165,True,True,2,1,0.4691702342634482,0.5366306721917165,-0.0674604379282682,0.0674604379282682,high_total,9,home_favorite,market_higher_by_3pp,largest,0.4,2.8000000000000003,42.0,0.02640383781041691,True,0
kaggle_mlb_vegas:2017-09-16:STL:CHC:0,2017-09-16,CHC,STL,10.0,0.5833751631362312,0.5130072840790842,True,False,2,0,0.4813711632126573,0.5130072840790842,-0.0316361208664269,0.0316361208664269,high_total,9,home_favorite,market_higher_by_3pp,largest,-0.0999999999999999,0.6000000000000005,14.0,0.02640383781041691,True,1
kaggle_mlb_vegas:2017-09-16:TEX:LAA:0,2017-09-16,LAA,TEX,9.0,0.5503313348059324,0.5467333541731791,True,False,2,0,0.4989838709293089,0.5467333541731791,-0.0477494832438701,0.0477494832438701,high_total,9,home_favorite,market_higher_by_3pp,largest,0.2,2.0999999999999996,44.0,0.02640383781041691,True,0
kaggle_mlb_vegas:2017-09-17:STL:CHC:0,2017-09-17,CHC,STL,9.0,0.6256684491978609,0.5195490681610844,True,False,2,0,0.4648620335694743,0.5195490681610844,-0.05468703459161,0.05468703459161,high_total,9,home_favorite,market_higher_by_3pp,largest,0.0999999999999999,1.7000000000000002,14.0,0.02640383781041691,True,0
kaggle_mlb_vegas:2017-09-17:TOR:MIN:0,2017-09-17,MIN,TOR,9.0,0.5675675675675675,0.5108342361863489,True,True,2,1,0.4787866987458068,0.5108342361863489,-0.032047537440542,0.032047537440542,high_total,9,home_favorite,market_higher_by_3pp,largest,0.0,0.4000000000000008,13.0,0.02640383781041691,True,0
kaggle_mlb_vegas:2017-09-18:MIL:PIT:0,2017-09-18,PIT,MIL,8.5,0.5046466242274987,0.4572564612326044,False,False,2,0,0.5104112324783322,0.4572564612326044,0.0531547712457278,0.0531547712457278,high_total,9,home_favorite,model_higher_by_3pp,largest,-0.6,-5.0,18.0,0.02640383781041691,True,1
kaggle_mlb_vegas:2017-09-18:MIN:NYY:0,2017-09-18,NYY,MIN,8.5,0.6187175043327556,0.5,True,False,2,0,0.4732787062844181,0.5,-0.0267212937155819,0.0267212937155819,high_total,9,home_favorite,within_3pp,largest,0.0999999999999999,1.4000000000000004,25.0,0.02640383781041691,True,0
kaggle_mlb_vegas:2017-09-19:ATH:DET:0,2017-09-19,DET,ATH,10.5,0.4476940822271314,0.4675324675324676,False,True,2,1,0.5154539099051388,0.4675324675324676,0.0479214423726712,0.0479214423726712,high_total,9,road_favorite,model_higher_by_3pp,largest,-0.4999999999999999,-5.5,34.0,0.02640383781041691,True,1
kaggle_mlb_vegas:2017-09-19:MIN:NYY:0,2017-09-19,NYY,MIN,8.5,0.5980932797457705,0.5217391304347826,True,False,2,0,0.4752209794189778,0.5217391304347826,-0.0465181510158048,0.0465181510158048,high_total,9,home_favorite,market_higher_by_3pp,largest,0.3,2.4000000000000004,24.0,0.02640383781041691,True,0
kaggle_mlb_vegas:2017-09-20:ATH:DET:0,2017-09-20,DET,ATH,10.5,0.4598032949132971,0.4654419639179504,False,False,2,0,0.5070557911161317,0.4654419639179504,0.0416138271981813,0.0416138271981813,high_total,9,road_favorite,model_higher_by_3pp,largest,-0.4999999999999999,-4.6,29.0,0.02640383781041691,True,1
kaggle_mlb_vegas:2017-09-20:BOS:BAL:0,2017-09-20,BAL,BOS,8.5,0.303791453107498,0.5,False,True,2,1,0.5354814596244408,0.5,0.0354814596244408,0.0354814596244408,high_total,9,road_favorite,model_higher_by_3pp,largest,-0.4999999999999999,-5.0,12.0,0.02640383781041691,True,1
kaggle_mlb_vegas:2017-09-20:MIN:NYY:0,2017-09-20,NYY,MIN,8.5,0.734781914043777,0.5195490681610844,True,True,2,1,0.474512880971763,0.5195490681610844,-0.0450361871893214,0.0450361871893214,high_total,9,home_favorite,market_higher_by_3pp,largest,0.4,3.1,19.0,0.02640383781041691,True,0
kaggle_mlb_vegas:2017-09-23:LAA:HOU:0,2017-09-23,HOU,LAA,8.5,0.536016459868573,0.5217391304347826,True,False,2,0,0.4872558170785313,0.5217391304347826,-0.0344833133562512,0.0344833133562512,high_total,9,home_favorite,market_higher_by_3pp,largest,0.5,1.5999999999999996,29.0,0.02640383781041691,True,0
kaggle_mlb_vegas:2017-09-23:PHI:ATL:0,2017-09-23,ATL,PHI,9.0,0.5764909248055314,0.5217391304347826,True,False,2,0,0.4950748702293707,0.5217391304347826,-0.0266642602054119,0.0266642602054119,high_total,9,home_favorite,within_3pp,largest,-0.0999999999999999,-0.9000000000000004,16.0,0.02640383781041691,True,1
kaggle_mlb_vegas:2017-09-23:WSH:NYM:0,2017-09-23,NYM,WSH,8.0,0.3571428571428571,0.4891657638136511,False,False,2,0,0.519070583090055,0.4891657638136511,0.0299048192764039,0.0299048192764039,high_total,9,road_favorite,within_3pp,largest,-0.1,-2.8,14.0,0.02640383781041691,True,1
kaggle_mlb_vegas:2017-09-24:MIA:ARI:0,2017-09-24,ARI,MIA,10.5,0.6323766526926797,0.5217391304347826,True,False,2,0,0.4874134250637885,0.5217391304347826,-0.0343257053709941,0.0343257053709941,high_total,9,home_favorite,market_higher_by_3pp,largest,0.0999999999999999,1.2000000000000002,33.0,0.02640383781041691,True,0
kaggle_mlb_vegas:2017-09-24:TB:BAL:0,2017-09-24,BAL,TB,9.5,0.4324324324324324,0.4675324675324676,True,True,2,1,0.5041094517075201,0.4675324675324676,0.0365769841750525,0.0365769841750525,high_total,9,road_favorite,model_higher_by_3pp,largest,-0.3,-4.0,15.0,0.02640383781041691,True,1
kaggle_mlb_vegas:2017-09-24:WSH:NYM:0,2017-09-24,NYM,WSH,7.0,0.4252649191299498,0.4532666458268208,False,False,2,0,0.4946669075658088,0.4532666458268208,0.041400261738988,0.041400261738988,low_total,9,road_favorite,model_higher_by_3pp,largest,-0.2,-3.3,14.0,0.02640383781041691,True,1
kaggle_mlb_vegas:2017-09-25:KC:NYY:0,2017-09-25,NYY,KC,9.0,0.6428571428571429,0.5195490681610844,True,True,2,1,0.4800118095183711,0.5195490681610844,-0.0395372586427132,0.0395372586427132,high_total,9,home_favorite,market_higher_by_3pp,largest,0.2999999999999999,2.2,19.0,0.02640383781041691,True,0
kaggle_mlb_vegas:2017-09-25:TOR:BOS:0,2017-09-25,BOS,TOR,9.0,0.6256684491978609,0.5086640097036909,False,True,2,1,0.4713015672667533,0.5086640097036909,-0.0373624424369375,0.0373624424369375,high_total,9,home_favorite,market_higher_by_3pp,largest,0.4,3.3000000000000007,20.0,0.02640383781041691,True,0
kaggle_mlb_vegas:2017-09-26:MIN:CLE:0,2017-09-26,CLE,MIN,10.0,0.6323766526926797,0.5217391304347826,False,True,2,1,0.4879409506436294,0.5217391304347826,-0.0337981797911531,0.0337981797911531,high_total,9,home_favorite,market_higher_by_3pp,largest,0.3,0.4000000000000003,22.0,0.02640383781041691,True,0
kaggle_mlb_vegas:2017-09-26:TB:NYY:0,2017-09-26,NYY,TB,8.5,0.6158662708072438,0.5217391304347826,True,False,2,0,0.491415453297835,0.5217391304347826,-0.0303236771369476,0.0303236771369476,high_total,9,home_favorite,market_higher_by_3pp,largest,0.2999999999999999,2.5,17.0,0.02640383781041691,True,0
kaggle_mlb_vegas:2017-09-26:TOR:BOS:0,2017-09-26,BOS,TOR,7.5,0.672348637131141,0.5130072840790842,False,True,2,1,0.4753919564559677,0.5130072840790842,-0.0376153276231164,0.0376153276231164,low_total,9,home_favorite,market_higher_by_3pp,largest,0.2,2.3999999999999995,21.0,0.02640383781041691,True,0
kaggle_mlb_vegas:2017-09-26:WSH:PHI:0,2017-09-26,PHI,WSH,9.0,0.361145703611457,0.5324675324675325,True,False,2,0,0.5051954288111354,0.5324675324675325,-0.027272103656397,0.027272103656397,high_total,9,road_favorite,within_3pp,largest,-0.0999999999999999,-0.7999999999999994,9.0,0.02640383781041691,True,1
kaggle_mlb_vegas:2017-09-27:SF:ARI:0,2017-09-27,ARI,SF,10.0,0.5582706766917294,0.5217391304347826,True,False,2,0,0.4887522625173242,0.5217391304347826,-0.0329868679174583,0.0329868679174583,high_total,9,home_favorite,market_higher_by_3pp,largest,0.0,-1.0000000000000004,13.0,0.02640383781041691,True,1
kaggle_mlb_vegas:2017-09-28:ATH:TEX:0,2017-09-28,TEX,ATH,10.5,0.4577407225764263,0.4804509318389158,False,False,2,0,0.5168486655616964,0.4804509318389158,0.0363977337227806,0.0363977337227806,high_total,9,road_favorite,model_higher_by_3pp,largest,-0.4,-4.6,24.0,0.02640383781041691,True,1
kaggle_mlb_vegas:2017-09-28:MIN:CLE:0,2017-09-28,CLE,MIN,7.5,0.708244447233028,0.447405997144217,True,False,2,0,0.481223708543323,0.447405997144217,0.033817711399106,0.033817711399106,low_total,9,home_favorite,model_higher_by_3pp,largest,0.2,-0.1999999999999997,22.0,0.02640383781041691,True,0
kaggle_mlb_vegas:2017-09-29:CIN:CHC:0,2017-09-29,CHC,CIN,7.0,0.6201277251706673,0.5324675324675325,True,True,2,1,0.5045139498619025,0.5324675324675325,-0.02795358260563,0.02795358260563,low_total,9,home_favorite,within_3pp,largest,0.4999999999999999,2.3999999999999995,22.0,0.02640383781041691,True,0
kaggle_mlb_vegas:2017-09-29:DET:MIN:0,2017-09-29,MIN,DET,8.0,0.6229179100428626,0.5217391304347826,True,True,2,1,0.4892868401161844,0.5217391304347826,-0.0324522903185981,0.0324522903185981,high_total,9,home_favorite,market_higher_by_3pp,largest,0.4,4.700000000000001,58.0,0.02640383781041691,True,0
kaggle_mlb_vegas:2017-09-29:NYM:PHI:0,2017-09-29,PHI,NYM,9.0,0.5764909248055314,0.5366306721917165,True,False,2,0,0.5101889786382491,0.5366306721917165,-0.0264416935534673,0.0264416935534673,high_total,9,home_favorite,within_3pp,largest,0.1999999999999999,2.4,29.0,0.02640383781041691,True,0
kaggle_mlb_vegas:2017-09-30:ARI:KC:0,2017-09-30,KC,ARI,9.0,0.5296046953219403,0.5086640097036909,True,False,2,0,0.4795612147860387,0.5086640097036909,-0.0291027949176521,0.0291027949176521,high_total,9,home_favorite,within_3pp,largest,0.0999999999999999,0.5999999999999996,16.0,0.02640383781041691,True,0
kaggle_mlb_vegas:2017-09-30:CIN:CHC:0,2017-09-30,CHC,CIN,8.5,0.6465194414307213,0.4782608695652174,True,True,2,1,0.505356958265866,0.4782608695652174,0.0270960887006486,0.0270960887006486,high_total,9,home_favorite,within_3pp,largest,0.6,2.8,25.0,0.02640383781041691,True,0
kaggle_mlb_vegas:2017-09-30:HOU:BOS:0,2017-09-30,BOS,HOU,8.5,0.4792189179505553,0.5217391304347826,True,True,2,1,0.4885029854966347,0.5217391304347826,-0.0332361449381479,0.0332361449381479,high_total,9,road_favorite,market_higher_by_3pp,largest,-0.2,-4.3,14.0,0.02640383781041691,True,1
kaggle_mlb_vegas:2017-09-30:LAD:COL:0,2017-09-30,COL,LAD,9.0,0.3340292275574112,0.5324675324675325,False,False,2,0,0.4744326978413019,0.5324675324675325,-0.0580348346262306,0.0580348346262306,high_total,9,road_favorite,market_higher_by_3pp,largest,-0.0999999999999999,0.0,23.0,0.02640383781041691,True,1
kaggle_mlb_vegas:2017-09-30:PIT:WSH:0,2017-09-30,WSH,PIT,7.0,0.7139212415365221,0.5239223627237672,False,False,2,0,0.4903353647554491,0.5239223627237672,-0.0335869979683181,0.0335869979683181,low_total,9,home_favorite,market_higher_by_3pp,largest,0.0999999999999999,-0.3000000000000002,16.0,0.02640383781041691,True,0
kaggle_mlb_vegas:2017-10-01:ATL:MIA:0,2017-10-01,MIA,ATL,9.0,0.6147566808925043,0.5043297540699689,False,True,2,1,0.4641085606627897,0.5043297540699689,-0.0402211934071791,0.0402211934071791,high_total,10,home_favorite,market_higher_by_3pp,largest,0.3,2.4999999999999996,19.0,0.02640383781041691,True,0
kaggle_mlb_vegas:2018-03-29:MIN:BAL:0,2018-03-29,BAL,MIN,9.5,0.5483396008675064,0.4891657638136511,True,False,2,0,0.5212833250205969,0.4891657638136511,0.0321175612069458,0.0321175612069458,high_total,3,home_favorite,model_higher_by_3pp,largest,-0.4999999999999999,-6.5,21.0,0.02640383781041691,True,1
kaggle_mlb_vegas:2018-03-29:NYY:TOR:0,2018-03-29,TOR,NYY,8.5,0.3870267491181217,0.4804509318389158,False,False,2,0,0.5094878502171825,0.4804509318389158,0.0290369183782666,0.0290369183782666,high_total,3,road_favorite,within_3pp,largest,-0.0999999999999999,-0.4000000000000003,18.0,0.02640383781041691,True,1
kaggle_mlb_vegas:2018-03-29:STL:NYM:0,2018-03-29,NYM,STL,6.5,0.5638948950049474,0.5324675324675325,True,True,2,1,0.4502840150237394,0.5324675324675325,-0.0821835174437931,0.0821835174437931,low_total,3,home_favorite,market_higher_by_3pp,largest,0.2,1.3000000000000005,22.0,0.02640383781041691,True,0
kaggle_mlb_vegas:2018-03-30:HOU:TEX:0,2018-03-30,TEX,HOU,9.0,0.3884892086330935,0.4826358742837298,True,False,2,0,0.5122330138031744,0.4826358742837298,0.0295971395194446,0.0295971395194446,high_total,3,road_favorite,within_3pp,largest,-0.4999999999999999,-5.4,28.0,0.02640383781041691,True,1
kaggle_mlb_vegas:2018-03-30:MIL:SD:0,2018-03-30,SD,MIL,8.0,0.4814756210583422,0.4804509318389158,False,True,2,1,0.5071087340929178,0.4804509318389158,0.0266578022540019,0.0266578022540019,high_total,3,road_favorite,within_3pp,largest,-0.3999999999999999,-3.2,20.0,0.02640383781041691,True,1
kaggle_mlb_vegas:2018-03-30:PIT:DET:0,2018-03-30,DET,PIT,9.0,0.4476940822271314,0.4675324675324676,False,True,2,1,0.5048616160615383,0.4675324675324676,0.0373291485290707,0.0373291485290707,high_total,3,road_favorite,model_higher_by_3pp,largest,-0.4999999999999999,-5.4,15.0,0.02640383781041691,True,1
kaggle_mlb_vegas:2018-03-30:WSH:CIN:0,2018-03-30,CIN,WSH,9.0,0.3395311236863379,0.4613143412107477,False,False,2,0,0.5186520498768719,0.4613143412107477,0.0573377086661241,0.0573377086661241,high_total,3,road_favorite,model_higher_by_3pp,largest,-0.2,-1.5,20.0,0.02640383781041691,True,1
kaggle_mlb_vegas:2018-03-31:MIN:BAL:0,2018-03-31,BAL,MIN,9.0,0.468238865963952,0.4739134147382802,False,False,2,0,0.5109300780811286,0.4739134147382802,0.0370166633428483,0.0370166633428483,high_total,3,road_favorite,model_higher_by_3pp,largest,-0.3,-4.3,22.0,0.02640383781041691,True,1
kaggle_mlb_vegas:2018-04-01:CHC:MIA:0,2018-04-01,MIA,CHC,8.0,0.3475356562556418,0.4804509318389158,True,False,2,0,0.515097119977764,0.4804509318389158,0.0346461881388481,0.0346461881388481,high_total,4,road_favorite,model_higher_by_3pp,largest,0.0999999999999999,1.1,31.0,0.02640383781041691,True,0
kaggle_mlb_vegas:2018-04-01:HOU:TEX:0,2018-04-01,TEX,HOU,9.5,0.4066985645933014,0.4739134147382802,False,True,2,1,0.51714865750861,0.4739134147382802,0.0432352427703298,0.0432352427703298,high_total,4,road_favorite,model_higher_by_3pp,largest,-0.3,-4.0,29.0,0.02640383781041691,True,1
kaggle_mlb_vegas:2018-04-01:MIN:BAL:0,2018-04-01,BAL,MIN,9.0,0.5185243789416578,0.4739134147382802,False,False,2,0,0.5014836584500247,0.4739134147382802,0.0275702437117445,0.0275702437117445,high_total,4,home_favorite,within_3pp,largest,-0.3999999999999999,-4.8999999999999995,,0.02640383781041691,True,1
kaggle_mlb_vegas:2018-04-02:COL:SD:0,2018-04-02,SD,COL,8.0,0.513948077676165,0.4891657638136511,False,True,2,1,0.5197877431063181,0.4891657638136511,0.030621979292667,0.030621979292667,high_total,4,home_favorite,model_higher_by_3pp,largest,-0.4,-5.3999999999999995,26.0,0.02640383781041691,True,1
kaggle_mlb_vegas:2018-04-03:BAL:HOU:0,2018-04-03,HOU,BAL,9.0,0.6888888888888889,0.4782608695652174,True,True,2,1,0.5139944950458887,0.4782608695652174,0.0357336254806712,0.0357336254806712,high_total,4,home_favorite,model_higher_by_3pp,largest,0.4999999999999999,5.2,29.0,0.02640383781041691,True,0
kaggle_mlb_vegas:2018-04-03:BOS:MIA:0,2018-04-03,MIA,BOS,7.5,0.2934179222839017,0.4512967518255245,False,False,2,0,0.4819345049356811,0.4512967518255245,0.0306377531101565,0.0306377531101565,low_total,4,road_favorite,model_higher_by_3pp,largest,0.0,0.2999999999999998,32.0,0.02640383781041691,True,0
kaggle_mlb_vegas:2018-04-03:COL:SD:0,2018-04-03,SD,COL,8.0,0.4837531945965681,0.5,True,True,2,1,0.5269473196800253,0.5,0.0269473196800252,0.0269473196800252,high_total,4,road_favorite,within_3pp,largest,-0.4,-5.2,27.0,0.02640383781041691,True,1
kaggle_mlb_vegas:2018-04-04:BAL:HOU:0,2018-04-04,HOU,BAL,8.0,0.6103477573023174,0.4826358742837298,True,False,2,0,0.536926472426747,0.4826358742837298,0.0542905981430171,0.0542905981430171,high_total,4,home_favorite,model_higher_by_3pp,largest,0.6,6.300000000000001,33.0,0.02640383781041691,True,0
kaggle_mlb_vegas:2018-04-04:CLE:LAA:0,2018-04-04,LAA,CLE,7.0,0.4149377593360995,0.5195490681610844,True,False,2,0,0.4871886317743868,0.5195490681610844,-0.0323604363866975,0.0323604363866975,low_total,4,road_favorite,market_higher_by_3pp,largest,0.1999999999999999,2.3999999999999995,18.0,0.02640383781041691,True,0
kaggle_mlb_vegas:2018-04-05:CHC:MIL:0,2018-04-05,MIL,CHC,9.0,0.4907015667859966,0.4804509318389158,False,False,2,0,0.5120526827543691,0.4804509318389158,0.0316017509154533,0.0316017509154533,high_total,4,road_favorite,model_higher_by_3pp,largest,0.3999999999999999,2.5,28.0,0.02640383781041691,True,0
kaggle_mlb_vegas:2018-04-06:BAL:NYY:0,2018-04-06,NYY,BAL,9.5,0.6270291076571854,0.4804509318389158,False,True,2,1,0.5235972811398479,0.4804509318389158,0.0431463493009321,0.0431463493009321,high_total,4,home_favorite,model_higher_by_3pp,largest,0.3,3.6999999999999993,33.0,0.02640383781041691,True,0
kaggle_mlb_vegas:2018-04-07:CHC:MIL:0,2018-04-07,MIL,CHC,9.0,0.4455578077790951,0.4760776372762327,False,False,2,0,0.5034647436820096,0.4760776372762327,0.0273871064057768,0.0273871064057768,high_total,4,road_favorite,within_3pp,largest,0.1999999999999999,0.1999999999999997,24.0,0.02640383781041691,True,0
kaggle_mlb_vegas:2018-04-08:CIN:PIT:0,2018-04-08,PIT,CIN,7.5,0.5933014354066986,0.5043297540699689,True,False,2,0,0.4757681549836243,0.5043297540699689,-0.0285615990863446,0.0285615990863446,low_total,4,home_favorite,within_3pp,largest,0.5,4.7,34.0,0.02640383781041691,True,0
kaggle_mlb_vegas:2018-04-09:NYM:MIA:0,2018-04-09,MIA,NYM,7.5,0.3185167577846446,0.4804509318389158,False,False,2,0,0.5087701621143764,0.4804509318389158,0.0283192302754606,0.0283192302754606,low_total,4,road_favorite,within_3pp,largest,-0.5,-3.999999999999999,20.0,0.02640383781041691,True,1
kaggle_mlb_vegas:2018-04-10:NYM:MIA:0,2018-04-10,MIA,NYM,8.0,0.3561219051310625,0.4633693278082834,False,True,2,1,0.5014952148519277,0.4633693278082834,0.0381258870436443,0.0381258870436443,high_total,4,road_favorite,model_higher_by_3pp,largest,-0.5,-3.8,19.0,0.02640383781041691,True,1
kaggle_mlb_vegas:2018-04-10:NYY:BOS:0,2018-04-10,BOS,NYY,7.0,0.5525036648406759,0.447405997144217,True,True,2,1,0.4873180731666965,0.447405997144217,0.0399120760224795,0.0399120760224795,low_total,4,home_favorite,model_higher_by_3pp,largest,0.3,0.3999999999999999,31.0,0.02640383781041691,True,0
kaggle_mlb_vegas:2018-04-11:DET:CLE:0,2018-04-11,CLE,DET,8.0,0.7241379310344829,0.5217391304347826,True,False,2,0,0.474273647560714,0.5217391304347826,-0.0474654828740686,0.0474654828740686,high_total,4,home_favorite,market_higher_by_3pp,largest,0.1999999999999999,-0.3999999999999999,20.0,0.02640383781041691,True,0
kaggle_mlb_vegas:2018-04-11:TB:CWS:0,2018-04-11,CWS,TB,9.0,0.4556962025316455,0.4654419639179504,True,False,2,0,0.5075674964220176,0.4654419639179504,0.0421255325040672,0.0421255325040672,high_total,4,road_favorite,model_higher_by_3pp,largest,0.0999999999999999,1.0,28.0,0.02640383781041691,True,0
kaggle_mlb_vegas:2018-04-12:CWS:MIN:0,2018-04-12,MIN,CWS,8.5,0.6841382467383841,0.5217391304347826,True,False,2,0,0.49231868749386,0.5217391304347826,-0.0294204429409225,0.0294204429409225,high_total,4,home_favorite,within_3pp,largest,0.3,2.8000000000000003,23.0,0.02640383781041691,True,0
kaggle_mlb_vegas:2018-04-13:NYY:DET:0,2018-04-13,DET,NYY,9.0,0.3716198408096569,0.4782608695652174,False,True,2,1,0.5092495193093397,0.4782608695652174,0.0309886497441223,0.0309886497441223,high_total,4,road_favorite,model_higher_by_3pp,largest,0.0,0.3999999999999999,30.0,0.02640383781041691,True,0
kaggle_mlb_vegas:2018-04-13:PIT:MIA:0,2018-04-13,MIA,PIT,8.0,0.4476940822271314,0.4978354041300489,True,True,2,1,0.5322791592940495,0.4978354041300489,0.0344437551640005,0.0344437551640005,high_total,4,road_favorite,model_higher_by_3pp,largest,-0.4999999999999999,-4.7,37.0,0.02640383781041691,True,1
kaggle_mlb_vegas:2018-04-14:STL:CIN:0,2018-04-14,CIN,STL,9.5,0.4639835401314269,0.4654419639179504,False,False,2,0,0.4953153522580727,0.4654419639179504,0.0298733883401223,0.0298733883401223,high_total,4,road_favorite,within_3pp,largest,-0.3,-4.6,17.0,0.02640383781041691,True,1
kaggle_mlb_vegas:2018-04-15:BAL:BOS:0,2018-04-15,BOS,BAL,6.5,0.6713021491782554,0.4935039625828245,True,False,2,0,0.4536174048108027,0.4935039625828245,-0.0398865577720217,0.0398865577720217,low_total,4,home_favorite,market_higher_by_3pp,largest,0.5,5.3,27.0,0.02640383781041691,True,0
kaggle_mlb_vegas:2018-04-15:MIL:NYM:0,2018-04-15,NYM,MIL,7.0,0.6512909051670283,0.4572564612326044,True,False,2,0,0.4912726609555621,0.4572564612326044,0.0340161997229577,0.0340161997229577,low_total,4,home_favorite,model_higher_by_3pp,largest,0.5,3.2,17.0,0.02640383781041691,True,0
kaggle_mlb_vegas:2018-04-16:MIA:NYY:0,2018-04-16,NYY,MIA,8.5,0.7520531346766594,0.4913359902963091,True,True,2,1,0.5224871366401173,0.4913359902963091,0.0311511463438081,0.0311511463438081,high_total,4,home_favorite,model_higher_by_3pp,largest,0.3,2.8,35.0,0.02640383781041691,True,0
kaggle_mlb_vegas:2018-04-18:BAL:DET:0,2018-04-18,DET,BAL,8.5,0.4639835401314269,0.4739134147382802,True,True,2,1,0.5033735825755241,0.4739134147382802,0.0294601678372439,0.0294601678372439,high_total,4,road_favorite,within_3pp,largest,0.1,1.4000000000000004,26.0,0.02640383781041691,True,0
kaggle_mlb_vegas:2018-04-18:SF:ARI:0,2018-04-18,ARI,SF,8.0,0.6118283321702722,0.5217391304347826,False,False,2,0,0.4943943354255182,0.5217391304347826,-0.0273447950092644,0.0273447950092644,high_total,4,home_favorite,within_3pp,largest,0.3999999999999999,2.2999999999999994,22.0,0.02640383781041691,True,0
kaggle_mlb_vegas:2018-04-19:BOS:LAA:0,2018-04-19,LAA,BOS,8.5,0.486051922323835,0.4804509318389158,False,True,2,1,0.506919899896923,0.4804509318389158,0.0264689680580071,0.0264689680580071,high_total,4,road_favorite,within_3pp,largest,-0.2,-4.0,21.0,0.02640383781041691,True,1
kaggle_mlb_vegas:2018-04-20:KC:DET:1,2018-04-20,DET,KC,9.0,0.5523059177728685,0.4675324675324676,True,False,2,0,0.4992470411122269,0.4675324675324676,0.0317145735797593,0.0317145735797593,high_total,4,home_favorite,model_higher_by_3pp,largest,0.4,2.599999999999999,33.0,0.02640383781041691,True,0
kaggle_mlb_vegas:2018-04-20:KC:DET:2,2018-04-20,DET,KC,8.0,0.5023229882921391,0.5,False,False,2,0,0.5340720481812998,0.5,0.0340720481812998,0.0340720481812998,high_total,4,home_favorite,model_higher_by_3pp,largest,0.4,2.0999999999999996,33.0,0.02640383781041691,True,0
kaggle_mlb_vegas:2018-04-20:PIT:PHI:0,2018-04-20,PHI,PIT,8.0,0.5023229882921391,0.5217391304347826,True,False,2,0,0.4763545194483115,0.5217391304347826,-0.045384610986471,0.045384610986471,high_total,4,home_favorite,market_higher_by_3pp,largest,0.3,3.0,26.0,0.02640383781041691,True,0
kaggle_mlb_vegas:2018-04-21:BOS:ATH:0,2018-04-21,ATH,BOS,7.5,0.3812824956672444,0.4675324675324676,True,False,2,0,0.4959505193400242,0.4675324675324676,0.0284180518075566,0.0284180518075566,low_total,4,road_favorite,within_3pp,largest,-0.4,-4.499999999999999,19.0,0.02640383781041691,True,1
kaggle_mlb_vegas:2018-04-23:CLE:BAL:0,2018-04-23,BAL,CLE,8.0,0.3676233473073202,0.4956702459300312,False,False,2,0,0.5257841506748916,0.4956702459300312,0.0301139047448604,0.0301139047448604,high_total,4,road_favorite,model_higher_by_3pp,largest,-0.4999999999999999,-4.3999999999999995,12.0,0.02640383781041691,True,1
kaggle_mlb_vegas:2018-04-23:LAA:HOU:0,2018-04-23,HOU,LAA,8.5,0.6465194414307213,0.5260865852617197,False,False,2,0,0.4767741516916952,0.5260865852617197,-0.0493124335700245,0.0493124335700245,high_total,4,home_favorite,market_higher_by_3pp,largest,0.1999999999999999,5.6000000000000005,27.0,0.02640383781041691,True,0
kaggle_mlb_vegas:2018-04-24:MIL:KC:0,2018-04-24,KC,MIL,9.5,0.4494513191688069,0.4826358742837298,False,False,2,0,0.5202047510331494,0.4826358742837298,0.0375688767494196,0.0375688767494196,high_total,4,road_favorite,model_higher_by_3pp,largest,-0.4999999999999999,-5.3,16.0,0.02640383781041691,True,1
kaggle_mlb_vegas:2018-04-24:SD:COL:0,2018-04-24,COL,SD,10.0,0.5933014354066986,0.4782608695652174,True,False,2,0,0.5130225947960744,0.4782608695652174,0.0347617252308569,0.0347617252308569,high_total,4,home_favorite,model_higher_by_3pp,largest,0.0,-2.0999999999999996,20.0,0.02640383781041691,True,1
kaggle_mlb_vegas:2018-04-24:SEA:CWS:0,2018-04-24,CWS,SEA,9.5,0.4577407225764263,0.4804509318389158,False,False,2,0,0.5191187704360689,0.4804509318389158,0.0386678385971531,0.0386678385971531,high_total,4,road_favorite,model_higher_by_3pp,largest,-0.2,-2.2,27.0,0.02640383781041691,True,1
kaggle_mlb_vegas:2018-04-25:MIA:LAD:0,2018-04-25,LAD,MIA,7.0,0.7738809413936317,0.5324675324675325,False,True,2,1,0.483934177666362,0.5324675324675325,-0.0485333548011704,0.0485333548011704,low_total,4,home_favorite,market_higher_by_3pp,largest,0.4999999999999999,4.7,34.0,0.02640383781041691,True,0
kaggle_mlb_vegas:2018-04-27:ATH:HOU:0,2018-04-27,HOU,ATH,8.5,0.6270291076571854,0.5195490681610844,False,True,2,1,0.4827559753306872,0.5195490681610844,-0.0367930928303971,0.0367930928303971,high_total,4,home_favorite,market_higher_by_3pp,largest,-0.1,1.7000000000000002,25.0,0.02640383781041691,True,0
kaggle_mlb_vegas:2018-04-27:COL:MIA:0,2018-04-27,MIA,COL,8.0,0.4516603991324937,0.4978354041300489,False,False,2,0,0.5250995988099373,0.4978354041300489,0.0272641946798883,0.0272641946798883,high_total,4,road_favorite,within_3pp,largest,-0.3,-1.6999999999999993,34.0,0.02640383781041691,True,1
kaggle_mlb_vegas:2018-04-27:LAD:SF:0,2018-04-27,SF,LAD,8.0,0.4639835401314269,0.4782608695652174,True,True,2,1,0.5060694576335732,0.4782608695652174,0.0278085880683558,0.0278085880683558,high_total,4,road_favorite,within_3pp,largest,-0.1999999999999999,-3.8,25.0,0.02640383781041691,True,1
kaggle_mlb_vegas:2018-04-27:NYM:SD:0,2018-04-27,SD,NYM,7.0,0.3881716678297278,0.4717679663204214,False,False,2,0,0.5097595013904026,0.4717679663204214,0.0379915350699812,0.0379915350699812,low_total,4,road_favorite,model_higher_by_3pp,largest,-0.1,-0.4000000000000003,28.0,0.02640383781041691,True,1
kaggle_mlb_vegas:2018-04-28:CIN:MIN:0,2018-04-28,MIN,CIN,10.5,0.5816746508332771,0.4891657638136511,True,False,2,0,0.5212129547614248,0.4891657638136511,0.0320471909477736,0.0320471909477736,high_total,4,home_favorite,model_higher_by_3pp,largest,-0.1999999999999999,-4.0,22.0,0.02640383781041691,True,1
kaggle_mlb_vegas:2018-04-29:MIL:CHC:0,2018-04-29,CHC,MIL,8.5,0.5883967071736574,0.5217391304347826,True,False,2,0,0.4891429951191825,0.5217391304347826,-0.0325961353156,0.0325961353156,high_total,4,home_favorite,market_higher_by_3pp,largest,0.0,-0.4000000000000003,11.0,0.02640383781041691,True,1
kaggle_mlb_vegas:2018-04-30:TOR:MIN:0,2018-04-30,MIN,TOR,10.0,0.5296046953219403,0.4804509318389158,False,True,2,1,0.5182385691094602,0.4804509318389158,0.0377876372705444,0.0377876372705444,high_total,4,home_favorite,model_higher_by_3pp,largest,-0.1999999999999999,-3.3000000000000003,10.0,0.02640383781041691,True,1
kaggle_mlb_vegas:2018-05-01:ATL:NYM:0,2018-05-01,NYM,ATL,7.0,0.6297217024951263,0.5282320336795787,False,False,2,0,0.4986884259309164,0.5282320336795787,-0.0295436077486622,0.0295436077486622,low_total,5,home_favorite,within_3pp,largest,-0.0999999999999999,-1.4000000000000004,38.0,0.02640383781041691,True,0
kaggle_mlb_vegas:2018-05-01:SD:SF:0,2018-05-01,SF,SD,7.5,0.5747350808700502,0.4675324675324676,False,False,2,0,0.5143053890411822,0.4675324675324676,0.0467729215087145,0.0467729215087145,low_total,5,home_favorite,model_higher_by_3pp,largest,0.3999999999999999,0.5,32.0,0.02640383781041691,True,0
kaggle_mlb_vegas:2018-05-01:TB:DET:0,2018-05-01,DET,TB,8.5,0.3941610215214916,0.5,True,False,2,0,0.5286524643653477,0.5,0.0286524643653477,0.0286524643653477,high_total,5,road_favorite,within_3pp,largest,-0.6000000000000001,-3.3,31.0,0.02640383781041691,True,1
kaggle_mlb_vegas:2018-05-01:TOR:MIN:0,2018-05-01,MIN,TOR,9.0,0.5483396008675064,0.4675324675324676,False,True,2,1,0.5013386827372135,0.4675324675324676,0.0338062152047459,0.0338062152047459,high_total,5,home_favorite,model_higher_by_3pp,largest,-0.3,-3.6999999999999993,11.0,0.02640383781041691,True,1
kaggle_mlb_vegas:2018-05-02:PIT:WSH:0,2018-05-02,WSH,PIT,7.5,0.638854296388543,0.5195490681610844,True,True,2,1,0.4922036446863627,0.5195490681610844,-0.0273454234747216,0.0273454234747216,low_total,5,home_favorite,within_3pp,largest,-0.0999999999999999,1.5000000000000004,17.0,0.02640383781041691,True,0
kaggle_mlb_vegas:2018-05-03:PIT:WSH:0,2018-05-03,WSH,PIT,9.5,0.5601610257939467,0.5217391304347826,True,False,2,0,0.4906439298810276,0.5217391304347826,-0.0310952005537549,0.0310952005537549,high_total,5,home_favorite,market_higher_by_3pp,largest,0.0,2.7,18.0,0.02640383781041691,True,0
kaggle_mlb_vegas:2018-05-03:TOR:CLE:2,2018-05-03,CLE,TOR,10.0,0.5850622406639004,0.4848162769511084,True,True,2,1,0.5150735692830355,0.4848162769511084,0.030257292331927,0.030257292331927,high_total,5,home_favorite,model_higher_by_3pp,largest,-0.0999999999999999,-1.4000000000000004,16.0,0.02640383781041691,True,1
kaggle_mlb_vegas:2018-05-04:COL:NYM:0,2018-05-04,NYM,COL,8.5,0.536016459868573,0.4782608695652174,False,True,2,1,0.5091461209531314,0.4782608695652174,0.0308852513879139,0.0308852513879139,high_total,5,home_favorite,model_higher_by_3pp,largest,-0.2,-2.7999999999999994,30.0,0.02640383781041691,True,1
kaggle_mlb_vegas:2018-05-04:LAD:SD:0,2018-05-04,SD,LAD,8.0,0.4536695037738878,0.4782608695652174,False,False,2,0,0.5161918533324881,0.4782608695652174,0.0379309837672706,0.0379309837672706,high_total,5,road_favorite,model_higher_by_3pp,largest,0.0,-1.2999999999999998,25.0,0.02640383781041691,True,1
kaggle_mlb_vegas:2018-05-05:CHC:STL:0,2018-05-05,STL,CHC,8.5,0.5483396008675064,0.5217391304347826,True,True,2,1,0.4937908659719126,0.5217391304347826,-0.02794826446287,0.02794826446287,high_total,5,home_favorite,within_3pp,largest,0.0,0.7999999999999998,13.0,0.02640383781041691,True,0
kaggle_mlb_vegas:2018-05-05:CLE:NYY:0,2018-05-05,NYY,CLE,9.0,0.5,0.5324675324675325,True,False,2,0,0.485800246267117,0.5324675324675325,-0.0466672862004154,0.0466672862004154,high_total,5,home_favorite,market_higher_by_3pp,largest,0.5,2.5,37.0,0.02640383781041691,True,0
kaggle_mlb_vegas:2018-05-06:CLE:NYY:0,2018-05-06,NYY,CLE,8.5,0.5483396008675064,0.5217391304347826,True,True,2,1,0.4864268130177009,0.5217391304347826,-0.0353123174170816,0.0353123174170816,high_total,5,home_favorite,market_higher_by_3pp,largest,0.5,2.7,38.0,0.02640383781041691,True,0
kaggle_mlb_vegas:2018-05-06:DET:KC:0,2018-05-06,KC,DET,8.5,0.5711804940284226,0.5345580360820497,True,False,2,0,0.5060457675826956,0.5345580360820497,-0.028512268499354,0.028512268499354,high_total,5,home_favorite,within_3pp,largest,0.0999999999999999,0.3000000000000002,32.0,0.02640383781041691,True,0
kaggle_mlb_vegas:2018-05-08:DET:TEX:0,2018-05-08,TEX,DET,9.5,0.6172970557014359,0.4804509318389158,False,True,2,1,0.5129418847259595,0.4804509318389158,0.0324909528870436,0.0324909528870436,high_total,5,home_favorite,model_higher_by_3pp,largest,0.0,-0.8000000000000007,28.0,0.02640383781041691,True,0
kaggle_mlb_vegas:2018-05-09:ARI:LAD:0,2018-05-09,LAD,ARI,7.0,0.536016459868573,0.4572564612326044,True,True,2,1,0.4869403887052336,0.4572564612326044,0.0296839274726292,0.0296839274726292,low_total,5,home_favorite,within_3pp,largest,-0.3,-0.9000000000000004,15.0,0.02640383781041691,True,1
kaggle_mlb_vegas:2018-05-09:LAA:COL:0,2018-05-09,COL,LAA,12.0,0.5638948950049474,0.5239223627237672,False,False,2,0,0.489929052381101,0.5239223627237672,-0.0339933103426662,0.0339933103426662,high_total,5,home_favorite,market_higher_by_3pp,largest,0.1999999999999999,0.2000000000000006,27.0,0.02640383781041691,True,0
kaggle_mlb_vegas:2018-05-11:MIL:COL:0,2018-05-11,COL,MIL,11.0,0.513948077676165,0.5239223627237672,False,True,2,1,0.4951277946753405,0.5239223627237672,-0.0287945680484267,0.0287945680484267,high_total,5,home_favorite,within_3pp,largest,0.0,0.9000000000000004,14.0,0.02640383781041691,True,1
kaggle_mlb_vegas:2018-05-12:SEA:DET:1,2018-05-12,DET,SEA,9.0,0.4066985645933014,0.4891657638136511,True,False,2,0,0.522801347200337,0.4891657638136511,0.0336355833866858,0.0336355833866858,high_total,5,road_favorite,model_higher_by_3pp,largest,-0.1999999999999999,-1.4000000000000004,22.0,0.02640383781041691,True,1
kaggle_mlb_vegas:2018-05-13:ATH:NYY:0,2018-05-13,NYY,ATH,8.5,0.734781914043777,0.469641060046964,True,False,2,0,0.5096531844057862,0.469641060046964,0.0400121243588222,0.0400121243588222,high_total,5,home_favorite,model_higher_by_3pp,largest,0.3,2.3000000000000007,23.0,0.02640383781041691,True,0
kaggle_mlb_vegas:2018-05-13:MIL:COL:0,2018-05-13,COL,MIL,10.5,0.6012269938650306,0.5108342361863489,False,False,2,0,0.4819373917921646,0.5108342361863489,-0.0288968443941843,0.0288968443941843,high_total,5,home_favorite,within_3pp,largest,0.0999999999999999,1.8000000000000007,17.0,0.02640383781041691,True,0
kaggle_mlb_vegas:2018-05-13:TEX:HOU:0,2018-05-13,HOU,TEX,8.5,0.7224199288256229,0.5217391304347826,True,False,2,0,0.4951248824609629,0.5217391304347826,-0.0266142479738196,0.0266142479738196,high_total,5,home_favorite,within_3pp,largest,0.0999999999999999,4.0,24.0,0.02640383781041691,True,0
kaggle_mlb_vegas:2018-05-14:ATL:CHC:0,2018-05-14,CHC,ATL,8.5,0.5850622406639004,0.5217391304347826,False,True,2,1,0.4799478132009345,0.5217391304347826,-0.0417913172338481,0.0417913172338481,high_total,5,home_favorite,market_higher_by_3pp,largest,-0.0999999999999999,1.0,13.0,0.02640383781041691,True,1
kaggle_mlb_vegas:2018-05-16:LAD:MIA:0,2018-05-16,MIA,LAD,8.0,0.3571428571428571,0.4978354041300489,True,True,2,1,0.5243764386345716,0.4978354041300489,0.0265410345045227,0.0265410345045227,high_total,5,road_favorite,within_3pp,largest,0.2,-0.6000000000000005,28.0,0.02640383781041691,True,0
kaggle_mlb_vegas:2018-05-16:PHI:BAL:0,2018-05-16,BAL,PHI,10.0,0.4907015667859966,0.4782608695652174,False,False,2,0,0.5152142608834457,0.4782608695652174,0.0369533913182282,0.0369533913182282,high_total,5,road_favorite,model_higher_by_3pp,largest,-0.1999999999999999,-1.6,20.0,0.02640383781041691,True,1
kaggle_mlb_vegas:2018-05-17:LAD:MIA:0,2018-05-17,MIA,LAD,7.5,0.3911439114391144,0.4782608695652174,False,False,2,0,0.5362250620499074,0.4782608695652174,0.0579641924846899,0.0579641924846899,low_total,5,road_favorite,model_higher_by_3pp,largest,0.3,-0.600000000000001,26.0,0.02640383781041691,True,0
kaggle_mlb_vegas:2018-05-17:TEX:CWS:0,2018-05-17,CWS,TEX,9.5,0.4792189179505553,0.4869927159209156,True,False,2,0,0.5238820059440378,0.4869927159209156,0.0368892900231221,0.0368892900231221,high_total,5,road_favorite,model_higher_by_3pp,largest,-0.3,-1.9000000000000004,21.0,0.02640383781041691,True,1
kaggle_mlb_vegas:2018-05-18:DET:SEA:0,2018-05-18,SEA,DET,7.5,0.6187175043327556,0.5217391304347826,True,True,2,1,0.492701892208129,0.5217391304347826,-0.0290372382266535,0.0290372382266535,low_total,5,home_favorite,within_3pp,largest,-0.0999999999999999,0.8999999999999995,21.0,0.02640383781041691,True,0
kaggle_mlb_vegas:2018-05-18:MIA:ATL:0,2018-05-18,ATL,MIA,9.0,0.6115107913669063,0.5324675324675325,False,False,2,0,0.4978767618142808,0.5324675324675325,-0.0345907706532517,0.0345907706532517,high_total,5,home_favorite,market_higher_by_3pp,largest,0.3999999999999999,5.199999999999999,41.0,0.02640383781041691,True,0
kaggle_mlb_vegas:2018-05-19:ARI:NYM:0,2018-05-19,NYM,ARI,7.0,0.4494513191688069,0.4675324675324676,True,True,2,1,0.5044920025343622,0.4675324675324676,0.0369595350018946,0.0369595350018946,low_total,5,road_favorite,model_higher_by_3pp,largest,0.2,1.0999999999999996,19.0,0.02640383781041691,True,0
kaggle_mlb_vegas:2018-05-19:CLE:HOU:0,2018-05-19,HOU,CLE,7.0,0.513948077676165,0.5427435387673957,False,True,2,1,0.5010564115602967,0.5427435387673957,-0.0416871272070989,0.0416871272070989,low_total,5,home_favorite,market_higher_by_3pp,largest,0.4,2.3000000000000003,29.0,0.02640383781041691,True,0
kaggle_mlb_vegas:2018-05-19:COL:SF:0,2018-05-19,SF,COL,7.5,0.4814756210583422,0.4891657638136511,True,True,2,1,0.5165948808469923,0.4891657638136511,0.0274291170333412,0.0274291170333412,low_total,5,road_favorite,within_3pp,largest,-0.2,-1.5999999999999996,18.0,0.02640383781041691,True,1
kaggle_mlb_vegas:2018-05-20:CLE:HOU:0,2018-05-20,HOU,CLE,7.5,0.5764909248055314,0.5195490681610844,True,False,2,0,0.4862327689254196,0.5195490681610844,-0.0333162992356647,0.0333162992356647,low_total,5,home_favorite,market_higher_by_3pp,largest,0.1999999999999999,0.4000000000000001,30.0,0.02640383781041691,True,0
kaggle_mlb_vegas:2018-05-20:SD:PIT:0,2018-05-20,PIT,SD,8.0,0.5747350808700502,0.5217391304347826,False,True,2,1,0.4952340063640658,0.5217391304347826,-0.0265051240707168,0.0265051240707168,high_total,5,home_favorite,within_3pp,largest,0.0999999999999999,0.9000000000000004,12.0,0.02640383781041691,True,0
kaggle_mlb_vegas:2018-05-21:ARI:MIL:0,2018-05-21,MIL,ARI,7.5,0.4417293233082706,0.5130072840790842,True,False,2,0,0.5511252538094958,0.5130072840790842,0.0381179697304115,0.0381179697304115,low_total,5,road_favorite,model_higher_by_3pp,largest,0.6,4.0,20.0,0.02640383781041691,True,0
kaggle_mlb_vegas:2018-05-22:CLE:CHC:0,2018-05-22,CHC,CLE,8.0,0.4703953046780597,0.5043297540699689,False,True,2,1,0.4773741486509337,0.5043297540699689,-0.0269556054190352,0.0269556054190352,high_total,5,road_favorite,within_3pp,largest,0.0999999999999999,1.5000000000000009,23.0,0.02640383781041691,True,0
kaggle_mlb_vegas:2018-05-23:ARI:MIL:0,2018-05-23,MIL,ARI,8.0,0.513948077676165,0.5,True,True,2,1,0.5338409920526715,0.5,0.0338409920526715,0.0338409920526715,high_total,5,home_favorite,model_higher_by_3pp,largest,0.6,3.9,18.0,0.02640383781041691,True,0
kaggle_mlb_vegas:2018-05-23:CLE:CHC:0,2018-05-23,CHC,CLE,8.5,0.6158662708072438,0.5064960374171755,False,False,2,0,0.4558778496296872,0.5064960374171755,-0.0506181877874883,0.0506181877874883,high_total,5,home_favorite,market_higher_by_3pp,largest,0.0,-0.7999999999999998,23.0,0.02640383781041691,True,0
kaggle_mlb_vegas:2018-05-23:NYY:TEX:0,2018-05-23,TEX,NYY,9.5,0.3498902305159166,0.4760776372762327,True,True,2,1,0.5057600622254974,0.4760776372762327,0.0296824249492647,0.0296824249492647,high_total,5,road_favorite,within_3pp,largest,-0.2,-2.1000000000000005,16.0,0.02640383781041691,True,1
kaggle_mlb_vegas:2018-05-25:ATL:BOS:0,2018-05-25,BOS,ATL,10.5,0.6336902505251294,0.5173641257162701,True,False,2,0,0.487554949272815,0.5173641257162701,-0.0298091764434551,0.0298091764434551,high_total,5,home_favorite,within_3pp,largest,0.0,0.4999999999999995,16.0,0.02640383781041691,True,1
kaggle_mlb_vegas:2018-05-25:LAA:NYY:0,2018-05-25,NYY,LAA,9.0,0.6814832422153554,0.5195490681610844,True,False,2,0,0.4773028678949323,0.5195490681610844,-0.042246200266152,0.042246200266152,high_total,5,home_favorite,market_higher_by_3pp,largest,0.0999999999999999,1.7000000000000002,19.0,0.02640383781041691,True,0
kaggle_mlb_vegas:2018-05-25:WSH:MIA:0,2018-05-25,MIA,WSH,7.0,0.3207547169811321,0.4826358742837298,False,True,2,1,0.512827717666656,0.4826358742837298,0.0301918433829262,0.0301918433829262,low_total,5,road_favorite,model_higher_by_3pp,largest,-0.0999999999999999,-1.2999999999999998,14.0,0.02640383781041691,True,1
kaggle_mlb_vegas:2018-05-26:ARI:ATH:0,2018-05-26,ATH,ARI,9.0,0.6103477573023174,0.4675324675324676,True,False,2,0,0.4982679375519844,0.4675324675324676,0.0307354700195168,0.0307354700195168,high_total,5,home_favorite,model_higher_by_3pp,largest,0.3999999999999999,2.8,13.0,0.02640383781041691,True,0
kaggle_mlb_vegas:2018-05-26:ATL:BOS:0,2018-05-26,BOS,ATL,10.5,0.5443037974683544,0.5324675324675325,True,True,2,1,0.4946250707876171,0.5324675324675325,-0.0378424616799154,0.0378424616799154,high_total,5,home_favorite,market_higher_by_3pp,largest,0.1999999999999999,1.5,17.0,0.02640383781041691,True,0
kaggle_mlb_vegas:2018-05-26:SD:LAD:0,2018-05-26,LAD,SD,7.0,0.6713021491782554,0.5324675324675325,False,True,2,1,0.5055042276072884,0.5324675324675325,-0.0269633048602441,0.0269633048602441,low_total,5,home_favorite,within_3pp,largest,0.1999999999999999,2.1,13.0,0.02640383781041691,True,0
kaggle_mlb_vegas:2018-05-30:CWS:CLE:0,2018-05-30,CLE,CWS,8.5,0.6888888888888889,0.5324675324675325,True,True,2,1,0.4826124195620943,0.5324675324675325,-0.0498551129054382,0.0498551129054382,high_total,5,home_favorite,market_higher_by_3pp,largest,0.2999999999999999,0.2000000000000001,15.0,0.02640383781041691,True,0
kaggle_mlb_vegas:2018-05-30:SF:COL:0,2018-05-30,COL,SF,10.5,0.6012269938650306,0.5195490681610844,False,True,2,1,0.4908755009323003,0.5195490681610844,-0.028673567228784,0.028673567228784,high_total,5,home_favorite,within_3pp,largest,0.2,2.500000000000001,30.0,0.02640383781041691,True,0
kaggle_mlb_vegas:2018-06-01:NYY:BAL:0,2018-06-01,BAL,NYY,10.5,0.374331550802139,0.4804509318389158,False,False,2,0,0.5082498421262083,0.4804509318389158,0.0277989102872924,0.0277989102872924,high_total,6,road_favorite,within_3pp,largest,-0.3,-2.5,16.0,0.02640383781041691,True,1
kaggle_mlb_vegas:2018-06-01:TOR:DET:0,2018-06-01,DET,TOR,9.0,0.2686762778505897,0.5151837230488916,True,False,2,0,0.4844450011768606,0.5151837230488916,-0.0307387218720309,0.0307387218720309,high_total,6,road_favorite,market_higher_by_3pp,largest,0.3,2.4,31.0,0.02640383781041691,True,0
kaggle_mlb_vegas:2018-06-02:CHC:NYM:0,2018-06-02,NYM,CHC,7.0,0.5207810820494446,0.5324675324675325,False,True,2,1,0.505170489970423,0.5324675324675325,-0.0272970424971095,0.0272970424971095,low_total,6,home_favorite,within_3pp,largest,-0.3,-2.4,14.0,0.02640383781041691,True,1
kaggle_mlb_vegas:2018-06-02:LAD:COL:0,2018-06-02,COL,LAD,11.0,0.4436355363439881,0.4782608695652174,False,True,2,1,0.5083299219810418,0.4782608695652174,0.0300690524158243,0.0300690524158243,high_total,6,road_favorite,model_higher_by_3pp,largest,-0.1999999999999999,-1.1,20.0,0.02640383781041691,True,1
kaggle_mlb_vegas:2018-06-02:PIT:STL:0,2018-06-02,STL,PIT,8.5,0.5916792592354435,0.5217391304347826,True,False,2,0,0.4945128999789145,0.5217391304347826,-0.027226230455868,0.027226230455868,high_total,6,home_favorite,within_3pp,largest,0.0,-0.8000000000000007,27.0,0.02640383781041691,True,0
kaggle_mlb_vegas:2018-06-03:LAD:COL:0,2018-06-03,COL,LAD,12.0,0.4235090751944684,0.4891657638136511,False,True,2,1,0.5170513397697826,0.4891657638136511,0.0278855759561314,0.0278855759561314,high_total,6,road_favorite,within_3pp,largest,-0.2999999999999999,-2.5999999999999996,20.0,0.02640383781041691,True,1
kaggle_mlb_vegas:2018-06-05:CWS:MIN:1,2018-06-05,MIN,CWS,8.5,0.6103477573023174,0.5324675324675325,True,False,2,0,0.5016789259125735,0.5324675324675325,-0.030788606554959,0.030788606554959,high_total,6,home_favorite,market_higher_by_3pp,largest,0.1,1.9000000000000004,14.0,0.02640383781041691,True,0
kaggle_mlb_vegas:2018-06-05:MIL:CLE:0,2018-06-05,CLE,MIL,7.5,0.6547884187082406,0.5217391304347826,True,False,2,0,0.4857996362839191,0.5217391304347826,-0.0359394941508635,0.0359394941508635,low_total,6,home_favorite,market_higher_by_3pp,largest,0.0,-0.5,17.0,0.02640383781041691,True,0
kaggle_mlb_vegas:2018-06-06:COL:CIN:0,2018-06-06,CIN,COL,9.5,0.4536695037738878,0.4739134147382802,False,False,2,0,0.5048887532933501,0.4739134147382802,0.0309753385550699,0.0309753385550699,high_total,6,road_favorite,model_higher_by_3pp,largest,-0.2,-2.0,35.0,0.02640383781041691,True,1
kaggle_mlb_vegas:2018-06-06:CWS:MIN:0,2018-06-06,MIN,CWS,9.5,0.6115107913669063,0.5173641257162701,False,False,2,0,0.4908665293373139,0.5173641257162701,-0.0264975963789561,0.0264975963789561,high_total,6,home_favorite,within_3pp,largest,0.0999999999999999,1.2000000000000002,15.0,0.02640383781041691,True,0
kaggle_mlb_vegas:2018-06-06:MIL:CLE:0,2018-06-06,CLE,MIL,8.5,0.6559391974864753,0.4891657638136511,True,False,2,0,0.4600053654836977,0.4891657638136511,-0.0291603983299533,0.0291603983299533,high_total,6,home_favorite,within_3pp,largest,0.0999999999999999,0.1000000000000005,15.0,0.02640383781041691,True,0
kaggle_mlb_vegas:2018-06-08:ARI:COL:0,2018-06-08,COL,ARI,11.0,0.5092984332140034,0.4782608695652174,False,True,2,1,0.5075018966665612,0.4782608695652174,0.0292410271013437,0.0292410271013437,high_total,6,home_favorite,within_3pp,largest,-0.0999999999999999,-1.5,13.0,0.02640383781041691,True,1
kaggle_mlb_vegas:2018-06-08:HOU:TEX:0,2018-06-08,TEX,HOU,9.0,0.3571428571428571,0.5345580360820497,False,True,2,1,0.4962540163029565,0.5345580360820497,-0.038304019779093,0.038304019779093,high_total,6,road_favorite,market_higher_by_3pp,largest,0.0,-0.1,20.0,0.02640383781041691,True,1
kaggle_mlb_vegas:2018-06-08:SEA:TB:0,2018-06-08,TB,SEA,8.0,0.7388191648417096,0.5239223627237672,False,False,2,0,0.4826055882994,0.5239223627237672,-0.0413167744243672,0.0413167744243672,high_total,6,home_favorite,market_higher_by_3pp,largest,-0.3999999999999999,-2.1999999999999997,15.0,0.02640383781041691,True,1
kaggle_mlb_vegas:2018-06-09:ATL:LAD:0,2018-06-09,LAD,ATL,7.5,0.590044398353696,0.5239223627237672,False,True,2,1,0.4814911693239839,0.5239223627237672,-0.0424311933997833,0.0424311933997833,low_total,6,home_favorite,market_higher_by_3pp,largest,0.1999999999999999,1.7999999999999998,29.0,0.02640383781041691,True,0
kaggle_mlb_vegas:2018-06-09:CWS:BOS:0,2018-06-09,BOS,CWS,9.0,0.6626906010917333,0.5195490681610844,True,False,2,0,0.4889792805948746,0.5195490681610844,-0.0305697875662097,0.0305697875662097,high_total,6,home_favorite,market_higher_by_3pp,largest,0.0999999999999999,2.0999999999999996,13.0,0.02640383781041691,True,0
kaggle_mlb_vegas:2018-06-10:CLE:DET:0,2018-06-10,DET,CLE,8.0,0.3286978508217446,0.5173641257162701,False,True,2,1,0.4870587180194198,0.5173641257162701,-0.0303054076968503,0.0303054076968503,high_total,6,road_favorite,market_higher_by_3pp,largest,-0.0999999999999999,-1.3000000000000007,32.0,0.02640383781041691,True,1
kaggle_mlb_vegas:2018-06-10:SF:WSH:0,2018-06-10,WSH,SF,7.0,0.7277768442278608,0.5303589399530358,False,False,2,0,0.4900761328670702,0.5303589399530358,-0.0402828070859656,0.0402828070859656,low_total,6,home_favorite,market_higher_by_3pp,largest,-0.0999999999999999,-1.0000000000000009,20.0,0.02640383781041691,True,1
kaggle_mlb_vegas:2018-06-11:SD:STL:0,2018-06-11,STL,SD,8.5,0.6158662708072438,0.5195490681610844,True,False,2,0,0.4904199099639628,0.5195490681610844,-0.0291291581971215,0.0291291581971215,high_total,6,home_favorite,within_3pp,largest,-0.0999999999999999,-0.8000000000000007,23.0,0.02640383781041691,True,1
kaggle_mlb_vegas:2018-06-12:BOS:BAL:0,2018-06-12,BAL,BOS,9.5,0.3881716678297278,0.4804509318389158,False,True,2,1,0.509181976779888,0.4804509318389158,0.0287310449409721,0.0287310449409721,high_total,6,road_favorite,within_3pp,largest,-0.3999999999999999,-3.4000000000000004,10.0,0.02640383781041691,True,1
kaggle_mlb_vegas:2018-06-12:COL:PHI:0,2018-06-12,PHI,COL,7.0,0.5782326921098653,0.4782608695652174,True,True,2,1,0.5102717073131838,0.4782608695652174,0.0320108377479664,0.0320108377479664,low_total,6,home_favorite,model_higher_by_3pp,largest,0.0999999999999999,0.3999999999999994,43.0,0.02640383781041691,True,0
kaggle_mlb_vegas:2018-06-12:HOU:ATH:0,2018-06-12,ATH,HOU,8.5,0.4099556016463039,0.4782608695652174,False,True,2,1,0.5056119775193383,0.4782608695652174,0.0273511079541208,0.0273511079541208,high_total,6,road_favorite,within_3pp,largest,-0.0999999999999999,1.6999999999999995,21.0,0.02640383781041691,True,1
kaggle_mlb_vegas:2018-06-12:TEX:LAD:0,2018-06-12,LAD,TEX,8.5,0.6215278252196369,0.5324675324675325,True,True,2,1,0.4579349087542683,0.5324675324675325,-0.0745326237132641,0.0745326237132641,high_total,6,home_favorite,market_higher_by_3pp,largest,0.3999999999999999,3.5999999999999996,9.0,0.02640383781041691,True,0
kaggle_mlb_vegas:2018-06-13:BOS:BAL:0,2018-06-13,BAL,BOS,9.0,0.2852852852852853,0.4675324675324676,False,False,2,0,0.528450180646528,0.4675324675324676,0.0609177131140604,0.0609177131140604,high_total,6,road_favorite,model_higher_by_3pp,largest,-0.4999999999999999,-4.0,11.0,0.02640383781041691,True,1
kaggle_mlb_vegas:2018-06-13:NYM:ATL:0,2018-06-13,ATL,NYM,7.5,0.4494513191688069,0.4804509318389158,True,False,2,0,0.5114843428890488,0.4804509318389158,0.0310334110501329,0.0310334110501329,low_total,6,road_favorite,model_higher_by_3pp,largest,0.4,3.2,32.0,0.02640383781041691,True,0
kaggle_mlb_vegas:2018-06-13:TEX:LAD:0,2018-06-13,LAD,TEX,8.0,0.6283801591903432,0.5108342361863489,True,False,2,0,0.4338236517685843,0.5108342361863489,-0.0770105844177646,0.0770105844177646,high_total,6,home_favorite,market_higher_by_3pp,largest,0.5,4.6,13.0,0.02640383781041691,True,0
kaggle_mlb_vegas:2018-06-14:CLE:CWS:0,2018-06-14,CWS,CLE,8.5,0.4398389742060534,0.4416895553411031,False,False,2,0,0.4742252938650252,0.4416895553411031,0.0325357385239221,0.0325357385239221,high_total,6,road_favorite,model_higher_by_3pp,largest,0.0999999999999999,4.440892098500626e-16,14.0,0.02640383781041691,True,1
kaggle_mlb_vegas:2018-06-14:SD:ATL:0,2018-06-14,ATL,SD,8.5,0.6115107913669063,0.5217391304347826,True,False,2,0,0.4910801224564771,0.5217391304347826,-0.0306590079783054,0.0306590079783054,high_total,6,home_favorite,market_higher_by_3pp,largest,-0.1999999999999999,0.6000000000000001,16.0,0.02640383781041691,True,1
kaggle_mlb_vegas:2018-06-15:BOS:SEA:0,2018-06-15,SEA,BOS,7.0,0.5883967071736574,0.5324675324675325,True,True,2,1,0.497369153736094,0.5324675324675325,-0.0350983787314385,0.0350983787314385,low_total,6,home_favorite,market_higher_by_3pp,largest,0.0,-0.4999999999999995,9.0,0.02640383781041691,True,1
kaggle_mlb_vegas:2018-06-15:HOU:KC:0,2018-06-15,KC,HOU,9.0,0.3185167577846446,0.4782608695652174,False,True,2,1,0.5090614634383587,0.4782608695652174,0.0308005938731412,0.0308005938731412,high_total,6,road_favorite,model_higher_by_3pp,largest,-0.7000000000000001,-4.1,12.0,0.02640383781041691,True,1
kaggle_mlb_vegas:2018-06-15:NYM:ARI:0,2018-06-15,ARI,NYM,8.0,0.5582706766917294,0.4826358742837298,True,True,2,1,0.5156403657064542,0.4826358742837298,0.0330044914227244,0.0330044914227244,high_total,6,home_favorite,model_higher_by_3pp,largest,0.6,4.199999999999999,32.0,0.02640383781041691,True,0
kaggle_mlb_vegas:2018-06-15:SD:ATL:0,2018-06-15,ATL,SD,8.0,0.5711804940284226,0.5195490681610844,False,True,2,1,0.4889396798305968,0.5195490681610844,-0.0306093883304875,0.0306093883304875,high_total,6,home_favorite,market_higher_by_3pp,largest,0.0,1.5,16.0,0.02640383781041691,True,0
kaggle_mlb_vegas:2018-06-15:SF:LAD:0,2018-06-15,LAD,SF,8.0,0.6979865771812079,0.4891657638136511,True,False,2,0,0.4557137830994934,0.4891657638136511,-0.0334519807141576,0.0334519807141576,high_total,6,home_favorite,market_higher_by_3pp,largest,0.3,2.0999999999999996,10.0,0.02640383781041691,True,0
kaggle_mlb_vegas:2018-06-16:HOU:KC:0,2018-06-16,KC,HOU,9.5,0.3064968702784372,0.5217391304347826,False,True,2,1,0.4938093470051437,0.5217391304347826,-0.0279297834296389,0.0279297834296389,high_total,6,road_favorite,within_3pp,largest,-0.8,-5.1000000000000005,11.0,0.02640383781041691,True,1
kaggle_mlb_vegas:2018-06-16:LAA:ATH:0,2018-06-16,ATH,LAA,9.0,0.5092984332140034,0.4739134147382802,True,True,2,1,0.502504563661565,0.4739134147382802,0.0285911489232848,0.0285911489232848,high_total,6,home_favorite,within_3pp,largest,-0.3,-2.3999999999999995,24.0,0.02640383781041691,True,1
kaggle_mlb_vegas:2018-06-16:SF:LAD:0,2018-06-16,LAD,SF,7.5,0.5764909248055314,0.5151837230488916,True,False,2,0,0.4801347805672852,0.5151837230488916,-0.0350489424816063,0.0350489424816063,low_total,6,home_favorite,market_higher_by_3pp,largest,0.4,2.2,10.0,0.02640383781041691,True,0
kaggle_mlb_vegas:2018-06-17:CIN:PIT:0,2018-06-17,PIT,CIN,8.5,0.5764909248055314,0.5151837230488916,False,True,2,1,0.4844135411132617,0.5151837230488916,-0.0307701819356298,0.0307701819356298,high_total,6,home_favorite,market_higher_by_3pp,largest,0.0999999999999999,-0.2000000000000001,20.0,0.02640383781041691,True,0
kaggle_mlb_vegas:2018-06-17:HOU:KC:0,2018-06-17,KC,HOU,9.5,0.315861753261616,0.4782608695652174,False,True,2,1,0.5085761955930584,0.4782608695652174,0.030315326027841,0.030315326027841,high_total,6,road_favorite,model_higher_by_3pp,largest,-0.9,-7.0,11.0,0.02640383781041691,True,1
kaggle_mlb_vegas:2018-06-17:MIA:BAL:0,2018-06-17,BAL,MIA,8.5,0.6256684491978609,0.5217391304347826,True,True,2,1,0.4907945232341909,0.5217391304347826,-0.0309446072005916,0.0309446072005916,high_total,6,home_favorite,market_higher_by_3pp,largest,-0.5,-2.9,14.0,0.02640383781041691,True,1
kaggle_mlb_vegas:2018-06-17:SF:LAD:0,2018-06-17,LAD,SF,8.5,0.6256684491978609,0.5195490681610844,False,False,2,0,0.4821763285969067,0.5195490681610844,-0.0373727395641776,0.0373727395641776,high_total,6,home_favorite,market_higher_by_3pp,largest,0.4,2.2,10.0,0.02640383781041691,True,0
kaggle_mlb_vegas:2018-06-18:TB:HOU:0,2018-06-18,HOU,TB,7.0,0.7074155566596478,0.5151837230488916,True,True,2,1,0.465161502381268,0.5151837230488916,-0.0500222206676235,0.0500222206676235,low_total,6,home_favorite,market_higher_by_3pp,largest,0.5,3.6000000000000005,20.0,0.02640383781041691,True,0
kaggle_mlb_vegas:2018-06-18:TEX:KC:0,2018-06-18,KC,TEX,9.5,0.4235090751944684,0.5217391304347826,False,False,2,0,0.4889995225970953,0.5217391304347826,-0.0327396078376872,0.0327396078376872,high_total,6,road_favorite,market_higher_by_3pp,largest,-0.1999999999999999,-2.3,20.0,0.02640383781041691,True,1
kaggle_mlb_vegas:2018-06-19:BOS:MIN:0,2018-06-19,MIN,BOS,7.0,0.3452115812917595,0.5427435387673957,True,True,2,1,0.505186974822559,0.5427435387673957,-0.0375565639448366,0.0375565639448366,low_total,6,road_favorite,market_higher_by_3pp,largest,-0.0999999999999999,-0.3999999999999999,9.0,0.02640383781041691,True,1
kaggle_mlb_vegas:2018-06-22:DET:CLE:0,2018-06-22,CLE,DET,9.0,0.6814832422153554,0.5217391304347826,True,True,2,1,0.4951923621647338,0.5217391304347826,-0.0265467682700488,0.0265467682700488,high_total,6,home_favorite,within_3pp,largest,0.0,1.7999999999999994,24.0,0.02640383781041691,True,0
kaggle_mlb_vegas:2018-06-22:KC:HOU:0,2018-06-22,HOU,KC,8.5,0.7508493771234428,0.5108342361863489,False,False,2,0,0.4830830601187078,0.5108342361863489,-0.0277511760676411,0.0277511760676411,high_total,6,home_favorite,within_3pp,largest,0.8,6.700000000000001,21.0,0.02640383781041691,True,0
kaggle_mlb_vegas:2018-06-22:PHI:WSH:0,2018-06-22,WSH,PHI,8.5,0.6027760021915807,0.4782608695652174,False,True,2,1,0.5122753074496263,0.4782608695652174,0.0340144378844089,0.0340144378844089,high_total,6,home_favorite,model_higher_by_3pp,largest,-0.3999999999999999,-0.6999999999999997,34.0,0.02640383781041691,True,1
kaggle_mlb_vegas:2018-06-23:PHI:WSH:0,2018-06-23,WSH,PHI,8.5,0.5296046953219403,0.4782608695652174,False,False,2,0,0.5094856827510329,0.4782608695652174,0.0312248131858154,0.0312248131858154,high_total,6,home_favorite,model_higher_by_3pp,largest,-0.3999999999999999,-2.3999999999999995,30.0,0.02640383781041691,True,1
kaggle_mlb_vegas:2018-06-23:TEX:MIN:0,2018-06-23,MIN,TEX,10.5,0.5422592774235736,0.5195490681610844,False,True,2,1,0.4877409306558278,0.5195490681610844,-0.0318081375052565,0.0318081375052565,high_total,6,home_favorite,market_higher_by_3pp,largest,-0.0999999999999999,-0.9000000000000004,20.0,0.02640383781041691,True,1
kaggle_mlb_vegas:2018-06-24:KC:HOU:0,2018-06-24,HOU,KC,7.5,0.7634625062908907,0.5064960374171755,True,True,2,1,0.459579338776114,0.5064960374171755,-0.0469166986410615,0.0469166986410615,low_total,6,home_favorite,market_higher_by_3pp,largest,0.7000000000000001,6.4,20.0,0.02640383781041691,True,0
kaggle_mlb_vegas:2018-06-24:TEX:MIN:0,2018-06-24,MIN,TEX,9.0,0.61442503969154,0.5151837230488916,True,False,2,0,0.4815667501402977,0.5151837230488916,-0.0336169729085938,0.0336169729085938,high_total,6,home_favorite,market_higher_by_3pp,largest,-0.2999999999999999,-1.8000000000000007,22.0,0.02640383781041691,True,1
kaggle_mlb_vegas:2018-06-25:TOR:HOU:0,2018-06-25,HOU,TOR,7.0,0.679245283018868,0.5217391304347826,False,True,2,1,0.4910538948974154,0.5217391304347826,-0.0306852355373671,0.0306852355373671,low_total,6,home_favorite,market_higher_by_3pp,largest,0.2,3.3000000000000003,22.0,0.02640383781041691,True,0
kaggle_mlb_vegas:2018-06-26:TOR:HOU:0,2018-06-26,HOU,TOR,8.0,0.679245283018868,0.5217391304347826,True,False,2,0,0.4934366570503,0.5217391304347826,-0.0283024733844826,0.0283024733844826,high_total,6,home_favorite,within_3pp,largest,0.0,2.1999999999999997,22.0,0.02640383781041691,True,0
kaggle_mlb_vegas:2018-06-27:ATH:DET:0,2018-06-27,DET,ATH,9.5,0.461884154460719,0.4633693278082834,False,False,2,0,0.4928445409061999,0.4633693278082834,0.0294752130979165,0.0294752130979165,high_total,6,road_favorite,within_3pp,largest,-0.5,-4.4,22.0,0.02640383781041691,True,1
kaggle_mlb_vegas:2018-06-27:MIN:CWS:0,2018-06-27,CWS,MIN,9.0,0.4099556016463039,0.4782608695652174,True,False,2,0,0.5110061508811554,0.4782608695652174,0.032745281315938,0.032745281315938,high_total,6,road_favorite,model_higher_by_3pp,largest,-0.2,-1.3999999999999997,24.0,0.02640383781041691,True,1
kaggle_mlb_vegas:2018-06-27:TOR:HOU:0,2018-06-27,HOU,TOR,8.0,0.638854296388543,0.5173641257162701,True,True,2,1,0.486920895771367,0.5173641257162701,-0.0304432299449031,0.0304432299449031,high_total,6,home_favorite,market_higher_by_3pp,largest,0.0999999999999999,3.2999999999999994,26.0,0.02640383781041691,True,0
kaggle_mlb_vegas:2018-06-29:SF:ARI:0,2018-06-29,ARI,SF,7.0,0.5582706766917294,0.5151837230488916,False,False,2,0,0.4829524732539152,0.5151837230488916,-0.0322312497949763,0.0322312497949763,low_total,6,home_favorite,market_higher_by_3pp,largest,0.1,1.4000000000000004,15.0,0.02640383781041691,True,0
kaggle_mlb_vegas:2018-06-30:CLE:ATH:0,2018-06-30,ATH,CLE,9.5,0.4639835401314269,0.5217391304347826,True,False,2,0,0.4931319644373199,0.5217391304347826,-0.0286071659974626,0.0286071659974626,high_total,6,road_favorite,within_3pp,largest,0.1,-1.2000000000000002,16.0,0.02640383781041691,True,1
kaggle_mlb_vegas:2018-06-30:MIL:CIN:0,2018-06-30,CIN,MIL,9.5,0.5544421922209049,0.5217391304347826,True,True,2,1,0.4897607802022294,0.5217391304347826,-0.0319783502325531,0.0319783502325531,high_total,6,home_favorite,market_higher_by_3pp,largest,0.0999999999999999,0.1000000000000005,14.0,0.02640383781041691,True,0
kaggle_mlb_vegas:2018-07-01:HOU:TB:0,2018-07-01,TB,HOU,7.0,0.4149377593360995,0.4572564612326044,True,False,2,0,0.4881778350827642,0.4572564612326044,0.0309213738501598,0.0309213738501598,low_total,7,road_favorite,model_higher_by_3pp,largest,0.2,0.3999999999999997,5.0,0.02640383781041691,True,0
kaggle_mlb_vegas:2018-07-01:KC:SEA:0,2018-07-01,SEA,KC,7.0,0.7186186734880321,0.5324675324675325,True,False,2,0,0.496951436770586,0.5324675324675325,-0.0355160956969465,0.0355160956969465,low_total,7,home_favorite,market_higher_by_3pp,largest,0.3999999999999999,2.3999999999999995,,0.02640383781041691,True,0
kaggle_mlb_vegas:2018-07-03:SF:COL:0,2018-07-03,COL,SF,12.0,0.5711804940284226,0.5108342361863489,True,False,2,0,0.4832704320491258,0.5108342361863489,-0.027563804137223,0.027563804137223,high_total,7,home_favorite,within_3pp,largest,-0.1999999999999999,-0.2999999999999998,20.0,0.02640383781041691,True,1
kaggle_mlb_vegas:2018-07-05:CWS:HOU:0,2018-07-05,HOU,CWS,8.0,0.7446555819477435,0.4782608695652174,True,False,2,0,0.5129293933788124,0.4782608695652174,0.0346685238135949,0.0346685238135949,high_total,7,home_favorite,model_higher_by_3pp,largest,0.0999999999999999,1.0000000000000009,32.0,0.02640383781041691,True,0
kaggle_mlb_vegas:2018-07-06:CIN:CHC:0,2018-07-06,CHC,CIN,7.5,0.5850622406639004,0.4891657638136511,False,False,2,0,0.4624139937618496,0.4891657638136511,-0.0267517700518014,0.0267517700518014,low_total,7,home_favorite,within_3pp,largest,0.0999999999999999,1.1000000000000003,15.0,0.02640383781041691,True,0
kaggle_mlb_vegas:2018-07-06:NYY:TOR:0,2018-07-06,TOR,NYY,9.5,0.4116032928263426,0.4675324675324676,True,False,2,0,0.4943026250616032,0.4675324675324676,0.0267701575291356,0.0267701575291356,high_total,7,road_favorite,within_3pp,largest,-0.0999999999999999,-2.7,14.0,0.02640383781041691,True,1
kaggle_mlb_vegas:2018-07-07:CIN:CHC:0,2018-07-07,CHC,CIN,9.5,0.5523059177728685,0.5108342361863489,True,True,2,1,0.4527545599582285,0.5108342361863489,-0.0580796762281203,0.0580796762281203,high_total,7,home_favorite,market_higher_by_3pp,largest,0.0,1.0,16.0,0.02640383781041691,True,0
kaggle_mlb_vegas:2018-07-07:COL:SEA:0,2018-07-07,SEA,COL,7.5,0.6547884187082406,0.5,False,False,2,0,0.4708599925699572,0.5,-0.0291400074300428,0.0291400074300428,low_total,7,home_favorite,within_3pp,largest,0.1,-1.1000000000000003,15.0,0.02640383781041691,True,0
kaggle_mlb_vegas:2018-07-08:CIN:CHC:0,2018-07-08,CHC,CIN,8.5,0.6058389784785085,0.5195490681610844,True,True,2,1,0.4228336516856164,0.5195490681610844,-0.0967154164754679,0.0967154164754679,high_total,7,home_favorite,market_higher_by_3pp,largest,0.2,1.5,21.0,0.02640383781041691,True,0
kaggle_mlb_vegas:2018-07-08:COL:SEA:0,2018-07-08,SEA,COL,8.5,0.5764909248055314,0.5064960374171755,True,True,2,1,0.4754078501704654,0.5064960374171755,-0.0310881872467101,0.0310881872467101,high_total,7,home_favorite,market_higher_by_3pp,largest,-0.1,-2.0999999999999996,13.0,0.02640383781041691,True,1
kaggle_mlb_vegas:2018-07-08:CWS:HOU:0,2018-07-08,HOU,CWS,9.0,0.7538376434794635,0.5,True,False,2,0,0.5759038339565801,0.5,0.07590383395658,0.07590383395658,high_total,7,home_favorite,model_higher_by_3pp,largest,0.4999999999999999,4.199999999999999,36.0,0.02640383781041691,True,0
kaggle_mlb_vegas:2018-07-09:CIN:CLE:0,2018-07-09,CLE,CIN,9.5,0.6187175043327556,0.5108342361863489,False,True,3,1,0.4741616821895019,0.5108342361863489,-0.0366725539968469,0.0366725539968469,high_total,7,home_favorite,market_higher_by_3pp,largest,0.0999999999999999,0.8000000000000012,23.0,0.02509598614470588,True,0
kaggle_mlb_vegas:2018-07-09:TEX:BOS:0,2018-07-09,BOS,TEX,10.0,0.6451127819548872,0.5086640097036909,True,False,3,0,0.4729890281244587,0.5086640097036909,-0.0356749815792321,0.0356749815792321,high_total,7,home_favorite,market_higher_by_3pp,largest,0.3,1.6000000000000003,13.0,0.02509598614470588,True,0
kaggle_mlb_vegas:2018-07-10:PHI:NYM:0,2018-07-10,NYM,PHI,9.0,0.4907015667859966,0.5324675324675325,False,True,3,1,0.4842842717119407,0.5324675324675325,-0.0481832607555918,0.0481832607555918,high_total,7,road_favorite,market_higher_by_3pp,largest,-0.2999999999999999,-2.1,19.0,0.02509598614470588,True,1
kaggle_mlb_vegas:2018-07-11:CIN:CLE:0,2018-07-11,CLE,CIN,9.0,0.6323766526926797,0.5217391304347826,True,True,3,1,0.4815267967483638,0.5217391304347826,-0.0402123336864188,0.0402123336864188,high_total,7,home_favorite,market_higher_by_3pp,largest,-0.1999999999999999,-1.2000000000000002,25.0,0.02509598614470588,True,1
kaggle_mlb_vegas:2018-07-11:DET:TB:0,2018-07-11,TB,DET,7.0,0.6012269938650306,0.5108342361863489,True,False,3,0,0.4781407976273414,0.5108342361863489,-0.0326934385590074,0.0326934385590074,low_total,7,home_favorite,market_higher_by_3pp,largest,0.2999999999999999,1.2999999999999998,12.0,0.02509598614470588,True,0
kaggle_mlb_vegas:2018-07-11:TEX:BOS:0,2018-07-11,BOS,TEX,8.5,0.7849898580121704,0.5108342361863489,True,False,3,0,0.4495706297437025,0.5108342361863489,-0.0612636064426463,0.0612636064426463,high_total,7,home_favorite,market_higher_by_3pp,largest,0.6000000000000001,5.0,16.0,0.02509598614470588,True,0
kaggle_mlb_vegas:2018-07-11:WSH:PIT:0,2018-07-11,PIT,WSH,9.0,0.4417293233082706,0.5324675324675325,True,False,3,0,0.5027401342846558,0.5324675324675325,-0.0297273981828767,0.0297273981828767,high_total,7,road_favorite,within_3pp,largest,-0.1,-3.1,20.0,0.02509598614470588,True,1
kaggle_mlb_vegas:2018-07-12:TOR:BOS:0,2018-07-12,BOS,TOR,9.0,0.6043132872202254,0.5195490681610844,True,True,3,1,0.4733651272840868,0.5195490681610844,-0.0461839408769975,0.0461839408769975,high_total,7,home_favorite,market_higher_by_3pp,largest,0.5,4.0,21.0,0.02509598614470588,True,0
kaggle_mlb_vegas:2018-07-12:WSH:NYM:0,2018-07-12,NYM,WSH,7.0,0.3510791366906475,0.5324675324675325,False,True,3,1,0.5063686979500519,0.5324675324675325,-0.0260988345174806,0.0260988345174806,low_total,7,road_favorite,within_3pp,largest,0.0999999999999999,-0.3000000000000002,20.0,0.02509598614470588,True,0
kaggle_mlb_vegas:2018-07-13:ATH:SF:0,2018-07-13,SF,ATH,7.5,0.5764909248055314,0.5195490681610844,True,True,3,1,0.4926151179021274,0.5195490681610844,-0.0269339502589569,0.0269339502589569,low_total,7,home_favorite,within_3pp,largest,-0.2999999999999999,-2.0,20.0,0.02509598614470588,True,1
kaggle_mlb_vegas:2018-07-13:KC:CWS:0,2018-07-13,CWS,KC,9.5,0.5274287332041203,0.4782608695652174,True,True,3,1,0.518803638967244,0.4782608695652174,0.0405427694020266,0.0405427694020266,high_total,7,home_favorite,model_higher_by_3pp,largest,0.1999999999999999,1.0,29.0,0.02509598614470588,True,0
kaggle_mlb_vegas:2018-07-13:LAA:LAD:0,2018-07-13,LAD,LAA,8.0,0.6088560885608857,0.5086640097036909,True,False,3,0,0.4804442445010233,0.5086640097036909,-0.0282197652026675,0.0282197652026675,high_total,7,home_favorite,within_3pp,largest,0.1999999999999999,2.6,17.0,0.02509598614470588,True,0
kaggle_mlb_vegas:2018-07-13:SEA:COL:0,2018-07-13,COL,SEA,13.0,0.5638948950049474,0.5,True,True,3,1,0.4721712286876982,0.5,-0.0278287713123017,0.0278287713123017,high_total,7,home_favorite,within_3pp,largest,0.1999999999999999,5.199999999999999,19.0,0.02509598614470588,True,0
kaggle_mlb_vegas:2018-07-13:TOR:BOS:0,2018-07-13,BOS,TOR,9.5,0.6604688763136621,0.4848162769511084,False,True,3,1,0.4435688013979615,0.4848162769511084,-0.0412474755531468,0.0412474755531468,high_total,7,home_favorite,market_higher_by_3pp,largest,0.7,5.5,22.0,0.02509598614470588,True,0
kaggle_mlb_vegas:2018-07-14:KC:CWS:0,2018-07-14,CWS,KC,9.0,0.525232987515386,0.4804509318389158,False,False,3,0,0.5229417150896438,0.4804509318389158,0.042490783250728,0.042490783250728,high_total,7,home_favorite,model_higher_by_3pp,largest,0.1999999999999999,1.0,33.0,0.02509598614470588,True,0
kaggle_mlb_vegas:2018-07-14:LAA:LAD:0,2018-07-14,LAD,LAA,11.5,0.6283801591903432,0.5173641257162701,False,False,3,0,0.4688855450064467,0.5173641257162701,-0.0484785807098234,0.0484785807098234,high_total,7,home_favorite,market_higher_by_3pp,largest,0.1999999999999999,0.5999999999999996,16.0,0.02509598614470588,True,0
kaggle_mlb_vegas:2018-07-14:TOR:BOS:0,2018-07-14,BOS,TOR,9.5,0.6501097694840834,0.5,True,False,3,0,0.446332966931224,0.5,-0.053667033068776,0.053667033068776,high_total,7,home_favorite,market_higher_by_3pp,largest,0.5,3.3999999999999995,17.0,0.02509598614470588,True,0
kaggle_mlb_vegas:2018-07-15:ATH:SF:0,2018-07-15,SF,ATH,7.0,0.5338983050847457,0.5324675324675325,False,True,3,1,0.50686626809779,0.5324675324675325,-0.0256012643697425,0.0256012643697425,low_total,7,home_favorite,within_3pp,largest,-0.1999999999999999,-0.7999999999999998,25.0,0.02509598614470588,True,1
kaggle_mlb_vegas:2018-07-15:DET:HOU:0,2018-07-15,HOU,DET,7.5,0.7706422018348623,0.5,False,True,3,1,0.4688041964724751,0.5,-0.0311958035275248,0.0311958035275248,low_total,7,home_favorite,market_higher_by_3pp,largest,0.4999999999999999,3.6000000000000005,12.0,0.02509598614470588,True,0
kaggle_mlb_vegas:2018-07-15:TOR:BOS:0,2018-07-15,BOS,TOR,10.5,0.5782326921098653,0.4956702459300312,True,False,3,0,0.4647516415647948,0.4956702459300312,-0.0309186043652363,0.0309186043652363,high_total,7,home_favorite,market_higher_by_3pp,largest,0.5,3.4000000000000004,18.0,0.02509598614470588,True,0
kaggle_mlb_vegas:2018-07-15:WSH:NYM:0,2018-07-15,NYM,WSH,9.0,0.4270350063264445,0.5217391304347826,False,False,3,0,0.4913424009443901,0.5217391304347826,-0.0303967294903924,0.0303967294903924,high_total,7,road_favorite,market_higher_by_3pp,largest,0.0,-0.9999999999999996,17.0,0.02509598614470588,True,1
kaggle_mlb_vegas:2018-07-20:ATL:WSH:0,2018-07-20,WSH,ATL,8.5,0.6297217024951263,0.5108342361863489,False,True,3,1,0.4718594293928857,0.5108342361863489,-0.0389748067934632,0.0389748067934632,high_total,7,home_favorite,market_higher_by_3pp,largest,0.2,2.0,27.0,0.02509598614470588,True,0
kaggle_mlb_vegas:2018-07-20:CLE:TEX:0,2018-07-20,TEX,CLE,10.0,0.3548872180451127,0.5108342361863489,False,True,3,1,0.4710669208129814,0.5108342361863489,-0.0397673153733675,0.0397673153733675,high_total,7,road_favorite,market_higher_by_3pp,largest,-0.1,-2.1,23.0,0.02509598614470588,True,1
kaggle_mlb_vegas:2018-07-20:COL:ARI:0,2018-07-20,ARI,COL,7.5,0.5916792592354435,0.4891657638136511,False,True,3,1,0.4640015180250105,0.4891657638136511,-0.0251642457886406,0.0251642457886406,low_total,7,home_favorite,within_3pp,largest,-0.3,-4.1000000000000005,13.0,0.02509598614470588,True,1
kaggle_mlb_vegas:2018-07-20:CWS:SEA:0,2018-07-20,SEA,CWS,8.5,0.6428571428571429,0.5239223627237672,True,False,3,0,0.4861709033859894,0.5239223627237672,-0.0377514593377778,0.0377514593377778,high_total,7,home_favorite,market_higher_by_3pp,largest,0.0,-0.4999999999999995,40.0,0.02509598614470588,True,0
kaggle_mlb_vegas:2018-07-20:HOU:LAA:0,2018-07-20,LAA,HOU,8.5,0.486051922323835,0.5108342361863489,False,False,3,0,0.4761382018130031,0.5108342361863489,-0.0346960343733457,0.0346960343733457,high_total,7,road_favorite,market_higher_by_3pp,largest,-0.0999999999999999,-0.7000000000000002,19.0,0.02509598614470588,True,1
kaggle_mlb_vegas:2018-07-20:PIT:CIN:0,2018-07-20,CIN,PIT,8.5,0.4883720930232558,0.4782608695652174,False,True,3,1,0.505867758242143,0.4782608695652174,0.0276068886769256,0.0276068886769256,high_total,7,road_favorite,within_3pp,largest,-0.2,-1.2000000000000002,31.0,0.02509598614470588,True,1
kaggle_mlb_vegas:2018-07-20:SD:PHI:0,2018-07-20,PHI,SD,8.0,0.6132979337411981,0.5217391304347826,True,True,3,1,0.4785864507378757,0.5217391304347826,-0.0431526796969068,0.0431526796969068,high_total,7,home_favorite,market_higher_by_3pp,largest,0.3,2.7,28.0,0.02509598614470588,True,0
kaggle_mlb_vegas:2018-07-21:SF:ATH:0,2018-07-21,ATH,SF,7.5,0.5544421922209049,0.5195490681610844,True,False,3,0,0.4908830268533051,0.5195490681610844,-0.0286660413077792,0.0286660413077792,low_total,7,home_favorite,within_3pp,largest,0.0999999999999999,0.2000000000000001,18.0,0.02509598614470588,True,0
kaggle_mlb_vegas:2018-07-21:STL:CHC:1,2018-07-21,CHC,STL,8.5,0.497677011707861,0.5324675324675325,True,True,3,1,0.5043915636166435,0.5324675324675325,-0.028075968850889,0.028075968850889,high_total,7,road_favorite,within_3pp,largest,0.2999999999999999,0.0,36.0,0.02509598614470588,True,0
kaggle_mlb_vegas:2018-07-21:STL:CHC:2,2018-07-21,CHC,STL,8.5,0.5833751631362312,0.5217391304347826,False,True,3,1,0.4801165679588663,0.5217391304347826,-0.0416225624759162,0.0416225624759162,high_total,7,home_favorite,market_higher_by_3pp,largest,0.2999999999999999,0.7999999999999998,40.0,0.02509598614470588,True,0
kaggle_mlb_vegas:2018-07-22:COL:ARI:0,2018-07-22,ARI,COL,7.5,0.6187175043327556,0.5217391304347826,True,False,3,0,0.4857676291615374,0.5217391304347826,-0.0359715012732451,0.0359715012732451,low_total,7,home_favorite,market_higher_by_3pp,largest,-0.4,-3.7,14.0,0.02509598614470588,True,1
kaggle_mlb_vegas:2018-07-22:CWS:SEA:0,2018-07-22,SEA,CWS,8.5,0.6501097694840834,0.5217391304347826,True,True,3,1,0.4934289500889245,0.5217391304347826,-0.028310180345858,0.028310180345858,high_total,7,home_favorite,within_3pp,largest,-0.1,-1.1999999999999995,31.0,0.02509598614470588,True,1
kaggle_mlb_vegas:2018-07-23:NYY:TB:0,2018-07-23,TB,NYY,7.0,0.2892960462873674,0.5,True,True,3,1,0.5305029965890596,0.5,0.0305029965890596,0.0305029965890596,low_total,7,road_favorite,model_higher_by_3pp,largest,0.0,-0.6000000000000005,17.0,0.02509598614470588,True,1
kaggle_mlb_vegas:2018-07-23:PIT:CLE:0,2018-07-23,CLE,PIT,8.5,0.7186186734880321,0.5324675324675325,False,False,3,0,0.4793075582630811,0.5324675324675325,-0.0531599742044514,0.0531599742044514,high_total,7,home_favorite,market_higher_by_3pp,largest,-0.4,-1.3999999999999997,,0.02509598614470588,True,1
kaggle_mlb_vegas:2018-07-24:PIT:CLE:0,2018-07-24,CLE,PIT,9.0,0.6115107913669063,0.5217391304347826,False,True,3,1,0.4753041348970402,0.5217391304347826,-0.0464349955377423,0.0464349955377423,high_total,7,home_favorite,market_higher_by_3pp,largest,-0.5,-3.0,19.0,0.02509598614470588,True,1
kaggle_mlb_vegas:2018-07-24:STL:CIN:0,2018-07-24,CIN,STL,10.5,0.4516603991324937,0.5195490681610844,False,False,3,0,0.4934541506709279,0.5195490681610844,-0.0260949174901564,0.0260949174901564,high_total,7,road_favorite,within_3pp,largest,0.2,-0.5000000000000009,48.0,0.02509598614470588,True,0
kaggle_mlb_vegas:2018-07-25:ARI:CHC:0,2018-07-25,CHC,ARI,8.5,0.4953533757725013,0.5217391304347826,True,False,3,0,0.4964697239674999,0.5217391304347826,-0.0252694064672827,0.0252694064672827,high_total,7,road_favorite,within_3pp,largest,0.0999999999999999,0.3999999999999994,30.0,0.02509598614470588,True,0
kaggle_mlb_vegas:2018-07-25:DET:KC:0,2018-07-25,KC,DET,8.5,0.5381158455392809,0.5324675324675325,False,True,3,1,0.5067748285695137,0.5324675324675325,-0.0256927038980188,0.0256927038980188,high_total,7,home_favorite,within_3pp,largest,0.3,1.6999999999999995,15.0,0.02509598614470588,True,0
kaggle_mlb_vegas:2018-07-25:SF:SEA:0,2018-07-25,SEA,SF,8.5,0.5764909248055314,0.5217391304347826,True,False,3,0,0.4917886201612493,0.5217391304347826,-0.0299505102735332,0.0299505102735332,high_total,7,home_favorite,within_3pp,largest,-0.2,-2.1,18.0,0.02509598614470588,True,1
kaggle_mlb_vegas:2018-07-26:MIN:BOS:0,2018-07-26,BOS,MIN,10.0,0.6115107913669063,0.5,False,False,3,0,0.4700205415880781,0.5,-0.0299794584119219,0.0299794584119219,high_total,7,home_favorite,within_3pp,largest,0.0999999999999999,0.1000000000000009,35.0,0.02509598614470588,True,0
kaggle_mlb_vegas:2018-07-27:CLE:DET:0,2018-07-27,DET,CLE,8.5,0.3020134228187919,0.5108342361863489,False,True,3,1,0.5428922294075066,0.5108342361863489,0.0320579932211576,0.0320579932211576,high_total,7,road_favorite,model_higher_by_3pp,largest,-0.0999999999999999,-1.1000000000000003,26.0,0.02509598614470588,True,1
kaggle_mlb_vegas:2018-07-27:TEX:HOU:0,2018-07-27,HOU,TEX,8.5,0.7065820777160984,0.5108342361863489,False,True,3,1,0.4839509599558248,0.5108342361863489,-0.0268832762305241,0.0268832762305241,high_total,7,home_favorite,within_3pp,largest,0.3,3.3000000000000007,43.0,0.02509598614470588,True,0
kaggle_mlb_vegas:2018-07-28:ATH:COL:0,2018-07-28,COL,ATH,11.0,0.5274287332041203,0.5217391304347826,True,False,3,0,0.4835155772958403,0.5217391304347826,-0.0382235531389422,0.0382235531389422,high_total,7,home_favorite,market_higher_by_3pp,largest,0.0,-1.2999999999999998,19.0,0.02509598614470588,True,1
kaggle_mlb_vegas:2018-07-28:MIN:BOS:0,2018-07-28,BOS,MIN,10.0,0.6487671491207393,0.5282320336795787,True,True,3,1,0.4817776868397501,0.5282320336795787,-0.0464543468398286,0.0464543468398286,high_total,7,home_favorite,market_higher_by_3pp,largest,0.0999999999999999,0.4000000000000003,36.0,0.02509598614470588,True,0
kaggle_mlb_vegas:2018-07-29:ATH:COL:0,2018-07-29,COL,ATH,11.5,0.5747350808700502,0.4956702459300312,True,False,3,0,0.4695593121073424,0.4956702459300312,-0.0261109338226887,0.0261109338226887,high_total,7,home_favorite,within_3pp,largest,0.1,-1.0000000000000009,17.0,0.02509598614470588,True,1
kaggle_mlb_vegas:2018-07-29:CHC:STL:0,2018-07-29,STL,CHC,8.5,0.4639835401314269,0.5195490681610844,False,False,3,0,0.489758757758074,0.5195490681610844,-0.0297903104030103,0.0297903104030103,high_total,7,road_favorite,within_3pp,largest,0.0999999999999999,2.8,27.0,0.02509598614470588,True,0
kaggle_mlb_vegas:2018-07-29:LAD:ATL:0,2018-07-29,ATL,LAD,8.5,0.3987730061349692,0.5260865852617197,True,False,3,0,0.4918740066247022,0.5260865852617197,-0.0342125786370174,0.0342125786370174,high_total,7,road_favorite,market_higher_by_3pp,largest,-0.3999999999999999,-2.7,17.0,0.02509598614470588,True,1
kaggle_mlb_vegas:2018-07-29:NYM:PIT:0,2018-07-29,PIT,NYM,7.5,0.6073532036409066,0.5345580360820497,False,False,3,0,0.4929015370198519,0.5345580360820497,-0.0416564990621977,0.0416564990621977,low_total,7,home_favorite,market_higher_by_3pp,largest,0.3,2.8,22.0,0.02509598614470588,True,0
kaggle_mlb_vegas:2018-07-30:TEX:ARI:0,2018-07-30,ARI,TEX,8.5,0.6465194414307213,0.5151837230488916,False,True,3,1,0.4865005937047061,0.5151837230488916,-0.0286831293441854,0.0286831293441854,high_total,7,home_favorite,within_3pp,largest,0.1999999999999999,3.3000000000000003,43.0,0.02509598614470588,True,0
kaggle_mlb_vegas:2018-07-30:TOR:ATH:0,2018-07-30,ATH,TOR,8.5,0.5601610257939467,0.5217391304347826,True,True,3,1,0.48698943100954,0.5217391304347826,-0.0347496994252425,0.0347496994252425,high_total,7,home_favorite,market_higher_by_3pp,largest,0.0999999999999999,1.8999999999999997,48.0,0.02509598614470588,True,0
kaggle_mlb_vegas:2018-07-31:BAL:NYY:0,2018-07-31,NYY,BAL,8.5,0.7261223782284624,0.5108342361863489,True,True,3,1,0.4808807811785677,0.5108342361863489,-0.0299534550077811,0.0299534550077811,high_total,7,home_favorite,within_3pp,largest,0.0,-1.6999999999999993,19.0,0.02509598614470588,True,1
kaggle_mlb_vegas:2018-07-31:KC:CWS:0,2018-07-31,CWS,KC,9.0,0.5296046953219403,0.4572564612326044,False,False,3,0,0.4882240998024206,0.4572564612326044,0.0309676385698162,0.0309676385698162,high_total,7,home_favorite,model_higher_by_3pp,largest,-0.0999999999999999,-1.2000000000000002,31.0,0.02509598614470588,True,1
kaggle_mlb_vegas:2018-07-31:LAA:TB:0,2018-07-31,TB,LAA,7.5,0.4883720930232558,0.4572564612326044,True,True,3,1,0.4906418061297454,0.4572564612326044,0.033385344897141,0.033385344897141,low_total,7,road_favorite,model_higher_by_3pp,largest,-0.0999999999999999,-3.8,24.0,0.02509598614470588,True,1
kaggle_mlb_vegas:2018-07-31:PHI:BOS:0,2018-07-31,BOS,PHI,10.0,0.5764909248055314,0.5173641257162701,False,False,3,0,0.4807713078416027,0.5173641257162701,-0.0365928178746673,0.0365928178746673,high_total,7,home_favorite,market_higher_by_3pp,largest,0.2999999999999999,1.7999999999999994,19.0,0.02509598614470588,True,0
kaggle_mlb_vegas:2018-08-01:BAL:NYY:0,2018-08-01,NYY,BAL,9.0,0.7147147147147147,0.5108342361863489,False,True,3,1,0.4760963168901572,0.5108342361863489,-0.0347379192961916,0.0347379192961916,high_total,8,home_favorite,market_higher_by_3pp,largest,0.1999999999999999,-0.7000000000000002,16.0,0.02509598614470588,True,0
kaggle_mlb_vegas:2018-08-01:MIL:LAD:0,2018-08-01,LAD,MIL,8.0,0.6256684491978609,0.5260865852617197,True,True,3,1,0.4881387555471548,0.5260865852617197,-0.0379478297145648,0.0379478297145648,high_total,8,home_favorite,market_higher_by_3pp,largest,-0.1999999999999999,0.4999999999999995,25.0,0.02509598614470588,True,0
kaggle_mlb_vegas:2018-08-01:NYM:WSH:0,2018-08-01,WSH,NYM,9.0,0.5317611340360479,0.5217391304347826,True,False,3,0,0.4829178711594447,0.5217391304347826,-0.0388212592753379,0.0388212592753379,high_total,8,home_favorite,market_higher_by_3pp,largest,0.0,4.4,39.0,0.02509598614470588,True,0
kaggle_mlb_vegas:2018-08-02:BAL:TEX:0,2018-08-02,TEX,BAL,11.0,0.5711804940284226,0.5108342361863489,True,True,3,1,0.4811243971993306,0.5108342361863489,-0.0297098389870183,0.0297098389870183,high_total,8,home_favorite,within_3pp,largest,0.0,-1.7999999999999998,20.0,0.02509598614470588,True,1
kaggle_mlb_vegas:2018-08-02:CIN:WSH:0,2018-08-02,WSH,CIN,8.5,0.7224199288256229,0.5260865852617197,True,True,3,1,0.4674510749635426,0.5260865852617197,-0.058635510298177,0.058635510298177,high_total,8,home_favorite,market_higher_by_3pp,largest,0.0999999999999999,3.7,20.0,0.02509598614470588,True,0
kaggle_mlb_vegas:2018-08-03:BAL:TEX:0,2018-08-03,TEX,BAL,11.5,0.6058389784785085,0.5195490681610844,True,True,3,1,0.4926292125315348,0.5195490681610844,-0.0269198556295495,0.0269198556295495,high_total,8,home_favorite,within_3pp,largest,0.0,-0.7999999999999998,23.0,0.02509598614470588,True,1
kaggle_mlb_vegas:2018-08-04:BAL:TEX:0,2018-08-04,TEX,BAL,9.5,0.5764909248055314,0.5195490681610844,True,False,3,0,0.4743859445750141,0.5195490681610844,-0.0451631235860702,0.0451631235860702,high_total,8,home_favorite,market_higher_by_3pp,largest,0.0999999999999999,1.9000000000000004,27.0,0.02509598614470588,True,0
kaggle_mlb_vegas:2018-08-04:CIN:WSH:1,2018-08-04,WSH,CIN,9.5,0.6323766526926797,0.5086640097036909,False,False,3,0,0.4776434770816141,0.5086640097036909,-0.0310205326220767,0.0310205326220767,high_total,8,home_favorite,market_higher_by_3pp,largest,0.0999999999999999,3.8,24.0,0.02509598614470588,True,0
kaggle_mlb_vegas:2018-08-04:CIN:WSH:2,2018-08-04,WSH,CIN,9.5,0.6158662708072438,0.5,True,False,3,0,0.4685357123159557,0.5,-0.0314642876840442,0.0314642876840442,high_total,8,home_favorite,market_higher_by_3pp,largest,0.0999999999999999,3.2,24.0,0.02509598614470588,True,0
kaggle_mlb_vegas:2018-08-04:COL:MIL:0,2018-08-04,MIL,COL,8.5,0.5799605469015714,0.5195490681610844,True,True,3,1,0.4894087735779364,0.5195490681610844,-0.0301402945831479,0.0301402945831479,high_total,8,home_favorite,market_higher_by_3pp,largest,0.0999999999999999,-0.6000000000000001,22.0,0.02509598614470588,True,0
kaggle_mlb_vegas:2018-08-04:DET:ATH:0,2018-08-04,ATH,DET,8.0,0.6115107913669063,0.5173641257162701,True,False,3,0,0.4814863781815902,0.5173641257162701,-0.0358777475346798,0.0358777475346798,high_total,8,home_favorite,market_higher_by_3pp,largest,0.1999999999999999,3.0,27.0,0.02509598614470588,True,0
kaggle_mlb_vegas:2018-08-04:LAA:CLE:0,2018-08-04,CLE,LAA,8.5,0.7241379310344829,0.5195490681610844,True,False,3,0,0.4780003158984972,0.5195490681610844,-0.0415487522625871,0.0415487522625871,high_total,8,home_favorite,market_higher_by_3pp,largest,0.0,-0.1000000000000009,22.0,0.02509598614470588,True,0
kaggle_mlb_vegas:2018-08-05:BAL:TEX:0,2018-08-05,TEX,BAL,10.5,0.6118283321702722,0.5427435387673957,False,True,3,1,0.5027671695085709,0.5427435387673957,-0.0399763692588247,0.0399763692588247,high_total,8,home_favorite,market_higher_by_3pp,largest,0.1999999999999999,2.3999999999999995,27.0,0.02509598614470588,True,0
kaggle_mlb_vegas:2018-08-05:CIN:WSH:0,2018-08-05,WSH,CIN,9.0,0.61442503969154,0.4978354041300489,True,False,3,0,0.4694289689503533,0.4978354041300489,-0.0284064351796956,0.0284064351796956,high_total,8,home_favorite,within_3pp,largest,0.1999999999999999,3.9,25.0,0.02509598614470588,True,0
kaggle_mlb_vegas:2018-08-05:DET:ATH:0,2018-08-05,ATH,DET,8.0,0.7023445463812437,0.5195490681610844,True,False,3,0,0.4782409601269408,0.5195490681610844,-0.0413081080341435,0.0413081080341435,high_total,8,home_favorite,market_higher_by_3pp,largest,0.1999999999999999,2.1000000000000005,25.0,0.02509598614470588,True,0
kaggle_mlb_vegas:2018-08-05:SD:CHC:0,2018-08-05,CHC,SD,10.5,0.6115107913669063,0.5195490681610844,False,True,3,1,0.4842649284714811,0.5195490681610844,-0.0352841396896032,0.0352841396896032,high_total,8,home_favorite,market_higher_by_3pp,largest,0.5,1.6,16.0,0.02509598614470588,True,0
kaggle_mlb_vegas:2018-08-05:TOR:SEA:0,2018-08-05,SEA,TOR,8.5,0.5996661308272536,0.5217391304347826,True,True,3,1,0.4873290599614206,0.5217391304347826,-0.0344100704733619,0.0344100704733619,high_total,8,home_favorite,market_higher_by_3pp,largest,-0.2,-1.5,45.0,0.02509598614470588,True,0
kaggle_mlb_vegas:2018-08-06:MIN:CLE:0,2018-08-06,CLE,MIN,8.5,0.6547884187082406,0.5282320336795787,True,True,3,1,0.4825583730645547,0.5282320336795787,-0.045673660615024,0.045673660615024,high_total,8,home_favorite,market_higher_by_3pp,largest,0.1999999999999999,2.6,23.0,0.02509598614470588,True,0
kaggle_mlb_vegas:2018-08-06:PIT:COL:0,2018-08-06,COL,PIT,10.5,0.5401967050867028,0.5239223627237672,True,False,3,0,0.4936018601986828,0.5239223627237672,-0.0303205025250843,0.0303205025250843,high_total,8,home_favorite,market_higher_by_3pp,largest,0.0999999999999999,1.4000000000000004,20.0,0.02509598614470588,True,0
kaggle_mlb_vegas:2018-08-07:ATL:WSH:2,2018-08-07,WSH,ATL,8.0,0.6814832422153554,0.4978354041300489,False,False,3,0,0.4643373121828253,0.4978354041300489,-0.0334980919472235,0.0334980919472235,high_total,8,home_favorite,market_higher_by_3pp,largest,0.0999999999999999,3.6,19.0,0.02509598614470588,True,0
kaggle_mlb_vegas:2018-08-07:MIN:CLE:0,2018-08-07,CLE,MIN,8.5,0.6841382467383841,0.5324675324675325,False,False,3,0,0.4985020285135648,0.5324675324675325,-0.0339655039539676,0.0339655039539676,high_total,8,home_favorite,market_higher_by_3pp,largest,0.2999999999999999,4.300000000000001,24.0,0.02509598614470588,True,0
kaggle_mlb_vegas:2018-08-07:SEA:TEX:0,2018-08-07,TEX,SEA,11.0,0.4769828064337216,0.5324675324675325,True,True,3,1,0.5067663759338666,0.5324675324675325,-0.0257011565336658,0.0257011565336658,high_total,8,road_favorite,within_3pp,largest,0.2999999999999999,4.5,21.0,0.02509598614470588,True,0
kaggle_mlb_vegas:2018-08-08:MIN:CLE:0,2018-08-08,CLE,MIN,9.0,0.6547884187082406,0.5324675324675325,True,False,3,0,0.4860851327895665,0.5324675324675325,-0.046382399677966,0.046382399677966,high_total,8,home_favorite,market_higher_by_3pp,largest,0.0999999999999999,3.5000000000000004,24.0,0.02509598614470588,True,0
kaggle_mlb_vegas:2018-08-08:PHI:ARI:0,2018-08-08,ARI,PHI,7.5,0.638854296388543,0.5151837230488916,True,False,3,0,0.4818474644772131,0.5151837230488916,-0.0333362585716784,0.0333362585716784,low_total,8,home_favorite,market_higher_by_3pp,largest,0.0,-0.1999999999999997,14.0,0.02509598614470588,True,0
kaggle_mlb_vegas:2018-08-08:SD:MIL:0,2018-08-08,MIL,SD,8.5,0.6477241123574673,0.5195490681610844,True,True,3,1,0.4913621919661099,0.5195490681610844,-0.0281868761949744,0.0281868761949744,high_total,8,home_favorite,within_3pp,largest,0.2,-1.1999999999999993,15.0,0.02509598614470588,True,0
kaggle_mlb_vegas:2018-08-09:MIN:CLE:0,2018-08-09,CLE,MIN,7.5,0.6547884187082406,0.5108342361863489,True,True,3,1,0.4798873200335852,0.5108342361863489,-0.0309469161527636,0.0309469161527636,low_total,8,home_favorite,market_higher_by_3pp,largest,0.1999999999999999,3.5999999999999996,27.0,0.02509598614470588,True,0
kaggle_mlb_vegas:2018-08-11:ATH:LAA:0,2018-08-11,LAA,ATH,8.5,0.5230171935662784,0.5217391304347826,False,False,3,0,0.4955514286474027,0.5217391304347826,-0.0261877017873798,0.0261877017873798,high_total,8,home_favorite,within_3pp,largest,-0.1999999999999999,-1.7999999999999998,7.0,0.02509598614470588,True,1
kaggle_mlb_vegas:2018-08-11:MIL:ATL:0,2018-08-11,ATL,MIL,9.0,0.5092984332140034,0.5324675324675325,False,False,3,0,0.4955457948090267,0.5324675324675325,-0.0369217376585058,0.0369217376585058,high_total,8,home_favorite,market_higher_by_3pp,largest,0.2999999999999999,4.1000000000000005,38.0,0.02509598614470588,True,0
kaggle_mlb_vegas:2018-08-11:SEA:HOU:0,2018-08-11,HOU,SEA,8.0,0.6440860342197681,0.5260865852617197,False,False,3,0,0.4920468759543976,0.5260865852617197,-0.034039709307322,0.034039709307322,high_total,8,home_favorite,market_higher_by_3pp,largest,0.1999999999999999,3.8,25.0,0.02509598614470588,True,0
kaggle_mlb_vegas:2018-08-11:TEX:NYY:0,2018-08-11,NYY,TEX,9.5,0.6604688763136621,0.5173641257162701,True,False,3,0,0.473866792221029,0.5173641257162701,-0.043497333495241,0.043497333495241,high_total,8,home_favorite,market_higher_by_3pp,largest,-0.1999999999999999,-2.7,24.0,0.02509598614470588,True,1
kaggle_mlb_vegas:2018-08-11:WSH:CHC:0,2018-08-11,CHC,WSH,9.0,0.548577036310108,0.5303589399530358,False,True,3,1,0.4919586411860401,0.5303589399530358,-0.0384002987669956,0.0384002987669956,high_total,8,home_favorite,market_higher_by_3pp,largest,0.0,-0.9000000000000004,16.0,0.02509598614470588,True,1
kaggle_mlb_vegas:2018-08-12:BOS:BAL:0,2018-08-12,BAL,BOS,8.5,0.2497567858179107,0.5,False,False,3,0,0.5502020690242857,0.5,0.0502020690242857,0.0502020690242857,high_total,8,road_favorite,model_higher_by_3pp,largest,-0.7,-6.5,18.0,0.02509598614470588,True,1
kaggle_mlb_vegas:2018-08-12:MIL:ATL:0,2018-08-12,ATL,MIL,8.5,0.5582706766917294,0.5217391304347826,True,True,3,1,0.4947803831160685,0.5217391304347826,-0.0269587473187141,0.0269587473187141,high_total,8,home_favorite,within_3pp,largest,0.1999999999999999,3.3000000000000007,38.0,0.02509598614470588,True,0
kaggle_mlb_vegas:2018-08-13:MIA:ATL:1,2018-08-13,ATL,MIA,8.5,0.6451127819548872,0.5108342361863489,True,True,3,1,0.4839617395358179,0.5108342361863489,-0.026872496650531,0.026872496650531,high_total,8,home_favorite,within_3pp,largest,0.3999999999999999,3.000000000000001,22.0,0.02509598614470588,True,0
kaggle_mlb_vegas:2018-08-13:NYM:NYY:0,2018-08-13,NYY,NYM,7.0,0.6547884187082406,0.5324675324675325,False,True,3,1,0.4986282984231823,0.5324675324675325,-0.0338392340443502,0.0338392340443502,low_total,8,home_favorite,market_higher_by_3pp,largest,0.0999999999999999,0.3000000000000002,26.0,0.02509598614470588,True,0
kaggle_mlb_vegas:2018-08-13:SEA:ATH:0,2018-08-13,ATH,SEA,8.0,0.5601610257939467,0.5108342361863489,True,True,3,1,0.4818009102652792,0.5108342361863489,-0.0290333259210697,0.0290333259210697,high_total,8,home_favorite,within_3pp,largest,0.2,3.1999999999999993,21.0,0.02509598614470588,True,0
kaggle_mlb_vegas:2018-08-13:WSH:STL:0,2018-08-13,STL,WSH,9.0,0.5505486808311931,0.5108342361863489,True,True,3,1,0.4808694616355504,0.5108342361863489,-0.0299647745507984,0.0299647745507984,high_total,8,home_favorite,within_3pp,largest,0.3,2.6,21.0,0.02509598614470588,True,0
kaggle_mlb_vegas:2018-08-14:NYM:BAL:0,2018-08-14,BAL,NYM,10.0,0.2679776489688402,0.4891657638136511,True,False,3,0,0.5242901303125655,0.4891657638136511,0.0351243664989144,0.0351243664989144,high_total,8,road_favorite,model_higher_by_3pp,largest,-0.3999999999999999,-3.8,26.0,0.02509598614470588,True,1
kaggle_mlb_vegas:2018-08-14:WSH:STL:0,2018-08-14,STL,WSH,9.0,0.5069715560513106,0.5195490681610844,True,True,3,1,0.4943984450606745,0.5195490681610844,-0.0251506231004098,0.0251506231004098,high_total,8,home_favorite,within_3pp,largest,0.3,2.1000000000000005,26.0,0.02509598614470588,True,0
kaggle_mlb_vegas:2018-08-15:BOS:PHI:0,2018-08-15,PHI,BOS,8.5,0.5,0.5151837230488916,True,True,3,1,0.4870567665488307,0.5151837230488916,-0.0281269565000609,0.0281269565000609,high_total,8,home_favorite,within_3pp,largest,-0.4,-2.5000000000000004,16.0,0.02509598614470588,True,1
kaggle_mlb_vegas:2018-08-15:TB:NYY:0,2018-08-15,NYY,TB,9.0,0.6323766526926797,0.5324675324675325,False,False,3,0,0.4961303350321948,0.5324675324675325,-0.0363371974353377,0.0363371974353377,high_total,8,home_favorite,market_higher_by_3pp,largest,0.2999999999999999,1.4000000000000004,37.0,0.02509598614470588,True,0
kaggle_mlb_vegas:2018-08-16:COL:ATL:0,2018-08-16,ATL,COL,8.5,0.7320223510311598,0.5086640097036909,False,False,3,0,0.4713835811977758,0.5086640097036909,-0.037280428505915,0.037280428505915,high_total,8,home_favorite,market_higher_by_3pp,largest,0.2,4.5,24.0,0.02509598614470588,True,0
kaggle_mlb_vegas:2018-08-16:NYM:PHI:2,2018-08-16,PHI,NYM,8.5,0.638854296388543,0.5108342361863489,True,True,3,1,0.4838429952980865,0.5108342361863489,-0.0269912408882624,0.0269912408882624,high_total,8,home_favorite,within_3pp,largest,-0.2999999999999999,-6.3999999999999995,16.0,0.02509598614470588,True,1
kaggle_mlb_vegas:2018-08-16:TB:NYY:0,2018-08-16,NYY,TB,8.0,0.6129732508818783,0.5130072840790842,False,False,3,0,0.4843860790844733,0.5130072840790842,-0.0286212049946109,0.0286212049946109,high_total,8,home_favorite,within_3pp,largest,0.1999999999999999,0.4000000000000008,30.0,0.02509598614470588,True,0
kaggle_mlb_vegas:2018-08-17:COL:ATL:0,2018-08-17,ATL,COL,8.5,0.5483396008675064,0.5108342361863489,False,True,3,1,0.4835638721729939,0.5108342361863489,-0.027270364013355,0.027270364013355,high_total,8,home_favorite,within_3pp,largest,0.0999999999999999,4.0,21.0,0.02509598614470588,True,0
kaggle_mlb_vegas:2018-08-17:NYM:PHI:0,2018-08-17,PHI,NYM,7.5,0.6012269938650306,0.5,True,False,3,0,0.4685224030176053,0.5,-0.0314775969823946,0.0314775969823946,low_total,8,home_favorite,market_higher_by_3pp,largest,-0.1999999999999999,-5.800000000000001,19.0,0.02509598614470588,True,1
kaggle_mlb_vegas:2018-08-17:TB:BOS:0,2018-08-17,BOS,TB,9.0,0.6323766526926797,0.5195490681610844,True,True,3,1,0.4739471261670176,0.5195490681610844,-0.0456019419940667,0.0456019419940667,high_total,8,home_favorite,market_higher_by_3pp,largest,0.2,0.8999999999999999,24.0,0.02509598614470588,True,0
kaggle_mlb_vegas:2018-08-17:TOR:NYY:0,2018-08-17,NYY,TOR,9.0,0.6256684491978609,0.5108342361863489,True,True,3,1,0.4849344637967775,0.5108342361863489,-0.0258997723895713,0.0258997723895713,high_total,8,home_favorite,within_3pp,largest,0.1999999999999999,2.0999999999999996,27.0,0.02509598614470588,True,0
kaggle_mlb_vegas:2018-08-18:CHC:PIT:0,2018-08-18,PIT,CHC,8.5,0.5850622406639004,0.5217391304347826,True,False,3,0,0.4918572365935557,0.5217391304347826,-0.0298818938412268,0.0298818938412268,high_total,8,home_favorite,within_3pp,largest,-0.2999999999999999,1.3000000000000005,20.0,0.02509598614470588,True,1
kaggle_mlb_vegas:2018-08-18:NYM:PHI:0,2018-08-18,PHI,NYM,7.5,0.5,0.5217391304347826,False,False,3,0,0.4958170773197833,0.5217391304347826,-0.0259220531149992,0.0259220531149992,low_total,8,home_favorite,within_3pp,largest,-0.0999999999999999,-5.8,,0.02509598614470588,True,1
kaggle_mlb_vegas:2018-08-18:TOR:NYY:0,2018-08-18,NYY,TOR,9.0,0.7446555819477435,0.5324675324675325,True,True,3,1,0.494238282007482,0.5324675324675325,-0.0382292504600504,0.0382292504600504,high_total,8,home_favorite,market_higher_by_3pp,largest,0.1999999999999999,2.1,28.0,0.02509598614470588,True,0
kaggle_mlb_vegas:2018-08-19:KC:CWS:0,2018-08-19,CWS,KC,9.0,0.5867360379346681,0.5324675324675325,True,True,3,1,0.5042360178494454,0.5324675324675325,-0.0282315146180871,0.0282315146180871,high_total,8,home_favorite,within_3pp,largest,0.0,0.5000000000000004,24.0,0.02509598614470588,True,0
kaggle_mlb_vegas:2018-08-21:KC:TB:0,2018-08-21,TB,KC,7.0,0.7147147147147147,0.5217391304347826,True,False,3,0,0.4939842390772137,0.5217391304347826,-0.0277548913575688,0.0277548913575688,low_total,8,home_favorite,within_3pp,largest,0.3,2.1,23.0,0.02509598614470588,True,0
kaggle_mlb_vegas:2018-08-22:CIN:MIL:0,2018-08-22,MIL,CIN,9.0,0.7074155566596478,0.5195490681610844,True,False,3,0,0.4823302875099244,0.5195490681610844,-0.0372187806511599,0.0372187806511599,high_total,8,home_favorite,market_higher_by_3pp,largest,-0.0999999999999999,-0.5,26.0,0.02509598614470588,True,1
kaggle_mlb_vegas:2018-08-22:LAA:ARI:0,2018-08-22,ARI,LAA,8.5,0.6637909160111647,0.5239223627237672,True,False,3,0,0.4752742424206346,0.5239223627237672,-0.0486481203031326,0.0486481203031326,high_total,8,home_favorite,market_higher_by_3pp,largest,0.1999999999999999,1.4,20.0,0.02509598614470588,True,0
kaggle_mlb_vegas:2018-08-22:PHI:WSH:0,2018-08-22,WSH,PHI,8.5,0.590044398353696,0.5195490681610844,True,True,3,1,0.4925048310236247,0.5195490681610844,-0.0270442371374596,0.0270442371374596,high_total,8,home_favorite,within_3pp,largest,0.0,2.8,34.0,0.02509598614470588,True,0
kaggle_mlb_vegas:2018-08-22:SF:NYM:0,2018-08-22,NYM,SF,7.0,0.5949110703209065,0.5324675324675325,True,True,3,1,0.4959666889343542,0.5324675324675325,-0.0365008435331782,0.0365008435331782,low_total,8,home_favorite,market_higher_by_3pp,largest,0.1999999999999999,5.2,30.0,0.02509598614470588,True,0
kaggle_mlb_vegas:2018-08-22:TEX:ATH:0,2018-08-22,ATH,TEX,8.5,0.5916792592354435,0.5217391304347826,False,False,3,0,0.4787461533179587,0.5217391304347826,-0.0429929771168238,0.0429929771168238,high_total,8,home_favorite,market_higher_by_3pp,largest,0.4,4.5,24.0,0.02509598614470588,True,0
kaggle_mlb_vegas:2018-08-24:SEA:ARI:0,2018-08-24,ARI,SEA,8.5,0.6088560885608857,0.5195490681610844,False,True,3,1,0.4898886505960263,0.5195490681610844,-0.029660417565058,0.029660417565058,high_total,8,home_favorite,within_3pp,largest,0.2999999999999999,3.8,32.0,0.02509598614470588,True,0
kaggle_mlb_vegas:2018-08-25:CLE:KC:0,2018-08-25,KC,CLE,9.5,0.2736674838210228,0.4782608695652174,True,False,3,0,0.5526161878747806,0.4782608695652174,0.0743553183095632,0.0743553183095632,high_total,8,road_favorite,model_higher_by_3pp,largest,-0.3,-1.4000000000000004,19.0,0.02509598614470588,True,1
kaggle_mlb_vegas:2018-08-25:NYY:BAL:2,2018-08-25,BAL,NYY,9.0,0.361145703611457,0.5064960374171755,False,False,3,0,0.5329500168227246,0.5064960374171755,0.026453979405549,0.026453979405549,high_total,8,road_favorite,within_3pp,largest,-0.4999999999999999,-5.300000000000001,22.0,0.02509598614470588,True,1
kaggle_mlb_vegas:2018-08-25:PIT:MIL:0,2018-08-25,MIL,PIT,8.5,0.5620357024060317,0.5151837230488916,False,True,3,1,0.4801720507691756,0.5151837230488916,-0.035011672279716,0.035011672279716,high_total,8,home_favorite,market_higher_by_3pp,largest,0.3,1.3000000000000007,18.0,0.02509598614470588,True,0
kaggle_mlb_vegas:2018-08-25:SEA:ARI:0,2018-08-25,ARI,SEA,8.5,0.5867360379346681,0.5324675324675325,False,False,3,0,0.4929473176864948,0.5324675324675325,-0.0395202147810376,0.0395202147810376,high_total,8,home_favorite,market_higher_by_3pp,largest,0.2999999999999999,3.6,28.0,0.02509598614470588,True,0
kaggle_mlb_vegas:2018-08-26:NYY:BAL:0,2018-08-26,BAL,NYY,8.5,0.2892960462873674,0.5043297540699689,False,False,3,0,0.551268412110962,0.5043297540699689,0.046938658040993,0.046938658040993,high_total,8,road_favorite,model_higher_by_3pp,largest,-0.6,-6.1000000000000005,19.0,0.02509598614470588,True,1
kaggle_mlb_vegas:2018-08-26:PHI:TOR:0,2018-08-26,TOR,PHI,9.0,0.4703953046780597,0.5282320336795787,False,True,3,1,0.4969004774972561,0.5282320336795787,-0.0313315561823225,0.0313315561823225,high_total,8,road_favorite,market_higher_by_3pp,largest,0.3,3.2,33.0,0.02509598614470588,True,0
kaggle_mlb_vegas:2018-08-26:PIT:MIL:0,2018-08-26,MIL,PIT,8.5,0.5563644636560118,0.5195490681610844,True,True,3,1,0.4929783275045272,0.5195490681610844,-0.0265707406565571,0.0265707406565571,high_total,8,home_favorite,within_3pp,largest,0.2,-0.5000000000000004,18.0,0.02509598614470588,True,0
kaggle_mlb_vegas:2018-08-26:SEA:ARI:0,2018-08-26,ARI,SEA,8.0,0.6118283321702722,0.5130072840790842,True,False,3,0,0.4824253731183259,0.5130072840790842,-0.0305819109607583,0.0305819109607583,high_total,8,home_favorite,market_higher_by_3pp,largest,0.0999999999999999,2.6,28.0,0.02509598614470588,True,0
kaggle_mlb_vegas:2018-08-28:ATH:HOU:0,2018-08-28,HOU,ATH,8.5,0.672348637131141,0.5217391304347826,False,False,3,0,0.4913335135737521,0.5217391304347826,-0.0304056168610304,0.0304056168610304,high_total,8,home_favorite,market_higher_by_3pp,largest,0.0999999999999999,-4.440892098500626e-16,20.0,0.02509598614470588,True,0
kaggle_mlb_vegas:2018-08-28:WSH:PHI:0,2018-08-28,PHI,WSH,7.0,0.4883720930232558,0.5386856587892521,False,True,3,1,0.5100734649222632,0.5386856587892521,-0.0286121938669888,0.0286121938669888,low_total,8,road_favorite,within_3pp,largest,-0.2,-2.1,26.0,0.02509598614470588,True,1
kaggle_mlb_vegas:2018-08-29:MIA:BOS:0,2018-08-29,BOS,MIA,10.0,0.7578947368421054,0.5108342361863489,True,True,3,1,0.4793265876687248,0.5108342361863489,-0.0315076485176241,0.0315076485176241,high_total,8,home_favorite,market_higher_by_3pp,largest,-0.0999999999999999,-1.2999999999999998,28.0,0.02509598614470588,True,1
kaggle_mlb_vegas:2018-08-29:NYM:CHC:0,2018-08-29,CHC,NYM,8.5,0.6297217024951263,0.5108342361863489,False,True,3,1,0.4835110809351375,0.5108342361863489,-0.0273231552512113,0.0273231552512113,high_total,8,home_favorite,within_3pp,largest,0.1999999999999999,3.1000000000000005,28.0,0.02509598614470588,True,0
kaggle_mlb_vegas:2018-08-29:PIT:STL:0,2018-08-29,STL,PIT,7.5,0.5965083053348824,0.5195490681610844,False,False,3,0,0.484169052899312,0.5195490681610844,-0.0353800152617723,0.0353800152617723,low_total,8,home_favorite,market_higher_by_3pp,largest,0.5,2.4,14.0,0.02509598614470588,True,0
kaggle_mlb_vegas:2018-08-30:CHC:ATL:0,2018-08-30,ATL,CHC,8.5,0.5525036648406759,0.5217391304347826,False,True,3,1,0.4948947799812461,0.5217391304347826,-0.0268443504535364,0.0268443504535364,high_total,8,home_favorite,within_3pp,largest,-0.0999999999999999,-0.8999999999999995,15.0,0.02509598614470588,True,1
kaggle_mlb_vegas:2018-08-31:ARI:LAD:0,2018-08-31,LAD,ARI,7.0,0.5675675675675675,0.5217391304347826,True,False,3,0,0.4852018574756048,0.5217391304347826,-0.0365372729591778,0.0365372729591778,low_total,8,home_favorite,market_higher_by_3pp,largest,0.0,1.6999999999999995,12.0,0.02509598614470588,True,0
kaggle_mlb_vegas:2018-08-31:LAA:HOU:0,2018-08-31,HOU,LAA,9.0,0.638854296388543,0.5217391304347826,False,False,3,0,0.4886341493252487,0.5217391304347826,-0.0331049811095338,0.0331049811095338,high_total,8,home_favorite,market_higher_by_3pp,largest,0.3999999999999999,2.8999999999999995,29.0,0.02509598614470588,True,0
kaggle_mlb_vegas:2018-09-01:ARI:LAD:0,2018-09-01,LAD,ARI,6.5,0.5933014354066986,0.5108342361863489,True,False,3,0,0.4827307112928367,0.5108342361863489,-0.0281035248935122,0.0281035248935122,low_total,9,home_favorite,within_3pp,largest,0.0999999999999999,0.9000000000000004,11.0,0.02509598614470588,True,0
kaggle_mlb_vegas:2018-09-01:CIN:STL:0,2018-09-01,STL,CIN,8.5,0.5422592774235736,0.5195490681610844,False,False,3,0,0.492561212042082,0.5195490681610844,-0.0269878561190023,0.0269878561190023,high_total,9,home_favorite,within_3pp,largest,0.6000000000000001,5.2,31.0,0.02509598614470588,True,0
kaggle_mlb_vegas:2018-09-01:LAA:HOU:0,2018-09-01,HOU,LAA,8.5,0.6349947220491167,0.5217391304347826,True,True,3,1,0.486853609216674,0.5217391304347826,-0.0348855212181085,0.0348855212181085,high_total,9,home_favorite,market_higher_by_3pp,largest,0.3999999999999999,3.0,27.0,0.02509598614470588,True,0
kaggle_mlb_vegas:2018-09-01:MIL:WSH:0,2018-09-01,WSH,MIL,8.5,0.5563644636560118,0.5217391304347826,True,True,3,1,0.4913485638722739,0.5217391304347826,-0.0303905665625087,0.0303905665625087,high_total,9,home_favorite,market_higher_by_3pp,largest,-0.1999999999999999,0.7999999999999998,27.0,0.02509598614470588,True,0
kaggle_mlb_vegas:2018-09-02:DET:NYY:0,2018-09-02,NYY,DET,8.5,0.6944101085015795,0.5217391304347826,False,True,3,1,0.4888099589527001,0.5217391304347826,-0.0329291714820824,0.0329291714820824,high_total,9,home_favorite,market_higher_by_3pp,largest,0.4999999999999999,3.8,28.0,0.02509598614470588,True,0
kaggle_mlb_vegas:2018-09-02:PIT:ATL:0,2018-09-02,ATL,PIT,9.0,0.6283801591903432,0.5108342361863489,True,False,3,0,0.4833713731916214,0.5108342361863489,-0.0274628629947275,0.0274628629947275,high_total,9,home_favorite,within_3pp,largest,0.2,1.7000000000000002,14.0,0.02509598614470588,True,0
kaggle_mlb_vegas:2018-09-03:MIN:HOU:0,2018-09-03,HOU,MIN,7.5,0.679245283018868,0.5303589399530358,True,False,3,0,0.501327664522138,0.5303589399530358,-0.0290312754308978,0.0290312754308978,low_total,9,home_favorite,within_3pp,largest,0.3999999999999999,5.3999999999999995,34.0,0.02509598614470588,True,0
kaggle_mlb_vegas:2018-09-04:NYM:LAD:0,2018-09-04,LAD,NYM,8.0,0.6841382467383841,0.5324675324675325,True,True,3,1,0.4981916857421736,0.5324675324675325,-0.0342758467253588,0.0342758467253588,high_total,9,home_favorite,market_higher_by_3pp,largest,0.2,2.6999999999999993,30.0,0.02509598614470588,True,0
kaggle_mlb_vegas:2018-09-05:CHC:MIL:0,2018-09-05,MIL,CHC,8.5,0.5046466242274987,0.5217391304347826,False,True,3,1,0.4955399624235583,0.5217391304347826,-0.0261991680112242,0.0261991680112242,high_total,9,home_favorite,within_3pp,largest,0.0999999999999999,0.5,24.0,0.02509598614470588,True,0
kaggle_mlb_vegas:2018-09-05:DET:CWS:0,2018-09-05,CWS,DET,8.0,0.5867360379346681,0.5195490681610844,False,True,3,1,0.4929999101952316,0.5195490681610844,-0.0265491579658527,0.0265491579658527,high_total,9,home_favorite,within_3pp,largest,0.3,2.6999999999999997,29.0,0.02509598614470588,True,0
kaggle_mlb_vegas:2018-09-05:KC:CLE:0,2018-09-05,CLE,KC,8.5,0.7420932823170436,0.5173641257162701,True,False,3,0,0.4647393739639151,0.5173641257162701,-0.0526247517523549,0.0526247517523549,high_total,9,home_favorite,market_higher_by_3pp,largest,-0.3,-1.4999999999999996,23.0,0.02509598614470588,True,1
kaggle_mlb_vegas:2018-09-05:LAA:TEX:0,2018-09-05,TEX,LAA,10.5,0.5463304962261122,0.5195490681610844,False,True,3,1,0.4924937399731488,0.5195490681610844,-0.0270553281879355,0.0270553281879355,high_total,9,home_favorite,within_3pp,largest,0.0,1.0,24.0,0.02509598614470588,True,0
kaggle_mlb_vegas:2018-09-05:STL:WSH:0,2018-09-05,WSH,STL,9.0,0.5046466242274987,0.5195490681610844,False,True,3,1,0.4917679460174474,0.5195490681610844,-0.0277811221436369,0.0277811221436369,high_total,9,home_favorite,within_3pp,largest,0.0,-0.6000000000000005,28.0,0.02509598614470588,True,0
kaggle_mlb_vegas:2018-09-07:BAL:TB:0,2018-09-07,TB,BAL,6.5,0.7107039537126325,0.5324675324675325,True,True,3,1,0.4955624845247979,0.5324675324675325,-0.0369050479427346,0.0369050479427346,low_total,9,home_favorite,market_higher_by_3pp,largest,0.2999999999999999,1.5999999999999996,32.0,0.02509598614470588,True,0
kaggle_mlb_vegas:2018-09-07:KC:MIN:0,2018-09-07,MIN,KC,9.5,0.6115107913669063,0.5108342361863489,True,True,3,1,0.4783982711254663,0.5108342361863489,-0.0324359650608825,0.0324359650608825,high_total,9,home_favorite,market_higher_by_3pp,largest,-0.4999999999999999,-6.2,22.0,0.02509598614470588,True,1
kaggle_mlb_vegas:2018-09-08:HOU:BOS:0,2018-09-08,BOS,HOU,9.0,0.536016459868573,0.4891657638136511,False,False,3,0,0.4549779102250212,0.4891657638136511,-0.0341878535886298,0.0341878535886298,high_total,9,home_favorite,market_higher_by_3pp,largest,0.0,-0.3000000000000007,8.0,0.02509598614470588,True,1
kaggle_mlb_vegas:2018-09-08:PHI:NYM:0,2018-09-08,NYM,PHI,7.0,0.5782326921098653,0.5217391304347826,True,True,3,1,0.4919863492138275,0.5217391304347826,-0.029752781220955,0.029752781220955,low_total,9,home_favorite,within_3pp,largest,0.0999999999999999,0.8000000000000007,12.0,0.02509598614470588,True,0
kaggle_mlb_vegas:2018-09-08:SF:MIL:0,2018-09-08,MIL,SF,8.0,0.6438780948689374,0.5151837230488916,True,False,3,0,0.4895579491586018,0.5151837230488916,-0.0256257738902898,0.0256257738902898,high_total,9,home_favorite,within_3pp,largest,0.3999999999999999,2.3,15.0,0.02509598614470588,True,0
kaggle_mlb_vegas:2018-09-09:BAL:TB:0,2018-09-09,TB,BAL,8.0,0.6979865771812079,0.4512967518255245,True,True,3,1,0.4995150106611027,0.4512967518255245,0.0482182588355782,0.0482182588355782,high_total,9,home_favorite,model_higher_by_3pp,largest,0.3999999999999999,4.3,34.0,0.02509598614470588,True,0
kaggle_mlb_vegas:2018-09-10:HOU:DET:0,2018-09-10,DET,HOU,8.5,0.2421052631578947,0.5,False,False,3,0,0.5875528124255122,0.5,0.0875528124255121,0.0875528124255121,high_total,9,road_favorite,model_higher_by_3pp,largest,-0.0999999999999999,-0.5000000000000004,9.0,0.02509598614470588,True,1
kaggle_mlb_vegas:2018-09-11:WSH:PHI:2,2018-09-11,PHI,WSH,8.5,0.5544421922209049,0.5217391304347826,False,True,3,1,0.4950380208239854,0.5217391304347826,-0.0267011096107971,0.0267011096107971,high_total,9,home_favorite,within_3pp,largest,-0.2,-1.6,23.0,0.02509598614470588,True,1
kaggle_mlb_vegas:2018-09-12:ATH:BAL:0,2018-09-12,BAL,ATH,9.5,0.3452115812917595,0.4891657638136511,False,True,3,1,0.5144406445215991,0.4891657638136511,0.0252748807079479,0.0252748807079479,high_total,9,road_favorite,within_3pp,largest,-0.7000000000000001,-6.3999999999999995,25.0,0.02509598614470588,True,1
kaggle_mlb_vegas:2018-09-12:LAD:CIN:0,2018-09-12,CIN,LAD,8.5,0.3702782975048739,0.5217391304347826,False,True,3,1,0.4962191038921962,0.5217391304347826,-0.0255200265425863,0.0255200265425863,high_total,9,road_favorite,within_3pp,largest,0.0,0.5,14.0,0.02509598614470588,True,1
kaggle_mlb_vegas:2018-09-12:TOR:BOS:0,2018-09-12,BOS,TOR,9.0,0.7261223782284624,0.5108342361863489,True,False,3,0,0.4829258849904603,0.5108342361863489,-0.0279083511958886,0.0279083511958886,high_total,9,home_favorite,within_3pp,largest,0.1999999999999999,1.0999999999999996,26.0,0.02509598614470588,True,0
kaggle_mlb_vegas:2018-09-13:CHC:WSH:0,2018-09-13,WSH,CHC,9.0,0.486051922323835,0.5217391304347826,False,False,3,0,0.4951055071972161,0.5217391304347826,-0.0266336232375664,0.0266336232375664,high_total,9,road_favorite,within_3pp,largest,0.1999999999999999,1.5,29.0,0.02509598614470588,True,0
kaggle_mlb_vegas:2018-09-14:NYM:BOS:0,2018-09-14,BOS,NYM,9.0,0.5162468054034319,0.5195490681610844,False,False,3,0,0.4867321716084467,0.5195490681610844,-0.0328168965526376,0.0328168965526376,high_total,9,home_favorite,market_higher_by_3pp,largest,0.0,-1.4000000000000008,24.0,0.02509598614470588,True,1
kaggle_mlb_vegas:2018-09-14:SEA:LAA:0,2018-09-14,LAA,SEA,9.0,0.5833751631362312,0.5195490681610844,False,False,3,0,0.4851564367619805,0.5195490681610844,-0.0343926313991038,0.0343926313991038,high_total,9,home_favorite,market_higher_by_3pp,largest,0.2999999999999999,2.3,19.0,0.02509598614470588,True,0
kaggle_mlb_vegas:2018-09-15:ARI:HOU:0,2018-09-15,HOU,ARI,8.0,0.6229179100428626,0.5324675324675325,True,True,3,1,0.4964250510472539,0.5324675324675325,-0.0360424814202786,0.0360424814202786,high_total,9,home_favorite,market_higher_by_3pp,largest,0.4,3.1000000000000005,41.0,0.02509598614470588,True,0
kaggle_mlb_vegas:2018-09-15:PIT:MIL:0,2018-09-15,MIL,PIT,8.5,0.6172970557014359,0.5345580360820497,False,False,3,0,0.497939842156159,0.5345580360820497,-0.0366181939258906,0.0366181939258906,high_total,9,home_favorite,market_higher_by_3pp,largest,0.2,1.8000000000000007,22.0,0.02509598614470588,True,0
kaggle_mlb_vegas:2018-09-15:WSH:ATL:0,2018-09-15,ATL,WSH,9.5,0.5443037974683544,0.5217391304347826,False,False,3,0,0.4858225888505731,0.5217391304347826,-0.0359165415842094,0.0359165415842094,high_total,9,home_favorite,market_higher_by_3pp,largest,0.1999999999999999,0.7999999999999998,26.0,0.02509598614470588,True,0
kaggle_mlb_vegas:2018-09-16:ATH:TB:0,2018-09-16,TB,ATH,7.5,0.2686762778505897,0.5195490681610844,True,True,3,1,0.5447572786756127,0.5195490681610844,0.0252082105145283,0.0252082105145283,low_total,9,road_favorite,within_3pp,largest,0.0,0.0999999999999996,26.0,0.02509598614470588,True,0
kaggle_mlb_vegas:2018-09-16:DET:CLE:0,2018-09-16,CLE,DET,8.0,0.638854296388543,0.5217391304347826,False,True,3,1,0.4868118818187952,0.5217391304347826,-0.0349272486159873,0.0349272486159873,high_total,9,home_favorite,market_higher_by_3pp,largest,0.0,1.9999999999999996,24.0,0.02509598614470588,True,0
kaggle_mlb_vegas:2018-09-16:PIT:MIL:0,2018-09-16,MIL,PIT,8.0,0.6132979337411981,0.5108342361863489,False,False,3,0,0.4812108358872221,0.5108342361863489,-0.0296234002991268,0.0296234002991268,high_total,9,home_favorite,within_3pp,largest,0.0,0.9000000000000004,22.0,0.02509598614470588,True,0
kaggle_mlb_vegas:2018-09-17:KC:PIT:0,2018-09-17,PIT,KC,7.0,0.6115107913669063,0.5217391304347826,True,True,3,1,0.4859922445819674,0.5217391304347826,-0.0357468858528151,0.0357468858528151,low_total,9,home_favorite,market_higher_by_3pp,largest,0.0999999999999999,-0.3999999999999994,21.0,0.02509598614470588,True,0
kaggle_mlb_vegas:2018-09-18:COL:LAD:0,2018-09-18,LAD,COL,7.0,0.6713021491782554,0.5108342361863489,True,False,3,0,0.468129876720177,0.5108342361863489,-0.0427043594661719,0.0427043594661719,low_total,9,home_favorite,market_higher_by_3pp,largest,0.0999999999999999,1.5999999999999996,16.0,0.02509598614470588,True,0
kaggle_mlb_vegas:2018-09-18:KC:PIT:0,2018-09-18,PIT,KC,7.5,0.672348637131141,0.5217391304347826,True,False,3,0,0.4821793502178408,0.5217391304347826,-0.0395597802169417,0.0395597802169417,low_total,9,home_favorite,market_higher_by_3pp,largest,0.0999999999999999,-1.0000000000000009,24.0,0.02509598614470588,True,0
kaggle_mlb_vegas:2018-09-18:SEA:HOU:0,2018-09-18,HOU,SEA,8.5,0.6118283321702722,0.5108342361863489,True,False,3,0,0.4796445384363318,0.5108342361863489,-0.031189697750017,0.031189697750017,high_total,9,home_favorite,market_higher_by_3pp,largest,0.1999999999999999,0.2000000000000001,15.0,0.02509598614470588,True,0
kaggle_mlb_vegas:2018-09-19:BOS:NYY:0,2018-09-19,NYY,BOS,8.5,0.6012269938650306,0.5195490681610844,True,True,3,1,0.487954858032628,0.5195490681610844,-0.0315942101284563,0.0315942101284563,high_total,9,home_favorite,market_higher_by_3pp,largest,-0.0999999999999999,1.5999999999999996,33.0,0.02509598614470588,True,0
kaggle_mlb_vegas:2018-09-19:CIN:MIL:0,2018-09-19,MIL,CIN,8.5,0.6088560885608857,0.5217391304347826,True,False,3,0,0.493376924912389,0.5217391304347826,-0.0283622055223935,0.0283622055223935,high_total,9,home_favorite,within_3pp,largest,0.0999999999999999,1.6,20.0,0.02509598614470588,True,0
kaggle_mlb_vegas:2018-09-19:LAA:ATH:0,2018-09-19,ATH,LAA,8.0,0.5764909248055314,0.5195490681610844,True,True,3,1,0.4862096191391397,0.5195490681610844,-0.0333394490219446,0.0333394490219446,high_total,9,home_favorite,market_higher_by_3pp,largest,0.0,0.8999999999999995,23.0,0.02509598614470588,True,0
kaggle_mlb_vegas:2018-09-20:LAA:ATH:0,2018-09-20,ATH,LAA,8.5,0.5523059177728685,0.5239223627237672,True,True,3,1,0.4934616877421947,0.5239223627237672,-0.0304606749815725,0.0304606749815725,high_total,9,home_favorite,market_higher_by_3pp,largest,0.0999999999999999,3.4000000000000004,25.0,0.02509598614470588,True,0
kaggle_mlb_vegas:2018-09-20:NYM:WSH:0,2018-09-20,WSH,NYM,8.0,0.7261223782284624,0.4804509318389158,False,True,3,1,0.454418302713427,0.4804509318389158,-0.0260326291254888,0.0260326291254888,high_total,9,home_favorite,within_3pp,largest,0.1999999999999999,-0.9000000000000004,19.0,0.02509598614470588,True,0
kaggle_mlb_vegas:2018-09-21:MIN:ATH:0,2018-09-21,ATH,MIN,7.5,0.6229179100428626,0.5217391304347826,True,True,3,1,0.491938063264652,0.5217391304347826,-0.0298010671701305,0.0298010671701305,low_total,9,home_favorite,within_3pp,largest,0.0,3.2,36.0,0.02509598614470588,True,0
kaggle_mlb_vegas:2018-09-22:MIN:ATH:0,2018-09-22,ATH,MIN,8.5,0.6907506325555243,0.5239223627237672,True,False,3,0,0.4760982073058846,0.5239223627237672,-0.0478241554178826,0.0478241554178826,high_total,9,home_favorite,market_higher_by_3pp,largest,0.0,2.500000000000001,34.0,0.02509598614470588,True,0
kaggle_mlb_vegas:2018-09-22:PHI:ATL:0,2018-09-22,ATL,PHI,8.5,0.5933014354066986,0.5217391304347826,True,False,3,0,0.4825098851425994,0.5217391304347826,-0.0392292452921831,0.0392292452921831,high_total,9,home_favorite,market_higher_by_3pp,largest,0.1999999999999999,-0.2999999999999989,30.0,0.02509598614470588,True,0
kaggle_mlb_vegas:2018-09-23:BOS:CLE:0,2018-09-23,CLE,BOS,9.0,0.4725712667958797,0.5108342361863489,True,False,3,0,0.4852040236277683,0.5108342361863489,-0.0256302125585806,0.0256302125585806,high_total,9,road_favorite,within_3pp,largest,-0.0999999999999999,2.2,29.0,0.02509598614470588,True,0
kaggle_mlb_vegas:2018-09-23:CHC:CWS:0,2018-09-23,CWS,CHC,8.0,0.361145703611457,0.5217391304347826,False,False,3,0,0.4960394350905358,0.5217391304347826,-0.0256996953442468,0.0256996953442468,high_total,9,road_favorite,within_3pp,largest,-0.0999999999999999,-0.4000000000000003,18.0,0.02509598614470588,True,1
kaggle_mlb_vegas:2018-09-24:LAD:ARI:0,2018-09-24,ARI,LAD,7.5,0.3536608679028867,0.4848162769511084,False,True,3,1,0.5174515431763453,0.4848162769511084,0.0326352662252369,0.0326352662252369,low_total,9,road_favorite,model_higher_by_3pp,largest,-0.6000000000000001,-6.5,13.0,0.02509598614470588,True,1
kaggle_mlb_vegas:2018-09-24:NYY:TB:0,2018-09-24,TB,NYY,8.0,0.4598032949132971,0.5217391304347826,False,False,3,0,0.4922372843439525,0.5217391304347826,-0.0295018460908301,0.0295018460908301,high_total,9,road_favorite,within_3pp,largest,0.1999999999999999,1.0000000000000009,33.0,0.02509598614470588,True,0
kaggle_mlb_vegas:2018-09-25:LAD:ARI:0,2018-09-25,ARI,LAD,9.0,0.3297508549096238,0.4956702459300312,True,False,3,0,0.5351567662019514,0.4956702459300312,0.0394865202719202,0.0394865202719202,high_total,9,road_favorite,model_higher_by_3pp,largest,-0.6000000000000001,-6.199999999999999,12.0,0.02509598614470588,True,1
kaggle_mlb_vegas:2018-09-25:MIA:WSH:0,2018-09-25,WSH,MIA,7.5,0.7713612256923984,0.5324675324675325,True,True,3,1,0.4934338084623573,0.5324675324675325,-0.0390337240051751,0.0390337240051751,low_total,9,home_favorite,market_higher_by_3pp,largest,0.0,1.2000000000000006,33.0,0.02509598614470588,True,0
kaggle_mlb_vegas:2018-09-25:NYY:TB:0,2018-09-25,TB,NYY,8.0,0.3571428571428571,0.4978354041300489,False,True,3,1,0.4719412297440841,0.4978354041300489,-0.0258941743859648,0.0258941743859648,high_total,9,road_favorite,within_3pp,largest,0.0999999999999999,0.2999999999999998,34.0,0.02509598614470588,True,0
kaggle_mlb_vegas:2018-09-25:PIT:CHC:0,2018-09-25,CHC,PIT,9.0,0.61442503969154,0.5195490681610844,False,False,3,0,0.489205369929636,0.5195490681610844,-0.0303436982314483,0.0303436982314483,high_total,9,home_favorite,market_higher_by_3pp,largest,-0.0999999999999999,0.6000000000000001,31.0,0.02509598614470588,True,0
kaggle_mlb_vegas:2018-09-26:ATH:SEA:0,2018-09-26,SEA,ATH,8.5,0.4907015667859966,0.5239223627237672,False,True,3,1,0.4938305525280586,0.5239223627237672,-0.0300918101957086,0.0300918101957086,high_total,9,road_favorite,market_higher_by_3pp,largest,0.0,-1.6999999999999993,32.0,0.02509598614470588,True,1
kaggle_mlb_vegas:2018-09-26:BAL:BOS:1,2018-09-26,BOS,BAL,9.0,0.7381546134663343,0.5217391304347826,True,True,3,1,0.4803725275863618,0.5217391304347826,-0.0413666028484207,0.0413666028484207,high_total,9,home_favorite,market_higher_by_3pp,largest,0.2,0.3999999999999994,27.0,0.02509598614470588,True,0
kaggle_mlb_vegas:2018-09-26:CLE:CWS:0,2018-09-26,CWS,CLE,9.0,0.3676233473073202,0.4782608695652174,False,True,3,1,0.5091140535180895,0.4782608695652174,0.030853183952872,0.030853183952872,high_total,9,road_favorite,model_higher_by_3pp,largest,-0.1999999999999999,-3.3000000000000007,19.0,0.02509598614470588,True,1
kaggle_mlb_vegas:2018-09-26:NYY:TB:0,2018-09-26,TB,NYY,7.0,0.3867020662588017,0.5324675324675325,True,True,3,1,0.4920715845685328,0.5324675324675325,-0.0403959478989996,0.0403959478989996,low_total,9,road_favorite,market_higher_by_3pp,largest,0.0,-0.1999999999999997,33.0,0.02509598614470588,True,0
kaggle_mlb_vegas:2018-09-26:TEX:LAA:0,2018-09-26,LAA,TEX,9.0,0.6187175043327556,0.4675324675324676,True,False,3,0,0.4983541940568561,0.4675324675324676,0.0308217265243885,0.0308217265243885,high_total,9,home_favorite,model_higher_by_3pp,largest,0.1,-1.8000000000000005,26.0,0.02509598614470588,True,0
kaggle_mlb_vegas:2018-09-28:HOU:BAL:0,2018-09-28,BAL,HOU,8.5,0.291755552766972,0.4848162769511084,False,False,3,0,0.5139554441060417,0.4848162769511084,0.0291391671549332,0.0291391671549332,high_total,9,road_favorite,within_3pp,largest,-0.2999999999999999,-3.1,23.0,0.02509598614470588,True,1
kaggle_mlb_vegas:2018-09-28:WSH:COL:0,2018-09-28,COL,WSH,10.5,0.6570825639672909,0.4978354041300489,True,False,3,0,0.4644740972484991,0.4978354041300489,-0.0333613068815498,0.0333613068815498,high_total,9,home_favorite,market_higher_by_3pp,largest,0.0999999999999999,1.4999999999999996,27.0,0.02509598614470588,True,0
kaggle_mlb_vegas:2018-09-29:HOU:BAL:1,2018-09-29,BAL,HOU,8.0,0.2934179222839017,0.5108342361863489,False,False,3,0,0.5417246733676743,0.5108342361863489,0.0308904371813253,0.0308904371813253,high_total,9,road_favorite,model_higher_by_3pp,largest,-0.3999999999999999,-3.6,23.0,0.02509598614470588,True,1
kaggle_mlb_vegas:2018-09-29:WSH:COL:0,2018-09-29,COL,WSH,10.0,0.5092984332140034,0.5195490681610844,False,True,3,1,0.4722712203461273,0.5195490681610844,-0.047277847814957,0.047277847814957,high_total,9,home_favorite,market_higher_by_3pp,largest,0.3,2.8999999999999995,28.0,0.02509598614470588,True,0
kaggle_mlb_vegas:2018-09-30:NYY:BOS:0,2018-09-30,BOS,NYY,9.0,0.5582706766917294,0.5324675324675325,True,True,3,1,0.477055370159211,0.5324675324675325,-0.0554121623083214,0.0554121623083214,high_total,9,home_favorite,market_higher_by_3pp,largest,-0.2999999999999999,-2.2,31.0,0.02509598614470588,True,1
kaggle_mlb_vegas:2018-09-30:TOR:TB:0,2018-09-30,TB,TOR,8.0,0.6027760021915807,0.5130072840790842,True,True,3,1,0.4872371386811564,0.5130072840790842,-0.0257701453979278,0.0257701453979278,high_total,9,home_favorite,within_3pp,largest,0.0,-0.2000000000000001,26.0,0.02509598614470588,True,0
kaggle_mlb_vegas:2019-03-20:SEA:ATH:0,2019-03-20,ATH,SEA,8.5,0.5542635658914729,0.5217391304347826,False,True,3,1,0.4875235660898086,0.5217391304347826,-0.0342155643449739,0.0342155643449739,high_total,3,home_favorite,market_higher_by_3pp,largest,0.0999999999999999,1.8999999999999997,21.0,0.02509598614470588,True,0
kaggle_mlb_vegas:2019-03-28:CLE:MIN:0,2019-03-28,MIN,CLE,7.5,0.5274287332041203,0.4572564612326044,True,False,3,0,0.515644194133324,0.4572564612326044,0.0583877329007195,0.0583877329007195,low_total,3,home_favorite,model_higher_by_3pp,largest,0.2999999999999999,2.9,40.0,0.02509598614470588,True,0
kaggle_mlb_vegas:2019-03-28:DET:TOR:0,2019-03-28,TOR,DET,8.5,0.5765084698306034,0.5217391304347826,False,False,3,0,0.4846203221588029,0.5217391304347826,-0.0371188082759796,0.0371188082759796,high_total,3,home_favorite,market_higher_by_3pp,largest,0.1,0.7000000000000002,30.0,0.02509598614470588,True,0
kaggle_mlb_vegas:2019-03-28:STL:MIL:0,2019-03-28,MIL,STL,8.5,0.5207810820494446,0.5217391304347826,True,True,3,1,0.4881196705753597,0.5217391304347826,-0.0336194598594228,0.0336194598594228,high_total,3,home_favorite,market_higher_by_3pp,largest,0.1999999999999999,2.5,30.0,0.02509598614470588,True,0
kaggle_mlb_vegas:2019-03-29:LAA:ATH:0,2019-03-29,ATH,LAA,8.5,0.4907015667859966,0.5217391304347826,False,False,3,0,0.48925041709768,0.5217391304347826,-0.0324887133371025,0.0324887133371025,high_total,3,road_favorite,market_higher_by_3pp,largest,-0.0999999999999999,1.9000000000000004,42.0,0.02509598614470588,True,0
kaggle_mlb_vegas:2019-03-29:SF:SD:0,2019-03-29,SD,SF,7.5,0.5982670342654589,0.4782608695652174,True,False,3,0,0.5036878848958256,0.4782608695652174,0.0254270153306082,0.0254270153306082,low_total,3,home_favorite,within_3pp,largest,0.5,2.9000000000000004,31.0,0.02509598614470588,True,0
kaggle_mlb_vegas:2019-03-31:BOS:SEA:0,2019-03-31,SEA,BOS,8.0,0.4343345111896348,0.5217391304347826,True,True,3,1,0.495107263584277,0.5217391304347826,-0.0266318668505056,0.0266318668505056,high_total,3,road_favorite,within_3pp,largest,0.0,0.5000000000000009,18.0,0.02509598614470588,True,1
kaggle_mlb_vegas:2019-04-01:COL:TB:0,2019-04-01,TB,COL,8.5,0.5817328211694409,0.5217391304347826,True,False,3,0,0.4837075495314619,0.5217391304347826,-0.0380315809033206,0.0380315809033206,high_total,4,home_favorite,market_higher_by_3pp,largest,0.3,0.1000000000000005,24.0,0.02509598614470588,True,0
kaggle_mlb_vegas:2019-04-02:DET:NYY:0,2019-04-02,NYY,DET,7.5,0.6800775569558895,0.5217391304347826,False,False,3,0,0.4936998784873992,0.5217391304347826,-0.0280392519473833,0.0280392519473833,low_total,4,home_favorite,within_3pp,largest,0.2,1.9,25.0,0.02509598614470588,True,0
kaggle_mlb_vegas:2019-04-02:NYM:MIA:0,2019-04-02,MIA,NYM,8.0,0.4343345111896348,0.5217391304347826,False,True,3,1,0.4939410359316072,0.5217391304347826,-0.0277980945031753,0.0277980945031753,high_total,4,road_favorite,within_3pp,largest,-0.3999999999999999,-1.5999999999999996,22.0,0.02509598614470588,True,1
kaggle_mlb_vegas:2019-04-02:PHI:WSH:0,2019-04-02,WSH,PHI,7.0,0.6301188903566711,0.5324675324675325,False,True,3,1,0.4980126430149412,0.5324675324675325,-0.0344548894525912,0.0344548894525912,low_total,4,home_favorite,market_higher_by_3pp,largest,0.0,2.7,41.0,0.02509598614470588,True,0
kaggle_mlb_vegas:2019-04-03:MIN:KC:0,2019-04-03,KC,MIN,8.5,0.4457364341085271,0.5324675324675325,False,True,3,1,0.5024458897871672,0.5324675324675325,-0.0300216426803653,0.0300216426803653,high_total,4,road_favorite,market_higher_by_3pp,largest,-0.3,-3.3000000000000007,17.0,0.02509598614470588,True,1
kaggle_mlb_vegas:2019-04-04:WSH:NYM:0,2019-04-04,NYM,WSH,6.5,0.5542635658914729,0.5217391304347826,False,False,3,0,0.484197329726164,0.5217391304347826,-0.0375418007086185,0.0375418007086185,low_total,4,home_favorite,market_higher_by_3pp,largest,0.3,1.2000000000000002,40.0,0.02509598614470588,True,0
kaggle_mlb_vegas:2019-04-05:CHC:MIL:0,2019-04-05,MIL,CHC,8.5,0.5443037974683544,0.5217391304347826,True,True,3,1,0.4749868484940394,0.5217391304347826,-0.0467522819407431,0.0467522819407431,high_total,4,home_favorite,market_higher_by_3pp,largest,0.3999999999999999,0.5,32.0,0.02509598614470588,True,0
kaggle_mlb_vegas:2019-04-05:MIA:ATL:0,2019-04-05,ATL,MIA,8.0,0.6060606060606061,0.5108342361863489,True,False,3,0,0.4838463917940961,0.5108342361863489,-0.0269878443922528,0.0269878443922528,high_total,4,home_favorite,within_3pp,largest,0.1,-0.5999999999999992,24.0,0.02509598614470588,True,0
kaggle_mlb_vegas:2019-04-06:LAD:COL:0,2019-04-06,COL,LAD,10.0,0.474767012484614,0.5217391304347826,False,False,3,0,0.4897251319693155,0.5217391304347826,-0.0320139984654671,0.0320139984654671,high_total,4,road_favorite,market_higher_by_3pp,largest,-0.3,-4.0,36.0,0.02509598614470588,True,1
kaggle_mlb_vegas:2019-04-06:MIA:ATL:0,2019-04-06,ATL,MIA,8.5,0.6227043222548966,0.5217391304347826,False,False,3,0,0.4813298545715687,0.5217391304347826,-0.0404092758632138,0.0404092758632138,high_total,4,home_favorite,market_higher_by_3pp,largest,0.3,1.4999999999999996,24.0,0.02509598614470588,True,0
kaggle_mlb_vegas:2019-04-06:MIN:PHI:0,2019-04-06,PHI,MIN,8.5,0.5868319338931095,0.4782608695652174,False,False,3,0,0.452132251174702,0.4782608695652174,-0.0261286183905153,0.0261286183905153,high_total,4,home_favorite,within_3pp,largest,-0.1,0.0,19.0,0.02509598614470588,True,1
kaggle_mlb_vegas:2019-04-06:TOR:CLE:0,2019-04-06,CLE,TOR,8.0,0.6463710938439703,0.4782608695652174,True,True,3,1,0.5044742484854206,0.4782608695652174,0.0262133789202031,0.0262133789202031,high_total,4,home_favorite,within_3pp,largest,0.1,-1.8000000000000005,17.0,0.02509598614470588,True,1
kaggle_mlb_vegas:2019-04-07:TOR:CLE:0,2019-04-07,CLE,TOR,7.5,0.6060606060606061,0.5217391304347826,True,False,3,0,0.4927053100919284,0.5217391304347826,-0.0290338203428541,0.0290338203428541,low_total,4,home_favorite,within_3pp,largest,0.2,-0.7999999999999998,19.0,0.02509598614470588,True,0
kaggle_mlb_vegas:2019-04-08:LAD:STL:0,2019-04-08,STL,LAD,8.0,0.5046466242274987,0.5108342361863489,True,False,3,0,0.4798208056106088,0.5108342361863489,-0.0310134305757401,0.0310134305757401,high_total,4,home_favorite,market_higher_by_3pp,largest,-0.4,-4.000000000000001,37.0,0.02509598614470588,True,1
kaggle_mlb_vegas:2019-04-08:NYY:HOU:0,2019-04-08,HOU,NYY,7.5,0.5868319338931095,0.5217391304347826,True,False,3,0,0.485129522972199,0.5217391304347826,-0.0366096074625835,0.0366096074625835,low_total,4,home_favorite,market_higher_by_3pp,largest,0.0,-1.6000000000000003,25.0,0.02509598614470588,True,0
kaggle_mlb_vegas:2019-04-08:WSH:PHI:0,2019-04-08,PHI,WSH,9.5,0.5817328211694409,0.5217391304347826,True,False,3,0,0.4865766474870727,0.5217391304347826,-0.0351624829477099,0.0351624829477099,high_total,4,home_favorite,market_higher_by_3pp,largest,0.3,3.0000000000000004,43.0,0.02509598614470588,True,0
kaggle_mlb_vegas:2019-04-09:NYY:HOU:0,2019-04-09,HOU,NYY,8.0,0.6479878222814194,0.5108342361863489,True,True,3,1,0.4784948654948978,0.5108342361863489,-0.0323393706914511,0.0323393706914511,high_total,4,home_favorite,market_higher_by_3pp,largest,0.0,-1.9,25.0,0.02509598614470588,True,1
kaggle_mlb_vegas:2019-04-10:MIN:NYM:0,2019-04-10,NYM,MIN,7.0,0.6430769230769231,0.5324675324675325,True,True,3,1,0.4978195092540493,0.5324675324675325,-0.0346480232134832,0.0346480232134832,low_total,4,home_favorite,market_higher_by_3pp,largest,-0.0999999999999999,-1.4000000000000004,20.0,0.02509598614470588,True,1
kaggle_mlb_vegas:2019-04-10:WSH:PHI:0,2019-04-10,PHI,WSH,9.0,0.6014206175654089,0.5217391304347826,False,True,3,1,0.4772359930418267,0.5217391304347826,-0.0445031373929559,0.0445031373929559,high_total,4,home_favorite,market_higher_by_3pp,largest,0.1999999999999999,1.7000000000000002,41.0,0.02509598614470588,True,0
kaggle_mlb_vegas:2019-04-11:PIT:CHC:0,2019-04-11,CHC,PIT,9.0,0.5463304962261122,0.4572564612326044,True,False,3,0,0.5040976952756852,0.4572564612326044,0.0468412340430807,0.0468412340430807,high_total,4,home_favorite,model_higher_by_3pp,largest,-0.3999999999999999,-1.1,20.0,0.02509598614470588,True,1
kaggle_mlb_vegas:2019-04-12:CLE:KC:0,2019-04-12,KC,CLE,7.5,0.3970208051212606,0.4782608695652174,True,True,3,1,0.5034325333647172,0.4782608695652174,0.0251716637994997,0.0251716637994997,low_total,4,road_favorite,within_3pp,largest,-0.7,-3.3,18.0,0.02509598614470588,True,1
kaggle_mlb_vegas:2019-04-13:DET:MIN:0,2019-04-13,MIN,DET,8.0,0.6511627906976745,0.5217391304347826,True,False,3,0,0.4812784832449014,0.5217391304347826,-0.0404606471898811,0.0404606471898811,high_total,4,home_favorite,market_higher_by_3pp,largest,-0.0999999999999999,0.8000000000000003,20.0,0.02509598614470588,True,0
kaggle_mlb_vegas:2019-04-14:HOU:SEA:0,2019-04-14,SEA,HOU,7.5,0.3632887189292542,0.5217391304347826,False,False,3,0,0.4901702422618897,0.5217391304347826,-0.0315688881728928,0.0315688881728928,low_total,4,road_favorite,market_higher_by_3pp,largest,-0.1,0.6000000000000001,14.0,0.02509598614470588,True,1
kaggle_mlb_vegas:2019-04-15:LAA:TEX:0,2019-04-15,TEX,LAA,10.5,0.461884154460719,0.5217391304347826,True,True,3,1,0.4923669580269367,0.5217391304347826,-0.0293721724078458,0.0293721724078458,high_total,4,road_favorite,within_3pp,largest,-0.1999999999999999,-0.5000000000000004,13.0,0.02509598614470588,True,1
kaggle_mlb_vegas:2019-04-16:NYM:PHI:0,2019-04-16,PHI,NYM,9.0,0.5230171935662784,0.5,True,True,3,1,0.4697914896658862,0.5,-0.0302085103341137,0.0302085103341137,high_total,4,home_favorite,market_higher_by_3pp,largest,0.0,-0.2999999999999998,40.0,0.02509598614470588,True,0
kaggle_mlb_vegas:2019-04-17:STL:MIL:0,2019-04-17,MIL,STL,10.0,0.5542635658914729,0.5217391304347826,False,False,3,0,0.4935685583096887,0.5217391304347826,-0.0281705721250938,0.0281705721250938,high_total,4,home_favorite,within_3pp,largest,-0.0999999999999999,-1.3999999999999997,26.0,0.02509598614470588,True,1
kaggle_mlb_vegas:2019-04-18:ARI:ATL:0,2019-04-18,ATL,ARI,8.5,0.6179288321167884,0.5217391304347826,False,False,3,0,0.4769322268648049,0.5217391304347826,-0.0448069035699776,0.0448069035699776,high_total,4,home_favorite,market_higher_by_3pp,largest,0.0,0.1000000000000005,21.0,0.02509598614470588,True,0
kaggle_mlb_vegas:2019-04-18:PHI:COL:0,2019-04-18,COL,PHI,10.5,0.5296046953219403,0.5217391304347826,True,False,3,0,0.4885813234222986,0.5217391304347826,-0.033157807012484,0.033157807012484,high_total,4,home_favorite,market_higher_by_3pp,largest,-0.3,-0.8999999999999999,24.0,0.02509598614470588,True,1
kaggle_mlb_vegas:2019-04-18:TOR:MIN:0,2019-04-18,MIN,TOR,8.0,0.6227043222548966,0.5217391304347826,False,True,3,1,0.4945589023328944,0.5217391304347826,-0.0271802281018881,0.0271802281018881,high_total,4,home_favorite,within_3pp,largest,0.0999999999999999,1.5,23.0,0.02509598614470588,True,0
kaggle_mlb_vegas:2019-04-20:CIN:SD:0,2019-04-20,SD,CIN,7.0,0.5023229882921391,0.5427435387673957,False,False,3,0,0.5132837446350615,0.5427435387673957,-0.0294597941323341,0.0294597941323341,low_total,4,home_favorite,within_3pp,largest,-0.1999999999999999,-3.3000000000000007,18.0,0.02509598614470588,True,1
kaggle_mlb_vegas:2019-04-20:HOU:TEX:0,2019-04-20,TEX,HOU,10.0,0.2998944033790918,0.4782608695652174,True,True,3,1,0.5068592938069674,0.4782608695652174,0.0285984242417499,0.0285984242417499,high_total,4,road_favorite,within_3pp,largest,-0.4,-2.8000000000000003,15.0,0.02509598614470588,True,1
kaggle_mlb_vegas:2019-04-20:KC:NYY:0,2019-04-20,NYY,KC,8.5,0.6956521739130435,0.5217391304347826,True,True,3,1,0.4903830529721184,0.5217391304347826,-0.0313560774626641,0.0313560774626641,high_total,4,home_favorite,market_higher_by_3pp,largest,-0.0999999999999999,-0.4999999999999991,27.0,0.02509598614470588,True,0
kaggle_mlb_vegas:2019-04-20:LAD:MIL:0,2019-04-20,MIL,LAD,9.0,0.4598032949132971,0.5217391304347826,True,False,3,0,0.4927851162297991,0.5217391304347826,-0.0289540142049834,0.0289540142049834,high_total,4,road_favorite,within_3pp,largest,-0.1999999999999999,-0.7000000000000002,20.0,0.02509598614470588,True,1
kaggle_mlb_vegas:2019-04-21:CIN:SD:0,2019-04-21,SD,CIN,7.5,0.609095249462879,0.4782608695652174,True,False,3,0,0.5036322014062391,0.4782608695652174,0.0253713318410216,0.0253713318410216,low_total,4,home_favorite,within_3pp,largest,-0.1999999999999999,-1.8000000000000005,17.0,0.02509598614470588,True,1
kaggle_mlb_vegas:2019-04-21:KC:NYY:0,2019-04-21,NYY,KC,7.5,0.6511627906976745,0.5108342361863489,True,True,3,1,0.4837686590847972,0.5108342361863489,-0.0270655771015516,0.0270655771015516,low_total,4,home_favorite,within_3pp,largest,0.0,0.9000000000000004,25.0,0.02509598614470588,True,0
kaggle_mlb_vegas:2019-04-21:PHI:COL:0,2019-04-21,COL,PHI,10.5,0.5765084698306034,0.5217391304347826,True,False,3,0,0.4839440772163428,0.5217391304347826,-0.0377950532184397,0.0377950532184397,high_total,4,home_favorite,market_higher_by_3pp,largest,0.0,0.6000000000000005,27.0,0.02509598614470588,True,0
kaggle_mlb_vegas:2019-04-21:WSH:MIA:0,2019-04-21,MIA,WSH,7.0,0.393939393939394,0.5108342361863489,False,False,3,0,0.4839232220291554,0.5108342361863489,-0.0269110141571934,0.0269110141571934,low_total,4,road_favorite,within_3pp,largest,-0.2,-2.6000000000000005,25.0,0.02509598614470588,True,1
kaggle_mlb_vegas:2019-04-22:KC:TB:0,2019-04-22,TB,KC,7.5,0.6207865168539326,0.5217391304347826,True,True,3,1,0.4857620774554001,0.5217391304347826,-0.0359770529793824,0.0359770529793824,low_total,4,home_favorite,market_higher_by_3pp,largest,0.0,1.7999999999999998,27.0,0.02509598614470588,True,0
kaggle_mlb_vegas:2019-04-22:MIL:STL:0,2019-04-22,STL,MIL,8.5,0.5817328211694409,0.5108342361863489,True,True,3,1,0.4825862444919204,0.5108342361863489,-0.0282479916944284,0.0282479916944284,high_total,4,home_favorite,within_3pp,largest,0.0999999999999999,1.1000000000000003,21.0,0.02509598614470588,True,0
kaggle_mlb_vegas:2019-04-23:LAD:CHC:0,2019-04-23,CHC,LAD,8.0,0.5116279069767442,0.5108342361863489,True,True,3,1,0.4848574354361857,0.5108342361863489,-0.0259768007501631,0.0259768007501631,high_total,4,home_favorite,within_3pp,largest,0.0,0.8999999999999995,22.0,0.02509598614470588,True,0
kaggle_mlb_vegas:2019-04-23:MIN:HOU:0,2019-04-23,HOU,MIN,9.5,0.5901639344262295,0.5,True,True,3,1,0.4704433682076288,0.5,-0.0295566317923711,0.0295566317923711,high_total,4,home_favorite,within_3pp,largest,-0.0999999999999999,-0.4000000000000003,28.0,0.02509598614470588,True,1
kaggle_mlb_vegas:2019-04-23:TEX:ATH:0,2019-04-23,ATH,TEX,8.0,0.5729537366548043,0.5324675324675325,True,True,3,1,0.4949717251830133,0.5324675324675325,-0.0374958072845191,0.0374958072845191,high_total,4,home_favorite,market_higher_by_3pp,largest,-0.1999999999999999,-1.4000000000000004,31.0,0.02509598614470588,True,1
kaggle_mlb_vegas:2019-04-24:PHI:NYM:0,2019-04-24,NYM,PHI,9.0,0.4536695037738878,0.5217391304347826,False,False,3,0,0.4899413460341227,0.5217391304347826,-0.0317977844006598,0.0317977844006598,high_total,4,road_favorite,market_higher_by_3pp,largest,0.0,-1.0,28.0,0.02509598614470588,True,1
kaggle_mlb_vegas:2019-04-24:SEA:SD:0,2019-04-24,SD,SEA,8.5,0.6029791948787393,0.5108342361863489,True,False,3,0,0.4767717986043913,0.5108342361863489,-0.0340624375819575,0.0340624375819575,high_total,4,home_favorite,market_higher_by_3pp,largest,0.1,-0.3999999999999994,28.0,0.02509598614470588,True,0
kaggle_mlb_vegas:2019-04-24:SF:TOR:0,2019-04-24,TOR,SF,8.5,0.461884154460719,0.4675324675324676,False,False,3,0,0.5000951590462088,0.4675324675324676,0.0325626915137412,0.0325626915137412,high_total,4,road_favorite,model_higher_by_3pp,largest,0.1999999999999999,1.8000000000000005,15.0,0.02509598614470588,True,0
kaggle_mlb_vegas:2019-04-24:WSH:COL:0,2019-04-24,COL,WSH,10.5,0.6060606060606061,0.5,True,True,3,1,0.46781376395052,0.5,-0.0321862360494799,0.0321862360494799,high_total,4,home_favorite,market_higher_by_3pp,largest,0.1999999999999999,1.4,19.0,0.02509598614470588,True,0
kaggle_mlb_vegas:2019-04-25:DET:BOS:0,2019-04-25,BOS,DET,9.5,0.6800775569558895,0.5108342361863489,True,True,3,1,0.4790704386935167,0.5108342361863489,-0.0317637974928322,0.0317637974928322,high_total,4,home_favorite,market_higher_by_3pp,largest,0.0999999999999999,0.2000000000000001,25.0,0.02509598614470588,True,0
kaggle_mlb_vegas:2019-04-26:ATH:TOR:0,2019-04-26,TOR,ATH,9.0,0.5422592774235736,0.5217391304347826,True,False,3,0,0.4901911930577449,0.5217391304347826,-0.0315479373770376,0.0315479373770376,high_total,4,home_favorite,market_higher_by_3pp,largest,0.0999999999999999,1.6000000000000003,26.0,0.02509598614470588,True,0
kaggle_mlb_vegas:2019-04-26:CHC:ARI:0,2019-04-26,ARI,CHC,9.0,0.5069715560513106,0.5108342361863489,True,True,3,1,0.4836080773295483,0.5108342361863489,-0.0272261588568006,0.0272261588568006,high_total,4,home_favorite,within_3pp,largest,0.1,1.3000000000000005,11.0,0.02509598614470588,True,0
kaggle_mlb_vegas:2019-04-26:CIN:STL:0,2019-04-26,STL,CIN,8.0,0.5817328211694409,0.5217391304347826,False,True,3,1,0.4927680796071172,0.5217391304347826,-0.0289710508276653,0.0289710508276653,high_total,4,home_favorite,within_3pp,largest,0.1999999999999999,2.1999999999999993,17.0,0.02509598614470588,True,0
kaggle_mlb_vegas:2019-04-27:ATH:TOR:0,2019-04-27,TOR,ATH,9.0,0.5,0.5217391304347826,True,False,3,0,0.4939420995768966,0.5217391304347826,-0.0277970308578859,0.0277970308578859,high_total,4,home_favorite,within_3pp,largest,0.2999999999999999,2.6000000000000005,22.0,0.02509598614470588,True,0
kaggle_mlb_vegas:2019-04-27:TB:BOS:0,2019-04-27,BOS,TB,9.0,0.5542635658914729,0.4572564612326044,False,False,3,0,0.4876985937828542,0.4572564612326044,0.0304421325502498,0.0304421325502498,high_total,4,home_favorite,model_higher_by_3pp,largest,0.0,-1.299999999999999,41.0,0.02509598614470588,True,0
kaggle_mlb_vegas:2019-04-28:BAL:MIN:0,2019-04-28,MIN,BAL,9.0,0.662676822633297,0.4572564612326044,True,False,3,0,0.4867329367132687,0.4572564612326044,0.0294764754806643,0.0294764754806643,high_total,4,home_favorite,within_3pp,largest,0.3999999999999999,4.5,38.0,0.02509598614470588,True,0
kaggle_mlb_vegas:2019-04-28:CHC:ARI:0,2019-04-28,ARI,CHC,8.5,0.4883720930232558,0.5324675324675325,False,True,3,1,0.4992027101470822,0.5324675324675325,-0.0332648223204503,0.0332648223204503,high_total,4,road_favorite,market_higher_by_3pp,largest,0.0,0.6999999999999993,12.0,0.02509598614470588,True,1
kaggle_mlb_vegas:2019-04-28:COL:ATL:0,2019-04-28,ATL,COL,9.0,0.6135617936565805,0.5217391304347826,True,True,3,1,0.4914692330053655,0.5217391304347826,-0.0302698974294171,0.0302698974294171,high_total,4,home_favorite,market_higher_by_3pp,largest,-0.5,-3.2,18.0,0.02509598614470588,True,1
kaggle_mlb_vegas:2019-04-28:LAA:KC:0,2019-04-28,KC,LAA,9.5,0.4883720930232558,0.4572564612326044,False,True,3,1,0.4926647876676363,0.4572564612326044,0.0354083264350318,0.0354083264350318,high_total,4,road_favorite,model_higher_by_3pp,largest,0.1,-0.2000000000000001,45.0,0.02509598614470588,True,0
kaggle_mlb_vegas:2019-04-28:TEX:SEA:0,2019-04-28,SEA,TEX,8.5,0.5483396008675064,0.5217391304347826,False,True,3,1,0.4851233330658204,0.5217391304347826,-0.0366157973689621,0.0366157973689621,high_total,4,home_favorite,market_higher_by_3pp,largest,0.0999999999999999,0.4999999999999991,37.0,0.02509598614470588,True,0
kaggle_mlb_vegas:2019-04-29:ATH:BOS:0,2019-04-29,BOS,ATH,9.0,0.5619290100344467,0.5217391304347826,True,True,3,1,0.4841877080563849,0.5217391304347826,-0.0375514223783976,0.0375514223783976,high_total,4,home_favorite,market_higher_by_3pp,largest,0.0999999999999999,1.3999999999999997,27.0,0.02509598614470588,True,0
kaggle_mlb_vegas:2019-04-30:ATH:BOS:0,2019-04-30,BOS,ATH,9.5,0.6060606060606061,0.5217391304347826,True,False,3,0,0.4803005330512125,0.5217391304347826,-0.04143859738357,0.04143859738357,high_total,4,home_favorite,market_higher_by_3pp,largest,0.3,2.7,27.0,0.02509598614470588,True,0
kaggle_mlb_vegas:2019-05-01:CLE:MIA:0,2019-05-01,MIA,CLE,6.5,0.4661016949152542,0.4675324675324676,True,False,3,0,0.4991430939797878,0.4675324675324676,0.0316106264473202,0.0316106264473202,low_total,5,road_favorite,model_higher_by_3pp,largest,-0.0999999999999999,-1.399999999999999,22.0,0.02509598614470588,True,1
kaggle_mlb_vegas:2019-05-01:COL:MIL:0,2019-05-01,MIL,COL,8.5,0.5817328211694409,0.5217391304347826,False,True,3,1,0.4820781054997217,0.5217391304347826,-0.0396610249350609,0.0396610249350609,high_total,5,home_favorite,market_higher_by_3pp,largest,0.0,-0.0999999999999996,18.0,0.02509598614470588,True,0
kaggle_mlb_vegas:2019-05-02:STL:WSH:0,2019-05-02,WSH,STL,8.5,0.5901639344262295,0.5217391304347826,True,False,3,0,0.484726682377459,0.5217391304347826,-0.0370124480573235,0.0370124480573235,high_total,5,home_favorite,market_higher_by_3pp,largest,-0.6000000000000001,-2.8,20.0,0.02509598614470588,True,1
kaggle_mlb_vegas:2019-05-02:TOR:LAA:0,2019-05-02,LAA,TOR,8.5,0.609095249462879,0.5108342361863489,True,False,3,0,0.4761757204406361,0.5108342361863489,-0.0346585157457128,0.0346585157457128,high_total,5,home_favorite,market_higher_by_3pp,largest,0.0,-0.3000000000000002,15.0,0.02509598614470588,True,1
kaggle_mlb_vegas:2019-05-03:MIN:NYY:0,2019-05-03,NYY,MIN,7.5,0.5901639344262295,0.5217391304347826,True,True,3,1,0.4799904199316377,0.5217391304347826,-0.0417487105031448,0.0417487105031448,low_total,5,home_favorite,market_higher_by_3pp,largest,0.0,0.0999999999999996,20.0,0.02509598614470588,True,0
kaggle_mlb_vegas:2019-05-03:NYM:MIL:0,2019-05-03,MIL,NYM,8.5,0.5443037974683544,0.5324675324675325,True,False,3,0,0.5052077773263416,0.5324675324675325,-0.0272597551411909,0.0272597551411909,high_total,5,home_favorite,within_3pp,largest,-0.0999999999999999,-1.1999999999999993,28.0,0.02509598614470588,True,1
kaggle_mlb_vegas:2019-05-03:TB:BAL:0,2019-05-03,BAL,TB,9.5,0.3136531365313653,0.4891657638136511,False,False,3,0,0.5238887303617165,0.4891657638136511,0.0347229665480653,0.0347229665480653,high_total,5,road_favorite,model_higher_by_3pp,largest,-0.3,-1.7999999999999998,30.0,0.02509598614470588,True,1
kaggle_mlb_vegas:2019-05-03:WSH:PHI:0,2019-05-03,PHI,WSH,9.0,0.6264616717193591,0.5217391304347826,True,False,3,0,0.4820392139769416,0.5217391304347826,-0.0396999164578409,0.0396999164578409,high_total,5,home_favorite,market_higher_by_3pp,largest,0.2,1.5999999999999996,16.0,0.02509598614470588,True,0
kaggle_mlb_vegas:2019-05-04:ARI:COL:0,2019-05-04,COL,ARI,10.5,0.5619290100344467,0.5217391304347826,False,True,3,1,0.4917893192963137,0.5217391304347826,-0.0299498111384688,0.0299498111384688,high_total,5,home_favorite,within_3pp,largest,-0.3,-0.9000000000000004,15.0,0.02509598614470588,True,1
kaggle_mlb_vegas:2019-05-04:LAD:SD:0,2019-05-04,SD,LAD,7.5,0.5116279069767442,0.5217391304347826,False,True,3,1,0.494597958659755,0.5217391304347826,-0.0271411717750276,0.0271411717750276,low_total,5,home_favorite,within_3pp,largest,0.0,0.4000000000000003,19.0,0.02509598614470588,True,0
kaggle_mlb_vegas:2019-05-04:MIN:NYY:0,2019-05-04,NYY,MIN,9.0,0.5274287332041203,0.5108342361863489,False,True,3,1,0.4729123504642474,0.5108342361863489,-0.0379218857221015,0.0379218857221015,high_total,5,home_favorite,market_higher_by_3pp,largest,0.0999999999999999,1.0,20.0,0.02509598614470588,True,0
kaggle_mlb_vegas:2019-05-04:SF:CIN:0,2019-05-04,CIN,SF,8.5,0.5422592774235736,0.5324675324675325,True,True,3,1,0.5059320642067416,0.5324675324675325,-0.0265354682607908,0.0265354682607908,high_total,5,home_favorite,within_3pp,largest,-0.1999999999999999,1.4000000000000004,29.0,0.02509598614470588,True,0
kaggle_mlb_vegas:2019-05-04:WSH:PHI:0,2019-05-04,PHI,WSH,8.0,0.5116279069767442,0.5217391304347826,False,True,3,1,0.4924843670372121,0.5217391304347826,-0.0292547633975704,0.0292547633975704,high_total,5,home_favorite,within_3pp,largest,0.3,2.1,17.0,0.02509598614470588,True,0
kaggle_mlb_vegas:2019-05-05:HOU:LAA:0,2019-05-05,LAA,HOU,10.0,0.3318409270476692,0.5108342361863489,False,True,3,1,0.4808156913167156,0.5108342361863489,-0.0300185448696333,0.0300185448696333,high_total,5,road_favorite,market_higher_by_3pp,largest,0.0999999999999999,-1.5999999999999996,15.0,0.02509598614470588,True,1
kaggle_mlb_vegas:2019-05-05:NYM:MIL:0,2019-05-05,MIL,NYM,9.0,0.6207865168539326,0.5217391304347826,True,False,3,0,0.4833652849383537,0.5217391304347826,-0.0383738454964288,0.0383738454964288,high_total,5,home_favorite,market_higher_by_3pp,largest,0.3,1.6,25.0,0.02509598614470588,True,0
kaggle_mlb_vegas:2019-05-05:SEA:CLE:0,2019-05-05,CLE,SEA,9.0,0.5765084698306034,0.5324675324675325,False,True,3,1,0.5018012035526392,0.5324675324675325,-0.0306663289148932,0.0306663289148932,high_total,5,home_favorite,market_higher_by_3pp,largest,0.3999999999999999,3.7,32.0,0.02509598614470588,True,0
kaggle_mlb_vegas:2019-05-05:STL:CHC:0,2019-05-05,CHC,STL,10.0,0.5401967050867028,0.5,True,True,3,1,0.4724839131748915,0.5,-0.0275160868251084,0.0275160868251084,high_total,5,home_favorite,within_3pp,largest,0.2,2.6,17.0,0.02509598614470588,True,0
kaggle_mlb_vegas:2019-05-06:ARI:TB:0,2019-05-06,TB,ARI,7.5,0.662676822633297,0.5217391304347826,True,True,3,1,0.4883553273328272,0.5217391304347826,-0.0333838031019553,0.0333838031019553,low_total,5,home_favorite,market_higher_by_3pp,largest,-0.0999999999999999,-1.9,17.0,0.02509598614470588,True,1
kaggle_mlb_vegas:2019-05-06:KC:HOU:0,2019-05-06,HOU,KC,8.0,0.7224199288256229,0.5324675324675325,True,True,3,1,0.4849303742085831,0.5324675324675325,-0.0475371582589493,0.0475371582589493,high_total,5,home_favorite,market_higher_by_3pp,largest,0.0999999999999999,1.0999999999999996,21.0,0.02509598614470588,True,0
kaggle_mlb_vegas:2019-05-06:MIN:TOR:0,2019-05-06,TOR,MIN,8.5,0.5230171935662784,0.5324675324675325,False,False,3,0,0.5066109394716936,0.5324675324675325,-0.0258565929958389,0.0258565929958389,high_total,5,home_favorite,within_3pp,largest,-0.2999999999999999,-2.5999999999999996,19.0,0.02509598614470588,True,1
kaggle_mlb_vegas:2019-05-06:SEA:NYY:0,2019-05-06,NYY,SEA,9.0,0.5693398957730168,0.5108342361863489,True,True,3,1,0.477156645433299,0.5108342361863489,-0.0336775907530499,0.0336775907530499,high_total,5,home_favorite,market_higher_by_3pp,largest,0.3,2.5,26.0,0.02509598614470588,True,0
kaggle_mlb_vegas:2019-05-07:ARI:TB:0,2019-05-07,TB,ARI,8.5,0.6227043222548966,0.5217391304347826,True,True,3,1,0.4787163517127439,0.5217391304347826,-0.0430227787220386,0.0430227787220386,high_total,5,home_favorite,market_higher_by_3pp,largest,0.0,0.8999999999999999,22.0,0.02509598614470588,True,0
kaggle_mlb_vegas:2019-05-07:ATL:LAD:0,2019-05-07,LAD,ATL,7.5,0.5581289044644218,0.5217391304347826,True,True,3,1,0.4839372209549055,0.5217391304347826,-0.037801909479877,0.037801909479877,low_total,5,home_favorite,market_higher_by_3pp,largest,0.0999999999999999,0.7999999999999998,16.0,0.02509598614470588,True,0
kaggle_mlb_vegas:2019-05-07:CWS:CLE:0,2019-05-07,CLE,CWS,8.5,0.5675103560283946,0.5217391304347826,False,False,3,0,0.4903386320314808,0.5217391304347826,-0.0314004984033017,0.0314004984033017,high_total,5,home_favorite,market_higher_by_3pp,largest,-0.0999999999999999,-0.600000000000001,21.0,0.02509598614470588,True,1
kaggle_mlb_vegas:2019-05-07:KC:HOU:0,2019-05-07,HOU,KC,9.0,0.6863468634686347,0.5217391304347826,False,True,3,1,0.4750497277311091,0.5217391304347826,-0.0466894027036734,0.0466894027036734,high_total,5,home_favorite,market_higher_by_3pp,largest,0.1999999999999999,1.2000000000000002,20.0,0.02509598614470588,True,0
kaggle_mlb_vegas:2019-05-07:MIA:CHC:0,2019-05-07,CHC,MIA,6.5,0.6135617936565805,0.5324675324675325,True,True,3,1,0.4869601890212456,0.5324675324675325,-0.0455073434462869,0.0455073434462869,low_total,5,home_favorite,market_higher_by_3pp,largest,0.3999999999999999,5.0,34.0,0.02509598614470588,True,0
kaggle_mlb_vegas:2019-05-07:WSH:MIL:0,2019-05-07,MIL,WSH,8.0,0.5162468054034319,0.5108342361863489,True,False,3,0,0.4850026654488428,0.5108342361863489,-0.0258315707375061,0.0258315707375061,high_total,5,home_favorite,within_3pp,largest,0.3999999999999999,1.7000000000000006,27.0,0.02509598614470588,True,0
kaggle_mlb_vegas:2019-05-08:BOS:BAL:0,2019-05-08,BAL,BOS,8.5,0.2823179791976226,0.5324675324675325,False,False,3,0,0.5964789682447375,0.5324675324675325,0.0640114357772049,0.0640114357772049,high_total,5,road_favorite,model_higher_by_3pp,largest,-0.3999999999999999,-5.3999999999999995,14.0,0.02509598614470588,True,1
kaggle_mlb_vegas:2019-05-08:MIA:CHC:0,2019-05-08,CHC,MIA,8.0,0.6800775569558895,0.5324675324675325,True,False,3,0,0.4875732206388349,0.5324675324675325,-0.0448943118286976,0.0448943118286976,high_total,5,home_favorite,market_higher_by_3pp,largest,0.6000000000000001,5.9,37.0,0.02509598614470588,True,0
kaggle_mlb_vegas:2019-05-08:SEA:NYY:0,2019-05-08,NYY,SEA,9.0,0.5230171935662784,0.5324675324675325,False,True,3,1,0.4962579405445005,0.5324675324675325,-0.0362095919230319,0.0362095919230319,high_total,5,home_favorite,market_higher_by_3pp,largest,0.4999999999999999,5.1000000000000005,29.0,0.02509598614470588,True,0
kaggle_mlb_vegas:2019-05-08:TEX:PIT:0,2019-05-08,PIT,TEX,9.0,0.536016459868573,0.5217391304347826,False,True,3,1,0.4927720165113208,0.5217391304347826,-0.0289671139234617,0.0289671139234617,high_total,5,home_favorite,within_3pp,largest,0.0999999999999999,-3.4999999999999996,31.0,0.02509598614470588,True,1
kaggle_mlb_vegas:2019-05-08:WSH:MIL:0,2019-05-08,MIL,WSH,8.5,0.6430769230769231,0.5108342361863489,True,True,3,1,0.4833041544032212,0.5108342361863489,-0.0275300817831277,0.0275300817831277,high_total,5,home_favorite,within_3pp,largest,0.3999999999999999,2.1999999999999997,27.0,0.02509598614470588,True,0
kaggle_mlb_vegas:2019-05-09:LAA:DET:0,2019-05-09,DET,LAA,9.5,0.3754041760289362,0.5217391304347826,False,True,3,1,0.4948675756361306,0.5217391304347826,-0.0268715547986519,0.0268715547986519,high_total,5,road_favorite,within_3pp,largest,-0.1999999999999999,-0.2999999999999998,40.0,0.02509598614470588,True,1
kaggle_mlb_vegas:2019-05-09:SEA:NYY:0,2019-05-09,NYY,SEA,9.0,0.5729537366548043,0.5108342361863489,True,False,3,0,0.481171008257744,0.5108342361863489,-0.0296632279286048,0.0296632279286048,high_total,5,home_favorite,within_3pp,largest,0.3999999999999999,2.9999999999999996,26.0,0.02509598614470588,True,0
kaggle_mlb_vegas:2019-05-09:WSH:LAD:0,2019-05-09,LAD,WSH,7.0,0.5901639344262295,0.5217391304347826,False,False,3,0,0.4962537782006868,0.5217391304347826,-0.0254853522340957,0.0254853522340957,low_total,5,home_favorite,within_3pp,largest,0.4999999999999999,4.6000000000000005,28.0,0.02509598614470588,True,0
kaggle_mlb_vegas:2019-05-10:MIA:NYM:0,2019-05-10,NYM,MIA,7.5,0.6264616717193591,0.4782608695652174,True,True,3,1,0.510878194577053,0.4782608695652174,0.0326173250118355,0.0326173250118355,low_total,5,home_favorite,model_higher_by_3pp,largest,0.0999999999999999,1.6999999999999995,36.0,0.02509598614470588,True,0
kaggle_mlb_vegas:2019-05-10:MIL:CHC:0,2019-05-10,CHC,MIL,7.5,0.525232987515386,0.5108342361863489,False,False,3,0,0.4753651590180767,0.5108342361863489,-0.0354690771682722,0.0354690771682722,low_total,5,home_favorite,market_higher_by_3pp,largest,0.0999999999999999,2.2999999999999994,26.0,0.02509598614470588,True,0
kaggle_mlb_vegas:2019-05-11:ATL:ARI:0,2019-05-11,ARI,ATL,9.0,0.4556962025316455,0.5217391304347826,False,True,3,1,0.4951374965837554,0.5217391304347826,-0.0266016338510272,0.0266016338510272,high_total,5,road_favorite,within_3pp,largest,0.0999999999999999,0.4000000000000003,24.0,0.02509598614470588,True,0
kaggle_mlb_vegas:2019-05-11:CWS:TOR:0,2019-05-11,TOR,CWS,8.5,0.5998499437288983,0.5217391304347826,False,True,3,1,0.4772112859599464,0.5217391304347826,-0.0445278444748362,0.0445278444748362,high_total,5,home_favorite,market_higher_by_3pp,largest,-0.2,-1.6,20.0,0.02509598614470588,True,1
kaggle_mlb_vegas:2019-05-11:DET:MIN:1,2019-05-11,MIN,DET,8.5,0.6029791948787393,0.5217391304347826,False,False,3,0,0.4858571245622982,0.5217391304347826,-0.0358820058724844,0.0358820058724844,high_total,5,home_favorite,market_higher_by_3pp,largest,0.2999999999999999,5.0,49.0,0.02509598614470588,True,0
kaggle_mlb_vegas:2019-05-11:DET:MIN:2,2019-05-11,MIN,DET,9.5,0.662676822633297,0.5108342361863489,True,True,3,1,0.4838996552276807,0.5108342361863489,-0.0269345809586682,0.0269345809586682,high_total,5,home_favorite,within_3pp,largest,0.1999999999999999,5.4,48.0,0.02509598614470588,True,0
kaggle_mlb_vegas:2019-05-11:LAA:BAL:0,2019-05-11,BAL,LAA,9.5,0.4380709899655534,0.5217391304347826,False,False,3,0,0.4954681678585875,0.5217391304347826,-0.0262709625761951,0.0262709625761951,high_total,5,road_favorite,within_3pp,largest,-0.3999999999999999,-2.2999999999999994,37.0,0.02509598614470588,True,1
kaggle_mlb_vegas:2019-05-11:MIL:CHC:0,2019-05-11,CHC,MIL,7.5,0.5381158455392809,0.5108342361863489,True,False,3,0,0.4853014488683294,0.5108342361863489,-0.0255327873180195,0.0255327873180195,low_total,5,home_favorite,within_3pp,largest,0.0,1.2000000000000002,25.0,0.02509598614470588,True,0
kaggle_mlb_vegas:2019-05-11:PHI:KC:0,2019-05-11,KC,PHI,9.0,0.4457364341085271,0.5217391304347826,False,False,3,0,0.4888079540131103,0.5217391304347826,-0.0329311764216722,0.0329311764216722,high_total,5,road_favorite,market_higher_by_3pp,largest,-0.0999999999999999,-0.1000000000000005,,0.02509598614470588,True,1
kaggle_mlb_vegas:2019-05-12:CWS:TOR:0,2019-05-12,TOR,CWS,8.5,0.5162468054034319,0.5217391304347826,False,False,3,0,0.4949390042455285,0.5217391304347826,-0.026800126189254,0.026800126189254,high_total,5,home_favorite,within_3pp,largest,-0.2,-2.4000000000000004,18.0,0.02509598614470588,True,1
kaggle_mlb_vegas:2019-05-12:DET:MIN:0,2019-05-12,MIN,DET,8.5,0.6227043222548966,0.5217391304347826,False,False,3,0,0.4916141766578785,0.5217391304347826,-0.0301249537769041,0.0301249537769041,high_total,5,home_favorite,market_higher_by_3pp,largest,0.2999999999999999,6.199999999999999,42.0,0.02509598614470588,True,0
kaggle_mlb_vegas:2019-05-12:MIL:CHC:0,2019-05-12,CHC,MIL,7.0,0.5296046953219403,0.5217391304347826,True,False,3,0,0.4949329805192029,0.5217391304347826,-0.0268061499155796,0.0268061499155796,low_total,5,home_favorite,within_3pp,largest,0.1,1.4000000000000004,26.0,0.02509598614470588,True,0
kaggle_mlb_vegas:2019-05-12:NYY:TB:0,2019-05-12,TB,NYY,7.0,0.6367112810707456,0.5108342361863489,False,True,3,1,0.4834487018838841,0.5108342361863489,-0.0273855343024648,0.0273855343024648,low_total,5,home_favorite,within_3pp,largest,-0.0999999999999999,2.1000000000000005,22.0,0.02509598614470588,True,0
kaggle_mlb_vegas:2019-05-14:COL:BOS:0,2019-05-14,BOS,COL,8.5,0.6956521739130435,0.5108342361863489,False,True,3,1,0.4146241157124831,0.5108342361863489,-0.0962101204738658,0.0962101204738658,high_total,5,home_favorite,market_higher_by_3pp,largest,0.2,4.200000000000001,30.0,0.02509598614470588,True,0
kaggle_mlb_vegas:2019-05-14:MIL:PHI:0,2019-05-14,PHI,MIL,8.0,0.4769828064337216,0.5217391304347826,False,False,3,0,0.4963172091790508,0.5217391304347826,-0.0254219212557317,0.0254219212557317,high_total,5,road_favorite,within_3pp,largest,0.0,1.0,26.0,0.02509598614470588,True,0
kaggle_mlb_vegas:2019-05-15:COL:BOS:0,2019-05-15,BOS,COL,9.0,0.58344622053644,0.5217391304347826,True,True,3,1,0.4409782270113204,0.5217391304347826,-0.0807609034234622,0.0807609034234622,high_total,5,home_favorite,market_higher_by_3pp,largest,0.2,4.900000000000001,30.0,0.02509598614470588,True,0
kaggle_mlb_vegas:2019-05-15:HOU:DET:0,2019-05-15,DET,HOU,9.5,0.2312138728323699,0.5217391304347826,False,False,3,0,0.6393103061655356,0.5217391304347826,0.117571175730753,0.117571175730753,high_total,5,road_favorite,model_higher_by_3pp,largest,-0.5,-7.000000000000001,13.0,0.02509598614470588,True,1
kaggle_mlb_vegas:2019-05-15:MIL:PHI:0,2019-05-15,PHI,MIL,9.0,0.5381158455392809,0.5108342361863489,False,False,3,0,0.4789631268273154,0.5108342361863489,-0.0318711093590334,0.0318711093590334,high_total,5,home_favorite,market_higher_by_3pp,largest,-0.0999999999999999,-4.440892098500626e-16,26.0,0.02509598614470588,True,0
kaggle_mlb_vegas:2019-05-15:SD:LAD:0,2019-05-15,LAD,SD,7.5,0.6029791948787393,0.5217391304347826,True,False,3,0,0.4935764354542321,0.5217391304347826,-0.0281626949805504,0.0281626949805504,low_total,5,home_favorite,within_3pp,largest,0.2999999999999999,2.9000000000000004,28.0,0.02509598614470588,True,0
kaggle_mlb_vegas:2019-05-15:STL:ATL:0,2019-05-15,ATL,STL,9.5,0.5619290100344467,0.5108342361863489,True,False,3,0,0.479058779025344,0.5108342361863489,-0.0317754571610049,0.0317754571610049,high_total,5,home_favorite,market_higher_by_3pp,largest,0.2,-1.3999999999999997,21.0,0.02509598614470588,True,0
kaggle_mlb_vegas:2019-05-16:CHC:CIN:0,2019-05-16,CIN,CHC,8.0,0.5656654888103652,0.5217391304347826,True,False,3,0,0.4926726081146087,0.5217391304347826,-0.0290665223201738,0.0290665223201738,high_total,5,home_favorite,within_3pp,largest,-0.1999999999999999,0.0999999999999996,17.0,0.02509598614470588,True,1
kaggle_mlb_vegas:2019-05-17:BAL:CLE:0,2019-05-17,CLE,BAL,9.0,0.6207865168539326,0.5324675324675325,False,False,3,0,0.4963900669666562,0.5324675324675325,-0.0360774655008763,0.0360774655008763,high_total,5,home_favorite,market_higher_by_3pp,largest,0.2,2.5,28.0,0.02509598614470588,True,0
kaggle_mlb_vegas:2019-05-17:KC:LAA:0,2019-05-17,LAA,KC,10.0,0.6367112810707456,0.5108342361863489,True,False,3,0,0.4802170448891,0.5108342361863489,-0.0306171912972489,0.0306171912972489,high_total,5,home_favorite,market_higher_by_3pp,largest,0.2,3.3999999999999995,26.0,0.02509598614470588,True,0
kaggle_mlb_vegas:2019-05-18:ATH:DET:0,2019-05-18,DET,ATH,9.0,0.4703953046780597,0.5217391304347826,False,False,3,0,0.4726422498074463,0.5217391304347826,-0.0490968806273363,0.0490968806273363,high_total,5,road_favorite,market_higher_by_3pp,largest,-0.3999999999999999,-7.4,23.0,0.02509598614470588,True,1
kaggle_mlb_vegas:2019-05-18:COL:PHI:0,2019-05-18,PHI,COL,9.5,0.6264616717193591,0.5108342361863489,True,False,3,0,0.4787524964840061,0.5108342361863489,-0.0320817397023427,0.0320817397023427,high_total,5,home_favorite,market_higher_by_3pp,largest,0.0999999999999999,1.5,28.0,0.02509598614470588,True,0
kaggle_mlb_vegas:2019-05-18:MIL:ATL:0,2019-05-18,ATL,MIL,9.5,0.5338983050847457,0.5217391304347826,True,False,3,0,0.4884702069290849,0.5217391304347826,-0.0332689235056977,0.0332689235056977,high_total,5,home_favorite,market_higher_by_3pp,largest,0.0,-2.6999999999999997,23.0,0.02509598614470588,True,1
kaggle_mlb_vegas:2019-05-19:COL:PHI:0,2019-05-19,PHI,COL,10.0,0.5185243789416578,0.5108342361863489,True,True,3,1,0.4852278921329629,0.5108342361863489,-0.025606344053386,0.025606344053386,high_total,5,home_favorite,within_3pp,largest,0.0999999999999999,-4.440892098500626e-16,28.0,0.02509598614470588,True,0
kaggle_mlb_vegas:2019-05-19:KC:LAA:0,2019-05-19,LAA,KC,8.5,0.6164840058030137,0.5217391304347826,False,False,3,0,0.4814500943090487,0.5217391304347826,-0.0402890361257338,0.0402890361257338,high_total,5,home_favorite,market_higher_by_3pp,largest,0.3,4.4,24.0,0.02509598614470588,True,0
kaggle_mlb_vegas:2019-05-19:MIL:ATL:0,2019-05-19,ATL,MIL,9.0,0.4270462633451958,0.5217391304347826,False,False,3,0,0.4929393527540079,0.5217391304347826,-0.0287997776807746,0.0287997776807746,high_total,5,road_favorite,within_3pp,largest,0.1999999999999999,-1.0,26.0,0.02509598614470588,True,0
kaggle_mlb_vegas:2019-05-20:CWS:HOU:0,2019-05-20,HOU,CWS,9.0,0.6800775569558895,0.5108342361863489,True,False,3,0,0.4796915655540925,0.5108342361863489,-0.0311426706322563,0.0311426706322563,high_total,5,home_favorite,market_higher_by_3pp,largest,0.4,5.3999999999999995,21.0,0.02509598614470588,True,0
kaggle_mlb_vegas:2019-05-20:MIN:LAA:0,2019-05-20,LAA,MIN,8.5,0.5729537366548043,0.5217391304347826,False,False,3,0,0.4806601222799665,0.5217391304347826,-0.041079008154816,0.041079008154816,high_total,5,home_favorite,market_higher_by_3pp,largest,0.0,-0.4000000000000008,14.0,0.02509598614470588,True,1
kaggle_mlb_vegas:2019-05-21:CWS:HOU:0,2019-05-21,HOU,CWS,8.5,0.7567567567567568,0.5217391304347826,True,False,3,0,0.4905481777624035,0.5217391304347826,-0.031190952672379,0.031190952672379,high_total,5,home_favorite,market_higher_by_3pp,largest,0.4,5.300000000000001,19.0,0.02509598614470588,True,0
kaggle_mlb_vegas:2019-05-21:MIN:LAA:0,2019-05-21,LAA,MIN,9.0,0.5207810820494446,0.5217391304347826,False,True,3,1,0.4938363639939244,0.5217391304347826,-0.0279027664408582,0.0279027664408582,high_total,5,home_favorite,within_3pp,largest,-0.1999999999999999,-2.2999999999999994,15.0,0.02509598614470588,True,1
kaggle_mlb_vegas:2019-05-21:NYY:BAL:0,2019-05-21,BAL,NYY,9.5,0.2955665024630541,0.5,False,True,3,1,0.5296517836796006,0.5,0.0296517836796006,0.0296517836796006,high_total,5,road_favorite,within_3pp,largest,-0.6000000000000001,-4.800000000000001,19.0,0.02509598614470588,True,1
kaggle_mlb_vegas:2019-05-22:CWS:HOU:0,2019-05-22,HOU,CWS,8.5,0.762396694214876,0.4891657638136511,False,True,3,1,0.4607696024479174,0.4891657638136511,-0.0283961613657336,0.0283961613657336,high_total,5,home_favorite,within_3pp,largest,0.4,5.699999999999999,13.0,0.02509598614470588,True,0
kaggle_mlb_vegas:2019-05-22:NYY:BAL:0,2019-05-22,BAL,NYY,10.5,0.3043478260869565,0.4782608695652174,False,True,3,1,0.5107373583640799,0.4782608695652174,0.0324764887988624,0.0324764887988624,high_total,5,road_favorite,model_higher_by_3pp,largest,-0.6000000000000001,-5.5,20.0,0.02509598614470588,True,1
kaggle_mlb_vegas:2019-05-22:PHI:CHC:0,2019-05-22,CHC,PHI,10.5,0.609095249462879,0.5324675324675325,True,True,3,1,0.4854962885166047,0.5324675324675325,-0.0469712439509277,0.0469712439509277,high_total,5,home_favorite,market_higher_by_3pp,largest,0.0,1.3000000000000005,15.0,0.02509598614470588,True,0
kaggle_mlb_vegas:2019-05-24:CWS:MIN:0,2019-05-24,MIN,CWS,9.0,0.6570143379252179,0.5108342361863489,True,True,3,1,0.4683866387534556,0.5108342361863489,-0.0424475974328933,0.0424475974328933,high_total,5,home_favorite,market_higher_by_3pp,largest,0.3,4.9,14.0,0.02509598614470588,True,0
kaggle_mlb_vegas:2019-05-25:BOS:HOU:0,2019-05-25,HOU,BOS,8.5,0.5542635658914729,0.5217391304347826,True,False,3,0,0.4894552384457793,0.5217391304347826,-0.0322838919890032,0.0322838919890032,high_total,5,home_favorite,market_higher_by_3pp,largest,0.1999999999999999,1.0999999999999996,16.0,0.02509598614470588,True,0
kaggle_mlb_vegas:2019-05-25:CWS:MIN:0,2019-05-25,MIN,CWS,10.5,0.6681590729523308,0.4891657638136511,True,False,3,0,0.4571814522480913,0.4891657638136511,-0.0319843115655597,0.0319843115655597,high_total,5,home_favorite,market_higher_by_3pp,largest,0.5,6.7,16.0,0.02509598614470588,True,0
kaggle_mlb_vegas:2019-05-26:BAL:COL:0,2019-05-26,COL,BAL,12.0,0.7508493771234428,0.4891657638136511,True,True,3,1,0.4493544311201521,0.4891657638136511,-0.0398113326934989,0.0398113326934989,high_total,5,home_favorite,market_higher_by_3pp,largest,0.2,2.6000000000000005,37.0,0.02509598614470588,True,0
kaggle_mlb_vegas:2019-05-26:BOS:HOU:0,2019-05-26,HOU,BOS,8.0,0.6060606060606061,0.5108342361863489,False,False,3,0,0.4772741338031956,0.5108342361863489,-0.0335601023831533,0.0335601023831533,high_total,5,home_favorite,market_higher_by_3pp,largest,0.1999999999999999,0.4999999999999995,20.0,0.02509598614470588,True,0
kaggle_mlb_vegas:2019-05-26:CWS:MIN:0,2019-05-26,MIN,CWS,10.0,0.6956521739130435,0.4891657638136511,True,False,3,0,0.4419369776872861,0.4891657638136511,-0.047228786126365,0.047228786126365,high_total,5,home_favorite,market_higher_by_3pp,largest,0.5,7.100000000000001,17.0,0.02509598614470588,True,0
kaggle_mlb_vegas:2019-05-27:DET:BAL:0,2019-05-27,BAL,DET,9.5,0.5023229882921391,0.4675324675324676,True,False,3,0,0.5036374732134559,0.4675324675324676,0.0361050056809882,0.0361050056809882,high_total,5,home_favorite,model_higher_by_3pp,largest,0.1,1.2000000000000006,39.0,0.02509598614470588,True,0
kaggle_mlb_vegas:2019-05-27:NYM:LAD:0,2019-05-27,LAD,NYM,6.5,0.6367112810707456,0.5217391304347826,True,True,3,1,0.4789961547515312,0.5217391304347826,-0.0427429756832514,0.0427429756832514,low_total,5,home_favorite,market_higher_by_3pp,largest,0.2,2.2,15.0,0.02509598614470588,True,0
kaggle_mlb_vegas:2019-05-28:ARI:COL:0,2019-05-28,COL,ARI,11.5,0.5693398957730168,0.5,True,False,3,0,0.4686388576646987,0.5,-0.0313611423353012,0.0313611423353012,high_total,5,home_favorite,market_higher_by_3pp,largest,0.0999999999999999,-2.3,20.0,0.02509598614470588,True,1
kaggle_mlb_vegas:2019-05-28:DET:BAL:0,2019-05-28,BAL,DET,9.0,0.4837531945965681,0.4675324675324676,False,False,3,0,0.5133514132573173,0.4675324675324676,0.0458189457248496,0.0458189457248496,high_total,5,road_favorite,model_higher_by_3pp,largest,0.1,-0.1999999999999997,39.0,0.02509598614470588,True,0
kaggle_mlb_vegas:2019-05-28:MIL:MIN:0,2019-05-28,MIN,MIL,10.0,0.4769828064337216,0.5108342361863489,True,False,3,0,0.4615697797016964,0.5108342361863489,-0.0492644564846525,0.0492644564846525,high_total,5,road_favorite,market_higher_by_3pp,largest,0.3,4.8,29.0,0.02509598614470588,True,0
kaggle_mlb_vegas:2019-05-29:NYM:LAD:0,2019-05-29,LAD,NYM,7.5,0.6301188903566711,0.5108342361863489,True,True,3,1,0.476726661391653,0.5108342361863489,-0.0341075747946959,0.0341075747946959,low_total,5,home_favorite,market_higher_by_3pp,largest,0.0,1.3000000000000007,23.0,0.02509598614470588,True,0
kaggle_mlb_vegas:2019-05-29:SD:NYY:0,2019-05-29,NYY,SD,7.5,0.5638051044083527,0.5217391304347826,True,False,3,0,0.4860942703398574,0.5217391304347826,-0.0356448600949251,0.0356448600949251,low_total,5,home_favorite,market_higher_by_3pp,largest,0.2,2.1999999999999993,20.0,0.02509598614470588,True,0
kaggle_mlb_vegas:2019-05-31:BOS:NYY:0,2019-05-31,NYY,BOS,9.0,0.4234915301693966,0.4572564612326044,True,False,3,0,0.4914908474312144,0.4572564612326044,0.03423438619861,0.03423438619861,high_total,5,road_favorite,model_higher_by_3pp,largest,0.3,1.5,29.0,0.02509598614470588,True,0
kaggle_mlb_vegas:2019-05-31:DET:ATL:0,2019-05-31,ATL,DET,9.5,0.6430769230769231,0.4572564612326044,False,True,3,1,0.49305998858591,0.4572564612326044,0.0358035273533056,0.0358035273533056,high_total,5,home_favorite,model_higher_by_3pp,largest,0.2,0.7999999999999998,31.0,0.02509598614470588,True,0
kaggle_mlb_vegas:2019-05-31:MIL:PIT:0,2019-05-31,PIT,MIL,9.5,0.4399629902377311,0.4782608695652174,True,True,3,1,0.5112974492368553,0.4782608695652174,0.0330365796716378,0.0330365796716378,high_total,5,road_favorite,model_higher_by_3pp,largest,-0.2,-3.0,29.0,0.02509598614470588,True,1
kaggle_mlb_vegas:2019-05-31:TOR:COL:0,2019-05-31,COL,TOR,12.0,0.7261223782284624,0.4891657638136511,True,True,3,1,0.4622330393673162,0.4891657638136511,-0.0269327244463349,0.0269327244463349,high_total,5,home_favorite,within_3pp,largest,0.6000000000000001,3.7,44.0,0.02509598614470588,True,0
kaggle_mlb_vegas:2019-06-01:BOS:NYY:0,2019-06-01,NYY,BOS,9.5,0.5463304962261122,0.5108342361863489,True,False,3,0,0.4820646023816179,0.5108342361863489,-0.0287696338047309,0.0287696338047309,high_total,6,home_favorite,within_3pp,largest,0.4,2.8,29.0,0.02509598614470588,True,0
kaggle_mlb_vegas:2019-06-01:KC:TEX:0,2019-06-01,TEX,KC,10.5,0.6227043222548966,0.5217391304347826,True,False,3,0,0.4733256035494128,0.5217391304347826,-0.0484135268853698,0.0484135268853698,high_total,6,home_favorite,market_higher_by_3pp,largest,0.3,1.7999999999999998,30.0,0.02509598614470588,True,0
kaggle_mlb_vegas:2019-06-01:MIA:SD:0,2019-06-01,SD,MIA,8.0,0.5934434692823954,0.5108342361863489,False,True,3,1,0.4797985070005538,0.5108342361863489,-0.0310357291857951,0.0310357291857951,high_total,6,home_favorite,market_higher_by_3pp,largest,0.1999999999999999,0.5999999999999996,25.0,0.02509598614470588,True,0
kaggle_mlb_vegas:2019-06-01:MIL:PIT:0,2019-06-01,PIT,MIL,9.5,0.3488372093023256,0.4782608695652174,False,True,3,1,0.5159055006480735,0.4782608695652174,0.037644631082856,0.037644631082856,high_total,6,road_favorite,model_higher_by_3pp,largest,-0.0999999999999999,-1.5000000000000009,30.0,0.02509598614470588,True,1
kaggle_mlb_vegas:2019-06-01:TOR:COL:0,2019-06-01,COL,TOR,10.5,0.5901639344262295,0.5217391304347826,True,False,3,0,0.4580860511923292,0.5217391304347826,-0.0636530792424533,0.0636530792424533,high_total,6,home_favorite,market_higher_by_3pp,largest,0.6000000000000001,3.5999999999999988,46.0,0.02509598614470588,True,0
kaggle_mlb_vegas:2019-06-01:WSH:CIN:0,2019-06-01,CIN,WSH,10.5,0.5443037974683544,0.5108342361863489,False,False,3,0,0.4813484037593737,0.5108342361863489,-0.0294858324269752,0.0294858324269752,high_total,6,home_favorite,within_3pp,largest,0.0999999999999999,1.200000000000001,51.0,0.02509598614470588,True,0
kaggle_mlb_vegas:2019-06-02:PHI:LAD:0,2019-06-02,LAD,PHI,9.0,0.6264616717193591,0.5108342361863489,True,False,3,0,0.4719811624132098,0.5108342361863489,-0.0388530737731391,0.0388530737731391,high_total,6,home_favorite,market_higher_by_3pp,largest,0.3,1.8000000000000007,24.0,0.02509598614470588,True,0
kaggle_mlb_vegas:2019-06-04:ATH:LAA:0,2019-06-04,LAA,ATH,8.5,0.5069715560513106,0.5324675324675325,False,False,3,0,0.4886469474889597,0.5324675324675325,-0.0438205849785727,0.0438205849785727,high_total,6,home_favorite,market_higher_by_3pp,largest,0.1999999999999999,1.2000000000000002,25.0,0.02509598614470588,True,0
kaggle_mlb_vegas:2019-06-04:BOS:KC:0,2019-06-04,KC,BOS,10.0,0.3488372093023256,0.4782608695652174,False,True,3,1,0.5048360087765817,0.4782608695652174,0.0265751392113643,0.0265751392113643,high_total,6,road_favorite,within_3pp,largest,-0.2,-2.1999999999999997,30.0,0.02509598614470588,True,1
kaggle_mlb_vegas:2019-06-04:COL:CHC:0,2019-06-04,CHC,COL,10.5,0.662676822633297,0.5,True,False,3,0,0.4748900035538351,0.5,-0.0251099964461648,0.0251099964461648,high_total,6,home_favorite,within_3pp,largest,-0.6000000000000001,-2.8,26.0,0.02509598614470588,True,1
kaggle_mlb_vegas:2019-06-04:HOU:SEA:0,2019-06-04,SEA,HOU,9.5,0.393939393939394,0.5324675324675325,False,True,3,1,0.5601254852172066,0.5324675324675325,0.027657952749674,0.027657952749674,high_total,6,road_favorite,within_3pp,largest,-0.6000000000000001,-4.2,16.0,0.02509598614470588,True,1
kaggle_mlb_vegas:2019-06-04:TB:DET:0,2019-06-04,DET,TB,8.5,0.2913590101776092,0.5217391304347826,True,True,3,1,0.5620039224999933,0.5217391304347826,0.0402647920652107,0.0402647920652107,high_total,6,road_favorite,model_higher_by_3pp,largest,-0.1999999999999999,-1.9000000000000004,30.0,0.02509598614470588,True,1
kaggle_mlb_vegas:2019-06-05:COL:CHC:0,2019-06-05,CHC,COL,7.0,0.5381158455392809,0.5217391304347826,True,True,3,1,0.4907005023371159,0.5217391304347826,-0.0310386280976667,0.0310386280976667,low_total,6,home_favorite,market_higher_by_3pp,largest,-0.4,-1.9000000000000004,23.0,0.02509598614470588,True,1
kaggle_mlb_vegas:2019-06-05:LAD:ARI:0,2019-06-05,ARI,LAD,9.5,0.387915834019043,0.4782608695652174,True,False,3,0,0.5035068127869642,0.4782608695652174,0.0252459432217467,0.0252459432217467,high_total,6,road_favorite,within_3pp,largest,-0.6000000000000001,-3.8,25.0,0.02509598614470588,True,1
kaggle_mlb_vegas:2019-06-05:SF:NYM:0,2019-06-05,NYM,SF,8.5,0.6029791948787393,0.5217391304347826,True,False,3,0,0.4864387043897866,0.5217391304347826,-0.035300426044996,0.035300426044996,high_total,6,home_favorite,market_higher_by_3pp,largest,0.0,0.5,26.0,0.02509598614470588,True,0
kaggle_mlb_vegas:2019-06-06:HOU:SEA:0,2019-06-06,SEA,HOU,8.0,0.3520121777185805,0.5,False,True,3,1,0.5378690642822326,0.5,0.0378690642822325,0.0378690642822325,high_total,6,road_favorite,model_higher_by_3pp,largest,-0.3999999999999999,-1.9000000000000004,30.0,0.02509598614470588,True,1
kaggle_mlb_vegas:2019-06-07:ATL:MIA:0,2019-06-07,MIA,ATL,7.5,0.3632887189292542,0.5217391304347826,False,True,3,1,0.491713324119173,0.5217391304347826,-0.0300258063156095,0.0300258063156095,low_total,6,road_favorite,market_higher_by_3pp,largest,0.2999999999999999,4.700000000000001,20.0,0.02509598614470588,True,0
kaggle_mlb_vegas:2019-06-07:COL:NYM:0,2019-06-07,NYM,COL,7.5,0.6570143379252179,0.5108342361863489,False,False,3,0,0.4778206757690885,0.5108342361863489,-0.0330135604172604,0.0330135604172604,low_total,6,home_favorite,market_higher_by_3pp,largest,-0.4,-2.2,24.0,0.02509598614470588,True,1
kaggle_mlb_vegas:2019-06-07:TB:BOS:0,2019-06-07,BOS,TB,10.0,0.5207810820494446,0.5108342361863489,False,False,3,0,0.4670403978581753,0.5108342361863489,-0.0437938383281735,0.0437938383281735,high_total,6,home_favorite,market_higher_by_3pp,largest,0.0,-0.1000000000000005,21.0,0.02509598614470588,True,1
kaggle_mlb_vegas:2019-06-08:MIN:DET:0,2019-06-08,DET,MIN,10.0,0.3136531365313653,0.4891657638136511,True,True,3,1,0.5146055535032805,0.4891657638136511,0.0254397896896294,0.0254397896896294,high_total,6,road_favorite,within_3pp,largest,-0.1999999999999999,-0.5,31.0,0.02509598614470588,True,1
kaggle_mlb_vegas:2019-06-09:BAL:HOU:0,2019-06-09,HOU,BAL,8.5,0.6430769230769231,0.5217391304347826,True,False,3,0,0.4895076828264917,0.5217391304347826,-0.0322314476082908,0.0322314476082908,high_total,6,home_favorite,market_higher_by_3pp,largest,0.3999999999999999,1.3999999999999997,25.0,0.02509598614470588,True,0
kaggle_mlb_vegas:2019-06-09:COL:NYM:0,2019-06-09,NYM,COL,8.0,0.6029791948787393,0.5108342361863489,True,False,3,0,0.4834784144159773,0.5108342361863489,-0.0273558217703716,0.0273558217703716,high_total,6,home_favorite,within_3pp,largest,-0.2999999999999999,-2.0999999999999996,20.0,0.02509598614470588,True,1
kaggle_mlb_vegas:2019-06-09:NYY:CLE:0,2019-06-09,CLE,NYY,9.5,0.5600370097622689,0.5108342361863489,False,True,3,1,0.476411395010175,0.5108342361863489,-0.0344228411761739,0.0344228411761739,high_total,6,home_favorite,market_higher_by_3pp,largest,0.1999999999999999,0.5999999999999996,22.0,0.02509598614470588,True,0
kaggle_mlb_vegas:2019-06-09:PIT:MIL:0,2019-06-09,MIL,PIT,9.5,0.6463710938439703,0.5108342361863489,True,False,3,0,0.4778671534125171,0.5108342361863489,-0.0329670827738318,0.0329670827738318,high_total,6,home_favorite,market_higher_by_3pp,largest,0.1999999999999999,0.1000000000000005,49.0,0.02509598614470588,True,0
kaggle_mlb_vegas:2019-06-10:ARI:PHI:0,2019-06-10,PHI,ARI,9.5,0.5619290100344467,0.5217391304347826,False,True,3,1,0.4917663872436825,0.5217391304347826,-0.0299727431911,0.0299727431911,high_total,6,home_favorite,within_3pp,largest,-0.1999999999999999,-2.4000000000000004,21.0,0.02509598614470588,True,1
kaggle_mlb_vegas:2019-06-10:ATH:TB:0,2019-06-10,TB,ATH,8.5,0.6800775569558895,0.5217391304347826,True,False,3,0,0.4880469751496208,0.5217391304347826,-0.0336921552851617,0.0336921552851617,high_total,6,home_favorite,market_higher_by_3pp,largest,0.0999999999999999,1.7000000000000006,35.0,0.02509598614470588,True,0
kaggle_mlb_vegas:2019-06-10:CHC:COL:0,2019-06-10,COL,CHC,11.5,0.5523059177728685,0.5217391304347826,True,False,3,0,0.4747688071537503,0.5217391304347826,-0.0469703232810322,0.0469703232810322,high_total,6,home_favorite,market_higher_by_3pp,largest,0.0,-0.6000000000000005,18.0,0.02509598614470588,True,1
kaggle_mlb_vegas:2019-06-10:TEX:BOS:0,2019-06-10,BOS,TEX,7.5,0.6956521739130435,0.5217391304347826,False,False,3,0,0.4895339908646165,0.5217391304347826,-0.032205139570166,0.032205139570166,low_total,6,home_favorite,market_higher_by_3pp,largest,-0.1999999999999999,-1.5999999999999996,32.0,0.02509598614470588,True,1
kaggle_mlb_vegas:2019-06-11:CIN:CLE:0,2019-06-11,CLE,CIN,8.0,0.5463304962261122,0.5217391304347826,True,False,3,0,0.4916317642054688,0.5217391304347826,-0.0301073662293138,0.0301073662293138,high_total,6,home_favorite,market_higher_by_3pp,largest,0.0999999999999999,0.2999999999999998,21.0,0.02509598614470588,True,0
kaggle_mlb_vegas:2019-06-11:MIL:HOU:0,2019-06-11,HOU,MIL,8.5,0.5296046953219403,0.5217391304347826,True,True,3,1,0.479600132390888,0.5217391304347826,-0.0421389980438945,0.0421389980438945,high_total,6,home_favorite,market_higher_by_3pp,largest,0.1,0.5999999999999996,28.0,0.02509598614470588,True,0
kaggle_mlb_vegas:2019-06-11:SEA:MIN:0,2019-06-11,MIN,SEA,9.5,0.6463710938439703,0.5217391304347826,True,True,3,1,0.491166227540546,0.5217391304347826,-0.0305729028942365,0.0305729028942365,high_total,6,home_favorite,market_higher_by_3pp,largest,0.1999999999999999,0.7000000000000002,34.0,0.02509598614470588,True,0
kaggle_mlb_vegas:2019-06-11:TEX:BOS:0,2019-06-11,BOS,TEX,10.5,0.6207865168539326,0.5,False,True,3,1,0.4729063274512337,0.5,-0.0270936725487663,0.0270936725487663,high_total,6,home_favorite,within_3pp,largest,-0.1999999999999999,-1.0999999999999996,29.0,0.02509598614470588,True,1
kaggle_mlb_vegas:2019-06-12:ATH:TB:0,2019-06-12,TB,ATH,8.5,0.5901639344262295,0.5108342361863489,False,False,3,0,0.4820559398444251,0.5108342361863489,-0.0287782963419238,0.0287782963419238,high_total,6,home_favorite,within_3pp,largest,0.0999999999999999,2.4,40.0,0.02509598614470588,True,0
kaggle_mlb_vegas:2019-06-12:MIL:HOU:0,2019-06-12,HOU,MIL,7.5,0.5729537366548043,0.5108342361863489,False,True,3,1,0.4696063187932251,0.5108342361863489,-0.0412279173931238,0.0412279173931238,low_total,6,home_favorite,market_higher_by_3pp,largest,0.2,1.5000000000000009,29.0,0.02509598614470588,True,0
kaggle_mlb_vegas:2019-06-12:SEA:MIN:0,2019-06-12,MIN,SEA,9.0,0.6734693877551021,0.5217391304347826,False,True,3,1,0.4686122073867437,0.5217391304347826,-0.0531269230480389,0.0531269230480389,high_total,6,home_favorite,market_higher_by_3pp,largest,0.3999999999999999,2.0999999999999988,37.0,0.02509598614470588,True,0
kaggle_mlb_vegas:2019-06-13:ARI:WSH:0,2019-06-13,WSH,ARI,8.5,0.468238865963952,0.5217391304347826,False,False,3,0,0.4955047084729668,0.5217391304347826,-0.0262344219618157,0.0262344219618157,high_total,6,road_favorite,within_3pp,largest,0.0,0.6999999999999997,21.0,0.02509598614470588,True,1
kaggle_mlb_vegas:2019-06-13:CHC:LAD:0,2019-06-13,LAD,CHC,8.0,0.6207865168539326,0.5217391304347826,True,True,3,1,0.4941358171302267,0.5217391304347826,-0.0276033133045559,0.0276033133045559,high_total,6,home_favorite,within_3pp,largest,-0.0999999999999999,-0.1000000000000009,22.0,0.02509598614470588,True,0
kaggle_mlb_vegas:2019-06-13:LAA:TB:0,2019-06-13,TB,LAA,8.5,0.5638051044083527,0.5217391304347826,False,False,3,0,0.4849356025870177,0.5217391304347826,-0.0368035278477648,0.0368035278477648,high_total,6,home_favorite,market_higher_by_3pp,largest,0.0999999999999999,1.4999999999999996,41.0,0.02509598614470588,True,0
kaggle_mlb_vegas:2019-06-13:SEA:MIN:0,2019-06-13,MIN,SEA,10.0,0.6179288321167884,0.5324675324675325,True,True,3,1,0.479910867843327,0.5324675324675325,-0.0525566646242055,0.0525566646242055,high_total,6,home_favorite,market_higher_by_3pp,largest,0.1999999999999999,1.0,43.0,0.02509598614470588,True,0
kaggle_mlb_vegas:2019-06-14:KC:MIN:0,2019-06-14,MIN,KC,10.0,0.6863468634686347,0.4891657638136511,True,False,3,0,0.462366472165533,0.4891657638136511,-0.026799291648118,0.026799291648118,high_total,6,home_favorite,within_3pp,largest,0.3,2.6,25.0,0.02509598614470588,True,0
kaggle_mlb_vegas:2019-06-14:PHI:ATL:0,2019-06-14,ATL,PHI,9.0,0.5638051044083527,0.5217391304347826,True,True,3,1,0.4819187200771372,0.5217391304347826,-0.0398204103576453,0.0398204103576453,high_total,6,home_favorite,market_higher_by_3pp,largest,0.3,2.5999999999999988,26.0,0.02509598614470588,True,0
kaggle_mlb_vegas:2019-06-14:PIT:MIA:0,2019-06-14,MIA,PIT,8.5,0.5296046953219403,0.5217391304347826,False,True,3,1,0.4952811909688063,0.5217391304347826,-0.0264579394659762,0.0264579394659762,high_total,6,home_favorite,within_3pp,largest,0.2,3.5,47.0,0.02509598614470588,True,0
kaggle_mlb_vegas:2019-06-15:ARI:WSH:0,2019-06-15,WSH,ARI,9.0,0.6681590729523308,0.5108342361863489,False,True,3,1,0.471822135358501,0.5108342361863489,-0.0390121008278478,0.0390121008278478,high_total,6,home_favorite,market_higher_by_3pp,largest,-0.0999999999999999,0.2999999999999998,17.0,0.02509598614470588,True,1
kaggle_mlb_vegas:2019-06-15:SEA:ATH:0,2019-06-15,ATH,SEA,9.0,0.6734693877551021,0.5108342361863489,True,True,3,1,0.4851882846468207,0.5108342361863489,-0.0256459515395282,0.0256459515395282,high_total,6,home_favorite,within_3pp,largest,0.0,-1.9000000000000004,46.0,0.02509598614470588,True,0
kaggle_mlb_vegas:2019-06-16:ARI:WSH:0,2019-06-16,WSH,ARI,9.5,0.5851458707737787,0.5108342361863489,True,True,3,1,0.4781893211851813,0.5108342361863489,-0.0326449150011676,0.0326449150011676,high_total,6,home_favorite,market_higher_by_3pp,largest,-0.3,-2.4,15.0,0.02509598614470588,True,1
kaggle_mlb_vegas:2019-06-16:KC:MIN:0,2019-06-16,MIN,KC,9.5,0.6511627906976745,0.4891657638136511,False,True,3,1,0.4632338907635583,0.4891657638136511,-0.0259318730500928,0.0259318730500928,high_total,6,home_favorite,within_3pp,largest,0.3999999999999999,2.4,23.0,0.02509598614470588,True,0
kaggle_mlb_vegas:2019-06-16:PHI:ATL:0,2019-06-16,ATL,PHI,10.5,0.6075837079580821,0.5217391304347826,True,True,3,1,0.4755079515170251,0.5217391304347826,-0.0462311789177575,0.0462311789177575,high_total,6,home_favorite,market_higher_by_3pp,largest,0.2,0.8000000000000007,28.0,0.02509598614470588,True,0
kaggle_mlb_vegas:2019-06-16:TEX:CIN:0,2019-06-16,CIN,TEX,8.5,0.6207865168539326,0.5217391304347826,True,True,3,1,0.495891005552682,0.5217391304347826,-0.0258481248821005,0.0258481248821005,high_total,6,home_favorite,within_3pp,largest,-0.3,-2.3000000000000003,19.0,0.02509598614470588,True,1
kaggle_mlb_vegas:2019-06-17:BOS:MIN:0,2019-06-17,MIN,BOS,10.5,0.5817328211694409,0.4891657638136511,False,False,3,0,0.4475510631635613,0.4891657638136511,-0.0416147006500898,0.0416147006500898,high_total,6,home_favorite,market_higher_by_3pp,largest,0.0999999999999999,0.4999999999999991,26.0,0.02509598614470588,True,0
kaggle_mlb_vegas:2019-06-17:NYM:ATL:0,2019-06-17,ATL,NYM,9.0,0.5638051044083527,0.5,True,True,3,1,0.4651212893391958,0.5,-0.0348787106608041,0.0348787106608041,high_total,6,home_favorite,market_higher_by_3pp,largest,0.4,3.0999999999999996,32.0,0.02509598614470588,True,0
kaggle_mlb_vegas:2019-06-18:BOS:MIN:0,2019-06-18,MIN,BOS,9.5,0.4598032949132971,0.5217391304347826,True,False,3,0,0.4809401450503302,0.5217391304347826,-0.0407989853844523,0.0407989853844523,high_total,6,road_favorite,market_higher_by_3pp,largest,-0.0999999999999999,-0.7000000000000006,23.0,0.02509598614470588,True,1
kaggle_mlb_vegas:2019-06-18:COL:ARI:0,2019-06-18,ARI,COL,10.0,0.5982670342654589,0.5324675324675325,False,False,3,0,0.4452254198840301,0.5324675324675325,-0.0872421125835024,0.0872421125835024,high_total,6,home_favorite,market_higher_by_3pp,largest,0.1999999999999999,2.0,31.0,0.02509598614470588,True,0
kaggle_mlb_vegas:2019-06-18:TB:NYY:0,2019-06-18,NYY,TB,9.5,0.5851458707737787,0.5217391304347826,True,False,3,0,0.4847460106999796,0.5217391304347826,-0.0369931197348029,0.0369931197348029,high_total,6,home_favorite,market_higher_by_3pp,largest,0.0999999999999999,0.1,19.0,0.02509598614470588,True,0
kaggle_mlb_vegas:2019-06-19:COL:ARI:0,2019-06-19,ARI,COL,8.5,0.5901639344262295,0.5217391304347826,False,True,3,1,0.4773708914690644,0.5217391304347826,-0.0443682389657181,0.0443682389657181,high_total,6,home_favorite,market_higher_by_3pp,largest,0.0999999999999999,0.4000000000000003,31.0,0.02509598614470588,True,0
kaggle_mlb_vegas:2019-06-19:NYM:ATL:0,2019-06-19,ATL,NYM,10.0,0.5765084698306034,0.5217391304347826,True,False,3,0,0.4595375443612772,0.5217391304347826,-0.0622015860735053,0.0622015860735053,high_total,6,home_favorite,market_higher_by_3pp,largest,0.3,2.6000000000000005,34.0,0.02509598614470588,True,0
kaggle_mlb_vegas:2019-06-19:PHI:WSH:2,2019-06-19,WSH,PHI,8.5,0.662676822633297,0.5108342361863489,True,False,3,0,0.4851033713767485,0.5108342361863489,-0.0257308648096004,0.0257308648096004,high_total,6,home_favorite,within_3pp,largest,0.1999999999999999,3.8,40.0,0.02509598614470588,True,0
kaggle_mlb_vegas:2019-06-19:SF:LAD:0,2019-06-19,LAD,SF,7.5,0.6956521739130435,0.5217391304347826,True,True,3,1,0.4874630160194418,0.5217391304347826,-0.0342761144153407,0.0342761144153407,low_total,6,home_favorite,market_higher_by_3pp,largest,0.0,2.5,22.0,0.02509598614470588,True,0
kaggle_mlb_vegas:2019-06-19:TB:NYY:0,2019-06-19,NYY,TB,9.0,0.4556962025316455,0.5217391304347826,True,True,3,1,0.4962870069956989,0.5217391304347826,-0.0254521234390837,0.0254521234390837,high_total,6,road_favorite,within_3pp,largest,0.1999999999999999,0.5999999999999996,24.0,0.02509598614470588,True,0
kaggle_mlb_vegas:2019-06-20:COL:ARI:0,2019-06-20,ARI,COL,8.5,0.6227043222548966,0.5108342361863489,False,True,3,1,0.4730004112654076,0.5108342361863489,-0.0378338249209412,0.0378338249209412,high_total,6,home_favorite,market_higher_by_3pp,largest,-0.0999999999999999,-0.7999999999999998,32.0,0.02509598614470588,True,0
kaggle_mlb_vegas:2019-06-20:NYM:CHC:0,2019-06-20,CHC,NYM,9.5,0.5901639344262295,0.5217391304347826,True,True,3,1,0.4855721326890878,0.5217391304347826,-0.0361669977456947,0.0361669977456947,high_total,6,home_favorite,market_higher_by_3pp,largest,0.0,0.7999999999999998,34.0,0.02509598614470588,True,0
kaggle_mlb_vegas:2019-06-22:ATL:WSH:0,2019-06-22,WSH,ATL,10.5,0.5,0.5217391304347826,False,True,3,1,0.492746809769813,0.5217391304347826,-0.0289923206649695,0.0289923206649695,high_total,6,home_favorite,within_3pp,largest,0.0,-0.200000000000001,17.0,0.02509598614470588,True,1
kaggle_mlb_vegas:2019-06-22:COL:LAD:0,2019-06-22,LAD,COL,8.5,0.7044334975369457,0.5217391304347826,True,True,3,1,0.4742689551872296,0.5217391304347826,-0.0474701752475529,0.0474701752475529,high_total,6,home_favorite,market_higher_by_3pp,largest,0.0999999999999999,1.1000000000000003,36.0,0.02509598614470588,True,0
kaggle_mlb_vegas:2019-06-22:NYM:CHC:0,2019-06-22,CHC,NYM,8.5,0.5542635658914729,0.5217391304347826,False,True,3,1,0.4897081069612163,0.5217391304347826,-0.0320310234735662,0.0320310234735662,high_total,6,home_favorite,market_higher_by_3pp,largest,0.0,0.6999999999999993,29.0,0.02509598614470588,True,0
kaggle_mlb_vegas:2019-06-22:TOR:BOS:0,2019-06-22,BOS,TOR,11.5,0.6245958239710637,0.5108342361863489,False,True,3,1,0.4733904525005002,0.5108342361863489,-0.0374437836858486,0.0374437836858486,high_total,6,home_favorite,market_higher_by_3pp,largest,0.4,3.1000000000000005,40.0,0.02509598614470588,True,0
kaggle_mlb_vegas:2019-06-23:CWS:TEX:0,2019-06-23,TEX,CWS,12.0,0.5443037974683544,0.5108342361863489,True,False,3,0,0.4847941922869634,0.5108342361863489,-0.0260400438993855,0.0260400438993855,high_total,6,home_favorite,within_3pp,largest,0.0,0.5000000000000009,29.0,0.02509598614470588,True,0
kaggle_mlb_vegas:2019-06-23:SD:PIT:0,2019-06-23,PIT,SD,9.5,0.4361948955916473,0.5,True,True,3,1,0.4746935361950821,0.5,-0.0253064638049179,0.0253064638049179,high_total,6,road_favorite,within_3pp,largest,0.0,1.4999999999999991,43.0,0.02509598614470588,True,0
kaggle_mlb_vegas:2019-06-23:TB:ATH:0,2019-06-23,ATH,TB,9.0,0.5381158455392809,0.5217391304347826,False,True,3,1,0.4961325960760563,0.5217391304347826,-0.0256065343587262,0.0256065343587262,high_total,6,home_favorite,within_3pp,largest,0.3999999999999999,4.0,33.0,0.02509598614470588,True,0
kaggle_mlb_vegas:2019-06-23:TOR:BOS:0,2019-06-23,BOS,TOR,10.0,0.6060606060606061,0.5108342361863489,False,False,3,0,0.4798199769776952,0.5108342361863489,-0.0310142592086537,0.0310142592086537,high_total,6,home_favorite,market_higher_by_3pp,largest,0.4,3.5,41.0,0.02509598614470588,True,0
kaggle_mlb_vegas:2019-06-24:ATL:CHC:0,2019-06-24,CHC,ATL,12.0,0.5581289044644218,0.5108342361863489,True,False,3,0,0.4821729736679789,0.5108342361863489,-0.02866126251837,0.02866126251837,high_total,6,home_favorite,within_3pp,largest,-0.2999999999999999,-3.3000000000000003,20.0,0.02509598614470588,True,1
kaggle_mlb_vegas:2019-06-24:CWS:BOS:0,2019-06-24,BOS,CWS,9.0,0.6164840058030137,0.5108342361863489,True,True,3,1,0.4772504446366984,0.5108342361863489,-0.0335837915496505,0.0335837915496505,high_total,6,home_favorite,market_higher_by_3pp,largest,0.1999999999999999,2.6000000000000005,28.0,0.02509598614470588,True,0
kaggle_mlb_vegas:2019-06-25:NYM:PHI:0,2019-06-25,PHI,NYM,11.0,0.5998499437288983,0.5217391304347826,True,True,4,1,0.4928822313487371,0.5217391304347826,-0.0288568990860454,0.0288568990860454,high_total,6,home_favorite,within_3pp,largest,-0.2,-1.4000000000000004,34.0,0.0249721247722283,True,1
kaggle_mlb_vegas:2019-06-26:KC:CLE:0,2019-06-26,CLE,KC,8.5,0.6800775569558895,0.5217391304347826,True,False,4,0,0.4847836899913305,0.5217391304347826,-0.0369554404434521,0.0369554404434521,high_total,6,home_favorite,market_higher_by_3pp,largest,0.0999999999999999,0.7999999999999998,22.0,0.0249721247722283,True,0
kaggle_mlb_vegas:2019-06-26:PIT:HOU:0,2019-06-26,HOU,PIT,9.5,0.6863468634686347,0.5217391304347826,False,True,4,1,0.4888121298467704,0.5217391304347826,-0.0329270005880121,0.0329270005880121,high_total,6,home_favorite,market_higher_by_3pp,largest,-0.3,-2.0999999999999996,28.0,0.0249721247722283,True,1
kaggle_mlb_vegas:2019-06-27:ATH:LAA:0,2019-06-27,LAA,ATH,9.5,0.6014206175654089,0.5324675324675325,True,True,4,1,0.4957718469922952,0.5324675324675325,-0.0366956854752372,0.0366956854752372,high_total,6,home_favorite,market_higher_by_3pp,largest,-0.0999999999999999,-0.5,15.0,0.0249721247722283,True,1
kaggle_mlb_vegas:2019-06-27:SEA:MIL:0,2019-06-27,MIL,SEA,10.5,0.6479878222814194,0.4675324675324676,True,False,4,0,0.4947225231522237,0.4675324675324676,0.0271900556197561,0.0271900556197561,high_total,6,home_favorite,within_3pp,largest,-0.3999999999999999,-3.3000000000000003,36.0,0.0249721247722283,True,1
kaggle_mlb_vegas:2019-06-28:ATH:LAA:0,2019-06-28,LAA,ATH,10.0,0.5638051044083527,0.5108342361863489,False,False,4,0,0.4756577893226217,0.5108342361863489,-0.0351764468637272,0.0351764468637272,high_total,6,home_favorite,market_higher_by_3pp,largest,0.0,0.2999999999999998,15.0,0.0249721247722283,True,1
kaggle_mlb_vegas:2019-06-28:CLE:BAL:0,2019-06-28,BAL,CLE,9.0,0.3488372093023256,0.4891657638136511,True,True,4,1,0.5269838023288447,0.4891657638136511,0.0378180385151935,0.0378180385151935,high_total,6,road_favorite,model_higher_by_3pp,largest,-0.6,-5.7,22.0,0.0249721247722283,True,1
kaggle_mlb_vegas:2019-06-29:ATH:LAA:0,2019-06-29,LAA,ATH,9.5,0.5729537366548043,0.5217391304347826,False,False,4,0,0.4807581123256085,0.5217391304347826,-0.040981018109174,0.040981018109174,high_total,6,home_favorite,market_higher_by_3pp,largest,-0.0999999999999999,-1.1,15.0,0.0249721247722283,True,1
kaggle_mlb_vegas:2019-06-29:CLE:BAL:0,2019-06-29,BAL,CLE,11.0,0.3632887189292542,0.4891657638136511,True,True,4,1,0.5170115149016337,0.4891657638136511,0.0278457510879825,0.0278457510879825,high_total,6,road_favorite,within_3pp,largest,-0.4999999999999999,-3.4000000000000004,28.0,0.0249721247722283,True,1
kaggle_mlb_vegas:2019-06-29:PIT:MIL:0,2019-06-29,MIL,PIT,9.0,0.662676822633297,0.5217391304347826,True,False,4,0,0.4937789619113106,0.5217391304347826,-0.0279601685234719,0.0279601685234719,high_total,6,home_favorite,within_3pp,largest,-0.5,-4.200000000000001,15.0,0.0249721247722283,True,1
kaggle_mlb_vegas:2019-06-30:ATH:LAA:0,2019-06-30,LAA,ATH,10.5,0.5693398957730168,0.5108342361863489,False,True,4,1,0.4858181978829774,0.5108342361863489,-0.0250160383033715,0.0250160383033715,high_total,6,home_favorite,within_3pp,largest,-0.1999999999999999,-0.7000000000000002,10.0,0.0249721247722283,True,1
kaggle_mlb_vegas:2019-06-30:CLE:BAL:0,2019-06-30,BAL,CLE,10.5,0.2998944033790918,0.5,False,False,4,0,0.5325304669061863,0.5,0.0325304669061863,0.0325304669061863,high_total,6,road_favorite,model_higher_by_3pp,largest,-0.3,-8.881784197001252e-16,31.0,0.0249721247722283,True,1
kaggle_mlb_vegas:2019-06-30:SEA:HOU:0,2019-06-30,HOU,SEA,8.5,0.7224199288256229,0.5217391304347826,True,False,4,0,0.4854945578717001,0.5217391304347826,-0.0362445725630825,0.0362445725630825,high_total,6,home_favorite,market_higher_by_3pp,largest,-0.1999999999999999,-4.000000000000001,24.0,0.0249721247722283,True,1
kaggle_mlb_vegas:2019-06-30:WSH:DET:0,2019-06-30,DET,WSH,9.0,0.2528668038812113,0.5,False,False,4,0,0.5412279975341212,0.5,0.0412279975341212,0.0412279975341212,high_total,6,road_favorite,model_higher_by_3pp,largest,-0.4999999999999999,-2.600000000000001,30.0,0.0249721247722283,True,1
kaggle_mlb_vegas:2019-07-01:KC:TOR:0,2019-07-01,TOR,KC,10.5,0.5800055081244836,0.5324675324675325,True,True,4,1,0.5003217031169908,0.5324675324675325,-0.0321458293505417,0.0321458293505417,high_total,7,home_favorite,market_higher_by_3pp,largest,0.0999999999999999,0.7999999999999998,21.0,0.0249721247722283,True,0
kaggle_mlb_vegas:2019-07-02:MIA:WSH:0,2019-07-02,WSH,MIA,9.0,0.6570143379252179,0.5217391304347826,True,False,4,0,0.4930254511674775,0.5217391304347826,-0.028713679267305,0.028713679267305,high_total,7,home_favorite,within_3pp,largest,0.0999999999999999,1.3999999999999997,27.0,0.0249721247722283,True,0
kaggle_mlb_vegas:2019-07-02:NYY:NYM:0,2019-07-02,NYM,NYY,9.0,0.4418710955355783,0.5427435387673957,True,False,4,0,0.514039516056547,0.5427435387673957,-0.0287040227108487,0.0287040227108487,high_total,7,road_favorite,within_3pp,largest,-0.6000000000000001,-3.4000000000000012,39.0,0.0249721247722283,True,1
kaggle_mlb_vegas:2019-07-03:HOU:COL:0,2019-07-03,COL,HOU,14.5,0.4437955082515226,0.5217391304347826,False,False,4,0,0.4847341660849594,0.5217391304347826,-0.0370049643498232,0.0370049643498232,high_total,7,road_favorite,market_higher_by_3pp,largest,-0.1999999999999999,0.5,28.0,0.0249721247722283,True,1
kaggle_mlb_vegas:2019-07-03:MIN:ATH:0,2019-07-03,ATH,MIN,9.0,0.5116279069767442,0.5217391304347826,False,False,4,0,0.4900180987100413,0.5217391304347826,-0.0317210317247412,0.0317210317247412,high_total,7,home_favorite,market_higher_by_3pp,largest,0.1999999999999999,1.0999999999999996,18.0,0.0249721247722283,True,0
kaggle_mlb_vegas:2019-07-03:STL:SEA:0,2019-07-03,SEA,STL,9.0,0.4814756210583422,0.5217391304347826,False,False,4,0,0.4955893801618361,0.5217391304347826,-0.0261497502729464,0.0261497502729464,high_total,7,road_favorite,within_3pp,largest,0.2,1.9999999999999996,19.0,0.0249721247722283,True,0
kaggle_mlb_vegas:2019-07-04:SD:LAD:0,2019-07-04,LAD,SD,8.5,0.6734693877551021,0.5217391304347826,True,False,4,0,0.4958342675084586,0.5217391304347826,-0.0259048629263239,0.0259048629263239,high_total,7,home_favorite,within_3pp,largest,0.1999999999999999,0.2999999999999998,31.0,0.0249721247722283,True,0
kaggle_mlb_vegas:2019-07-05:MIL:PIT:0,2019-07-05,PIT,MIL,10.5,0.4837531945965681,0.5,False,True,4,1,0.473567165573756,0.5,-0.0264328344262439,0.0264328344262439,high_total,7,road_favorite,within_3pp,largest,0.1999999999999999,3.2,20.0,0.0249721247722283,True,0
kaggle_mlb_vegas:2019-07-07:BOS:DET:0,2019-07-07,DET,BOS,10.5,0.2702702702702703,0.4782608695652174,False,False,4,0,0.5282531920922551,0.4782608695652174,0.0499923225270376,0.0499923225270376,high_total,7,road_favorite,model_higher_by_3pp,largest,-0.3999999999999999,-1.6000000000000003,44.0,0.0249721247722283,True,1
kaggle_mlb_vegas:2019-07-07:CLE:CIN:0,2019-07-07,CIN,CLE,9.0,0.461884154460719,0.5217391304347826,False,True,4,1,0.4967662719665796,0.5217391304347826,-0.0249728584682029,0.0249728584682029,high_total,7,road_favorite,within_3pp,largest,-0.1999999999999999,-0.5000000000000009,26.0,0.0249721247722283,True,1
kaggle_mlb_vegas:2019-07-07:KC:WSH:0,2019-07-07,WSH,KC,9.0,0.6910678307588987,0.5217391304347826,True,False,4,0,0.4935919615907009,0.5217391304347826,-0.0281471688440816,0.0281471688440816,high_total,7,home_favorite,within_3pp,largest,0.6000000000000001,4.399999999999999,26.0,0.0249721247722283,True,0
kaggle_mlb_vegas:2019-07-07:LAA:HOU:0,2019-07-07,HOU,LAA,10.0,0.6060606060606061,0.5217391304347826,True,True,4,1,0.4867448051775768,0.5217391304347826,-0.0349943252572058,0.0349943252572058,high_total,7,home_favorite,market_higher_by_3pp,largest,0.1999999999999999,0.4000000000000003,28.0,0.0249721247722283,True,0
kaggle_mlb_vegas:2019-07-07:MIA:ATL:0,2019-07-07,ATL,MIA,9.5,0.662676822633297,0.5217391304347826,True,False,4,0,0.4840926927151183,0.5217391304347826,-0.0376464377196643,0.0376464377196643,high_total,7,home_favorite,market_higher_by_3pp,largest,0.3,2.4000000000000012,20.0,0.0249721247722283,True,0
kaggle_mlb_vegas:2019-07-07:MIL:PIT:0,2019-07-07,PIT,MIL,9.0,0.5296046953219403,0.5217391304347826,True,True,4,1,0.4886764326304627,0.5217391304347826,-0.0330626978043199,0.0330626978043199,high_total,7,home_favorite,market_higher_by_3pp,largest,0.0999999999999999,3.5,25.0,0.0249721247722283,True,0
kaggle_mlb_vegas:2019-07-07:TEX:MIN:0,2019-07-07,MIN,TEX,10.5,0.6301188903566711,0.5217391304347826,False,False,4,0,0.4964535065488981,0.5217391304347826,-0.0252856238858845,0.0252856238858845,high_total,7,home_favorite,within_3pp,largest,0.0999999999999999,2.1000000000000005,27.0,0.0249721247722283,True,0
kaggle_mlb_vegas:2019-07-12:PIT:CHC:0,2019-07-12,CHC,PIT,9.5,0.6135617936565805,0.5217391304347826,True,False,4,0,0.4868735302028215,0.5217391304347826,-0.034865600231961,0.034865600231961,high_total,7,home_favorite,market_higher_by_3pp,largest,-0.1999999999999999,-2.4000000000000004,25.0,0.0249721247722283,True,1
kaggle_mlb_vegas:2019-07-12:TB:BAL:0,2019-07-12,BAL,TB,9.5,0.390904750537121,0.5324675324675325,False,True,4,1,0.5063241025346595,0.5324675324675325,-0.0261434299328729,0.0261434299328729,high_total,7,road_favorite,within_3pp,largest,-0.0999999999999999,2.200000000000001,32.0,0.0249721247722283,True,0
kaggle_mlb_vegas:2019-07-13:LAD:BOS:0,2019-07-13,BOS,LAD,9.0,0.6164840058030137,0.5217391304347826,False,True,4,1,0.4702329671576182,0.5217391304347826,-0.0515061632771643,0.0515061632771643,high_total,7,home_favorite,market_higher_by_3pp,largest,0.1999999999999999,1.6999999999999984,20.0,0.0249721247722283,True,0
kaggle_mlb_vegas:2019-07-13:MIN:CLE:0,2019-07-13,CLE,MIN,9.0,0.5747384023574668,0.5217391304347826,False,False,4,0,0.4845340403390901,0.5217391304347826,-0.0372050900956925,0.0372050900956925,high_total,7,home_favorite,market_higher_by_3pp,largest,0.1999999999999999,-0.5999999999999996,23.0,0.0249721247722283,True,0
kaggle_mlb_vegas:2019-07-13:SEA:LAA:0,2019-07-13,LAA,SEA,10.5,0.6060606060606061,0.5217391304347826,True,True,4,1,0.4931760012488131,0.5217391304347826,-0.0285631291859694,0.0285631291859694,high_total,7,home_favorite,within_3pp,largest,0.2,1.9999999999999991,29.0,0.0249721247722283,True,0
kaggle_mlb_vegas:2019-07-13:TB:BAL:2,2019-07-13,BAL,TB,9.0,0.326530612244898,0.4782608695652174,False,True,4,1,0.5110082823339639,0.4782608695652174,0.0327474127687464,0.0327474127687464,high_total,7,road_favorite,model_higher_by_3pp,largest,-0.0999999999999999,-1.0,33.0,0.0249721247722283,True,1
kaggle_mlb_vegas:2019-07-14:CWS:ATH:0,2019-07-14,ATH,CWS,9.5,0.6367112810707456,0.5217391304347826,True,False,4,0,0.4884989132755343,0.5217391304347826,-0.0332402171592483,0.0332402171592483,high_total,7,home_favorite,market_higher_by_3pp,largest,0.3,5.800000000000001,39.0,0.0249721247722283,True,0
kaggle_mlb_vegas:2019-07-14:NYM:MIA:0,2019-07-14,MIA,NYM,7.0,0.3136531365313653,0.5108342361863489,False,True,4,1,0.5419128276437044,0.5108342361863489,0.0310785914573554,0.0310785914573554,low_total,7,road_favorite,model_higher_by_3pp,largest,-0.1,0.5999999999999996,37.0,0.0249721247722283,True,0
kaggle_mlb_vegas:2019-07-15:SF:COL:2,2019-07-15,COL,SF,14.0,0.5693398957730168,0.5217391304347826,False,False,4,0,0.4754883627553549,0.5217391304347826,-0.0462507676794277,0.0462507676794277,high_total,7,home_favorite,market_higher_by_3pp,largest,-0.6000000000000001,-8.6,27.0,0.0249721247722283,True,1
kaggle_mlb_vegas:2019-07-15:TOR:BOS:0,2019-07-15,BOS,TOR,11.0,0.6301188903566711,0.5,True,True,4,1,0.4667129625709988,0.5,-0.0332870374290011,0.0332870374290011,high_total,7,home_favorite,market_higher_by_3pp,largest,0.1999999999999999,0.7999999999999998,27.0,0.0249721247722283,True,0
kaggle_mlb_vegas:2019-07-16:ARI:TEX:0,2019-07-16,TEX,ARI,10.0,0.6105953597180889,0.4782608695652174,False,True,4,1,0.5046138694250992,0.4782608695652174,0.0263529998598818,0.0263529998598818,high_total,7,home_favorite,within_3pp,largest,-0.0999999999999999,-1.6999999999999995,19.0,0.0249721247722283,True,1
kaggle_mlb_vegas:2019-07-16:HOU:LAA:0,2019-07-16,LAA,HOU,9.5,0.4457364341085271,0.5217391304347826,True,False,4,0,0.490649721055315,0.5217391304347826,-0.0310894093794675,0.0310894093794675,high_total,7,road_favorite,market_higher_by_3pp,largest,0.0999999999999999,1.7999999999999998,29.0,0.0249721247722283,True,0
kaggle_mlb_vegas:2019-07-17:PIT:STL:0,2019-07-17,STL,PIT,8.5,0.5782641142678631,0.5324675324675325,True,True,4,1,0.5006318663745737,0.5324675324675325,-0.0318356660929588,0.0318356660929588,high_total,7,home_favorite,market_higher_by_3pp,largest,0.1999999999999999,2.6000000000000005,22.0,0.0249721247722283,True,0
kaggle_mlb_vegas:2019-07-18:DET:CLE:0,2019-07-18,CLE,DET,8.5,0.662676822633297,0.5217391304347826,True,True,4,1,0.4931435530786422,0.5217391304347826,-0.0285955773561403,0.0285955773561403,high_total,7,home_favorite,within_3pp,largest,0.6000000000000001,5.4,33.0,0.0249721247722283,True,0
kaggle_mlb_vegas:2019-07-18:WSH:ATL:0,2019-07-18,ATL,WSH,10.0,0.4098360655737704,0.5108342361863489,False,True,4,1,0.4731753931671048,0.5108342361863489,-0.0376588430192441,0.0376588430192441,high_total,7,road_favorite,market_higher_by_3pp,largest,0.0,-1.2000000000000006,19.0,0.0249721247722283,True,1
kaggle_mlb_vegas:2019-07-19:COL:NYY:0,2019-07-19,NYY,COL,11.5,0.6734693877551021,0.5108342361863489,True,False,4,0,0.4839231624045533,0.5108342361863489,-0.0269110737817956,0.0269110737817956,high_total,7,home_favorite,within_3pp,largest,0.3999999999999999,6.2,41.0,0.0249721247722283,True,0
kaggle_mlb_vegas:2019-07-19:WSH:ATL:0,2019-07-19,ATL,WSH,10.0,0.4661016949152542,0.5108342361863489,True,False,4,0,0.4841872766624396,0.5108342361863489,-0.0266469595239093,0.0266469595239093,high_total,7,road_favorite,within_3pp,largest,-0.0999999999999999,-3.4000000000000004,20.0,0.0249721247722283,True,1
kaggle_mlb_vegas:2019-07-20:ATH:MIN:0,2019-07-20,MIN,ATH,10.0,0.5693398957730168,0.5217391304347826,False,False,4,0,0.4903173317593113,0.5217391304347826,-0.0314217986754712,0.0314217986754712,high_total,7,home_favorite,market_higher_by_3pp,largest,-0.3,-2.8999999999999995,12.0,0.0249721247722283,True,1
kaggle_mlb_vegas:2019-07-20:BOS:BAL:0,2019-07-20,BAL,BOS,12.5,0.326530612244898,0.4782608695652174,False,True,4,1,0.5108514557808582,0.4782608695652174,0.0325905862156408,0.0325905862156408,high_total,7,road_favorite,model_higher_by_3pp,largest,-0.0999999999999999,-0.2999999999999998,35.0,0.0249721247722283,True,1
kaggle_mlb_vegas:2019-07-20:KC:CLE:0,2019-07-20,CLE,KC,10.5,0.6120841659809568,0.5,False,False,4,0,0.4726522253869382,0.5,-0.0273477746130618,0.0273477746130618,high_total,7,home_favorite,within_3pp,largest,0.2,2.8,33.0,0.0249721247722283,True,0
kaggle_mlb_vegas:2019-07-20:WSH:ATL:0,2019-07-20,ATL,WSH,10.0,0.615028366330902,0.5217391304347826,False,False,4,0,0.4821541721102288,0.5217391304347826,-0.0395849583245537,0.0395849583245537,high_total,7,home_favorite,market_higher_by_3pp,largest,0.0,-3.0000000000000004,18.0,0.0249721247722283,True,1
kaggle_mlb_vegas:2019-07-21:BOS:BAL:0,2019-07-21,BAL,BOS,12.5,0.3318409270476692,0.4782608695652174,True,False,4,0,0.5208976807071705,0.4782608695652174,0.042636811141953,0.042636811141953,high_total,7,road_favorite,model_higher_by_3pp,largest,-0.1999999999999999,-2.4000000000000004,31.0,0.0249721247722283,True,1
kaggle_mlb_vegas:2019-07-21:NYM:SF:0,2019-07-21,SF,NYM,8.5,0.5116279069767442,0.5217391304347826,True,False,4,0,0.4833175148708771,0.5217391304347826,-0.0384216155639054,0.0384216155639054,high_total,7,home_favorite,market_higher_by_3pp,largest,0.2,1.3000000000000005,21.0,0.0249721247722283,True,0
kaggle_mlb_vegas:2019-07-22:CHC:SF:0,2019-07-22,SF,CHC,8.5,0.4930284439486894,0.5217391304347826,True,True,4,1,0.4854666846849425,0.5217391304347826,-0.03627244574984,0.03627244574984,high_total,7,road_favorite,market_higher_by_3pp,largest,0.1,1.6,19.0,0.0249721247722283,True,0
kaggle_mlb_vegas:2019-07-23:ATH:HOU:0,2019-07-23,HOU,ATH,9.5,0.5982670342654589,0.5324675324675325,False,False,4,0,0.4797839836130536,0.5324675324675325,-0.0526835488544789,0.0526835488544789,high_total,7,home_favorite,market_higher_by_3pp,largest,0.1,1.2000000000000002,14.0,0.0249721247722283,True,0
kaggle_mlb_vegas:2019-07-23:STL:PIT:0,2019-07-23,PIT,STL,9.0,0.5675103560283946,0.5217391304347826,False,False,4,0,0.4918065126330297,0.5217391304347826,-0.0299326178017528,0.0299326178017528,high_total,7,home_favorite,within_3pp,largest,-0.6000000000000001,-3.7999999999999994,22.0,0.0249721247722283,True,1
kaggle_mlb_vegas:2019-07-24:CHC:SF:0,2019-07-24,SF,CHC,8.5,0.4131680661068906,0.5108342361863489,False,False,4,0,0.4747028296503734,0.5108342361863489,-0.0361314065359754,0.0361314065359754,high_total,7,road_favorite,market_higher_by_3pp,largest,0.3,1.5,18.0,0.0249721247722283,True,0
kaggle_mlb_vegas:2019-07-24:COL:WSH:1,2019-07-24,WSH,COL,10.0,0.513948077676165,0.5217391304347826,True,False,4,0,0.4921451984370207,0.5217391304347826,-0.0295939319977618,0.0295939319977618,high_total,7,home_favorite,within_3pp,largest,0.3999999999999999,6.800000000000001,48.0,0.0249721247722283,True,0
kaggle_mlb_vegas:2019-07-24:LAA:LAD:0,2019-07-24,LAD,LAA,10.0,0.662676822633297,0.4891657638136511,False,False,4,0,0.4623725415712967,0.4891657638136511,-0.0267932222423544,0.0267932222423544,high_total,7,home_favorite,within_3pp,largest,0.0,3.6000000000000005,39.0,0.0249721247722283,True,0
kaggle_mlb_vegas:2019-07-25:MIN:CWS:0,2019-07-25,CWS,MIN,8.5,0.4098360655737704,0.5217391304347826,False,True,4,1,0.4927846891507936,0.5217391304347826,-0.0289544412839889,0.0289544412839889,high_total,7,road_favorite,within_3pp,largest,0.0,0.5,35.0,0.0249721247722283,True,0
kaggle_mlb_vegas:2019-07-26:BAL:LAA:0,2019-07-26,LAA,BAL,10.0,0.6380021770498443,0.5217391304347826,False,True,4,1,0.4956229595692114,0.5217391304347826,-0.0261161708655712,0.0261161708655712,high_total,7,home_favorite,within_3pp,largest,0.0999999999999999,-0.5999999999999996,39.0,0.0249721247722283,True,0
kaggle_mlb_vegas:2019-07-26:HOU:STL:0,2019-07-26,STL,HOU,8.5,0.4883720930232558,0.5217391304347826,True,False,4,0,0.4927838594113716,0.5217391304347826,-0.028955271023411,0.028955271023411,high_total,7,road_favorite,within_3pp,largest,0.1,-0.8999999999999999,19.0,0.0249721247722283,True,1
kaggle_mlb_vegas:2019-07-26:NYY:BOS:0,2019-07-26,BOS,NYY,11.0,0.4536695037738878,0.5217391304347826,True,True,4,1,0.4664431580891524,0.5217391304347826,-0.0552959723456301,0.0552959723456301,high_total,7,road_favorite,market_higher_by_3pp,largest,-0.0999999999999999,1.0,17.0,0.0249721247722283,True,1
kaggle_mlb_vegas:2019-07-27:BAL:LAA:0,2019-07-27,LAA,BAL,10.0,0.6863468634686347,0.5217391304347826,False,True,4,1,0.496520418432499,0.5217391304347826,-0.0252187120022835,0.0252187120022835,high_total,7,home_favorite,within_3pp,largest,-0.0999999999999999,-2.4000000000000004,37.0,0.0249721247722283,True,1
kaggle_mlb_vegas:2019-07-27:CHC:MIL:0,2019-07-27,MIL,CHC,9.5,0.5046466242274987,0.5108342361863489,True,False,4,0,0.4826701166383612,0.5108342361863489,-0.0281641195479877,0.0281641195479877,high_total,7,home_favorite,within_3pp,largest,0.1999999999999999,1.6,21.0,0.0249721247722283,True,0
kaggle_mlb_vegas:2019-07-27:NYY:BOS:0,2019-07-27,BOS,NYY,12.0,0.5851458707737787,0.4782608695652174,True,True,4,1,0.4262144675312642,0.4782608695652174,-0.0520464020339531,0.0520464020339531,high_total,7,home_favorite,market_higher_by_3pp,largest,0.0999999999999999,3.1000000000000005,20.0,0.0249721247722283,True,0
kaggle_mlb_vegas:2019-07-27:PIT:NYM:0,2019-07-27,NYM,PIT,9.0,0.5619290100344467,0.5217391304347826,True,False,4,0,0.494340801721022,0.5217391304347826,-0.0273983287137605,0.0273983287137605,high_total,7,home_favorite,within_3pp,largest,0.3999999999999999,3.5000000000000004,26.0,0.0249721247722283,True,0
kaggle_mlb_vegas:2019-07-27:SF:SD:0,2019-07-27,SD,SF,8.5,0.5675103560283946,0.5217391304347826,True,False,4,0,0.4949490717147373,0.5217391304347826,-0.0267900587200453,0.0267900587200453,high_total,7,home_favorite,within_3pp,largest,-0.5,-0.9000000000000004,19.0,0.0249721247722283,True,1
kaggle_mlb_vegas:2019-07-28:CHC:MIL:0,2019-07-28,MIL,CHC,10.0,0.5207810820494446,0.5108342361863489,False,True,4,1,0.4846313672115895,0.5108342361863489,-0.0262028689747594,0.0262028689747594,high_total,7,home_favorite,within_3pp,largest,0.1999999999999999,0.5,25.0,0.0249721247722283,True,0
kaggle_mlb_vegas:2019-07-28:NYY:BOS:0,2019-07-28,BOS,NYY,10.0,0.6120841659809568,0.5217391304347826,False,True,4,1,0.4752332904367927,0.5217391304347826,-0.0465058399979899,0.0465058399979899,high_total,7,home_favorite,market_higher_by_3pp,largest,0.1999999999999999,4.2,24.0,0.0249721247722283,True,0
kaggle_mlb_vegas:2019-07-28:PIT:NYM:0,2019-07-28,NYM,PIT,9.0,0.5581289044644218,0.5217391304347826,True,True,4,1,0.4929482310513655,0.5217391304347826,-0.0287908993834171,0.0287908993834171,high_total,7,home_favorite,within_3pp,largest,0.5,4.200000000000001,25.0,0.0249721247722283,True,0
kaggle_mlb_vegas:2019-07-30:ARI:NYY:0,2019-07-30,NYY,ARI,11.5,0.6863468634686347,0.4891657638136511,False,False,4,0,0.4601398218738166,0.4891657638136511,-0.0290259419398344,0.0290259419398344,high_total,7,home_favorite,within_3pp,largest,0.0999999999999999,-0.3999999999999994,25.0,0.0249721247722283,True,0
kaggle_mlb_vegas:2019-07-31:TB:BOS:0,2019-07-31,BOS,TB,11.0,0.5562044917484775,0.5021645958699511,False,True,4,1,0.5271973984002661,0.5021645958699511,0.025032802530315,0.025032802530315,high_total,7,home_favorite,within_3pp,largest,0.0999999999999999,4.0,34.0,0.0249721247722283,True,0
kaggle_mlb_vegas:2019-08-01:HOU:CLE:0,2019-08-01,CLE,HOU,8.5,0.3569230769230769,0.5324675324675325,False,False,4,0,0.4989895977938886,0.5324675324675325,-0.0334779346736439,0.0334779346736439,high_total,8,road_favorite,market_higher_by_3pp,largest,0.0,0.0999999999999996,16.0,0.0249721247722283,True,1
kaggle_mlb_vegas:2019-08-02:BOS:NYY:0,2019-08-02,NYY,BOS,10.0,0.5542635658914729,0.5141933793344396,True,False,4,0,0.5470127355357118,0.5141933793344396,0.0328193562012721,0.0328193562012721,high_total,8,home_favorite,model_higher_by_3pp,largest,-0.0999999999999999,-4.100000000000001,21.0,0.0249721247722283,True,1
kaggle_mlb_vegas:2019-08-02:SD:LAD:0,2019-08-02,LAD,SD,9.0,0.6060606060606061,0.5,False,False,4,0,0.4731390868821061,0.5,-0.0268609131178939,0.0268609131178939,high_total,8,home_favorite,within_3pp,largest,0.1999999999999999,1.3000000000000005,18.0,0.0249721247722283,True,0
kaggle_mlb_vegas:2019-08-03:BOS:NYY:1,2019-08-03,NYY,BOS,9.0,0.4577407225764263,0.5108342361863489,True,True,4,1,0.4773902269189887,0.5108342361863489,-0.0334440092673601,0.0334440092673601,high_total,8,road_favorite,market_higher_by_3pp,largest,0.0999999999999999,-2.8,21.0,0.0249721247722283,True,1
kaggle_mlb_vegas:2019-08-03:SD:LAD:0,2019-08-03,LAD,SD,8.5,0.7044334975369457,0.5151837230488916,True,False,4,0,0.4818697362916728,0.5151837230488916,-0.0333139867572187,0.0333139867572187,high_total,8,home_favorite,market_higher_by_3pp,largest,0.0999999999999999,0.2000000000000001,18.0,0.0249721247722283,True,0
kaggle_mlb_vegas:2019-08-04:BOS:NYY:0,2019-08-04,NYY,BOS,10.0,0.437620531078475,0.5130072840790842,True,True,4,1,0.4726065504998608,0.5130072840790842,-0.0404007335792234,0.0404007335792234,high_total,8,road_favorite,market_higher_by_3pp,largest,0.3,-0.9999999999999992,21.0,0.0249721247722283,True,0
kaggle_mlb_vegas:2019-08-04:SEA:HOU:0,2019-08-04,HOU,SEA,9.0,0.7879282218597063,0.5,True,False,4,0,0.454747443099006,0.5,-0.0452525569009939,0.0452525569009939,high_total,8,home_favorite,market_higher_by_3pp,largest,0.0999999999999999,3.0,26.0,0.0249721247722283,True,0
kaggle_mlb_vegas:2019-08-05:ATH:CHC:0,2019-08-05,CHC,ATH,10.5,0.5982670342654589,0.5217391304347826,True,True,4,1,0.4887526823293245,0.5217391304347826,-0.032986448105458,0.032986448105458,high_total,8,home_favorite,market_higher_by_3pp,largest,0.0,1.5,25.0,0.0249721247722283,True,0
kaggle_mlb_vegas:2019-08-05:NYY:BAL:0,2019-08-05,BAL,NYY,10.5,0.3043478260869565,0.5195490681610844,False,True,4,1,0.5469511257760473,0.5195490681610844,0.0274020576149629,0.0274020576149629,high_total,8,road_favorite,within_3pp,largest,0.0,0.2999999999999998,29.0,0.0249721247722283,True,1
kaggle_mlb_vegas:2019-08-05:STL:LAD:0,2019-08-05,LAD,STL,9.5,0.5868319338931095,0.5251600704739805,True,False,4,0,0.482437079438058,0.5251600704739805,-0.0427229910359224,0.0427229910359224,high_total,8,home_favorite,market_higher_by_3pp,largest,0.1999999999999999,0.7999999999999998,19.0,0.0249721247722283,True,0
kaggle_mlb_vegas:2019-08-05:TEX:CLE:0,2019-08-05,CLE,TEX,9.5,0.6060606060606061,0.5120034919249237,False,False,4,0,0.4723646276220509,0.5120034919249237,-0.0396388643028727,0.0396388643028727,high_total,8,home_favorite,market_higher_by_3pp,largest,0.0999999999999999,0.9000000000000004,14.0,0.0249721247722283,True,0
kaggle_mlb_vegas:2019-08-06:MIA:NYM:0,2019-08-06,NYM,MIA,8.0,0.7001055966209081,0.5108342361863489,True,False,4,0,0.4838307983454174,0.5108342361863489,-0.0270034378409315,0.0270034378409315,high_total,8,home_favorite,within_3pp,largest,0.6000000000000001,4.0,17.0,0.0249721247722283,True,0
kaggle_mlb_vegas:2019-08-06:PHI:ARI:0,2019-08-06,ARI,PHI,9.5,0.5503313348059324,0.5291347851677457,True,True,4,1,0.4938444359076417,0.5291347851677457,-0.0352903492601039,0.0352903492601039,high_total,8,home_favorite,market_higher_by_3pp,largest,-0.0999999999999999,0.7999999999999998,24.0,0.0249721247722283,True,0
kaggle_mlb_vegas:2019-08-06:STL:LAD:0,2019-08-06,LAD,STL,8.0,0.6511627906976745,0.5054504229528212,True,False,4,0,0.472443206719751,0.5054504229528212,-0.0330072162330701,0.0330072162330701,high_total,8,home_favorite,market_higher_by_3pp,largest,0.2999999999999999,2.8,21.0,0.0249721247722283,True,0
kaggle_mlb_vegas:2019-08-06:WSH:SF:0,2019-08-06,SF,WSH,8.5,0.486051922323835,0.5108342361863489,False,False,4,0,0.4851409395087549,0.5108342361863489,-0.025693296677594,0.025693296677594,high_total,8,road_favorite,within_3pp,largest,0.0,-0.8000000000000003,35.0,0.0249721247722283,True,0
kaggle_mlb_vegas:2019-08-07:NYY:BAL:0,2019-08-07,BAL,NYY,9.5,0.2955665024630541,0.4848162769511084,False,True,4,1,0.5160359252037802,0.4848162769511084,0.0312196482526717,0.0312196482526717,high_total,8,road_favorite,model_higher_by_3pp,largest,-0.4,-4.2,31.0,0.0249721247722283,True,1
kaggle_mlb_vegas:2019-08-07:PHI:ARI:0,2019-08-07,ARI,PHI,9.0,0.5722567873303167,0.5324675324675325,True,False,4,0,0.49868210636775,0.5324675324675325,-0.0337854260997824,0.0337854260997824,high_total,8,home_favorite,market_higher_by_3pp,largest,0.0,1.0,28.0,0.0249721247722283,True,0
kaggle_mlb_vegas:2019-08-07:STL:LAD:0,2019-08-07,LAD,STL,8.5,0.5542635658914729,0.5217391304347826,True,False,4,0,0.4818742028407612,0.5217391304347826,-0.0398649275940213,0.0398649275940213,high_total,8,home_favorite,market_higher_by_3pp,largest,0.3999999999999999,2.8999999999999995,21.0,0.0249721247722283,True,0
kaggle_mlb_vegas:2019-08-07:TEX:CLE:1,2019-08-07,CLE,TEX,10.0,0.6430769230769231,0.5195490681610844,True,False,4,0,0.4864682102231979,0.5195490681610844,-0.0330808579378864,0.0330808579378864,high_total,8,home_favorite,market_higher_by_3pp,largest,-0.0999999999999999,0.3999999999999999,13.0,0.0249721247722283,True,1
kaggle_mlb_vegas:2019-08-09:ATH:CWS:0,2019-08-09,CWS,ATH,11.0,0.2955665024630541,0.5,False,False,4,0,0.5365606053538362,0.5,0.0365606053538362,0.0365606053538362,high_total,8,road_favorite,model_higher_by_3pp,largest,-0.1999999999999999,-0.3000000000000007,28.0,0.0249721247722283,True,1
kaggle_mlb_vegas:2019-08-09:CLE:MIN:0,2019-08-09,MIN,CLE,9.0,0.4306601042269832,0.5151837230488916,False,False,4,0,0.4791333335546479,0.5151837230488916,-0.0360503894942437,0.0360503894942437,high_total,8,road_favorite,market_higher_by_3pp,largest,-0.0999999999999999,-1.0999999999999996,17.0,0.0249721247722283,True,1
kaggle_mlb_vegas:2019-08-10:ARI:LAD:0,2019-08-10,LAD,ARI,8.5,0.609095249462879,0.5195490681610844,True,False,4,0,0.4789239883361078,0.5195490681610844,-0.0406250798249765,0.0406250798249765,high_total,8,home_favorite,market_higher_by_3pp,largest,0.2,1.5000000000000009,24.0,0.0249721247722283,True,0
kaggle_mlb_vegas:2019-08-10:ATL:MIA:0,2019-08-10,MIA,ATL,8.5,0.2955665024630541,0.4782608695652174,True,True,4,1,0.538835834428977,0.4782608695652174,0.0605749648637595,0.0605749648637595,high_total,8,road_favorite,model_higher_by_3pp,largest,-0.3999999999999999,-2.5,35.0,0.0249721247722283,True,1
kaggle_mlb_vegas:2019-08-10:COL:SD:0,2019-08-10,SD,COL,8.5,0.662676822633297,0.5324675324675325,True,True,4,1,0.4974407740432555,0.5324675324675325,-0.0350267584242769,0.0350267584242769,high_total,8,home_favorite,market_higher_by_3pp,largest,0.2,3.8,29.0,0.0249721247722283,True,0
kaggle_mlb_vegas:2019-08-11:NYY:TOR:0,2019-08-11,TOR,NYY,11.0,0.369881109643329,0.5108342361863489,False,False,4,0,0.4790571324509096,0.5108342361863489,-0.0317771037354392,0.0317771037354392,high_total,8,road_favorite,market_higher_by_3pp,largest,-0.2,-2.1000000000000005,26.0,0.0249721247722283,True,1
kaggle_mlb_vegas:2019-08-13:SEA:DET:0,2019-08-13,DET,SEA,9.0,0.6014206175654089,0.4782608695652174,False,True,4,1,0.51613959465873,0.4782608695652174,0.0378787250935126,0.0378787250935126,high_total,8,home_favorite,model_higher_by_3pp,largest,0.0999999999999999,0.1999999999999993,33.0,0.0249721247722283,True,0
kaggle_mlb_vegas:2019-08-13:STL:KC:0,2019-08-13,KC,STL,9.5,0.3136531365313653,0.5,False,False,4,0,0.5291031915393049,0.5,0.0291031915393048,0.0291031915393048,high_total,8,road_favorite,within_3pp,largest,-0.1,0.2000000000000006,18.0,0.0249721247722283,True,1
kaggle_mlb_vegas:2019-08-14:ATH:SF:0,2019-08-14,SF,ATH,9.0,0.4769828064337216,0.5217391304347826,False,True,4,1,0.4939028153770607,0.5217391304347826,-0.0278363150577218,0.0278363150577218,high_total,8,road_favorite,within_3pp,largest,-0.0999999999999999,-1.7000000000000006,21.0,0.0249721247722283,True,1
kaggle_mlb_vegas:2019-08-14:BAL:NYY:0,2019-08-14,NYY,BAL,10.5,0.6863468634686347,0.5108342361863489,True,True,4,1,0.4740339390983059,0.5108342361863489,-0.036800297088043,0.036800297088043,high_total,8,home_favorite,market_higher_by_3pp,largest,0.6000000000000001,8.2,59.0,0.0249721247722283,True,0
kaggle_mlb_vegas:2019-08-14:HOU:CWS:0,2019-08-14,CWS,HOU,11.0,0.2633269107257546,0.4891657638136511,True,True,4,1,0.5179480130913207,0.4891657638136511,0.0287822492776695,0.0287822492776695,high_total,8,road_favorite,within_3pp,largest,-0.2,-5.299999999999999,15.0,0.0249721247722283,True,1
kaggle_mlb_vegas:2019-08-14:LAD:MIA:0,2019-08-14,MIA,LAD,8.0,0.2775800711743772,0.5,False,True,4,1,0.528020028925253,0.5,0.028020028925253,0.028020028925253,high_total,8,road_favorite,within_3pp,largest,-0.6000000000000001,-6.6,20.0,0.0249721247722283,True,1
kaggle_mlb_vegas:2019-08-14:SEA:DET:0,2019-08-14,DET,SEA,10.0,0.3792134831460674,0.5,True,False,4,0,0.5328640798282052,0.5,0.0328640798282051,0.0328640798282051,high_total,8,road_favorite,model_higher_by_3pp,largest,0.0999999999999999,-0.3999999999999994,33.0,0.0249721247722283,True,0
kaggle_mlb_vegas:2019-08-15:CLE:NYY:0,2019-08-15,NYY,CLE,11.0,0.6060606060606061,0.4891657638136511,False,True,4,1,0.4423113338546884,0.4891657638136511,-0.0468544299589626,0.0468544299589626,high_total,8,home_favorite,market_higher_by_3pp,largest,0.2,2.1000000000000005,21.0,0.0249721247722283,True,0
kaggle_mlb_vegas:2019-08-15:LAD:MIA:0,2019-08-15,MIA,LAD,7.5,0.3043478260869565,0.4782608695652174,True,True,4,1,0.5166755726940174,0.4782608695652174,0.0384147031288,0.0384147031288,low_total,8,road_favorite,model_higher_by_3pp,largest,-0.7,-8.0,17.0,0.0249721247722283,True,1
kaggle_mlb_vegas:2019-08-15:SEA:DET:0,2019-08-15,DET,SEA,9.5,0.4885378937233506,0.4782608695652174,False,False,4,0,0.5033498253730597,0.4782608695652174,0.0250889558078423,0.0250889558078423,high_total,8,road_favorite,within_3pp,largest,0.2,0.1000000000000005,33.0,0.0249721247722283,True,0
kaggle_mlb_vegas:2019-08-16:CLE:NYY:0,2019-08-16,NYY,CLE,10.5,0.5729537366548043,0.4891657638136511,True,False,4,0,0.4472731843254807,0.4891657638136511,-0.0418925794881703,0.0418925794881703,high_total,8,home_favorite,market_higher_by_3pp,largest,0.0,-1.2999999999999998,22.0,0.0249721247722283,True,1
kaggle_mlb_vegas:2019-08-16:MIA:COL:0,2019-08-16,COL,MIA,12.5,0.6910678307588987,0.4891657638136511,True,False,4,0,0.539048063246415,0.4891657638136511,0.0498822994327638,0.0498822994327638,high_total,8,home_favorite,model_higher_by_3pp,largest,0.0,-0.5,40.0,0.0249721247722283,True,0
kaggle_mlb_vegas:2019-08-16:MIL:WSH:0,2019-08-16,WSH,MIL,9.0,0.5982670342654589,0.5217391304347826,True,False,4,0,0.4966128940654428,0.5217391304347826,-0.0251262363693397,0.0251262363693397,high_total,8,home_favorite,within_3pp,largest,0.0999999999999999,2.0999999999999996,29.0,0.0249721247722283,True,0
kaggle_mlb_vegas:2019-08-17:CLE:NYY:0,2019-08-17,NYY,CLE,10.0,0.6135617936565805,0.5108342361863489,True,True,4,1,0.4632296277188442,0.5108342361863489,-0.0476046084675047,0.0476046084675047,high_total,8,home_favorite,market_higher_by_3pp,largest,0.0999999999999999,-2.0999999999999996,17.0,0.0249721247722283,True,1
kaggle_mlb_vegas:2019-08-17:SF:ARI:0,2019-08-17,ARI,SF,10.0,0.5230171935662784,0.5217391304347826,False,True,4,1,0.4895419210771884,0.5217391304347826,-0.0321972093575941,0.0321972093575941,high_total,8,home_favorite,market_higher_by_3pp,largest,-0.0999999999999999,-0.7999999999999998,26.0,0.0249721247722283,True,1
kaggle_mlb_vegas:2019-08-18:CLE:NYY:0,2019-08-18,NYY,CLE,10.0,0.4661016949152542,0.5217391304347826,False,True,4,1,0.4913810325142418,0.5217391304347826,-0.0303580979205407,0.0303580979205407,high_total,8,road_favorite,market_higher_by_3pp,largest,0.1999999999999999,-2.0999999999999996,16.0,0.0249721247722283,True,1
kaggle_mlb_vegas:2019-08-18:HOU:ATH:0,2019-08-18,ATH,HOU,9.5,0.3552657192914152,0.5108342361863489,False,False,4,0,0.4760095500376361,0.5108342361863489,-0.0348246861487128,0.0348246861487128,high_total,8,road_favorite,market_higher_by_3pp,largest,0.2999999999999999,-0.7999999999999998,20.0,0.0249721247722283,True,0
kaggle_mlb_vegas:2019-08-18:MIL:WSH:0,2019-08-18,WSH,MIL,11.0,0.5,0.5217391304347826,True,True,4,1,0.4905598723369926,0.5217391304347826,-0.0311792580977899,0.0311792580977899,high_total,8,home_favorite,market_higher_by_3pp,largest,0.0,1.0999999999999996,35.0,0.0249721247722283,True,0
kaggle_mlb_vegas:2019-08-19:DET:HOU:0,2019-08-19,HOU,DET,10.0,0.7842323651452283,0.5217391304347826,True,False,4,0,0.4382125792368407,0.5217391304347826,-0.0835265511979418,0.0835265511979418,high_total,8,home_favorite,market_higher_by_3pp,largest,0.0,3.4,39.0,0.0249721247722283,True,0
kaggle_mlb_vegas:2019-08-19:KC:BAL:0,2019-08-19,BAL,KC,10.5,0.5542635658914729,0.5324675324675325,False,False,4,0,0.5835934643216836,0.5324675324675325,0.051125931854151,0.051125931854151,high_total,8,home_favorite,model_higher_by_3pp,largest,-0.1999999999999999,-4.6,25.0,0.0249721247722283,True,1
kaggle_mlb_vegas:2019-08-19:MIL:STL:0,2019-08-19,STL,MIL,9.5,0.5296046953219403,0.5217391304347826,True,False,4,0,0.4872877872581211,0.5217391304347826,-0.0344513431766614,0.0344513431766614,high_total,8,home_favorite,market_higher_by_3pp,largest,0.0999999999999999,2.1000000000000005,37.0,0.0249721247722283,True,0
kaggle_mlb_vegas:2019-08-20:KC:BAL:0,2019-08-20,BAL,KC,9.5,0.5274287332041203,0.5,True,False,4,0,0.5617391566977749,0.5,0.0617391566977748,0.0617391566977748,high_total,8,home_favorite,model_higher_by_3pp,largest,-0.3,-4.800000000000001,26.0,0.0249721247722283,True,1
kaggle_mlb_vegas:2019-08-21:DET:HOU:0,2019-08-21,HOU,DET,8.5,0.8162544169611309,0.4782608695652174,False,False,4,0,0.4532517102027595,0.4782608695652174,-0.0250091593624578,0.0250091593624578,high_total,8,home_favorite,within_3pp,largest,0.2,2.5000000000000004,34.0,0.0249721247722283,True,0
kaggle_mlb_vegas:2019-08-21:MIL:STL:0,2019-08-21,STL,MIL,8.5,0.4930284439486894,0.5324675324675325,False,False,4,0,0.5051167413025913,0.5324675324675325,-0.0273507911649412,0.0273507911649412,high_total,8,road_favorite,within_3pp,largest,0.4,4.000000000000001,41.0,0.0249721247722283,True,0
kaggle_mlb_vegas:2019-08-21:SEA:TB:0,2019-08-21,TB,SEA,8.0,0.743276283618582,0.5217391304347826,True,True,4,1,0.4946761653913043,0.5217391304347826,-0.0270629650434782,0.0270629650434782,high_total,8,home_favorite,within_3pp,largest,0.0,-2.400000000000001,40.0,0.0249721247722283,True,0
kaggle_mlb_vegas:2019-08-22:DET:HOU:0,2019-08-22,HOU,DET,8.0,0.8162544169611309,0.5217391304347826,True,True,4,1,0.4311462280103693,0.5217391304347826,-0.0905929024244132,0.0905929024244132,high_total,8,home_favorite,market_higher_by_3pp,largest,0.1,1.7000000000000002,30.0,0.0249721247722283,True,0
kaggle_mlb_vegas:2019-08-22:TB:BAL:0,2019-08-22,BAL,TB,10.0,0.3373231773667029,0.4891657638136511,False,False,4,0,0.520627786902365,0.4891657638136511,0.0314620230887138,0.0314620230887138,high_total,8,road_favorite,model_higher_by_3pp,largest,-0.3999999999999999,-1.6999999999999993,19.0,0.0249721247722283,True,1
kaggle_mlb_vegas:2019-08-23:DET:MIN:0,2019-08-23,MIN,DET,9.5,0.7471331961187886,0.4891657638136511,False,True,4,1,0.5282849996415961,0.4891657638136511,0.039119235827945,0.039119235827945,high_total,8,home_favorite,model_higher_by_3pp,largest,0.3,3.2000000000000006,31.0,0.0249721247722283,True,0
kaggle_mlb_vegas:2019-08-23:WSH:CHC:0,2019-08-23,CHC,WSH,8.5,0.5483396008675064,0.5324675324675325,False,True,4,1,0.5042096734156039,0.5324675324675325,-0.0282578590519286,0.0282578590519286,high_total,8,home_favorite,within_3pp,largest,-0.2,-4.699999999999999,33.0,0.0249721247722283,True,1
kaggle_mlb_vegas:2019-08-24:KC:CLE:0,2019-08-24,CLE,KC,9.0,0.7567567567567568,0.5,True,False,4,0,0.5360451067680739,0.5,0.0360451067680739,0.0360451067680739,high_total,8,home_favorite,model_higher_by_3pp,largest,0.0,2.2,28.0,0.0249721247722283,True,0
kaggle_mlb_vegas:2019-08-24:LAA:HOU:0,2019-08-24,HOU,LAA,10.5,0.6430769230769231,0.5108342361863489,True,False,4,0,0.4777062838332817,0.5108342361863489,-0.0331279523530672,0.0331279523530672,high_total,8,home_favorite,market_higher_by_3pp,largest,0.0,-0.7000000000000002,36.0,0.0249721247722283,True,0
kaggle_mlb_vegas:2019-08-24:NYY:LAD:0,2019-08-24,LAD,NYY,9.5,0.5656654888103652,0.5108342361863489,True,False,4,0,0.4812519855925712,0.5108342361863489,-0.0295822505937776,0.0295822505937776,high_total,8,home_favorite,within_3pp,largest,0.0999999999999999,3.5,39.0,0.0249721247722283,True,0
kaggle_mlb_vegas:2019-08-24:TOR:SEA:0,2019-08-24,SEA,TOR,9.5,0.5162468054034319,0.5217391304347826,False,True,4,1,0.4964200638760059,0.5217391304347826,-0.0253190665587766,0.0253190665587766,high_total,8,home_favorite,within_3pp,largest,0.3999999999999999,3.1999999999999997,50.0,0.0249721247722283,True,0
kaggle_mlb_vegas:2019-08-25:ATL:NYM:0,2019-08-25,NYM,ATL,8.5,0.5023229882921391,0.5108342361863489,False,False,4,0,0.481740014328116,0.5108342361863489,-0.0290942218582329,0.0290942218582329,high_total,8,home_favorite,within_3pp,largest,-0.2,-0.2000000000000001,25.0,0.0249721247722283,True,1
kaggle_mlb_vegas:2019-08-25:CIN:PIT:0,2019-08-25,PIT,CIN,8.5,0.4380709899655534,0.5217391304347826,True,True,4,1,0.4934921960828791,0.5217391304347826,-0.0282469343519034,0.0282469343519034,high_total,8,road_favorite,within_3pp,largest,0.0,0.5999999999999996,30.0,0.0249721247722283,True,0
kaggle_mlb_vegas:2019-08-25:LAA:HOU:0,2019-08-25,HOU,LAA,10.0,0.6367112810707456,0.5217391304347826,True,True,4,1,0.4788093753204978,0.5217391304347826,-0.0429297551142848,0.0429297551142848,high_total,8,home_favorite,market_higher_by_3pp,largest,0.1999999999999999,0.5999999999999996,33.0,0.0249721247722283,True,0
kaggle_mlb_vegas:2019-08-25:NYY:LAD:0,2019-08-25,LAD,NYY,8.5,0.5934434692823954,0.5324675324675325,False,False,4,0,0.5035354851192355,0.5324675324675325,-0.028932047348297,0.028932047348297,high_total,8,home_favorite,within_3pp,largest,0.1999999999999999,2.8,34.0,0.0249721247722283,True,0
kaggle_mlb_vegas:2019-08-26:NYY:SEA:0,2019-08-26,SEA,NYY,9.5,0.3792134831460674,0.5217391304347826,False,False,4,0,0.4862226572975554,0.5217391304347826,-0.0355164731372271,0.0355164731372271,high_total,8,road_favorite,market_higher_by_3pp,largest,0.2999999999999999,3.3,34.0,0.0249721247722283,True,0
kaggle_mlb_vegas:2019-08-27:BAL:WSH:0,2019-08-27,WSH,BAL,9.5,0.7567567567567568,0.5,False,False,4,0,0.4744134496358697,0.5,-0.0255865503641302,0.0255865503641302,high_total,8,home_favorite,within_3pp,largest,0.4,5.3999999999999995,26.0,0.0249721247722283,True,0
kaggle_mlb_vegas:2019-08-27:TB:HOU:0,2019-08-27,HOU,TB,7.5,0.6447342807085847,0.5217391304347826,True,True,4,1,0.478455728579688,0.5217391304347826,-0.0432834018550946,0.0432834018550946,low_total,8,home_favorite,market_higher_by_3pp,largest,0.1999999999999999,2.6999999999999997,30.0,0.0249721247722283,True,0
kaggle_mlb_vegas:2019-08-28:BAL:WSH:0,2019-08-28,WSH,BAL,9.0,0.7747747747747749,0.5108342361863489,True,True,4,1,0.4644457470249454,0.5108342361863489,-0.0463884891614034,0.0463884891614034,high_total,8,home_favorite,market_higher_by_3pp,largest,0.1999999999999999,4.1000000000000005,25.0,0.0249721247722283,True,0
kaggle_mlb_vegas:2019-08-28:NYY:SEA:0,2019-08-28,SEA,NYY,9.5,0.2955665024630541,0.4782608695652174,False,True,4,1,0.5126585719121921,0.4782608695652174,0.0343977023469747,0.0343977023469747,high_total,8,road_favorite,model_higher_by_3pp,largest,0.0999999999999999,0.3000000000000002,25.0,0.0249721247722283,True,0
kaggle_mlb_vegas:2019-08-29:TB:HOU:0,2019-08-29,HOU,TB,9.0,0.6800775569558895,0.5217391304347826,False,True,4,1,0.4833770042490586,0.5217391304347826,-0.0383621261857239,0.0383621261857239,high_total,8,home_favorite,market_higher_by_3pp,largest,0.5,6.3,38.0,0.0249721247722283,True,0
kaggle_mlb_vegas:2019-08-30:ATH:NYY:0,2019-08-30,NYY,ATH,11.0,0.5619290100344467,0.5108342361863489,False,False,4,0,0.4731389127141915,0.5108342361863489,-0.0376953234721574,0.0376953234721574,high_total,8,home_favorite,market_higher_by_3pp,largest,-0.0999999999999999,-0.2999999999999998,26.0,0.0249721247722283,True,1
kaggle_mlb_vegas:2019-08-30:HOU:TOR:0,2019-08-30,TOR,HOU,10.5,0.3488372093023256,0.4891657638136511,False,True,4,1,0.5158211972326062,0.4891657638136511,0.0266554334189551,0.0266554334189551,high_total,8,road_favorite,within_3pp,largest,-0.6000000000000001,-6.300000000000001,25.0,0.0249721247722283,True,1
kaggle_mlb_vegas:2019-08-30:MIN:DET:0,2019-08-30,DET,MIN,10.0,0.2823179791976226,0.5108342361863489,False,True,4,1,0.5358608721335156,0.5108342361863489,0.0250266359471666,0.0250266359471666,high_total,8,road_favorite,within_3pp,largest,-0.4999999999999999,-4.5,13.0,0.0249721247722283,True,1
kaggle_mlb_vegas:2019-08-31:ATH:NYY:0,2019-08-31,NYY,ATH,11.0,0.6570143379252179,0.4891657638136511,True,False,4,0,0.4625224790928849,0.4891657638136511,-0.0266432847207661,0.0266432847207661,high_total,8,home_favorite,within_3pp,largest,-0.1999999999999999,-1.4000000000000004,21.0,0.0249721247722283,True,1
kaggle_mlb_vegas:2019-08-31:HOU:TOR:0,2019-08-31,TOR,HOU,10.5,0.3835159941969864,0.4782608695652174,True,False,4,0,0.5264295139823758,0.4782608695652174,0.0481686444171584,0.0481686444171584,high_total,8,road_favorite,model_higher_by_3pp,largest,-0.6000000000000001,-6.7,22.0,0.0249721247722283,True,1
kaggle_mlb_vegas:2019-08-31:MIA:WSH:0,2019-08-31,WSH,MIA,8.5,0.743276283618582,0.5,True,False,4,0,0.4747554685948947,0.5,-0.0252445314051052,0.0252445314051052,high_total,8,home_favorite,within_3pp,largest,0.5,5.6000000000000005,30.0,0.0249721247722283,True,0
kaggle_mlb_vegas:2019-08-31:PIT:COL:0,2019-08-31,COL,PIT,13.5,0.4457364341085271,0.4891657638136511,False,True,4,1,0.5170923063181192,0.4891657638136511,0.027926542504468,0.027926542504468,high_total,8,road_favorite,within_3pp,largest,-0.3999999999999999,-2.5999999999999988,37.0,0.0249721247722283,True,1
kaggle_mlb_vegas:2019-08-31:SEA:TEX:0,2019-08-31,TEX,SEA,10.0,0.5542635658914729,0.5217391304347826,True,False,4,0,0.4934586629613259,0.5217391304347826,-0.0282804674734566,0.0282804674734566,high_total,8,home_favorite,within_3pp,largest,0.0999999999999999,0.2999999999999998,34.0,0.0249721247722283,True,0
kaggle_mlb_vegas:2019-09-02:BAL:TB:0,2019-09-02,TB,BAL,8.5,0.7224199288256229,0.5217391304347826,True,True,4,1,0.4948019997857302,0.5217391304347826,-0.0269371306490523,0.0269371306490523,high_total,9,home_favorite,within_3pp,largest,0.0999999999999999,-1.9000000000000004,22.0,0.0249721247722283,True,0
kaggle_mlb_vegas:2019-09-02:COL:LAD:0,2019-09-02,LAD,COL,9.0,0.7567567567567568,0.5,True,True,4,1,0.5270991901794739,0.5,0.0270991901794739,0.0270991901794739,high_total,9,home_favorite,within_3pp,largest,0.3,3.3999999999999995,33.0,0.0249721247722283,True,0
kaggle_mlb_vegas:2019-09-02:HOU:MIL:0,2019-09-02,MIL,HOU,8.5,0.373538328280641,0.5217391304347826,False,False,4,0,0.4903445773582502,0.5217391304347826,-0.0313945530765323,0.0313945530765323,high_total,9,road_favorite,market_higher_by_3pp,largest,-0.2,-3.5999999999999996,21.0,0.0249721247722283,True,1
kaggle_mlb_vegas:2019-09-02:MIN:DET:0,2019-09-02,DET,MIN,10.0,0.3318409270476692,0.5,False,False,4,0,0.5299231084626462,0.5,0.0299231084626462,0.0299231084626462,high_total,9,road_favorite,within_3pp,largest,-0.4999999999999999,-5.1,12.0,0.0249721247722283,True,1
kaggle_mlb_vegas:2019-09-03:COL:LAD:0,2019-09-03,LAD,COL,10.5,0.7297297297297298,0.4891657638136511,True,False,4,0,0.5296198833933757,0.4891657638136511,0.0404541195797246,0.0404541195797246,high_total,9,home_favorite,model_higher_by_3pp,largest,0.4,5.1000000000000005,37.0,0.0249721247722283,True,0
kaggle_mlb_vegas:2019-09-03:DET:KC:0,2019-09-03,KC,DET,9.5,0.5817328211694409,0.4782608695652174,True,True,4,1,0.5077863003880038,0.4782608695652174,0.0295254308227863,0.0295254308227863,high_total,9,home_favorite,within_3pp,largest,0.2,0.0,26.0,0.0249721247722283,True,0
kaggle_mlb_vegas:2019-09-03:SD:ARI:0,2019-09-03,ARI,SD,9.5,0.5901639344262295,0.5108342361863489,True,False,4,0,0.477952667565921,0.5108342361863489,-0.0328815686204279,0.0328815686204279,high_total,9,home_favorite,market_higher_by_3pp,largest,0.1999999999999999,2.3000000000000007,23.0,0.0249721247722283,True,0
kaggle_mlb_vegas:2019-09-04:COL:LAD:0,2019-09-04,LAD,COL,9.5,0.7297297297297298,0.5,True,True,4,1,0.5288445145199363,0.5,0.0288445145199363,0.0288445145199363,high_total,9,home_favorite,within_3pp,largest,0.4,4.799999999999999,37.0,0.0249721247722283,True,0
kaggle_mlb_vegas:2019-09-04:CWS:CLE:0,2019-09-04,CLE,CWS,8.5,0.7224199288256229,0.4891657638136511,True,True,4,1,0.5182470004901258,0.4891657638136511,0.0290812366764747,0.0290812366764747,high_total,9,home_favorite,within_3pp,largest,0.3,4.1,35.0,0.0249721247722283,True,0
kaggle_mlb_vegas:2019-09-04:NYM:WSH:0,2019-09-04,WSH,NYM,10.0,0.5116279069767442,0.5,False,True,4,1,0.4633203409653213,0.5,-0.0366796590346786,0.0366796590346786,high_total,9,home_favorite,market_higher_by_3pp,largest,0.5,3.0999999999999996,26.0,0.0249721247722283,True,0
kaggle_mlb_vegas:2019-09-04:TEX:NYY:0,2019-09-04,NYY,TEX,9.0,0.6060606060606061,0.5108342361863489,True,False,4,0,0.4855429830198972,0.5108342361863489,-0.0252912531664517,0.0252912531664517,high_total,9,home_favorite,within_3pp,largest,0.1999999999999999,1.8999999999999997,24.0,0.0249721247722283,True,0
kaggle_mlb_vegas:2019-09-05:MIA:PIT:0,2019-09-05,PIT,MIA,9.0,0.5817328211694409,0.5217391304347826,False,True,4,1,0.4961331715917981,0.5217391304347826,-0.0256059588429844,0.0256059588429844,high_total,9,home_favorite,within_3pp,largest,0.3999999999999999,3.400000000000001,24.0,0.0249721247722283,True,0
kaggle_mlb_vegas:2019-09-05:WSH:ATL:0,2019-09-05,ATL,WSH,9.0,0.4907015667859966,0.5217391304347826,True,False,4,0,0.4867558786068531,0.5217391304347826,-0.0349832518279294,0.0349832518279294,high_total,9,road_favorite,market_higher_by_3pp,largest,0.1,0.8999999999999999,18.0,0.0249721247722283,True,0
kaggle_mlb_vegas:2019-09-06:CHC:MIL:0,2019-09-06,MIL,CHC,9.5,0.4837531945965681,0.5217391304347826,True,False,4,0,0.4914707475668282,0.5217391304347826,-0.0302683828679543,0.0302683828679543,high_total,9,road_favorite,market_higher_by_3pp,largest,-0.2999999999999999,-3.8,21.0,0.0249721247722283,True,1
kaggle_mlb_vegas:2019-09-06:WSH:ATL:0,2019-09-06,ATL,WSH,9.0,0.5,0.5217391304347826,True,False,4,0,0.4951602080654731,0.5217391304347826,-0.0265789223693094,0.0265789223693094,high_total,9,home_favorite,within_3pp,largest,0.2,1.4000000000000004,15.0,0.0249721247722283,True,0
kaggle_mlb_vegas:2019-09-07:ARI:CIN:0,2019-09-07,CIN,ARI,8.5,0.5982670342654589,0.5217391304347826,False,False,4,0,0.4874286382558783,0.5217391304347826,-0.0343104921789043,0.0343104921789043,high_total,9,home_favorite,market_higher_by_3pp,largest,-0.6000000000000001,-3.6,19.0,0.0249721247722283,True,1
kaggle_mlb_vegas:2019-09-07:CHC:MIL:0,2019-09-07,MIL,CHC,9.0,0.461884154460719,0.5217391304347826,True,False,4,0,0.4896840046354634,0.5217391304347826,-0.0320551257993191,0.0320551257993191,high_total,9,road_favorite,market_higher_by_3pp,largest,-0.1999999999999999,-2.5,18.0,0.0249721247722283,True,1
kaggle_mlb_vegas:2019-09-07:PHI:NYM:0,2019-09-07,NYM,PHI,8.5,0.5998499437288983,0.5217391304347826,False,False,4,0,0.488819478217409,0.5217391304347826,-0.0329196522173735,0.0329196522173735,high_total,9,home_favorite,market_higher_by_3pp,largest,0.0999999999999999,-0.2000000000000001,32.0,0.0249721247722283,True,0
kaggle_mlb_vegas:2019-09-08:ARI:CIN:0,2019-09-08,CIN,ARI,9.0,0.5463304962261122,0.5217391304347826,True,False,4,0,0.4915174441307583,0.5217391304347826,-0.0302216863040242,0.0302216863040242,high_total,9,home_favorite,market_higher_by_3pp,largest,-0.6000000000000001,-3.7,17.0,0.0249721247722283,True,1
kaggle_mlb_vegas:2019-09-08:CLE:MIN:0,2019-09-08,MIN,CLE,8.5,0.4098360655737704,0.5108342361863489,False,False,4,0,0.4736140876041796,0.5108342361863489,-0.0372201485821693,0.0372201485821693,high_total,9,road_favorite,market_higher_by_3pp,largest,0.2999999999999999,1.7999999999999998,26.0,0.0249721247722283,True,0
kaggle_mlb_vegas:2019-09-09:ATH:HOU:0,2019-09-09,HOU,ATH,9.5,0.6430769230769231,0.5,True,True,4,1,0.4484023726254308,0.5,-0.0515976273745691,0.0515976273745691,high_total,9,home_favorite,market_higher_by_3pp,largest,0.0,0.2999999999999998,19.0,0.0249721247722283,True,0
kaggle_mlb_vegas:2019-09-09:NYY:BOS:0,2019-09-09,BOS,NYY,9.5,0.4837531945965681,0.5217391304347826,False,False,4,0,0.4941541036272854,0.5217391304347826,-0.0275850268074971,0.0275850268074971,high_total,9,road_favorite,within_3pp,largest,-0.1999999999999999,-1.2000000000000006,24.0,0.0249721247722283,True,1
kaggle_mlb_vegas:2019-09-10:ATH:HOU:0,2019-09-10,HOU,ATH,10.0,0.5998499437288983,0.5108342361863489,False,True,4,1,0.4765404241028503,0.5108342361863489,-0.0342938120834985,0.0342938120834985,high_total,9,home_favorite,market_higher_by_3pp,largest,0.2,3.500000000000001,23.0,0.0249721247722283,True,0
kaggle_mlb_vegas:2019-09-10:ATL:PHI:0,2019-09-10,PHI,ATL,10.5,0.373538328280641,0.5108342361863489,True,True,4,1,0.4840865487266155,0.5108342361863489,-0.0267476874597333,0.0267476874597333,high_total,9,road_favorite,within_3pp,largest,-0.4,-1.5,27.0,0.0249721247722283,True,1
kaggle_mlb_vegas:2019-09-11:ATH:HOU:0,2019-09-11,HOU,ATH,11.0,0.5868319338931095,0.4891657638136511,False,False,4,0,0.4506411389863772,0.4891657638136511,-0.0385246248272739,0.0385246248272739,high_total,9,home_favorite,market_higher_by_3pp,largest,0.0999999999999999,1.0000000000000009,24.0,0.0249721247722283,True,0
kaggle_mlb_vegas:2019-09-11:ATL:PHI:0,2019-09-11,PHI,ATL,9.5,0.4148541292262214,0.5217391304347826,False,False,4,0,0.4955046881586155,0.5217391304347826,-0.026234442276167,0.026234442276167,high_total,9,road_favorite,within_3pp,largest,-0.2,-0.6999999999999997,27.0,0.0249721247722283,True,1
kaggle_mlb_vegas:2019-09-11:WSH:MIN:0,2019-09-11,MIN,WSH,9.5,0.4131680661068906,0.5,False,False,4,0,0.4701307667635291,0.5,-0.0298692332364708,0.0298692332364708,high_total,9,road_favorite,within_3pp,largest,0.1999999999999999,-0.1000000000000005,24.0,0.0249721247722283,True,0
kaggle_mlb_vegas:2019-09-12:NYY:DET:1,2019-09-12,DET,NYY,9.5,0.326530612244898,0.5108342361863489,False,True,4,1,0.5435527663698508,0.5108342361863489,0.0327185301835019,0.0327185301835019,high_total,9,road_favorite,model_higher_by_3pp,largest,-0.2999999999999999,-2.6000000000000005,29.0,0.0249721247722283,True,1
kaggle_mlb_vegas:2019-09-12:NYY:DET:2,2019-09-12,DET,NYY,10.5,0.2872670807453416,0.5217391304347826,False,False,4,0,0.5717770215433179,0.5217391304347826,0.0500378911085352,0.0500378911085352,high_total,9,road_favorite,model_higher_by_3pp,largest,-0.3999999999999999,-4.0,30.0,0.0249721247722283,True,1
kaggle_mlb_vegas:2019-09-13:PIT:CHC:0,2019-09-13,CHC,PIT,11.0,0.6511627906976745,0.5108342361863489,True,True,4,1,0.4813094371716553,0.5108342361863489,-0.0295247990146935,0.0295247990146935,high_total,9,home_favorite,within_3pp,largest,0.0,1.2999999999999998,24.0,0.0249721247722283,True,0
kaggle_mlb_vegas:2019-09-14:CIN:ARI:0,2019-09-14,ARI,CIN,8.5,0.5463304962261122,0.5217391304347826,True,False,4,0,0.4931306238272867,0.5217391304347826,-0.0286085066074958,0.0286085066074958,high_total,9,home_favorite,within_3pp,largest,-0.0999999999999999,-1.7000000000000002,21.0,0.0249721247722283,True,1
kaggle_mlb_vegas:2019-09-14:MIL:STL:0,2019-09-14,STL,MIL,7.5,0.6681590729523308,0.5217391304347826,False,False,4,0,0.4939348898109802,0.5217391304347826,-0.0278042406238023,0.0278042406238023,low_total,9,home_favorite,within_3pp,largest,-0.2,2.4999999999999996,25.0,0.0249721247722283,True,0
kaggle_mlb_vegas:2019-09-14:MIN:CLE:1,2019-09-14,CLE,MIN,9.0,0.6430769230769231,0.5217391304347826,False,False,4,0,0.4919106049310616,0.5217391304347826,-0.029828525503721,0.029828525503721,high_total,9,home_favorite,within_3pp,largest,0.1999999999999999,3.2,25.0,0.0249721247722283,True,0
kaggle_mlb_vegas:2019-09-15:ATL:WSH:0,2019-09-15,WSH,ATL,10.0,0.474767012484614,0.5217391304347826,True,False,4,0,0.4926955160037135,0.5217391304347826,-0.0290436144310691,0.0290436144310691,high_total,9,road_favorite,within_3pp,largest,-0.3999999999999999,-2.7,23.0,0.0249721247722283,True,1
kaggle_mlb_vegas:2019-09-15:MIN:CLE:0,2019-09-15,CLE,MIN,9.0,0.6511627906976745,0.5108342361863489,True,True,4,1,0.4852941838919888,0.5108342361863489,-0.02554005229436,0.02554005229436,high_total,9,home_favorite,within_3pp,largest,0.0999999999999999,1.5,24.0,0.0249721247722283,True,0
kaggle_mlb_vegas:2019-09-16:CIN:CHC:0,2019-09-16,CHC,CIN,8.5,0.6179288321167884,0.5217391304347826,True,True,4,1,0.4803098513173948,0.5217391304347826,-0.0414292791173877,0.0414292791173877,high_total,9,home_favorite,market_higher_by_3pp,largest,0.0,2.4999999999999996,18.0,0.0249721247722283,True,0
kaggle_mlb_vegas:2019-09-16:SD:MIL:0,2019-09-16,MIL,SD,9.0,0.5868319338931095,0.5217391304347826,True,False,4,0,0.495416537232601,0.5217391304347826,-0.0263225932021816,0.0263225932021816,high_total,9,home_favorite,within_3pp,largest,0.5,2.400000000000001,29.0,0.0249721247722283,True,0
kaggle_mlb_vegas:2019-09-16:WSH:STL:0,2019-09-16,STL,WSH,8.0,0.4270462633451958,0.5217391304347826,True,False,4,0,0.4821277114573276,0.5217391304347826,-0.0396114189774549,0.0396114189774549,high_total,9,road_favorite,market_higher_by_3pp,largest,0.0999999999999999,2.7999999999999994,29.0,0.0249721247722283,True,0
kaggle_mlb_vegas:2019-09-17:CWS:MIN:0,2019-09-17,MIN,CWS,11.0,0.6570143379252179,0.5108342361863489,True,True,4,1,0.482546601041912,0.5108342361863489,-0.0282876351444368,0.0282876351444368,high_total,9,home_favorite,within_3pp,largest,0.2,-0.3000000000000007,26.0,0.0249721247722283,True,0
kaggle_mlb_vegas:2019-09-17:LAA:NYY:0,2019-09-17,NYY,LAA,9.0,0.762396694214876,0.5,True,False,4,0,0.5380665810516132,0.5,0.0380665810516132,0.0380665810516132,high_total,9,home_favorite,model_higher_by_3pp,largest,0.3,4.9,32.0,0.0249721247722283,True,0
kaggle_mlb_vegas:2019-09-17:PHI:ATL:0,2019-09-17,ATL,PHI,10.0,0.6367112810707456,0.5108342361863489,False,False,4,0,0.4849684722259311,0.5108342361863489,-0.0258657639604178,0.0258657639604178,high_total,9,home_favorite,within_3pp,largest,0.1999999999999999,0.5999999999999996,20.0,0.0249721247722283,True,0
kaggle_mlb_vegas:2019-09-18:KC:ATH:0,2019-09-18,ATH,KC,9.5,0.7127329192546583,0.5324675324675325,True,False,4,0,0.4908071391086036,0.5324675324675325,-0.0416603933589289,0.0416603933589289,high_total,9,home_favorite,market_higher_by_3pp,largest,0.4,3.6,31.0,0.0249721247722283,True,0
kaggle_mlb_vegas:2019-09-18:TEX:HOU:0,2019-09-18,HOU,TEX,9.0,0.8064516129032258,0.4782608695652174,True,False,4,0,0.4063456145826266,0.4782608695652174,-0.0719152549825908,0.0719152549825908,high_total,9,home_favorite,market_higher_by_3pp,largest,0.1999999999999999,4.1,29.0,0.0249721247722283,True,0
kaggle_mlb_vegas:2019-09-19:STL:CHC:0,2019-09-19,CHC,STL,7.5,0.5,0.5,False,True,4,1,0.4723033062596312,0.5,-0.0276966937403687,0.0276966937403687,low_total,9,home_favorite,within_3pp,largest,0.0999999999999999,2.5999999999999996,25.0,0.0249721247722283,True,0
kaggle_mlb_vegas:2019-09-20:PHI:CLE:0,2019-09-20,CLE,PHI,9.0,0.6430769230769231,0.5108342361863489,True,False,4,0,0.479982408510579,0.5108342361863489,-0.0308518276757699,0.0308518276757699,high_total,9,home_favorite,market_higher_by_3pp,largest,0.3,2.4999999999999996,20.0,0.0249721247722283,True,0
kaggle_mlb_vegas:2019-09-20:STL:CHC:0,2019-09-20,CHC,STL,10.0,0.5542635658914729,0.5108342361863489,False,False,4,0,0.4850093159189033,0.5108342361863489,-0.0258249202674455,0.0258249202674455,high_total,9,home_favorite,within_3pp,largest,0.0,1.8000000000000007,22.0,0.0249721247722283,True,0
kaggle_mlb_vegas:2019-09-20:WSH:MIA:0,2019-09-20,MIA,WSH,9.0,0.3136531365313653,0.4891657638136511,False,True,4,1,0.5184724424950218,0.4891657638136511,0.0293066786813706,0.0293066786813706,high_total,9,road_favorite,within_3pp,largest,-0.3,-0.7000000000000006,29.0,0.0249721247722283,True,1
kaggle_mlb_vegas:2019-09-21:LAA:HOU:0,2019-09-21,HOU,LAA,9.5,0.7297297297297298,0.5217391304347826,False,True,4,1,0.4886360167084255,0.5217391304347826,-0.033103113726357,0.033103113726357,high_total,9,home_favorite,market_higher_by_3pp,largest,0.4999999999999999,5.800000000000001,36.0,0.0249721247722283,True,0
kaggle_mlb_vegas:2019-09-22:KC:MIN:0,2019-09-22,MIN,KC,10.5,0.6800775569558895,0.5217391304347826,True,True,4,1,0.493587020801671,0.5217391304347826,-0.0281521096331116,0.0281521096331116,high_total,9,home_favorite,within_3pp,largest,0.3,0.8000000000000007,31.0,0.0249721247722283,True,0
kaggle_mlb_vegas:2019-09-22:LAA:HOU:0,2019-09-22,HOU,LAA,9.0,0.8162544169611309,0.4891657638136511,True,True,4,1,0.4123674004372422,0.4891657638136511,-0.0767983633764088,0.0767983633764088,high_total,9,home_favorite,market_higher_by_3pp,largest,0.3,3.0999999999999996,27.0,0.0249721247722283,True,0
kaggle_mlb_vegas:2019-09-22:PHI:CLE:0,2019-09-22,CLE,PHI,10.5,0.5483396008675064,0.5108342361863489,True,True,4,1,0.4851143939766276,0.5108342361863489,-0.0257198422097212,0.0257198422097212,high_total,9,home_favorite,within_3pp,largest,0.1999999999999999,1.2000000000000002,16.0,0.0249721247722283,True,0
kaggle_mlb_vegas:2019-09-24:ATH:LAA:0,2019-09-24,LAA,ATH,9.5,0.3043478260869565,0.5,True,False,4,0,0.5404750132809246,0.5,0.0404750132809246,0.0404750132809246,high_total,9,road_favorite,model_higher_by_3pp,largest,-0.5,-5.5,20.0,0.0249721247722283,True,1
kaggle_mlb_vegas:2019-09-24:MIN:DET:0,2019-09-24,DET,MIN,9.0,0.3136531365313653,0.5217391304347826,False,False,4,0,0.5471939226190704,0.5217391304347826,0.0254547921842878,0.0254547921842878,high_total,9,road_favorite,within_3pp,largest,-0.3999999999999999,-3.0,31.0,0.0249721247722283,True,1
kaggle_mlb_vegas:2019-09-24:PHI:WSH:1,2019-09-24,WSH,PHI,10.5,0.5982670342654589,0.5427435387673957,True,False,4,0,0.4963483804910215,0.5427435387673957,-0.0463951582763741,0.0463951582763741,high_total,9,home_favorite,market_higher_by_3pp,largest,0.0999999999999999,1.1000000000000003,21.0,0.0249721247722283,True,0
kaggle_mlb_vegas:2019-09-24:PHI:WSH:2,2019-09-24,WSH,PHI,7.5,0.6734693877551021,0.5217391304347826,True,True,4,1,0.4927186739583794,0.5217391304347826,-0.0290204564764031,0.0290204564764031,low_total,9,home_favorite,within_3pp,largest,0.3,2.5999999999999996,22.0,0.0249721247722283,True,0
kaggle_mlb_vegas:2019-09-25:ATH:LAA:0,2019-09-25,LAA,ATH,8.5,0.3199224430441105,0.5217391304347826,False,False,4,0,0.5588826533517955,0.5217391304347826,0.0371435229170129,0.0371435229170129,high_total,9,road_favorite,model_higher_by_3pp,largest,-0.2999999999999999,-5.1,20.0,0.0249721247722283,True,1
kaggle_mlb_vegas:2019-09-25:CHC:PIT:0,2019-09-25,PIT,CHC,9.5,0.3373231773667029,0.4891657638136511,True,False,4,0,0.526693732246178,0.4891657638136511,0.0375279684325268,0.0375279684325268,high_total,9,road_favorite,model_higher_by_3pp,largest,-0.1999999999999999,-6.9,19.0,0.0249721247722283,True,1
kaggle_mlb_vegas:2019-09-25:MIA:NYM:0,2019-09-25,NYM,MIA,7.5,0.8064516129032258,0.5,True,True,4,1,0.4310693391850689,0.5,-0.0689306608149311,0.0689306608149311,low_total,9,home_favorite,market_higher_by_3pp,largest,0.1999999999999999,1.0000000000000004,23.0,0.0249721247722283,True,0
kaggle_mlb_vegas:2019-09-25:NYY:TB:0,2019-09-25,TB,NYY,8.0,0.5817328211694409,0.5217391304347826,True,False,4,0,0.4900577069185826,0.5217391304347826,-0.0316814235162,0.0316814235162,high_total,9,home_favorite,market_higher_by_3pp,largest,0.1999999999999999,-2.0999999999999996,27.0,0.0249721247722283,True,0
kaggle_mlb_vegas:2019-09-26:CHC:PIT:0,2019-09-26,PIT,CHC,8.0,0.5023229882921391,0.4782608695652174,True,True,4,1,0.5032550455119005,0.4782608695652174,0.024994175946683,0.024994175946683,high_total,9,home_favorite,within_3pp,largest,0.0,-4.300000000000001,18.0,0.0249721247722283,True,1
kaggle_mlb_vegas:2019-09-27:CHC:STL:0,2019-09-27,STL,CHC,8.5,0.6570143379252179,0.4782608695652174,False,True,4,1,0.5171572308754803,0.4782608695652174,0.0388963613102628,0.0388963613102628,high_total,9,home_favorite,model_higher_by_3pp,largest,0.6,1.9,18.0,0.0249721247722283,True,0
kaggle_mlb_vegas:2019-09-27:CLE:WSH:0,2019-09-27,WSH,CLE,9.5,0.5729537366548043,0.5217391304347826,True,True,4,1,0.4840765775091289,0.5217391304347826,-0.0376625529256536,0.0376625529256536,high_total,9,home_favorite,market_higher_by_3pp,largest,0.1,0.1000000000000009,21.0,0.0249721247722283,True,0
kaggle_mlb_vegas:2019-09-27:MIN:KC:0,2019-09-27,KC,MIN,10.0,0.3136531365313653,0.5108342361863489,False,False,4,0,0.5488045002940241,0.5108342361863489,0.0379702641076751,0.0379702641076751,high_total,9,road_favorite,model_higher_by_3pp,largest,-0.5,-2.999999999999999,,0.0249721247722283,True,1
kaggle_mlb_vegas:2019-09-28:ATL:NYM:0,2019-09-28,NYM,ATL,8.5,0.5116279069767442,0.5217391304347826,True,False,4,0,0.4915788396377675,0.5217391304347826,-0.0301602907970151,0.0301602907970151,high_total,9,home_favorite,market_higher_by_3pp,largest,0.2999999999999999,1.8000000000000007,14.0,0.0249721247722283,True,0
kaggle_mlb_vegas:2019-09-28:CLE:WSH:0,2019-09-28,WSH,CLE,9.0,0.7127329192546583,0.5217391304347826,True,True,4,1,0.4931202734170248,0.5217391304347826,-0.0286188570177577,0.0286188570177577,high_total,9,home_favorite,within_3pp,largest,0.2,1.1,26.0,0.0249721247722283,True,0
kaggle_mlb_vegas:2019-09-28:MIN:KC:0,2019-09-28,KC,MIN,10.5,0.3632887189292542,0.4782608695652174,False,False,4,0,0.5178618959389347,0.4782608695652174,0.0396010263737173,0.0396010263737173,high_total,9,road_favorite,model_higher_by_3pp,largest,-0.5,-2.700000000000001,29.0,0.0249721247722283,True,1
kaggle_mlb_vegas:2019-09-28:NYY:TEX:0,2019-09-28,TEX,NYY,11.0,0.2823179791976226,0.4891657638136511,True,True,4,1,0.5374479790772586,0.4891657638136511,0.0482822152636074,0.0482822152636074,high_total,9,road_favorite,model_higher_by_3pp,largest,-0.3,-5.8999999999999995,28.0,0.0249721247722283,True,1
kaggle_mlb_vegas:2019-09-29:CHC:STL:0,2019-09-29,STL,CHC,8.5,0.7297297297297298,0.4675324675324676,True,True,4,1,0.5030774523295072,0.4675324675324676,0.0355449847970396,0.0355449847970396,high_total,9,home_favorite,model_higher_by_3pp,largest,0.3999999999999999,0.9000000000000004,23.0,0.0249721247722283,True,0
kaggle_mlb_vegas:2019-09-29:CLE:WSH:0,2019-09-29,WSH,CLE,8.5,0.3864382063434196,0.5108342361863489,True,True,4,1,0.4842055859147259,0.5108342361863489,-0.026628650271623,0.026628650271623,high_total,9,road_favorite,within_3pp,largest,0.4,2.6000000000000005,27.0,0.0249721247722283,True,0
kaggle_mlb_vegas:2019-09-29:DET:CWS:0,2019-09-29,CWS,DET,9.5,0.5901639344262295,0.5108342361863489,True,False,4,0,0.4794879772759982,0.5108342361863489,-0.0313462589103507,0.0313462589103507,high_total,9,home_favorite,market_higher_by_3pp,largest,0.3999999999999999,4.9,33.0,0.0249721247722283,True,0
kaggle_mlb_vegas:2019-09-29:HOU:LAA:0,2019-09-29,LAA,HOU,8.5,0.2203975799481417,0.5324675324675325,False,True,4,1,0.4986617329087991,0.5324675324675325,-0.0338057995587334,0.0338057995587334,high_total,9,road_favorite,market_higher_by_3pp,largest,-0.4,-4.1000000000000005,8.0,0.0249721247722283,True,1
kaggle_mlb_vegas:2019-09-29:MIL:COL:0,2019-09-29,COL,MIL,13.0,0.3632887189292542,0.4572564612326044,True,False,4,0,0.482850322536409,0.4572564612326044,0.0255938613038046,0.0255938613038046,high_total,9,road_favorite,within_3pp,largest,-0.2999999999999999,-4.199999999999999,22.0,0.0249721247722283,True,1
kaggle_mlb_vegas:2020-07-24:SEA:HOU:0,2020-07-24,HOU,SEA,8.5,0.7224199288256229,0.5217391304347826,True,True,4,1,0.4864780033029187,0.5217391304347826,-0.0352611271318638,0.0352611271318638,high_total,7,home_favorite,market_higher_by_3pp,largest,0.0999999999999999,0.7999999999999998,15.0,0.0249721247722283,True,0
kaggle_mlb_vegas:2020-07-26:DET:CIN:0,2020-07-26,CIN,DET,9.5,0.6463710938439703,0.4572564612326044,False,False,4,0,0.4853088890647934,0.4572564612326044,0.028052427832189,0.028052427832189,high_total,7,home_favorite,within_3pp,largest,0.1,1.5999999999999996,30.0,0.0249721247722283,True,0
kaggle_mlb_vegas:2020-07-26:MIA:PHI:0,2020-07-26,PHI,MIA,9.5,0.6570143379252179,0.5217391304347826,False,True,4,1,0.4923783729648096,0.5217391304347826,-0.0293607574699729,0.0293607574699729,high_total,7,home_favorite,within_3pp,largest,-0.2,0.3000000000000002,28.0,0.0249721247722283,True,1
kaggle_mlb_vegas:2020-07-26:MIN:CWS:0,2020-07-26,CWS,MIN,10.0,0.4098360655737704,0.5217391304347826,False,True,4,1,0.4917484880392775,0.5217391304347826,-0.029990642395505,0.029990642395505,high_total,7,road_favorite,within_3pp,largest,0.0999999999999999,1.3999999999999997,40.0,0.0249721247722283,True,0
kaggle_mlb_vegas:2020-07-29:CHC:CIN:0,2020-07-29,CIN,CHC,9.0,0.5116279069767442,0.5427435387673957,True,True,4,1,0.513318195601815,0.5427435387673957,-0.0294253431655806,0.0294253431655806,high_total,7,home_favorite,within_3pp,largest,-0.3,-1.0000000000000009,37.0,0.0249721247722283,True,1
kaggle_mlb_vegas:2020-07-30:NYY:BAL:0,2020-07-30,BAL,NYY,11.0,0.3136531365313653,0.4782608695652174,False,True,4,1,0.5111505415876991,0.4782608695652174,0.0328896720224817,0.0328896720224817,high_total,7,road_favorite,model_higher_by_3pp,largest,0.0,0.1000000000000009,30.0,0.0249721247722283,True,1
kaggle_mlb_vegas:2020-07-31:PIT:CHC:0,2020-07-31,CHC,PIT,8.5,0.6511627906976745,0.5108342361863489,True,True,4,1,0.4832893003577311,0.5108342361863489,-0.0275449358286178,0.0275449358286178,high_total,7,home_favorite,within_3pp,largest,0.1999999999999999,0.6000000000000005,27.0,0.0249721247722283,True,0
kaggle_mlb_vegas:2020-08-01:PIT:CHC:0,2020-08-01,CHC,PIT,9.0,0.6301188903566711,0.5324675324675325,True,False,4,0,0.5009882964201755,0.5324675324675325,-0.031479236047357,0.031479236047357,high_total,8,home_favorite,market_higher_by_3pp,largest,0.3999999999999999,2.0,25.0,0.0249721247722283,True,0
kaggle_mlb_vegas:2020-08-03:CLE:CIN:0,2020-08-03,CIN,CLE,8.0,0.5966717479674797,0.5108342361863489,True,False,4,0,0.4850867516790539,0.5108342361863489,-0.025747484507295,0.025747484507295,high_total,8,home_favorite,within_3pp,largest,0.0,0.4999999999999995,19.0,0.0249721247722283,True,0
kaggle_mlb_vegas:2020-08-04:BOS:TB:0,2020-08-04,TB,BOS,8.0,0.5638051044083527,0.4891657638136511,True,False,4,0,0.5141565339339971,0.4891657638136511,0.0249907701203459,0.0249907701203459,high_total,8,home_favorite,within_3pp,largest,0.1,1.2999999999999998,41.0,0.0249721247722283,True,0
kaggle_mlb_vegas:2020-08-04:CWS:MIL:0,2020-08-04,MIL,CWS,8.0,0.5422592774235736,0.5217391304347826,False,False,4,0,0.4845733166925973,0.5217391304347826,-0.0371658137421853,0.0371658137421853,high_total,8,home_favorite,market_higher_by_3pp,largest,-0.3,-1.8999999999999997,25.0,0.0249721247722283,True,1
kaggle_mlb_vegas:2020-08-04:PIT:MIN:0,2020-08-04,MIN,PIT,8.5,0.6463710938439703,0.5217391304347826,True,True,4,1,0.4939410367393745,0.5217391304347826,-0.027798093695408,0.027798093695408,high_total,8,home_favorite,within_3pp,largest,0.6000000000000001,3.6,26.0,0.0249721247722283,True,0
kaggle_mlb_vegas:2020-08-04:SF:COL:0,2020-08-04,COL,SF,11.0,0.6207865168539326,0.5217391304347826,True,False,4,0,0.4906300555262376,0.5217391304347826,-0.0311090749085449,0.0311090749085449,high_total,8,home_favorite,market_higher_by_3pp,largest,0.3,2.6000000000000005,38.0,0.0249721247722283,True,0
kaggle_mlb_vegas:2020-08-05:CHC:KC:0,2020-08-05,KC,CHC,9.0,0.3504150890148397,0.4891657638136511,False,False,4,0,0.5153995688877251,0.4891657638136511,0.0262338050740739,0.0262338050740739,high_total,8,road_favorite,within_3pp,largest,-0.6000000000000001,-2.6000000000000005,39.0,0.0249721247722283,True,1
kaggle_mlb_vegas:2020-08-06:CHC:KC:0,2020-08-06,KC,CHC,9.5,0.3864382063434196,0.4782608695652174,True,True,4,1,0.5100973470508049,0.4782608695652174,0.0318364774855874,0.0318364774855874,high_total,8,road_favorite,model_higher_by_3pp,largest,-0.7,-3.4000000000000004,37.0,0.0249721247722283,True,1
kaggle_mlb_vegas:2020-08-06:MIN:PIT:0,2020-08-06,PIT,MIN,8.5,0.3318409270476692,0.5,True,True,4,1,0.5266759226463809,0.5,0.0266759226463808,0.0266759226463808,high_total,8,road_favorite,within_3pp,largest,-0.7,-4.300000000000001,23.0,0.0249721247722283,True,1
kaggle_mlb_vegas:2020-08-07:COL:SEA:0,2020-08-07,SEA,COL,8.5,0.5401967050867028,0.5217391304347826,False,True,4,1,0.4965817528989413,0.5217391304347826,-0.0251573775358412,0.0251573775358412,high_total,8,home_favorite,within_3pp,largest,-0.4,-4.2,18.0,0.0249721247722283,True,1
kaggle_mlb_vegas:2020-08-08:CIN:MIL:0,2020-08-08,MIL,CIN,9.0,0.525232987515386,0.5217391304347826,False,False,4,0,0.4955088228710945,0.5217391304347826,-0.026230307563688,0.026230307563688,high_total,8,home_favorite,within_3pp,largest,0.0,0.6000000000000005,37.0,0.0249721247722283,True,0
kaggle_mlb_vegas:2020-08-08:DET:PIT:0,2020-08-08,PIT,DET,9.5,0.5581289044644218,0.4891657638136511,False,True,4,1,0.5152687033055792,0.4891657638136511,0.026102939491928,0.026102939491928,high_total,8,home_favorite,within_3pp,largest,-0.3999999999999999,-1.6000000000000003,31.0,0.0249721247722283,True,1
kaggle_mlb_vegas:2020-08-08:HOU:ATH:0,2020-08-08,ATH,HOU,8.5,0.6245958239710637,0.5108342361863489,True,False,4,0,0.4827473580874571,0.5108342361863489,-0.0280868780988917,0.0280868780988917,high_total,8,home_favorite,within_3pp,largest,0.2999999999999999,1.2000000000000006,28.0,0.0249721247722283,True,0
kaggle_mlb_vegas:2020-08-09:CLE:CWS:0,2020-08-09,CWS,CLE,7.5,0.393939393939394,0.4782608695652174,False,True,4,1,0.5046049133936794,0.4782608695652174,0.026344043828462,0.026344043828462,low_total,8,road_favorite,within_3pp,largest,0.1999999999999999,-0.3,7.0,0.0249721247722283,True,1
kaggle_mlb_vegas:2020-08-09:DET:PIT:0,2020-08-09,PIT,DET,9.0,0.4270462633451958,0.4891657638136511,False,False,4,0,0.5183364478762668,0.4891657638136511,0.0291706840626156,0.0291706840626156,high_total,8,road_favorite,within_3pp,largest,-0.5,-2.8000000000000007,28.0,0.0249721247722283,True,1
kaggle_mlb_vegas:2020-08-10:ARI:COL:0,2020-08-10,COL,ARI,11.5,0.5483396008675064,0.5108342361863489,False,True,4,1,0.4833622075858271,0.5108342361863489,-0.0274720286005218,0.0274720286005218,high_total,8,home_favorite,within_3pp,largest,0.2999999999999999,3.6,22.0,0.0249721247722283,True,0
kaggle_mlb_vegas:2020-08-10:MIN:MIL:0,2020-08-10,MIL,MIN,8.5,0.5116279069767442,0.5217391304347826,False,False,4,0,0.488591839526856,0.5217391304347826,-0.0331472909079265,0.0331472909079265,high_total,8,home_favorite,market_higher_by_3pp,largest,-0.0999999999999999,-0.6000000000000005,18.0,0.0249721247722283,True,1
kaggle_mlb_vegas:2020-08-10:WSH:NYM:0,2020-08-10,NYM,WSH,8.5,0.4661016949152542,0.5217391304347826,False,True,4,1,0.4960174131927651,0.5217391304347826,-0.0257217172420174,0.0257217172420174,high_total,8,road_favorite,within_3pp,largest,0.1,1.5999999999999996,21.0,0.0249721247722283,True,0
kaggle_mlb_vegas:2020-08-11:ARI:COL:0,2020-08-11,COL,ARI,11.0,0.4792189179505553,0.5217391304347826,True,True,4,1,0.4933915456583881,0.5217391304347826,-0.0283475847763944,0.0283475847763944,high_total,8,road_favorite,within_3pp,largest,0.1999999999999999,2.5999999999999996,22.0,0.0249721247722283,True,0
kaggle_mlb_vegas:2020-08-11:SF:HOU:0,2020-08-11,HOU,SF,9.0,0.6164840058030137,0.5217391304347826,False,True,4,1,0.4943729552447382,0.5217391304347826,-0.0273661751900444,0.0273661751900444,high_total,8,home_favorite,within_3pp,largest,0.1,1.0,32.0,0.0249721247722283,True,0
kaggle_mlb_vegas:2020-08-12:CHC:CLE:0,2020-08-12,CLE,CHC,7.5,0.5338983050847457,0.5217391304347826,False,True,4,1,0.4884424796582574,0.5217391304347826,-0.0332966507765252,0.0332966507765252,low_total,8,home_favorite,market_higher_by_3pp,largest,-0.3,0.3999999999999994,35.0,0.0249721247722283,True,0
kaggle_mlb_vegas:2020-08-12:KC:CIN:0,2020-08-12,CIN,KC,9.5,0.5230171935662784,0.5108342361863489,False,False,4,0,0.4825182481541565,0.5108342361863489,-0.0283159880321924,0.0283159880321924,high_total,8,home_favorite,within_3pp,largest,0.1999999999999999,-0.3000000000000002,19.0,0.0249721247722283,True,0
kaggle_mlb_vegas:2020-08-12:MIN:MIL:0,2020-08-12,MIL,MIN,9.0,0.4361948955916473,0.5217391304347826,False,True,4,1,0.4939441783475514,0.5217391304347826,-0.0277949520872312,0.0277949520872312,high_total,8,road_favorite,within_3pp,largest,0.0,0.1,23.0,0.0249721247722283,True,1
kaggle_mlb_vegas:2020-08-14:BOS:NYY:0,2020-08-14,NYY,BOS,9.0,0.7297297297297298,0.4782608695652174,True,True,4,1,0.5161596924956686,0.4782608695652174,0.0378988229304512,0.0378988229304512,high_total,8,home_favorite,model_higher_by_3pp,largest,0.2,2.4000000000000012,38.0,0.0249721247722283,True,0
kaggle_mlb_vegas:2020-08-14:PIT:CIN:0,2020-08-14,CIN,PIT,8.0,0.6570143379252179,0.5217391304347826,True,True,4,1,0.4943757890116955,0.5217391304347826,-0.0273633414230871,0.0273633414230871,high_total,8,home_favorite,within_3pp,largest,0.2,4.440892098500626e-16,45.0,0.0249721247722283,True,0
kaggle_mlb_vegas:2020-08-14:SEA:HOU:0,2020-08-14,HOU,SEA,9.5,0.6956521739130435,0.4782608695652174,True,True,4,1,0.5047661230752719,0.4782608695652174,0.0265052535100545,0.0265052535100545,high_total,8,home_favorite,within_3pp,largest,0.1,1.6000000000000003,41.0,0.0249721247722283,True,0
kaggle_mlb_vegas:2020-08-15:BOS:NYY:0,2020-08-15,NYY,BOS,9.0,0.5982670342654589,0.5217391304347826,True,True,4,1,0.4787924314453493,0.5217391304347826,-0.0429466989894333,0.0429466989894333,high_total,8,home_favorite,market_higher_by_3pp,largest,0.2,3.3,43.0,0.0249721247722283,True,0
kaggle_mlb_vegas:2020-08-16:SEA:HOU:0,2020-08-16,HOU,SEA,9.0,0.6734693877551021,0.5217391304347826,True,False,4,0,0.4866243862018354,0.5217391304347826,-0.0351147442329471,0.0351147442329471,high_total,8,home_favorite,market_higher_by_3pp,largest,0.1,1.9000000000000004,38.0,0.0249721247722283,True,0
kaggle_mlb_vegas:2020-08-19:LAD:SEA:0,2020-08-19,SEA,LAD,9.0,0.3136531365313653,0.5,True,True,4,1,0.5303868839860059,0.5,0.0303868839860058,0.0303868839860058,high_total,8,road_favorite,model_higher_by_3pp,largest,-0.6000000000000001,-4.1,11.0,0.0249721247722283,True,1
kaggle_mlb_vegas:2020-08-19:PHI:BOS:0,2020-08-19,BOS,PHI,10.5,0.3849716336690981,0.5217391304347826,True,False,4,0,0.5487624766522938,0.5217391304347826,0.0270233462175112,0.0270233462175112,high_total,8,road_favorite,within_3pp,largest,-0.4,-4.4,42.0,0.0249721247722283,True,1
kaggle_mlb_vegas:2020-08-19:TB:NYY:0,2020-08-19,NYY,TB,8.0,0.6327838112352527,0.5217391304347826,False,False,4,0,0.4856721958139754,0.5217391304347826,-0.0360669346208071,0.0360669346208071,high_total,8,home_favorite,market_higher_by_3pp,largest,-0.2,0.1000000000000005,33.0,0.0249721247722283,True,0
kaggle_mlb_vegas:2020-08-20:LAD:SEA:0,2020-08-20,SEA,LAD,8.5,0.2528668038812113,0.4782608695652174,False,False,4,0,0.5332658389075361,0.4782608695652174,0.0550049693423186,0.0550049693423186,high_total,8,road_favorite,model_higher_by_3pp,largest,-0.3999999999999999,-2.8000000000000007,16.0,0.0249721247722283,True,1
kaggle_mlb_vegas:2020-08-20:TB:NYY:0,2020-08-20,NYY,TB,9.0,0.5711542947372198,0.5324675324675325,False,True,4,1,0.5017907975016394,0.5324675324675325,-0.0306767349658931,0.0306767349658931,high_total,8,home_favorite,market_higher_by_3pp,largest,-0.3,-0.4999999999999991,33.0,0.0249721247722283,True,1
kaggle_mlb_vegas:2020-08-20:TEX:SD:0,2020-08-20,SD,TEX,8.0,0.6511627906976745,0.5217391304347826,True,True,4,1,0.4966281751586352,0.5217391304347826,-0.0251109552761473,0.0251109552761473,high_total,8,home_favorite,within_3pp,largest,0.0,1.4000000000000004,31.0,0.0249721247722283,True,0
kaggle_mlb_vegas:2020-08-21:TOR:TB:0,2020-08-21,TB,TOR,8.5,0.5950639414843387,0.5108342361863489,False,True,4,1,0.4770768862745723,0.5108342361863489,-0.0337573499117766,0.0337573499117766,high_total,8,home_favorite,market_higher_by_3pp,largest,0.2,1.0999999999999996,20.0,0.0249721247722283,True,0
kaggle_mlb_vegas:2020-08-22:DET:CLE:0,2020-08-22,CLE,DET,9.5,0.6135617936565805,0.4782608695652174,True,False,4,0,0.5093047055498139,0.4782608695652174,0.0310438359845964,0.0310438359845964,high_total,8,home_favorite,model_higher_by_3pp,largest,0.6,3.8,34.0,0.0249721247722283,True,0
kaggle_mlb_vegas:2020-08-22:HOU:SD:0,2020-08-22,SD,HOU,9.5,0.5338983050847457,0.5217391304347826,True,True,4,1,0.4953357201688527,0.5217391304347826,-0.0264034102659299,0.0264034102659299,high_total,8,home_favorite,within_3pp,largest,-0.3,-2.9000000000000004,22.0,0.0249721247722283,True,1
kaggle_mlb_vegas:2020-08-22:TOR:TB:0,2020-08-22,TB,TOR,8.5,0.4769828064337216,0.5217391304347826,True,False,4,0,0.489602548919507,0.5217391304347826,-0.0321365815152756,0.0321365815152756,high_total,8,road_favorite,market_higher_by_3pp,largest,0.1,0.9000000000000004,21.0,0.0249721247722283,True,0
kaggle_mlb_vegas:2020-08-24:TOR:TB:0,2020-08-24,TB,TOR,8.0,0.6734693877551021,0.5217391304347826,False,True,4,1,0.4849219790161809,0.5217391304347826,-0.0368171514186016,0.0368171514186016,high_total,8,home_favorite,market_higher_by_3pp,largest,0.2,0.7999999999999998,25.0,0.0249721247722283,True,0
kaggle_mlb_vegas:2020-08-26:BAL:TB:0,2020-08-26,TB,BAL,8.5,0.6105953597180889,0.5217391304347826,True,False,4,0,0.4949734608837746,0.5217391304347826,-0.026765669551008,0.026765669551008,high_total,8,home_favorite,within_3pp,largest,0.5,2.9,38.0,0.0249721247722283,True,0
kaggle_mlb_vegas:2020-08-26:KC:STL:0,2020-08-26,STL,KC,9.0,0.6135617936565805,0.5217391304347826,True,True,4,1,0.4916552857704727,0.5217391304347826,-0.0300838446643098,0.0300838446643098,high_total,8,home_favorite,market_higher_by_3pp,largest,0.0999999999999999,2.1,22.0,0.0249721247722283,True,0
kaggle_mlb_vegas:2020-08-26:NYY:ATL:1,2020-08-26,ATL,NYY,6.5,0.3806370364081448,0.4782608695652174,True,False,4,0,0.5032650054816412,0.4782608695652174,0.0250041359164238,0.0250041359164238,low_total,8,road_favorite,within_3pp,largest,-0.0999999999999999,-1.3000000000000007,22.0,0.0249721247722283,True,1
kaggle_mlb_vegas:2020-08-27:CIN:MIL:2,2020-08-27,MIL,CIN,7.0,0.609095249462879,0.5217391304347826,False,False,4,0,0.4929934168660504,0.5217391304347826,-0.0287457135687321,0.0287457135687321,low_total,8,home_favorite,within_3pp,largest,0.0,-1.9,19.0,0.0249721247722283,True,1
kaggle_mlb_vegas:2020-08-27:LAD:SF:1,2020-08-27,SF,LAD,6.5,0.3089321692411014,0.4782608695652174,False,True,4,1,0.5077945190521932,0.4782608695652174,0.0295336494869757,0.0295336494869757,low_total,8,road_favorite,within_3pp,largest,-0.1,-0.5999999999999996,18.0,0.0249721247722283,True,1
kaggle_mlb_vegas:2020-08-27:PIT:STL:2,2020-08-27,STL,PIT,7.0,0.6207865168539326,0.5427435387673957,False,False,4,0,0.5162206610037436,0.5427435387673957,-0.026522877763652,0.026522877763652,low_total,8,home_favorite,within_3pp,largest,0.1999999999999999,2.9000000000000004,43.0,0.0249721247722283,True,0
kaggle_mlb_vegas:2020-08-28:BAL:TOR:0,2020-08-28,TOR,BAL,9.5,0.6570143379252179,0.4675324675324676,True,False,4,0,0.4980804987749809,0.4675324675324676,0.0305480312425133,0.0305480312425133,high_total,8,home_favorite,model_higher_by_3pp,largest,0.4999999999999999,3.3,34.0,0.0249721247722283,True,0
kaggle_mlb_vegas:2020-08-28:KC:CWS:0,2020-08-28,CWS,KC,10.0,0.5729537366548043,0.4891657638136511,True,True,4,1,0.5164313292480898,0.4891657638136511,0.0272655654344386,0.0272655654344386,high_total,8,home_favorite,within_3pp,largest,0.6000000000000001,6.2,26.0,0.0249721247722283,True,0
kaggle_mlb_vegas:2020-08-28:LAD:TEX:0,2020-08-28,TEX,LAD,9.0,0.326530612244898,0.4891657638136511,True,False,4,0,0.5209386886115877,0.4891657638136511,0.0317729247979365,0.0317729247979365,high_total,8,road_favorite,model_higher_by_3pp,largest,-0.7000000000000001,-6.5,18.0,0.0249721247722283,True,1
kaggle_mlb_vegas:2020-08-29:SF:ARI:0,2020-08-29,ARI,SF,9.5,0.5998499437288983,0.5217391304347826,False,False,4,0,0.4954154541331409,0.5217391304347826,-0.0263236763016416,0.0263236763016416,high_total,8,home_favorite,within_3pp,largest,-0.4999999999999999,-2.9999999999999996,32.0,0.0249721247722283,True,1
kaggle_mlb_vegas:2020-08-29:WSH:BOS:0,2020-08-29,BOS,WSH,11.5,0.4837531945965681,0.4782608695652174,True,False,4,0,0.5065922777031439,0.4782608695652174,0.0283314081379264,0.0283314081379264,high_total,8,road_favorite,within_3pp,largest,0.0,-1.9000000000000004,26.0,0.0249721247722283,True,1
kaggle_mlb_vegas:2020-08-31:PIT:MIL:0,2020-08-31,MIL,PIT,8.5,0.6511627906976745,0.5217391304347826,True,True,4,1,0.4962285025029654,0.5217391304347826,-0.0255106279318171,0.0255106279318171,high_total,8,home_favorite,within_3pp,largest,-0.1999999999999999,-1.6,28.0,0.0249721247722283,True,1
kaggle_mlb_vegas:2020-09-01:WSH:PHI:0,2020-09-01,PHI,WSH,8.5,0.5868319338931095,0.5108342361863489,True,False,4,0,0.4771817155288342,0.5108342361863489,-0.0336525206575147,0.0336525206575147,high_total,9,home_favorite,market_higher_by_3pp,largest,0.3,0.5999999999999996,23.0,0.0249721247722283,True,0
kaggle_mlb_vegas:2020-09-04:COL:LAD:0,2020-09-04,LAD,COL,9.0,0.6956521739130435,0.5,True,True,4,1,0.4750004727377223,0.5,-0.0249995272622776,0.0249995272622776,high_total,9,home_favorite,within_3pp,largest,0.3,6.9,57.0,0.0249721247722283,True,0
kaggle_mlb_vegas:2020-09-04:DET:MIN:1,2020-09-04,MIN,DET,6.5,0.6075837079580821,0.5217391304347826,True,False,4,0,0.4959819403024098,0.5217391304347826,-0.0257571901323727,0.0257571901323727,low_total,9,home_favorite,within_3pp,largest,-0.2999999999999999,-2.3000000000000007,,0.0249721247722283,True,1
kaggle_mlb_vegas:2020-09-04:PHI:NYM:0,2020-09-04,NYM,PHI,10.0,0.5638051044083527,0.5217391304347826,False,False,4,0,0.4932512745815888,0.5217391304347826,-0.0284878558531937,0.0284878558531937,high_total,9,home_favorite,within_3pp,largest,-0.4,-2.3,25.0,0.0249721247722283,True,1
kaggle_mlb_vegas:2020-09-05:COL:LAD:0,2020-09-05,LAD,COL,9.0,0.6264616717193591,0.5217391304347826,False,False,4,0,0.4721009547812778,0.5217391304347826,-0.0496381756535048,0.0496381756535048,high_total,9,home_favorite,market_higher_by_3pp,largest,0.3,6.100000000000001,57.0,0.0249721247722283,True,0
kaggle_mlb_vegas:2020-09-05:CWS:KC:0,2020-09-05,KC,CWS,9.5,0.3199224430441105,0.4782608695652174,False,False,4,0,0.519068381086609,0.4782608695652174,0.0408075115213916,0.0408075115213916,high_total,9,road_favorite,model_higher_by_3pp,largest,-0.3999999999999999,-3.7,26.0,0.0249721247722283,True,1
kaggle_mlb_vegas:2020-09-05:NYY:BAL:0,2020-09-05,BAL,NYY,9.0,0.3136531365313653,0.4675324675324676,True,False,4,0,0.500662728890327,0.4675324675324676,0.0331302613578594,0.0331302613578594,high_total,9,road_favorite,model_higher_by_3pp,largest,-0.2,-0.5,31.0,0.0249721247722283,True,1
kaggle_mlb_vegas:2020-09-06:CWS:KC:0,2020-09-06,KC,CWS,11.0,0.3373231773667029,0.4782608695652174,False,False,4,0,0.5211208132297691,0.4782608695652174,0.0428599436645517,0.0428599436645517,high_total,9,road_favorite,model_higher_by_3pp,largest,-0.4999999999999999,-3.8,26.0,0.0249721247722283,True,1
kaggle_mlb_vegas:2020-09-07:DET:MIN:0,2020-09-07,MIN,DET,8.5,0.6511627906976745,0.5217391304347826,True,False,4,0,0.4865664752889564,0.5217391304347826,-0.0351726551458261,0.0351726551458261,high_total,9,home_favorite,market_higher_by_3pp,largest,-0.0999999999999999,-1.8000000000000005,30.0,0.0249721247722283,True,1
kaggle_mlb_vegas:2020-09-08:COL:SD:0,2020-09-08,SD,COL,8.5,0.6863468634686347,0.5217391304347826,True,True,4,1,0.4943828945191286,0.5217391304347826,-0.027356235915654,0.027356235915654,high_total,9,home_favorite,within_3pp,largest,0.2999999999999999,7.1,58.0,0.0249721247722283,True,0
kaggle_mlb_vegas:2020-09-08:LAD:ARI:0,2020-09-08,ARI,LAD,9.5,0.2998944033790918,0.4782608695652174,False,True,4,1,0.5075313053834686,0.4782608695652174,0.0292704358182511,0.0292704358182511,high_total,9,road_favorite,within_3pp,largest,-0.4999999999999999,-2.9000000000000004,25.0,0.0249721247722283,True,1
kaggle_mlb_vegas:2020-09-08:MIA:ATL:0,2020-09-08,ATL,MIA,9.0,0.5274287332041203,0.5217391304347826,False,False,4,0,0.4874981357445099,0.5217391304347826,-0.0342409946902726,0.0342409946902726,high_total,9,home_favorite,market_higher_by_3pp,largest,0.1999999999999999,2.1999999999999997,20.0,0.0249721247722283,True,0
kaggle_mlb_vegas:2020-09-10:ATL:WSH:0,2020-09-10,WSH,ATL,11.0,0.4165537794635599,0.4782608695652174,False,True,4,1,0.5107414974021847,0.4782608695652174,0.0324806278369672,0.0324806278369672,high_total,9,road_favorite,model_higher_by_3pp,largest,-0.1999999999999999,-4.0,24.0,0.0249721247722283,True,1
kaggle_mlb_vegas:2020-09-10:BOS:TB:0,2020-09-10,TB,BOS,9.5,0.6495849109851602,0.4782608695652174,False,False,4,0,0.5057803295071942,0.4782608695652174,0.0275194599419767,0.0275194599419767,high_total,9,home_favorite,within_3pp,largest,0.3,1.7999999999999998,48.0,0.0249721247722283,True,0
kaggle_mlb_vegas:2020-09-10:SF:SD:0,2020-09-10,SD,SF,9.0,0.6301188903566711,0.5108342361863489,True,False,4,0,0.4635718616175904,0.5108342361863489,-0.0472623745687584,0.0472623745687584,high_total,9,home_favorite,market_higher_by_3pp,largest,0.0,0.3999999999999999,16.0,0.0249721247722283,True,0
kaggle_mlb_vegas:2020-09-12:ATH:TEX:2,2020-09-12,TEX,ATH,7.0,0.3373231773667029,0.4782608695652174,False,True,4,1,0.50481615730045,0.4782608695652174,0.0265552877352326,0.0265552877352326,low_total,9,road_favorite,within_3pp,largest,-0.3,-1.4999999999999991,11.0,0.0249721247722283,True,1
kaggle_mlb_vegas:2020-09-12:ATL:WSH:0,2020-09-12,WSH,ATL,9.0,0.4182671788305591,0.5217391304347826,False,False,4,0,0.487631597644052,0.5217391304347826,-0.0341075327907305,0.0341075327907305,high_total,9,road_favorite,market_higher_by_3pp,largest,0.0,-2.2,25.0,0.0249721247722283,True,1
kaggle_mlb_vegas:2020-09-13:ATL:WSH:0,2020-09-13,WSH,ATL,9.0,0.6135617936565805,0.5324675324675325,False,True,4,1,0.5069483429407965,0.5324675324675325,-0.025519189526736,0.025519189526736,high_total,9,home_favorite,within_3pp,largest,0.0,-1.9000000000000004,26.0,0.0249721247722283,True,1
kaggle_mlb_vegas:2020-09-13:BAL:NYY:0,2020-09-13,NYY,BAL,9.5,0.6207865168539326,0.5217391304347826,True,False,4,0,0.4823515766980964,0.5217391304347826,-0.0393875537366861,0.0393875537366861,high_total,9,home_favorite,market_higher_by_3pp,largest,0.0999999999999999,0.6000000000000005,21.0,0.0249721247722283,True,0
kaggle_mlb_vegas:2020-09-13:CIN:STL:0,2020-09-13,STL,CIN,8.0,0.5,0.5217391304347826,False,True,4,1,0.4893068946778234,0.5217391304347826,-0.0324322357569591,0.0324322357569591,high_total,9,home_favorite,market_higher_by_3pp,largest,0.0999999999999999,1.7000000000000002,25.0,0.0249721247722283,True,0
kaggle_mlb_vegas:2020-09-13:CLE:MIN:0,2020-09-13,MIN,CLE,8.0,0.5638051044083527,0.5217391304347826,True,True,4,1,0.4950711481965001,0.5217391304347826,-0.0266679822382824,0.0266679822382824,high_total,9,home_favorite,within_3pp,largest,0.4,3.599999999999999,27.0,0.0249721247722283,True,0
kaggle_mlb_vegas:2020-09-13:PIT:KC:0,2020-09-13,KC,PIT,8.5,0.5581289044644218,0.5217391304347826,True,True,4,1,0.4946903486299545,0.5217391304347826,-0.0270487818048281,0.0270487818048281,high_total,9,home_favorite,within_3pp,largest,0.0999999999999999,1.5999999999999996,19.0,0.0249721247722283,True,0
kaggle_mlb_vegas:2020-09-13:SF:SD:2,2020-09-13,SD,SF,6.5,0.6060606060606061,0.5217391304347826,True,False,4,0,0.4889721120610246,0.5217391304347826,-0.032767018373758,0.032767018373758,low_total,9,home_favorite,market_higher_by_3pp,largest,0.2,1.5000000000000004,15.0,0.0249721247722283,True,0
kaggle_mlb_vegas:2020-09-14:ATH:SEA:2,2020-09-14,SEA,ATH,7.0,0.3792134831460674,0.5324675324675325,False,True,4,1,0.5045800550954228,0.5324675324675325,-0.0278874773721097,0.0278874773721097,low_total,9,road_favorite,within_3pp,largest,0.0999999999999999,-0.8000000000000003,,0.0249721247722283,True,0
kaggle_mlb_vegas:2020-09-14:ATL:BAL:0,2020-09-14,BAL,ATL,10.0,0.387915834019043,0.5324675324675325,True,True,4,1,0.4906180956420066,0.5324675324675325,-0.0418494368255259,0.0418494368255259,high_total,9,road_favorite,market_higher_by_3pp,largest,-0.0999999999999999,-1.4999999999999991,23.0,0.0249721247722283,True,1
kaggle_mlb_vegas:2020-09-14:MIN:CWS:0,2020-09-14,CWS,MIN,9.0,0.4343345111896348,0.5217391304347826,True,False,4,0,0.4823913160205222,0.5217391304347826,-0.0393478144142603,0.0393478144142603,high_total,9,road_favorite,market_higher_by_3pp,largest,0.0,1.7000000000000002,17.0,0.0249721247722283,True,0
kaggle_mlb_vegas:2020-09-15:ARI:LAA:0,2020-09-15,LAA,ARI,10.0,0.5817328211694409,0.5217391304347826,False,True,4,1,0.4953821624599866,0.5217391304347826,-0.0263569679747959,0.0263569679747959,high_total,9,home_favorite,within_3pp,largest,0.3999999999999999,1.2999999999999998,26.0,0.0249721247722283,True,0
kaggle_mlb_vegas:2020-09-15:BOS:MIA:0,2020-09-15,MIA,BOS,9.0,0.6029791948787393,0.5217391304347826,False,False,4,0,0.4869378648391022,0.5217391304347826,-0.0348012655956803,0.0348012655956803,high_total,9,home_favorite,market_higher_by_3pp,largest,0.1999999999999999,-0.7000000000000011,55.0,0.0249721247722283,True,0
kaggle_mlb_vegas:2020-09-16:ATL:BAL:0,2020-09-16,BAL,ATL,10.0,0.369881109643329,0.5108342361863489,True,False,4,0,0.477727309686342,0.5108342361863489,-0.0331069265000069,0.0331069265000069,high_total,9,road_favorite,market_higher_by_3pp,largest,-0.1999999999999999,-0.5999999999999996,28.0,0.0249721247722283,True,1
kaggle_mlb_vegas:2020-09-16:MIN:CWS:0,2020-09-16,CWS,MIN,8.5,0.5950639414843387,0.5217391304347826,False,False,4,0,0.4779745828319642,0.5217391304347826,-0.0437645476028183,0.0437645476028183,high_total,9,home_favorite,market_higher_by_3pp,largest,0.3,3.4000000000000004,18.0,0.0249721247722283,True,0
kaggle_mlb_vegas:2020-09-16:PIT:CIN:0,2020-09-16,CIN,PIT,8.0,0.6956521739130435,0.5108342361863489,True,False,4,0,0.485762630944834,0.5108342361863489,-0.0250716052415149,0.0250716052415149,high_total,9,home_favorite,within_3pp,largest,0.3999999999999999,4.1,20.0,0.0249721247722283,True,0
kaggle_mlb_vegas:2020-09-16:TOR:NYY:0,2020-09-16,NYY,TOR,8.5,0.7127329192546583,0.5324675324675325,True,True,4,1,0.4894430560679862,0.5324675324675325,-0.0430244763995462,0.0430244763995462,high_total,9,home_favorite,market_higher_by_3pp,largest,0.0999999999999999,4.699999999999999,44.0,0.0249721247722283,True,0
kaggle_mlb_vegas:2020-09-17:CLE:DET:0,2020-09-17,DET,CLE,7.0,0.2872670807453416,0.5108342361863489,False,True,4,1,0.5681521222209973,0.5108342361863489,0.0573178860346483,0.0573178860346483,low_total,9,road_favorite,model_higher_by_3pp,largest,0.0999999999999999,-2.1999999999999993,26.0,0.0249721247722283,True,1
kaggle_mlb_vegas:2020-09-17:MIN:CWS:0,2020-09-17,CWS,MIN,8.5,0.3924162920419178,0.5324675324675325,True,False,4,0,0.4989935293142934,0.5324675324675325,-0.0334740031532391,0.0334740031532391,high_total,9,road_favorite,market_higher_by_3pp,largest,0.2,2.4,18.0,0.0249721247722283,True,0
kaggle_mlb_vegas:2020-09-17:TOR:NYY:0,2020-09-17,NYY,TOR,9.5,0.6734693877551021,0.5,True,True,4,1,0.4686500024022177,0.5,-0.0313499975977822,0.0313499975977822,high_total,9,home_favorite,market_higher_by_3pp,largest,0.1999999999999999,7.300000000000001,49.0,0.0249721247722283,True,0
kaggle_mlb_vegas:2020-09-18:TB:BAL:0,2020-09-18,BAL,TB,8.5,0.3299203640500568,0.4782608695652174,False,False,4,0,0.523321263527424,0.4782608695652174,0.0450603939622066,0.0450603939622066,high_total,9,road_favorite,model_higher_by_3pp,largest,-0.3,-2.1,19.0,0.0249721247722283,True,1
kaggle_mlb_vegas:2020-09-19:CWS:CIN:0,2020-09-19,CIN,CWS,8.0,0.3792134831460674,0.5,False,False,4,0,0.4749494455561712,0.5,-0.0250505544438287,0.0250505544438287,high_total,9,road_favorite,within_3pp,largest,0.1,-0.3000000000000002,12.0,0.0249721247722283,True,1
kaggle_mlb_vegas:2020-09-19:KC:MIL:0,2020-09-19,MIL,KC,7.5,0.6511627906976745,0.5217391304347826,True,False,4,0,0.4907054779058534,0.5217391304347826,-0.0310336525289291,0.0310336525289291,low_total,9,home_favorite,market_higher_by_3pp,largest,-0.0999999999999999,0.7999999999999994,26.0,0.0249721247722283,True,0
kaggle_mlb_vegas:2020-09-19:LAD:COL:0,2020-09-19,COL,LAD,12.0,0.2823179791976226,0.5108342361863489,False,False,4,0,0.5365061499464174,0.5108342361863489,0.0256719137600685,0.0256719137600685,high_total,9,road_favorite,within_3pp,largest,-0.4999999999999999,-4.700000000000001,33.0,0.0249721247722283,True,1
kaggle_mlb_vegas:2020-09-19:NYY:BOS:0,2020-09-19,BOS,NYY,10.5,0.3429856620747821,0.4782608695652174,False,False,4,0,0.5033034112413363,0.4782608695652174,0.0250425416761188,0.0250425416761188,high_total,9,road_favorite,within_3pp,largest,-0.4,-5.7,21.0,0.0249721247722283,True,1
kaggle_mlb_vegas:2020-09-20:NYY:BOS:0,2020-09-20,BOS,NYY,9.0,0.3520121777185805,0.5108342361863489,True,True,4,1,0.4709040034219249,0.5108342361863489,-0.039930232764424,0.039930232764424,high_total,9,road_favorite,market_higher_by_3pp,largest,-0.5,-7.300000000000001,20.0,0.0249721247722283,True,1
kaggle_mlb_vegas:2020-09-20:TEX:LAA:0,2020-09-20,LAA,TEX,10.0,0.5901639344262295,0.5217391304347826,False,False,4,0,0.4917067241680639,0.5217391304347826,-0.0300324062667187,0.0300324062667187,high_total,9,home_favorite,market_higher_by_3pp,largest,0.3,2.500000000000001,27.0,0.0249721247722283,True,0
kaggle_mlb_vegas:2020-09-21:HOU:SEA:0,2020-09-21,SEA,HOU,8.0,0.4577407225764263,0.5217391304347826,True,False,4,0,0.4839580595523285,0.5217391304347826,-0.037781070882454,0.037781070882454,high_total,9,road_favorite,market_higher_by_3pp,largest,-0.0999999999999999,-0.7999999999999998,15.0,0.0249721247722283,True,1
kaggle_mlb_vegas:2020-09-21:MIA:ATL:0,2020-09-21,ATL,MIA,9.5,0.6075837079580821,0.5108342361863489,True,False,4,0,0.4564113692995945,0.5108342361863489,-0.0544228668867544,0.0544228668867544,high_total,9,home_favorite,market_higher_by_3pp,largest,0.0,0.0,27.0,0.0249721247722283,True,0
kaggle_mlb_vegas:2020-09-21:NYY:TOR:0,2020-09-21,TOR,NYY,11.0,0.4217358857321369,0.4782608695652174,True,True,4,1,0.5463116225822445,0.4782608695652174,0.0680507530170271,0.0680507530170271,high_total,9,road_favorite,model_higher_by_3pp,largest,-0.6000000000000001,-9.4,22.0,0.0249721247722283,True,1
kaggle_mlb_vegas:2020-09-21:TEX:LAA:0,2020-09-21,LAA,TEX,8.5,0.662676822633297,0.5217391304347826,True,True,4,1,0.4948227134474096,0.5217391304347826,-0.026916416987373,0.026916416987373,high_total,9,home_favorite,within_3pp,largest,0.1999999999999999,1.5,25.0,0.0249721247722283,True,0
kaggle_mlb_vegas:2020-09-23:ATH:LAD:0,2020-09-23,LAD,ATH,8.5,0.6120841659809568,0.5324675324675325,False,True,4,1,0.486550135977174,0.5324675324675325,-0.0459173964903584,0.0459173964903584,high_total,9,home_favorite,market_higher_by_3pp,largest,0.1999999999999999,1.6999999999999995,15.0,0.0249721247722283,True,0
kaggle_mlb_vegas:2020-09-23:CWS:CLE:0,2020-09-23,CLE,CWS,6.5,0.6120841659809568,0.5217391304347826,True,False,4,0,0.4938028115711397,0.5217391304347826,-0.0279363188636428,0.0279363188636428,low_total,9,home_favorite,within_3pp,largest,0.0,0.8999999999999999,16.0,0.0249721247722283,True,0
kaggle_mlb_vegas:2020-09-23:MIA:ATL:0,2020-09-23,ATL,MIA,8.0,0.6179288321167884,0.5108342361863489,True,True,4,1,0.4740649843048798,0.5108342361863489,-0.036769251881469,0.036769251881469,high_total,9,home_favorite,market_higher_by_3pp,largest,0.2999999999999999,3.3000000000000007,30.0,0.0249721247722283,True,0
kaggle_mlb_vegas:2020-09-23:TEX:ARI:0,2020-09-23,ARI,TEX,9.0,0.5885045694171307,0.5217391304347826,True,True,4,1,0.4923894160404404,0.5217391304347826,-0.0293497143943421,0.0293497143943421,high_total,9,home_favorite,within_3pp,largest,0.2,1.9999999999999991,25.0,0.0249721247722283,True,0
kaggle_mlb_vegas:2020-09-24:ATH:LAD:0,2020-09-24,LAD,ATH,9.0,0.6734693877551021,0.5108342361863489,True,False,4,0,0.4808383745319334,0.5108342361863489,-0.0299958616544155,0.0299958616544155,high_total,9,home_favorite,within_3pp,largest,0.1999999999999999,2.4000000000000004,16.0,0.0249721247722283,True,0
kaggle_mlb_vegas:2020-09-24:NYY:TOR:0,2020-09-24,TOR,NYY,9.5,0.4814756210583422,0.4782608695652174,True,False,4,0,0.5058985399446133,0.4782608695652174,0.0276376703793959,0.0276376703793959,high_total,9,road_favorite,within_3pp,largest,-0.3999999999999999,-4.999999999999999,25.0,0.0249721247722283,True,1
kaggle_mlb_vegas:2020-09-25:BOS:ATL:0,2020-09-25,ATL,BOS,9.5,0.615028366330902,0.5108342361863489,True,True,4,1,0.4810686514225659,0.5108342361863489,-0.0297655847637829,0.0297655847637829,high_total,9,home_favorite,within_3pp,largest,0.0,1.2999999999999998,38.0,0.0249721247722283,True,0
kaggle_mlb_vegas:2020-09-25:LAA:LAD:0,2020-09-25,LAD,LAA,8.0,0.662676822633297,0.5108342361863489,True,True,4,1,0.4825327624755088,0.5108342361863489,-0.02830147371084,0.02830147371084,high_total,9,home_favorite,within_3pp,largest,0.0,1.2999999999999998,23.0,0.0249721247722283,True,0
kaggle_mlb_vegas:2020-09-25:SD:SF:1,2020-09-25,SF,SD,6.5,0.4098360655737704,0.5108342361863489,True,True,4,1,0.4844261373529155,0.5108342361863489,-0.0264080988334333,0.0264080988334333,low_total,9,road_favorite,within_3pp,largest,0.0,-0.1,18.0,0.0249721247722283,True,0
kaggle_mlb_vegas:2020-09-26:NYM:WSH:1,2020-09-26,WSH,NYM,5.0,0.4437955082515226,0.4675324675324676,True,True,4,1,0.4930852012532806,0.4675324675324676,0.025552733720813,0.025552733720813,low_total,9,road_favorite,within_3pp,largest,0.0,1.6,27.0,0.0249721247722283,True,0
kaggle_mlb_vegas:2020-09-27:MIA:NYY:0,2020-09-27,NYY,MIA,9.5,0.6245958239710637,0.5108342361863489,False,False,4,0,0.4846405621885726,0.5108342361863489,-0.0261936739977762,0.0261936739977762,high_total,9,home_favorite,within_3pp,largest,0.0,1.7999999999999998,39.0,0.0249721247722283,True,0
kaggle_mlb_vegas:2020-09-27:MIL:STL:0,2020-09-27,STL,MIL,8.0,0.5,0.5217391304347826,True,False,4,0,0.4936143499027515,0.5217391304347826,-0.0281247805320311,0.0281247805320311,high_total,9,home_favorite,within_3pp,largest,0.0,0.3999999999999999,18.0,0.0249721247722283,True,0
kaggle_mlb_vegas:2021-04-01:STL:CIN:0,2021-04-01,CIN,STL,7.0,0.5381158455392809,0.5217391304347826,False,True,4,1,0.4884040118125492,0.5217391304347826,-0.0333351186222333,0.0333351186222333,low_total,4,home_favorite,market_higher_by_3pp,largest,0.0,0.3000000000000002,18.0,0.0249721247722283,True,0
kaggle_mlb_vegas:2021-04-02:TB:MIA:0,2021-04-02,MIA,TB,7.5,0.5092984332140034,0.4675324675324676,False,True,4,1,0.4930685780753353,0.4675324675324676,0.0255361105428677,0.0255361105428677,low_total,4,home_favorite,within_3pp,largest,0.0999999999999999,0.3999999999999999,23.0,0.0249721247722283,True,0
kaggle_mlb_vegas:2021-04-04:LAD:COL:0,2021-04-04,COL,LAD,12.0,0.3373231773667029,0.4891657638136511,False,False,4,0,0.5190467819469174,0.4891657638136511,0.0298810181332663,0.0298810181332663,high_total,4,road_favorite,within_3pp,largest,-0.3999999999999999,-3.5,30.0,0.0249721247722283,True,1
kaggle_mlb_vegas:2021-04-04:STL:CIN:0,2021-04-04,CIN,STL,9.5,0.4837531945965681,0.5217391304347826,True,True,4,1,0.4954695679147478,0.5217391304347826,-0.0262695625200347,0.0262695625200347,high_total,4,road_favorite,within_3pp,largest,0.0,-0.3999999999999994,21.0,0.0249721247722283,True,1
kaggle_mlb_vegas:2021-04-06:ARI:COL:0,2021-04-06,COL,ARI,10.5,0.5401967050867028,0.4782608695652174,False,True,4,1,0.5193625143600586,0.4782608695652174,0.0411016447948412,0.0411016447948412,high_total,4,home_favorite,model_higher_by_3pp,largest,-0.3,-3.4000000000000004,19.0,0.0249721247722283,True,1
kaggle_mlb_vegas:2021-04-07:NYM:PHI:0,2021-04-07,PHI,NYM,8.0,0.6120841659809568,0.5217391304347826,True,True,4,1,0.4932506059061607,0.5217391304347826,-0.0284885245286218,0.0284885245286218,high_total,4,home_favorite,within_3pp,largest,0.2,2.2000000000000006,35.0,0.0249721247722283,True,0
kaggle_mlb_vegas:2021-04-07:PIT:CIN:0,2021-04-07,CIN,PIT,8.0,0.6511627906976745,0.5217391304347826,True,True,4,1,0.4840576697255974,0.5217391304347826,-0.0376814607091851,0.0376814607091851,high_total,4,home_favorite,market_higher_by_3pp,largest,0.1999999999999999,2.6,33.0,0.0249721247722283,True,0
kaggle_mlb_vegas:2021-04-08:KC:CWS:0,2021-04-08,CWS,KC,8.0,0.6135617936565805,0.5217391304347826,True,False,4,0,0.4958135385796989,0.5217391304347826,-0.0259255918550836,0.0259255918550836,high_total,4,home_favorite,within_3pp,largest,-0.2999999999999999,-1.5,21.0,0.0249721247722283,True,1
kaggle_mlb_vegas:2021-04-09:CIN:ARI:0,2021-04-09,ARI,CIN,9.5,0.4217358857321369,0.4782608695652174,False,True,4,1,0.5043294749173354,0.4782608695652174,0.0260686053521179,0.0260686053521179,high_total,4,road_favorite,within_3pp,largest,-0.1999999999999999,-3.3999999999999995,22.0,0.0249721247722283,True,1
kaggle_mlb_vegas:2021-04-11:PHI:ATL:0,2021-04-11,ATL,PHI,9.0,0.6105953597180889,0.5217391304347826,False,True,4,1,0.4906377036175246,0.5217391304347826,-0.0311014268172579,0.0311014268172579,high_total,4,home_favorite,market_higher_by_3pp,largest,-0.0999999999999999,0.5,26.0,0.0249721247722283,True,0
kaggle_mlb_vegas:2021-04-12:WSH:STL:0,2021-04-12,STL,WSH,8.5,0.5693398957730168,0.5217391304347826,False,False,4,0,0.4931433743282254,0.5217391304347826,-0.0285957561065571,0.0285957561065571,high_total,4,home_favorite,within_3pp,largest,0.0999999999999999,-1.0999999999999996,23.0,0.0249721247722283,True,0
kaggle_mlb_vegas:2021-04-13:CLE:CWS:0,2021-04-13,CWS,CLE,6.5,0.5185243789416578,0.5108342361863489,False,False,4,0,0.4832771791700629,0.5108342361863489,-0.0275570570162859,0.0275570570162859,low_total,4,home_favorite,within_3pp,largest,0.0,-0.1,23.0,0.0249721247722283,True,0
kaggle_mlb_vegas:2021-04-13:SEA:BAL:2,2021-04-13,BAL,SEA,7.0,0.5542635658914729,0.4782608695652174,True,True,4,1,0.5075939955094063,0.4782608695652174,0.0293331259441889,0.0293331259441889,low_total,4,home_favorite,within_3pp,largest,-0.1999999999999999,0.0,25.0,0.0249721247722283,True,0
kaggle_mlb_vegas:2021-04-13:TEX:TB:0,2021-04-13,TB,TEX,8.0,0.6105953597180889,0.4782608695652174,False,True,4,1,0.5091247881936873,0.4782608695652174,0.0308639186284699,0.0308639186284699,high_total,4,home_favorite,model_higher_by_3pp,largest,0.2,0.3000000000000002,32.0,0.0249721247722283,True,0
