batter_id,year,avg_exit_velo,at_bats,avg_launch_angle
444482,2024,82.85365853658537,369,14.831978319783198
453568,2024,80.41111111111111,720,19.699029126213592
455117,2024,81.30666666666667,165,18.86060606060606
455117,2025,80.07278911564626,147,15.08843537414966
456781,2024,81.95921052631579,456,19.146929824561404
456781,2025,83.16281588447653,277,17.787003610108304
457705,2024,82.77168284789644,618,16.5
457705,2025,83.36071922544951,723,16.84
457759,2024,81.42129629629629,864,23.54398148148148
457759,2025,82.21225165562913,302,24.23841059602649
458015,2024,103.5,1,24.0
462101,2024,101.75,2,-20.0
467055,2024,75.1,10,27.7
467793,2024,83.75522580645162,775,17.410553410553412
467793,2025,83.1185582822086,652,18.113496932515336
493329,2024,82.14206349206349,126,23.73015873015873
493329,2025,80.25616438356164,73,31.675675675675677
500743,2024,80.56416666666668,480,12.383333333333333
500743,2025,81.31869369369369,444,14.941704035874439
500871,2024,81.54166666666667,12,15.153846153846153
501303,2024,80.875,36,11.555555555555555
502054,2024,84.65301003344482,598,14.13856427378965
502054,2025,85.17717996289424,539,9.400369003690036
502110,2024,83.42936746987952,664,19.3978978978979
502671,2024,84.49478260869564,920,18.683695652173913
502671,2025,85.1076726342711,782,23.32097186700767
506702,2024,,0,
506702,2025,84.55499999999999,20,23.85
514888,2024,80.94247311827957,930,14.59656652360515
514888,2025,80.86724537037037,864,17.354094579008073
516782,2024,81.6962457337884,586,9.822525597269625
516782,2025,81.08961625282167,443,13.358916478555305
518595,2024,83.64715261958997,439,16.588636363636365
518595,2025,82.56161290322581,310,19.570967741935483
518692,2024,83.21513982642237,1037,17.409047160731472
518692,2025,84.56202270381837,969,17.653250773993808
518735,2024,85.13698630136986,292,13.720136518771332
518792,2024,82.67685950413224,363,12.623626373626374
518792,2025,82.51147540983607,122,12.59016393442623
518934,2024,84.75081967213114,305,12.34640522875817
518934,2025,86.77784431137724,167,13.125748502994012
519058,2024,,0,
519203,2024,82.26412859560068,591,17.00168634064081
519317,2024,87.12875816993464,612,21.207177814029365
519317,2025,86.45748502994012,334,19.059880239520957
521692,2024,84.85444801714898,933,20.474304068522486
521692,2025,84.14238551650692,939,20.335812964930923
527038,2024,79.236312849162,358,23.43854748603352
527038,2025,81.40014598540145,685,21.14868804664723
541645,2024,83.46630434782608,92,13.01086956521739
541650,2024,,0,
542194,2024,80.5028846153846,208,13.842105263157896
542194,2025,84.825,4,22.0
542208,2024,80.72307692307693,13,21.076923076923077
542303,2024,85.01079865016874,889,18.60942760942761
542303,2025,82.98716502115656,709,18.484507042253522
542364,2024,79.79523809523809,21,21.80952380952381
542932,2024,79.3135593220339,118,15.218487394957982
542932,2025,80.37723577235772,123,11.934959349593496
542963,2024,83.3111111111111,18,31.88888888888889
542963,2025,79.72592592592592,27,20.074074074074073
543063,2024,80.12708333333333,96,16.114583333333332
543068,2024,67.9,1,29.0
543228,2024,81.68705035971223,139,22.690647482014388
543257,2024,81.396,275,19.094202898550726
543305,2024,81.74252873563219,87,8.272727272727273
543309,2024,82.47513661202186,366,19.35967302452316
543309,2025,83.49620535714287,448,21.154017857142858
543510,2024,81.48122977346279,309,17.392282958199356
543510,2025,84.89874213836478,159,12.5125
543518,2024,98.8,1,-20.0
543592,2024,,0,
543592,2025,81.69571428571429,70,22.985915492957748
543685,2024,82.5835734870317,347,22.39367816091954
543760,2024,82.44161616161615,990,19.143145161290324
543760,2025,81.98541666666667,768,19.467447916666668
543807,2024,81.69727722772276,808,11.977722772277227
543807,2025,83.51701877934272,852,18.992957746478872
543877,2024,80.95161987041037,463,21.90301724137931
543877,2025,81.8084690553746,307,23.04560260586319
543939,2024,,0,
544725,2024,,0,
545121,2024,82.29602977667494,403,5.844059405940594
545121,2025,83.81630434782609,184,7.494565217391305
545341,2024,85.03205128205128,390,20.046035805626598
545341,2025,85.4370283018868,424,17.776470588235295
545350,2024,74.66666666666667,6,7.333333333333333
545350,2025,,0,
545358,2024,,0,
545358,2025,86.8,2,37.5
545361,2024,82.0651282051282,195,24.821428571428573
545361,2025,83.04111999999999,625,22.945945945945947
546990,2024,,0,
546991,2024,83.66666666666667,9,8.0
546991,2025,84.06666666666666,3,40.0
546994,2024,77.28888888888889,9,22.0
547180,2024,83.55538461538461,910,17.55750273822563
547180,2025,83.8450184501845,813,15.954545454545455
547379,2024,97.3,1,-32.0
547989,2024,82.54388888888889,180,13.316666666666666
553869,2024,81.52891089108911,505,14.274703557312254
553869,2025,81.73274853801169,342,20.83139534883721
553882,2024,79.28606557377049,122,22.581967213114755
553882,2025,80.92903225806452,31,20.419354838709676
553988,2025,,0,
553993,2024,83.17481662591688,818,19.195121951219512
553993,2025,83.72437641723356,882,18.640589569160998
570481,2024,,0,
570482,2024,80.71951219512195,738,15.720867208672086
570482,2025,81.45992366412214,262,13.33206106870229
570560,2024,70.625,4,-24.25
571448,2024,82.32850971922245,926,20.09611231101512
571448,2025,83.25961538461539,624,20.2928
571466,2024,75.0,105,4.533333333333333
571466,2025,79.22500000000001,28,21.357142857142858
571657,2024,81.85263157894737,323,18.154798761609907
571657,2025,83.07193396226415,424,18.032941176470587
571745,2024,84.43264887063654,487,14.763265306122449
571771,2024,83.08941368078176,614,20.556818181818183
571771,2025,83.7546511627907,430,20.68445475638051
571875,2024,81.61666666666666,18,29.88888888888889
571875,2025,82.28461538461539,13,36.92307692307692
571912,2024,78.58296703296703,182,14.351648351648352
571912,2025,79.41549295774648,71,18.40277777777778
571970,2024,83.74103896103895,385,23.714285714285715
571970,2025,84.56371841155236,554,20.771171171171172
572039,2024,,0,
572138,2024,83.3365909090909,440,18.486363636363638
572138,2025,78.925,16,8.875
572191,2024,81.2667673716012,331,16.8018018018018
572191,2025,81.57786666666667,375,20.424
572204,2024,,0,
572204,2025,78.925,4,26.5
572228,2024,82.625,12,16.166666666666668
572233,2024,83.15907960199004,804,22.27577639751553
572233,2025,83.57927400468384,854,21.023391812865498
572761,2024,79.24102564102564,195,19.08205128205128
573262,2024,84.20779436152571,603,20.47927031509121
573262,2025,84.49424364123159,747,23.04272363150868
575929,2024,83.51080459770114,435,17.579310344827586
575929,2025,83.66591549295775,710,14.382022471910112
578428,2024,80.81431192660551,545,12.680073126142595
578428,2025,79.7920731707317,492,10.610547667342798
592178,2024,80.39839572192513,187,17.914438502673796
592178,2025,81.14,65,14.738461538461538
592192,2024,81.295,620,16.10950080515298
592192,2025,83.2489010989011,182,21.67032967032967
592200,2024,79.45759493670886,158,13.955696202531646
592200,2025,,0,
592205,2024,,0,
592206,2024,82.280404685836,939,16.22553191489362
592206,2025,81.08489289740699,887,14.929292929292929
592273,2024,82.46008492569001,471,11.60126582278481
592273,2025,97.4,10,6.0
592325,2024,82.56666666666666,93,15.838709677419354
592325,2025,72.825,4,34.75
592348,2024,80.93255813953488,43,-0.6363636363636364
592348,2025,95.1,2,-16.0
592450,2024,87.60429234338747,862,22.294663573085845
592450,2025,87.72618421052631,760,20.42763157894737
592518,2024,85.64012738853503,942,21.258474576271187
592518,2025,85.42956705385429,947,21.746315789473684
592622,2024,90.25,2,59.5
592626,2024,84.37708333333333,576,22.38715277777778
592626,2025,85.8548872180451,399,20.86284289276808
592663,2024,83.49983277591973,598,15.592654424040067
592663,2025,83.68398486759142,793,15.3874213836478
592669,2024,83.48290441176471,544,18.60183486238532
592669,2025,84.58782051282051,156,17.07051282051282
592696,2024,82.95353773584907,424,15.785377358490566
592696,2025,86.32222222222222,9,22.77777777777778
592885,2024,83.87610837438423,406,7.830466830466831
592885,2025,83.57739975698664,823,9.45995145631068
593160,2024,79.34361054766734,493,19.551724137931036
593428,2024,82.62472952086553,647,11.749613601236476
593428,2025,84.29880239520958,668,12.209509658246656
593871,2024,83.29656946826758,583,22.308747855917666
593871,2025,84.82173913043479,782,17.795165394402037
593934,2024,85.3048,125,12.408
594807,2024,82.16235011990408,417,21.930455635491608
595281,2024,79.73801169590644,342,10.932944606413994
595284,2024,83.72,5,6.0
595453,2024,69.4,1,38.0
595453,2025,83.08,5,4.2
595751,2024,,0,
595751,2025,78.85932203389831,59,16.45762711864407
595777,2024,84.3,1019,17.400980392156864
595777,2025,83.91869328493648,551,20.597472924187727
595879,2024,82.02102564102564,390,14.171794871794871
595879,2025,81.34180327868853,610,12.31045751633987
595909,2024,80.97577002053387,487,11.538934426229508
595943,2024,,0,
595956,2024,81.3,3,61.666666666666664
595978,2024,77.97170731707317,205,21.111650485436893
595978,2025,80.34979919678715,249,24.12
596019,2024,85.6952963311383,1063,19.559736594543743
596019,2025,84.20094161958568,1062,19.430985915492958
596103,2024,83.18273092369478,249,16.843373493975903
596103,2025,84.61555555555556,225,16.36
596115,2024,81.22230215827338,139,22.928571428571427
596115,2025,83.86879823594266,907,19.97914379802415
596117,2024,75.48921933085501,269,19.855555555555554
596117,2025,81.34444444444445,9,4.333333333333333
596129,2024,86.98105263157896,95,12.15625
596142,2024,83.16813880126183,317,15.400630914826499
596142,2025,85.74761904761905,126,17.212598425196852
596146,2024,82.38947368421053,570,18.24693520140105
596146,2025,83.80453172205438,662,19.826283987915406
596847,2024,81.9235294117647,17,13.529411764705882
600869,2024,82.04168039538716,607,11.774299835255354
600869,2025,82.0142857142857,133,14.022556390977444
602104,2024,83.4589552238806,402,17.583126550868485
602104,2025,83.32444889779559,499,19.024048096192384
605113,2024,78.79807692307692,312,15.288461538461538
605113,2025,82.21176470588235,17,16.11764705882353
605119,2024,101.56666666666666,3,10.0
605131,2024,79.64292682926829,205,17.253658536585366
605131,2025,79.67017543859649,57,10.701754385964913
605137,2024,82.4393085787452,781,15.921895006402048
605137,2025,84.93584637268847,703,16.44238975817923
605141,2024,83.6544642857143,784,23.823979591836736
605141,2025,84.51239495798319,952,20.88993710691824
605170,2024,83.86143250688706,363,12.304945054945055
605170,2025,83.75979797979798,495,15.07429718875502
605204,2024,84.3701030927835,194,9.489690721649485
605204,2025,84.81176470588235,17,1.9411764705882353
605244,2024,81.84444444444445,18,3.9444444444444446
605244,2025,91.34545454545454,11,27.363636363636363
605346,2024,79.2372340425532,94,19.54255319148936
605346,2025,76.3,8,11.75
605353,2025,84.03076923076924,26,27.0
605361,2024,82.44150943396225,212,18.221698113207548
605361,2025,81.57692307692308,156,19.936305732484076
605421,2024,85.65,2,14.5
605548,2024,89.2,4,-16.75
605612,2025,84.08387096774193,31,10.67741935483871
606019,2024,87.33333333333333,3,30.333333333333332
606115,2024,82.61313506815365,807,12.29579207920792
606115,2025,81.43494809688582,289,14.259515570934257
606192,2024,83.16936736958935,901,18.99889135254989
606192,2025,83.24564676616916,804,13.874534161490683
606466,2024,86.34736180904522,796,14.696741854636592
606466,2025,85.36298342541437,724,15.344827586206897
606992,2024,79.87866666666666,75,11.092105263157896
606992,2025,76.25,92,9.206521739130435
607043,2024,84.22377049180328,976,18.419816138917263
607043,2025,84.95690045248868,884,18.205417607223477
607054,2024,76.71891891891892,37,-1.4594594594594594
607067,2025,66.2,3,38.333333333333336
607208,2024,83.160201511335,794,14.906918238993711
607208,2025,83.0233695652174,920,15.171739130434782
607680,2024,80.16666666666667,453,20.068281938325992
607680,2025,82.73370786516854,89,23.921348314606742
607732,2024,82.15031847133758,314,16.579113924050635
607732,2025,80.43588235294118,170,13.423529411764706
608070,2024,84.70887166236004,1161,21.809114359415304
608070,2025,83.93478672985782,1055,21.737937559129612
608324,2024,83.92911668484187,917,22.238302502720348
608324,2025,85.31392215568862,668,21.778443113772454
608336,2024,82.88964285714285,280,26.914590747330962
608348,2024,82.87315914489311,421,17.817535545023695
608348,2025,82.41123966942149,605,21.573553719008263
608360,2025,83.81428571428572,7,-8.0
608369,2024,84.64876712328767,730,18.964383561643835
608369,2025,85.37120141342756,566,18.199646643109542
608385,2024,82.14249649368864,713,18.828892005610097
608385,2025,82.6588785046729,107,20.0
608422,2024,,0,
608596,2024,83.88205128205128,39,11.925
608671,2024,78.36007326007326,273,11.498168498168498
608671,2025,78.96329113924051,79,6.582278481012659
608701,2024,82.65984042553191,376,13.63563829787234
608701,2025,84.32602230483272,269,18.256505576208177
608841,2024,83.71561771561771,429,13.839160839160838
608841,2025,84.24285714285715,7,19.285714285714285
609274,2024,47.6,1,-13.0
609280,2024,81.70191082802548,471,11.26271186440678
609280,2025,82.84790076335878,524,14.69449715370019
613546,2024,,0,
613564,2024,86.58048780487805,41,19.609756097560975
614173,2025,69.12,5,1.0
620443,2024,83.71767676767676,198,16.934343434343436
620443,2025,84.23333333333333,396,12.133165829145728
620449,2025,90.5,2,2.0
621008,2024,,0,
621008,2025,,0,
621020,2024,83.17652399481193,771,13.243839169909208
621020,2025,84.101536643026,846,15.469893742621016
621028,2024,80.37885985748218,421,14.415676959619953
621028,2025,79.51384615384616,195,19.81025641025641
621035,2024,80.6289156626506,332,18.28012048192771
621035,2025,80.81931034482758,145,18.144827586206898
621043,2024,85.78243801652891,484,14.171487603305785
621043,2025,84.2570895522388,804,15.008684863523573
621311,2024,81.02448979591837,98,21.1734693877551
621433,2024,,0,
621438,2024,82.09595588235294,544,20.126605504587157
621438,2025,80.47323340471092,467,24.552462526766597
621439,2024,85.16899224806201,516,17.949612403100776
621439,2025,85.16718972895863,701,17.89615931721195
621450,2024,,0,
621458,2024,83.65555555555555,9,16.0
621458,2025,83.45,10,-10.2
621466,2024,82.72355555555555,225,21.92
621466,2025,79.1,8,21.375
621493,2024,83.8836784409257,821,19.936739659367397
621493,2025,84.28506493506494,770,20.809585492227978
621512,2024,82.37795698924731,186,16.79144385026738
621512,2025,79.66610169491526,59,17.28813559322034
621529,2024,92.33333333333333,3,31.666666666666668
621529,2025,79.28571428571429,7,28.285714285714285
621532,2024,84.25,6,4.571428571428571
621545,2024,78.83250000000001,40,14.475
621550,2024,83.84170403587444,223,28.672645739910315
621563,2024,80.63454545454545,55,2.2181818181818183
621566,2024,83.44095796676443,1023,22.510721247563353
621566,2025,85.36794742163801,989,21.90293225480283
622110,2024,89.76,10,12.7
622268,2024,78.1032258064516,31,23.06451612903226
622268,2025,82.87,20,2.65
622491,2024,,0,
622534,2024,80.8288844621514,502,19.280318091451292
622534,2025,78.29756097560976,41,20.146341463414632
622569,2024,80.61142857142858,105,19.61904761904762
622569,2025,81.77540983606558,61,22.049180327868854
622761,2024,79.53039215686275,306,20.96732026143791
622761,2025,78.36168224299067,107,21.175925925925927
623168,2024,73.50952380952381,21,27.095238095238095
623168,2025,77.22583025830258,271,19.228782287822877
623205,2024,,0,
623205,2025,81.55,12,18.833333333333332
623507,2024,,0,
623520,2024,81.55,60,15.2
623912,2024,81.81219512195122,328,6.399390243902439
623993,2024,83.27908745247149,1052,26.11596958174905
623993,2025,83.1,383,27.096354166666668
624413,2024,83.66806451612904,930,19.07741935483871
624413,2025,86.7442265795207,918,20.75108695652174
624414,2024,,0,
624414,2025,74.38888888888889,9,18.0
624415,2024,77.54879725085911,291,23.0446735395189
624415,2025,83.4175925925926,108,17.25
624424,2024,83.76526655896608,619,17.848142164781905
624424,2025,82.95470852017937,669,15.7
624428,2024,77.97941834451902,447,18.61744966442953
624428,2025,79.89759358288771,748,18.86096256684492
624431,2024,82.41666666666667,294,13.433898305084746
624431,2025,83.50299999999999,400,16.8125
624503,2024,79.3488888888889,405,13.068965517241379
624503,2025,85.25,2,-26.5
624512,2024,79.13694581280788,203,16.40394088669951
624512,2025,80.60000000000001,196,19.056122448979593
624513,2024,86.16666666666667,6,-4.333333333333333
624513,2025,72.89999999999999,12,5.083333333333333
624523,2025,90.9,5,20.0
624585,2024,83.84167852062589,703,17.699857752489333
624585,2025,82.87044854881267,379,16.076517150395777
624641,2024,80.87512315270936,406,15.639705882352942
624641,2025,81.75728643216081,398,16.77889447236181
628451,2024,82.31022099447513,362,22.298342541436465
628451,2025,81.8072607260726,303,18.856209150326798
630105,2024,82.00867810292634,991,19.183467741935484
630105,2025,81.26995884773663,729,20.37568306010929
640458,2025,82.575,8,7.625
640459,2025,92.01052631578948,19,10.947368421052632
640460,2024,85.7,2,53.0
640492,2024,78.80483870967741,124,15.161290322580646
640492,2025,80.55348837209303,43,12.232558139534884
640902,2024,81.88958333333333,48,16.583333333333332
640902,2025,82.5561224489796,98,19.29591836734694
641302,2025,88.15,2,-9.5
641313,2024,80.31031518624641,349,6.0573065902578795
641313,2025,82.46363636363635,143,11.034965034965035
641343,2024,82.1521186440678,472,22.875
641343,2025,84.03133802816902,284,17.926315789473684
641355,2024,82.49780927835052,776,17.947232947232948
641355,2025,83.08517073170732,1025,21.098536585365853
641432,2024,82.82592592592593,351,20.854700854700855
641468,2025,93.7,1,20.0
641487,2024,81.5104377104377,594,17.121008403361344
641487,2025,80.8845084409136,1007,18.566468253968253
641505,2024,76.375,4,-18.75
641511,2024,79.98387096774194,31,24.93548387096774
641511,2025,94.3,1,21.0
641555,2024,83.225,4,28.0
641555,2025,85.26558441558441,154,16.29032258064516
641584,2024,79.63706293706294,572,15.63304347826087
641584,2025,80.76390728476821,302,18.607260726072607
641598,2024,83.86644736842105,456,19.88402625820569
641598,2025,85.84104046242774,346,22.716763005780347
641645,2024,81.1406015037594,266,15.778195488721805
641645,2025,80.51612903225806,31,23.677419354838708
641658,2024,80.03289473684211,304,20.026315789473685
641658,2025,75.53550724637681,138,25.818840579710145
641680,2024,82.62900136798906,731,19.189890710382514
641680,2025,82.37077922077923,616,21.26860841423948
641779,2024,79.11666666666666,30,22.8
641796,2025,77.875,4,20.25
641820,2024,80.60000000000001,12,19.583333333333332
641820,2025,86.65714285714286,7,27.142857142857142
641856,2024,80.10681818181818,44,8.090909090909092
641856,2025,80.70322580645161,31,20.096774193548388
641857,2024,83.14498834498833,858,17.83100233100233
641857,2025,83.69735744089013,719,18.866666666666667
641924,2025,,0,
641933,2024,84.67763636363635,550,20.7967332123412
641933,2025,83.17943548387096,248,21.5
641943,2024,85.66930693069307,101,12.96116504854369
641943,2025,80.62081218274112,197,16.180904522613066
642020,2024,78.36915887850468,107,12.064814814814815
642020,2025,67.03529411764706,17,17.470588235294116
642021,2024,93.35,2,32.5
642086,2024,82.73394255874673,383,16.242819843342037
642086,2025,83.22118380062305,321,17.643962848297214
642133,2024,83.09742647058823,544,22.395220588235293
642133,2025,84.92135922330097,412,21.45278450363196
642134,2024,,0,
642136,2024,80.82804232804233,189,17.227513227513228
642136,2025,81.82585551330799,263,20.121673003802282
642137,2025,97.05000000000001,2,-7.0
642165,2024,107.8,1,21.0
642180,2024,76.90253807106599,197,18.568527918781726
642180,2025,75.85033112582781,151,13.509933774834437
642197,2024,81.55833333333334,60,20.9
642197,2025,79.875,4,11.25
642201,2024,80.15166666666667,60,6.533333333333333
642201,2025,81.31767955801105,362,13.823691460055096
642215,2024,84.79909909909911,111,14.544642857142858
642215,2025,82.63288590604026,149,13.566666666666666
642336,2024,80.35,8,13.875
642350,2024,80.79737373737373,495,17.58989898989899
642350,2025,77.774,50,17.84
642451,2024,,0,
642708,2024,80.89567010309278,485,12.553497942386832
642708,2025,82.98055555555555,288,16.2680412371134
642715,2024,83.0294052863436,908,22.408590308370044
642715,2025,84.00625724217844,863,19.691329479768786
642727,2024,69.46923076923078,13,17.76923076923077
642727,2025,77.15714285714286,7,16.714285714285715
642731,2024,81.83862745098038,510,11.119140625
642731,2025,82.88558558558557,222,11.914798206278027
642851,2024,83.15714285714286,28,17.25
642851,2025,83.06242774566473,173,14.364161849710984
643217,2024,81.95275035260931,709,20.839662447257385
643217,2025,82.7638535031847,628,24.019108280254777
643265,2024,80.80416666666666,144,13.743055555555555
643265,2025,81.55000000000001,2,44.0
643289,2024,79.93121387283237,692,20.664739884393065
643289,2025,78.96977547495682,579,19.204819277108435
643348,2024,,0,
643376,2024,82.42464114832536,418,23.630071599045348
643376,2025,82.49380952380953,420,24.96919431279621
643393,2024,75.71176470588235,17,20.88235294117647
643396,2024,81.28360655737706,671,13.551415797317437
643396,2025,79.7297071129707,717,9.773296244784422
643446,2024,81.10231362467866,778,18.501925545571247
643446,2025,81.39915254237287,708,20.361462728551338
643565,2024,81.36815533980582,515,20.697674418604652
643565,2025,82.08115671641791,536,22.178770949720672
644433,2024,80.51470588235294,68,19.279411764705884
644433,2025,84.28333333333333,24,19.16
645277,2024,82.71988950276243,724,20.095172413793104
645277,2025,82.81647668393782,965,19.334715025906736
645302,2024,78.84722955145118,379,12.493403693931398
645302,2025,79.89439252336449,214,14.682242990654206
645305,2024,80.14920634920634,126,12.817460317460318
645305,2025,81.93243243243244,37,22.54054054054054
645444,2024,77.84391891891892,148,14.878378378378379
645444,2025,77.13384615384615,260,18.107692307692307
645801,2024,80.19024390243902,82,13.865853658536585
645801,2025,88.44166666666666,12,26.916666666666668
646240,2024,85.42709923664121,786,19.68702290076336
646240,2025,85.37726775956284,915,21.24235807860262
647304,2024,83.9799331103679,897,13.297658862876254
647304,2025,83.53606741573034,890,14.793490460157127
647351,2024,80.9942748091603,524,15.369523809523809
647351,2025,82.11339712918661,418,18.735714285714284
649557,2024,80.56458333333333,48,15.395833333333334
649966,2024,79.4718954248366,153,15.875816993464053
649966,2025,81.67461706783371,457,20.40829694323144
650331,2024,74.6,1,44.0
650333,2024,82.21478260869566,1150,18.330147697654215
650333,2025,81.17169149868536,1141,18.745836985100787
650391,2024,85.06594724220624,417,7.825775656324582
650391,2025,,0,
650402,2024,82.88065134099617,1044,21.306513409961685
650402,2025,84.24493392070484,908,22.316831683168317
650489,2024,80.59016393442623,854,17.643691588785046
650489,2025,80.29077901430843,629,14.646031746031746
650490,2024,84.53042035398231,904,16.09502762430939
650490,2025,85.98020713463752,869,14.965556831228472
650559,2024,83.62054631828978,842,17.0094674556213
650559,2025,85.46056338028168,71,22.971830985915492
650859,2024,81.77136465324385,447,9.961968680089486
650859,2025,82.28674388674389,777,12.04890604890605
650907,2024,86.52105263157894,57,19.263157894736842
650907,2025,77.08571428571429,7,21.428571428571427
650968,2024,,0,
650968,2025,81.72553956834533,278,23.712230215827336
651016,2024,,0,
651016,2025,100.5,1,8.0
655316,2024,81.26041666666667,192,21.817708333333332
655316,2025,81.5625,192,24.161458333333332
656024,2024,,0,
656180,2024,81.76666666666667,189,15.01578947368421
656180,2025,84.74395280235989,339,15.979411764705882
656185,2024,97.0,5,8.6
656185,2025,84.29333333333334,15,6.2
656248,2024,82.03125,128,21.3828125
656248,2025,82.19428571428571,105,27.723809523809525
656305,2024,84.5965034965035,858,22.09617612977984
656305,2025,84.71079027355623,658,20.93617021276596
656308,2024,,0,
656388,2024,,0,
656413,2024,78.98156862745098,255,18.352941176470587
656413,2025,76.17179487179487,78,18.628205128205128
656448,2024,87.59166666666665,12,28.666666666666668
656448,2025,,0,
656462,2024,,0,
656484,2024,83.34848484848484,33,15.272727272727273
656484,2025,83.95669291338582,127,19.47244094488189
656495,2024,,0,
656537,2024,80.48514851485149,202,11.158415841584159
656537,2025,81.36565656565656,198,16.37878787878788
656541,2024,83.23850574712644,174,20.29310344827586
656541,2025,82.47894736842105,76,19.09090909090909
656555,2024,82.92560975609756,656,20.664634146341463
656555,2025,84.68632911392405,395,23.11898734177215
656577,2024,81.57688442211055,199,20.326633165829147
656577,2025,82.13228346456692,127,19.708661417322833
656582,2024,80.20364683301344,521,18.42528735632184
656582,2025,83.70476190476191,105,16.590476190476192
656627,2024,88.05,2,45.0
656627,2025,,0,
656666,2024,104.1,1,25.0
656669,2024,82.06666666666666,12,19.166666666666668
656716,2024,82.60262008733625,458,20.62663755458515
656716,2025,80.14722222222223,756,19.784391534391535
656775,2024,80.77794117647059,748,25.377837116154872
656775,2025,80.80153846153846,715,24.96931659693166
656811,2024,84.47391304347826,713,14.534361851332399
656811,2025,83.15261744966442,745,15.916778523489933
656883,2024,83.74375,16,21.4375
656883,2025,83.5,1,-13.0
656896,2024,82.44635416666667,384,15.372395833333334
656896,2025,81.50988372093023,172,18.448275862068964
656941,2024,86.99407806191117,743,17.633064516129032
656941,2025,87.49987864077669,824,19.517575757575756
656976,2024,84.8448087431694,183,15.207650273224044
656976,2025,83.33796033994334,353,16.152974504249293
657041,2024,83.12875175315568,713,19.10909090909091
657041,2025,83.02849162011174,179,23.223463687150836
657061,2024,82.74179104477612,67,15.507462686567164
657077,2024,82.14622844827586,928,13.516163793103448
657077,2025,84.34981684981685,273,15.717948717948717
657088,2024,78.44864864864864,37,8.405405405405405
657088,2025,82.0,6,27.833333333333332
657136,2024,80.73460365853659,656,18.871951219512194
657136,2025,79.6375,256,17.2890625
657193,2024,81.30833333333334,24,10.666666666666666
657247,2024,84.88461538461539,13,2.8461538461538463
657247,2025,87.4625,8,5.375
657557,2024,82.09661538461539,650,20.986175115207374
657557,2025,81.60604026845637,298,23.348993288590606
657656,2024,82.66530120481927,415,15.874698795180723
657656,2025,84.03496932515338,652,16.699386503067483
657709,2024,69.925,4,32.5
657757,2024,82.1415014164306,706,17.77903682719547
657757,2025,84.68650472334683,741,19.172739541160595
658668,2024,81.69731543624161,298,15.602006688963211
659359,2024,74.3,1,36.0
660162,2024,81.4234375,64,10.569230769230769
660162,2025,82.31728395061728,324,19.089506172839506
660271,2024,86.46082474226804,970,18.483007209062823
660271,2025,87.40458612975391,894,16.639821029082775
660294,2024,,0,
660613,2025,,0,
660634,2024,,0,
660636,2024,74.425,8,-13.125
660644,2024,78.96249999999999,392,14.426020408163266
660644,2025,83.55496183206107,131,13.938931297709924
660670,2024,84.1356401384083,289,18.924657534246574
660670,2025,83.48841698841699,518,15.678227360308286
660688,2024,81.28699861687413,723,18.27900552486188
660688,2025,82.76206030150755,398,13.636591478696742
660707,2024,82.84310344827587,348,19.100574712643677
660710,2025,83.43333333333332,6,36.666666666666664
660757,2024,93.16666666666667,9,9.444444444444445
660757,2025,83.94814814814815,108,13.660550458715596
660758,2024,76.3,11,44.0
660766,2024,80.3568306010929,366,16.795640326975477
660766,2025,79.17333333333333,15,17.6
660821,2024,84.38683473389355,714,13.686713286713287
660821,2025,84.44938080495356,646,16.520123839009287
660829,2024,80.47500000000001,12,7.0
660844,2024,79.49578947368421,95,14.51578947368421
660844,2025,81.27884615384616,156,17.21019108280255
661388,2024,85.86993006993006,858,11.388824214202561
661388,2025,85.03448275862068,870,12.18213058419244
661411,2024,66.7,2,47.5
661531,2024,78.21666666666667,96,21.979166666666668
661733,2024,73.1,2,-5.0
662139,2024,80.52467343976778,689,24.269956458635704
662139,2025,83.13647798742139,477,24.81419624217119
663330,2024,79.91846153846154,65,18.384615384615383
663330,2025,85.3139175257732,194,18.34536082474227
663368,2024,81.2951219512195,492,18.083333333333332
663368,2025,82.28768472906404,203,11.764705882352942
663457,2024,84.5683870967742,465,12.532188841201716
663457,2025,84.42960339943343,706,21.41018387553041
663494,2024,97.7,1,19.0
663527,2024,82.60739726027397,365,14.655737704918034
663536,2025,81.9560975609756,41,14.268292682926829
663538,2024,80.87367864693447,946,16.12038014783527
663538,2025,82.08671952428146,1009,18.036633663366338
663550,2024,84.96601941747574,103,13.427184466019417
663584,2024,104.7,1,16.0
663584,2025,82.6757894736842,95,13.51578947368421
663586,2024,85.53888888888889,612,19.538336052202283
663586,2025,84.7429268292683,615,20.646103896103895
663604,2024,76.47241379310344,29,14.89655172413793
663604,2025,79.48363636363636,220,10.50909090909091
663609,2024,85.55384615384615,65,23.06153846153846
663609,2025,82.74126984126984,63,18.873015873015873
663611,2024,79.21363636363637,154,12.14935064935065
663616,2024,84.63744769874477,478,12.259414225941423
663616,2025,84.93120356612184,673,12.864985163204748
663624,2024,83.06028460543338,773,18.2984496124031
663624,2025,83.44424603174603,504,16.041666666666668
663630,2024,76.69166666666666,24,25.208333333333332
663647,2024,83.5312962962963,540,13.478821362799263
663647,2025,84.01841746248294,733,17.303401360544218
663656,2024,83.98404494382022,445,20.42247191011236
663656,2025,83.43888213851761,823,16.122721749696233
663662,2024,82.18185654008438,237,14.464435146443515
663662,2025,80.6265625,64,27.125
663697,2024,81.86953125000001,768,17.26397919375813
663697,2025,82.66525885558583,734,20.313432835820894
663698,2024,82.12857142857142,343,12.087463556851311
663698,2025,82.27157894736843,380,15.328947368421053
663714,2024,80.47999999999999,5,20.6
663714,2025,,0,
663727,2024,,0,
663728,2024,84.67062350119905,834,22.41007194244604
663728,2025,85.64965104685943,1003,26.427716849451645
663731,2024,103.6,1,1.0
663731,2025,76.708,25,32.32
663743,2024,79.50531914893617,470,17.51063829787234
663743,2025,82.85029761904762,336,20.319526627218934
663757,2024,84.36101694915254,236,22.970464135021096
663757,2025,84.82255747126437,696,21.492816091954023
663796,2024,97.19999999999999,2,9.5
663796,2025,85.87777777777778,9,-4.666666666666667
663807,2024,96.4,1,4.0
663837,2024,82.99939393939394,825,20.330909090909092
663837,2025,84.15033112582782,151,28.728476821192054
663845,2024,76.58,5,4.8
663853,2024,83.68263665594856,311,10.729903536977492
663853,2025,85.93384955752212,452,13.194690265486726
663886,2024,84.2384116693679,617,15.40032414910859
663886,2025,83.94974489795919,392,20.206632653061224
663897,2024,80.4703125,64,19.859375
663897,2025,76.91739130434782,46,21.891304347826086
663898,2024,82.50982264665757,733,11.824489795918367
663898,2025,82.45486111111111,144,14.944444444444445
663905,2024,80.90217391304348,46,12.23913043478261
663905,2025,,0,
663967,2024,79.92826086956521,46,11.51063829787234
663967,2025,75.15,16,17.0
663968,2024,83.14285714285714,7,8.571428571428571
663968,2025,81.4825,680,12.575402635431917
663979,2024,,0,
663993,2024,82.96596026490067,755,15.339498018494055
663993,2025,82.89646341463416,820,20.53958587088916
664023,2024,83.47747641509433,848,19.954009433962263
664023,2025,83.33568985176738,877,21.0
664034,2024,83.55237467018469,758,18.025065963060687
664034,2025,83.42843665768194,742,16.580645161290324
664040,2024,83.03063380281691,568,18.377855887521967
664040,2025,84.86702702702702,740,18.336927223719677
664056,2024,81.66717171717173,594,17.535353535353536
664056,2025,82.08605015673982,638,18.040625
664058,2024,78.9923076923077,13,19.307692307692307
664059,2024,77.89500000000001,20,17.4
664059,2025,82.31238938053097,226,12.819383259911895
664068,2024,80.5,12,16.916666666666668
664068,2025,79.54411764705883,34,23.91176470588235
664104,2024,,0,
664119,2024,74.15,2,45.5
664120,2024,85.16666666666667,9,21.88888888888889
664238,2024,82.1941391941392,546,27.031135531135533
664238,2025,80.55483870967743,341,25.944444444444443
664247,2024,,0,
664314,2024,80.48167938931299,131,11.633587786259541
664332,2025,82.625,4,38.75
664670,2024,,0,
664670,2025,,0,
664702,2024,78.26,5,30.6
664702,2025,80.17981859410432,441,19.179138321995463
664728,2024,81.53211169284468,573,13.531358885017422
664728,2025,80.18832391713748,531,13.951219512195122
664731,2024,,0,
664731,2025,73.45,2,0.5
664761,2024,84.34305717619603,857,16.939464493597207
664761,2025,84.16918844566713,727,15.632513661202186
664770,2024,82.6461038961039,154,21.233766233766232
664770,2025,81.66083650190114,789,18.84917617237009
664774,2024,84.19937888198758,483,18.84679089026915
664774,2025,83.21392405063291,316,23.920886075949365
664874,2024,83.0596153846154,52,22.596153846153847
664874,2025,98.2,1,70.0
664901,2024,79.30852272727272,176,19.755681818181817
664913,2024,82.8954128440367,545,18.192660550458715
664913,2025,82.65612244897959,98,17.79591836734694
664954,2024,81.06129032258065,31,19.548387096774192
664954,2025,86.37647058823529,17,32.529411764705884
664983,2024,78.32039942938658,701,12.918803418803419
664983,2025,79.05170278637772,323,13.092307692307692
665019,2024,83.64973544973545,189,23.058201058201057
665019,2025,84.47235621521335,539,19.962962962962962
665052,2024,80.7290322580645,124,14.57258064516129
665052,2025,82.59636363636363,110,17.70909090909091
665120,2024,80.54179104477612,67,21.402985074626866
665155,2024,81.23333333333333,12,36.75
665155,2025,83.36526315789473,95,24.305263157894736
665161,2024,82.03747152619589,878,10.989749430523919
665161,2025,83.71971608832808,634,8.83596214511041
665482,2024,80.02352941176471,17,-2.4705882352941178
665487,2024,86.24964539007092,564,14.953982300884956
665487,2025,85.97563636363635,825,13.312727272727273
665489,2024,86.05881126173097,959,13.484911550468262
665489,2025,85.96048298572997,911,12.257360959651036
665506,2024,81.63593073593074,231,12.577586206896552
665561,2024,80.49166666666666,72,12.083333333333334
665561,2025,81.95030674846626,163,16.96319018404908
665648,2024,100.1,1,9.0
665648,2025,,0,
665742,2024,87.380773480663,905,13.764057331863286
665742,2025,87.3873368146214,766,17.68057366362451
665750,2024,81.30882352941177,680,18.447870778267255
665750,2025,78.75278810408922,269,26.08921933085502
665782,2024,81.34634146341463,41,3.048780487804878
665782,2025,69.45,2,-8.5
665804,2024,81.93565737051792,502,15.815109343936381
665804,2025,82.52887323943662,142,19.732394366197184
665828,2024,81.35773195876288,485,17.88659793814433
665828,2025,81.48304093567252,171,15.339181286549708
665833,2024,86.47025862068966,696,13.281428571428572
665833,2025,86.84607329842933,573,12.975609756097562
665839,2024,83.05993788819876,322,24.402476780185758
665839,2025,84.80223880597015,134,23.529850746268657
665846,2024,73.32000000000001,5,42.2
665846,2025,79.15,4,5.0
665856,2024,81.7,5,24.8
665856,2025,87.26666666666667,6,10.333333333333334
665861,2024,,0,
665861,2025,81.9938775510204,49,18.408163265306122
665862,2024,83.09506462984723,851,13.283196239717979
665862,2025,83.56790490341753,673,17.915430267062316
665877,2024,80.76484375,128,16.046511627906977
665877,2025,81.36792452830188,106,19.358490566037737
665888,2024,94.6,1,9.0
665912,2024,,0,
665922,2024,81.43333333333334,3,14.666666666666666
665923,2024,82.63444444444445,90,12.78888888888889
665923,2025,76.1086956521739,23,12.956521739130435
665926,2024,80.22423038728898,1007,13.47718253968254
665926,2025,80.34739970282318,673,17.59881129271917
665953,2024,81.59137055837563,197,21.446700507614214
665953,2025,82.85058823529413,85,15.070588235294117
665966,2024,86.99,20,16.55
665966,2025,82.94332810047096,637,20.105180533751962
665987,2024,,0,
665989,2024,,0,
665998,2024,92.89999999999999,3,14.333333333333334
665998,2025,82.24074074074075,27,11.962962962962964
666018,2024,84.73654822335024,197,16.65989847715736
666018,2025,84.63660565723794,601,22.026622296173045
666023,2024,81.75553435114504,524,15.718095238095238
666023,2025,81.64132379248659,559,18.701785714285716
666126,2024,79.25,2,17.5
666126,2025,84.06595744680851,141,20.170212765957448
666133,2024,74.4,2,-16.5
666134,2024,81.68983957219251,374,14.518716577540108
666134,2025,82.90349264705883,544,20.053211009174312
666135,2024,84.64955752212389,226,18.951327433628318
666139,2024,82.06259124087592,548,20.522768670309652
666139,2025,81.18720238095239,672,18.524517087667164
666140,2024,87.875,4,16.5
666149,2024,81.4062344139651,401,19.154613466334165
666149,2025,79.05705329153605,319,17.460815047021942
666150,2024,79.0814465408805,318,17.454545454545453
666150,2025,83.18064516129031,62,25.967741935483872
666152,2024,81.75815789473684,380,21.58421052631579
666152,2025,80.45352697095436,241,17.674897119341562
666158,2024,82.52297687861272,692,14.184971098265896
666158,2025,82.24384384384385,666,14.193403298350825
666160,2024,82.5829525483304,569,20.054481546572934
666160,2025,84.0378861788618,615,19.101941747572816
666163,2024,80.25098039215686,408,15.704156479217604
666163,2025,77.2372340425532,188,17.829787234042552
666165,2024,85.23421052631579,38,20.736842105263158
666165,2025,76.87857142857142,28,20.5
666176,2024,81.33055091819699,599,20.45
666176,2025,84.45726927939317,791,19.460277427490542
666177,2025,96.3,5,19.6
666179,2024,,0,
666181,2024,82.724882629108,426,18.672131147540984
666181,2025,85.32184300341297,293,20.194539249146757
666182,2024,82.74822429906543,535,17.39179104477612
666182,2025,84.68975369458128,1015,16.02167487684729
666183,2024,,0,
666183,2025,91.1,2,25.5
666185,2024,80.75638888888889,360,22.288888888888888
666185,2025,82.0565340909091,352,21.821022727272727
666194,2025,78.5,2,38.0
666197,2024,80.05526315789473,38,20.473684210526315
666198,2025,77.47857142857143,14,21.142857142857142
666211,2024,66.56666666666666,12,32.416666666666664
666211,2025,83.58601398601398,143,16.13986013986014
666310,2024,82.47127468581688,557,20.745062836624776
666310,2025,83.07671009771987,614,23.667752442996743
666397,2024,83.17932098765432,324,15.317901234567902
666397,2025,82.36332046332046,259,10.586872586872587
666464,2024,86.0248407643312,157,14.80503144654088
666464,2025,85.47121212121213,66,8.893939393939394
666624,2024,83.6844250363901,687,16.23546511627907
666624,2025,84.00164835164834,364,19.473972602739725
666632,2025,75.0,7,-16.142857142857142
666703,2024,83.31515151515151,66,14.880597014925373
666703,2025,74.35833333333333,12,9.333333333333334
666783,2024,,0,
666801,2024,79.1,9,9.222222222222221
666801,2025,81.5,1,14.0
666915,2024,78.97760000000001,125,16.416
666915,2025,84.4945945945946,37,18.675675675675677
666931,2024,,0,
666931,2025,,0,
666969,2024,84.17032019704433,812,17.87484662576687
666969,2025,84.64293262879788,757,21.257255936675463
666971,2024,82.02502994011975,835,17.82915173237754
666971,2025,82.732049689441,805,18.3055900621118
667240,2024,,0,
667240,2025,71.5,5,52.0
667372,2024,75.64,5,16.8
667428,2024,75.56315789473685,19,33.05263157894737
667452,2024,79.19246031746032,252,20.357142857142858
667452,2025,83.26428571428572,28,18.107142857142858
667472,2024,84.40287769784173,139,14.258992805755396
667472,2025,85.02372881355933,413,16.079903147699756
667663,2024,85.4,5,8.4
667670,2024,84.01255006675568,749,20.539385847797064
667670,2025,84.66433734939758,830,17.803614457831326
667690,2024,81.9,1,32.0
667690,2025,81.41428571428571,7,45.714285714285715
667803,2024,75.0,2,5.0
667803,2025,,0,
668227,2024,83.32161073825503,745,15.784471218206159
668227,2025,84.57248104008667,923,16.975108225108226
668472,2024,,0,
668472,2025,82.5,5,18.8
668663,2025,,0,
668664,2024,,0,
668664,2025,,0,
668667,2024,62.7,1,-44.0
668670,2024,83.78301886792453,424,17.88443396226415
668670,2025,83.04632768361583,177,19.179775280898877
668709,2024,82.44365482233502,788,21.631979695431472
668709,2025,83.56936708860759,395,19.96708860759494
668715,2024,82.2358401880141,851,20.253801169590645
668715,2025,81.45863402061856,776,21.80077120822622
668721,2024,84.54444444444444,9,3.0
668721,2025,102.03333333333335,3,15.333333333333334
668723,2024,79.8494382022472,89,15.03370786516854
668723,2025,79.8948717948718,39,21.743589743589745
668731,2024,82.78645833333333,96,20.177083333333332
668731,2025,85.49565217391304,23,17.391304347826086
668751,2025,83.10000000000001,3,17.666666666666668
668752,2024,74.7125,8,13.625
668752,2025,56.75,4,-8.5
668756,2024,,0,
668785,2025,,0,
668787,2024,77.2,2,41.5
668791,2024,72.77142857142857,7,24.857142857142858
668791,2025,,0,
668800,2024,81.77357142857143,140,20.0354609929078
668800,2025,80.76528925619834,121,21.237704918032787
668804,2024,83.85212527964207,894,11.845810055865922
668804,2025,84.95123384253819,851,10.848769050410317
668824,2024,,0,
668832,2024,83.03851351351352,148,13.121621621621621
668833,2024,,0,
668843,2024,80.60000000000001,11,2.6363636363636362
668843,2025,86.89999999999999,3,9.333333333333334
668845,2024,79.62671232876713,146,20.383561643835616
668845,2025,80.12753623188406,69,19.585714285714285
668853,2024,79.61076923076922,65,17.8
668853,2025,80.15,10,36.7
668860,2024,,0,
668860,2025,74.80000000000001,2,12.0
668876,2024,,0,
668885,2024,80.60375,320,14.634375
668885,2025,79.51093117408907,247,10.421052631578947
668901,2024,84.58349514563106,618,13.155088852988692
668901,2025,85.0,592,16.725589225589225
668904,2024,80.64,460,21.973969631236443
668904,2025,83.9814606741573,534,19.861423220973784
668929,2024,85.5,1,53.0
668930,2024,80.49301848049281,974,17.940451745379878
668930,2025,83.28054393305439,956,19.12957157784744
668939,2024,83.06717557251909,917,20.794117647058822
668939,2025,84.44569672131148,488,18.231083844580777
668942,2024,82.69275123558484,607,20.31578947368421
668942,2025,84.18153846153847,260,18.740458015267176
668952,2024,79.04042553191489,94,13.648936170212766
668952,2025,79.78888888888889,63,12.428571428571429
668974,2024,82.91666666666667,6,8.5
668974,2025,77.15714285714286,63,11.492063492063492
669002,2024,79.0,4,24.75
669002,2025,76.1,2,29.5
669003,2024,82.34791666666666,240,12.320833333333333
669003,2025,82.50666666666667,90,14.833333333333334
669004,2024,84.25348484848486,660,22.984848484848484
669004,2025,85.00888888888889,90,23.122222222222224
669016,2024,84.09112627986349,586,17.540816326530614
669016,2025,83.35777027027028,592,14.60472972972973
669023,2024,94.24,5,26.0
669065,2024,83.0174721189591,269,17.49814126394052
669065,2025,84.23816013628621,587,18.505102040816325
669087,2024,71.1625,8,19.0
669087,2025,84.30416666666666,72,12.666666666666666
669127,2024,84.81156156156156,666,19.737631184407796
669127,2025,84.84345991561182,711,20.502808988764045
669134,2024,82.271608040201,398,13.839195979899497
669134,2025,81.56285714285714,35,12.914285714285715
669137,2024,79.20833333333333,60,17.8
669137,2025,83.72727272727273,11,19.09090909090909
669194,2025,89.8,1,-17.0
669200,2024,74.23125,64,12.03125
669200,2025,78.1735294117647,34,16.0
669208,2024,80.62533333333333,75,19.413333333333334
669208,2025,82.29122807017545,57,16.157894736842106
669219,2025,85.2,1,-16.0
669221,2024,82.28816199376946,321,16.15576323987539
669221,2025,81.88039215686274,408,16.002450980392158
669222,2024,79.68922155688622,334,17.634730538922156
669224,2024,81.69251592356689,628,21.701587301587303
669224,2025,83.35772594752187,686,24.895196506550217
669227,2024,73.475,4,8.0
669234,2024,81.82013651877133,293,18.96928327645051
669234,2025,81.27415730337079,178,20.98876404494382
669236,2025,84.98290598290598,234,18.259574468085106
669242,2024,81.88439716312057,282,11.72695035460993
669242,2025,83.72465753424657,584,14.376068376068377
669256,2024,,0,
669256,2025,83.66111111111111,18,0.7222222222222222
669257,2024,82.88605990783411,868,24.52934407364787
669257,2025,85.3564387917329,629,24.839427662957075
669261,2024,82.89533678756476,386,19.598445595854923
669261,2025,84.6063063063063,222,19.506726457399104
669288,2024,100.3,1,-13.0
669288,2025,84.05,66,15.878787878787879
669289,2024,80.52,605,20.224422442244226
669289,2025,81.07139959432048,493,18.66599190283401
669304,2024,84.17953410981697,601,20.08637873754153
669304,2025,83.0,71,14.930555555555555
669309,2024,76.65,4,4.25
669326,2024,80.64,10,6.4
669326,2025,75.89834254143646,181,14.197802197802197
669336,2024,,0,
669352,2024,81.10769230769232,13,-6.3076923076923075
669357,2024,82.9063694267516,471,23.574152542372882
669357,2025,82.87244897959184,490,23.98170731707317
669360,2024,70.025,4,3.75
669364,2024,79.70993227990971,443,16.48532731376975
669364,2025,79.1828447339848,921,18.159263271939327
669369,2024,75.77227722772277,101,8.05940594059406
669369,2025,78.41428571428571,105,11.019047619047619
669374,2024,79.65681818181818,44,16.727272727272727
669374,2025,81.74583333333334,24,24.583333333333332
669384,2024,93.1,1,11.0
669384,2025,,0,
669392,2024,80.25555555555555,9,29.22222222222222
669392,2025,72.04444444444444,18,3.4444444444444446
669394,2024,85.02173314993122,727,16.257221458046768
669394,2025,84.77176470588235,510,19.301369863013697
669397,2024,76.76875000000001,144,10.479166666666666
669397,2025,78.42924187725632,554,18.01985559566787
669398,2024,76.56666666666666,3,-15.0
669398,2025,85.38461538461539,13,17.692307692307693
669413,2024,,0,
669413,2025,104.6,1,25.0
669432,2025,,0,
669439,2024,56.63333333333333,3,-62.333333333333336
669450,2024,82.54444444444444,9,-2.4444444444444446
669450,2025,84.39837398373983,123,18.130081300813007
669471,2024,,0,
669477,2024,84.39714285714285,140,19.414285714285715
669477,2025,83.70144628099173,484,21.734020618556702
669649,2024,,0,
669699,2024,82.4123595505618,89,16.640449438202246
669699,2025,80.42999999999999,10,35.6
669701,2024,81.173875,800,16.574282147315856
669701,2025,81.17906683480454,793,17.134422110552762
669707,2024,81.79914383561643,584,18.184615384615384
669707,2025,81.337,500,17.474
669717,2024,,0,
669717,2025,79.52824427480917,131,20.580152671755727
669720,2024,83.33118971061093,311,16.086816720257236
669720,2025,83.44803001876173,533,14.165103189493433
669722,2024,92.825,4,5.25
669722,2025,76.73818181818183,55,9.89090909090909
669742,2024,76.11111111111111,9,45.333333333333336
669742,2025,106.4,1,38.0
669743,2024,81.97771084337349,166,22.0
669743,2025,80.93533834586466,399,19.102756892230577
669911,2024,84.78033088235294,544,19.386029411764707
669911,2025,83.92817258883248,394,22.782278481012657
669945,2024,,0,
670032,2024,79.0543046357616,604,11.64793388429752
670032,2025,78.71621621621621,37,6.297297297297297
670042,2024,82.86201117318436,537,15.51024208566108
670042,2025,83.27063197026023,269,16.594795539033456
670076,2025,77.6,1,65.0
670092,2024,81.95333333333333,30,14.6
670092,2025,80.28701298701299,77,17.98701298701299
670097,2024,80.11652892561983,121,18.41322314049587
670097,2025,77.46571428571428,70,18.757142857142856
670113,2024,70.83333333333333,3,23.333333333333332
670148,2025,,0,
670156,2024,83.24122137404581,131,17.82442748091603
670156,2025,83.37939914163091,233,10.351931330472103
670190,2024,101.1,2,29.0
670208,2024,73.425,4,3.5
670208,2025,,0,
670223,2024,79.121875,32,13.909090909090908
670223,2025,83.12896174863388,183,22.42622950819672
670224,2024,78.67777777777778,18,30.72222222222222
670224,2025,80.97126865671642,268,16.294776119402986
670231,2024,,0,
670231,2025,81.29026548672566,226,14.265486725663717
670232,2025,87.4,5,17.6
670237,2024,,0,
670242,2024,83.86818181818181,286,16.26923076923077
670242,2025,83.87870563674322,479,20.685416666666665
670276,2024,81.1923076923077,39,11.948717948717949
670276,2025,81.22,20,19.95
670351,2024,89.92857142857143,7,15.285714285714286
670541,2024,85.39243306169966,859,22.21769499417928
670541,2025,85.66780303030303,264,25.060606060606062
670623,2024,82.57349514563107,1030,21.8468992248062
670623,2025,83.68871473354233,638,24.146875
670712,2024,,0,
670712,2025,86.13333333333334,9,30.22222222222222
670764,2024,80.7638036809816,326,21.073619631901842
670764,2025,80.21381733021077,427,17.002341920374707
670768,2024,85.86923076923077,13,27.923076923076923
670770,2024,80.79636363636364,440,17.772727272727273
670770,2025,80.96119760479043,835,16.32694610778443
670867,2025,56.6,1,-65.0
670868,2024,,0,
670868,2025,73.31428571428572,7,19.428571428571427
670869,2024,78.27600000000001,25,24.48
670869,2025,87.05555555555556,9,16.333333333333332
671056,2024,84.28865030674847,326,12.65137614678899
671056,2025,85.62897822445561,597,12.387959866220736
671083,2024,82.12916666666666,48,24.166666666666668
671083,2025,80.86666666666667,63,21.317460317460316
671088,2024,83.06666666666666,3,-3.3333333333333335
671113,2024,,0,
671117,2024,76.12666666666668,15,1.2666666666666666
671117,2025,,0,
671155,2024,,0,
671155,2025,63.9,2,-36.5
671213,2024,84.13711340206186,291,18.3573883161512
671213,2025,84.6644927536232,138,19.956521739130434
671217,2025,,0,
671218,2024,84.6134328358209,670,17.208955223880597
671218,2025,84.79557032115171,903,19.433774834437084
671221,2024,83.0923076923077,26,11.576923076923077
671221,2025,79.68440677966102,295,10.41891891891892
671271,2024,,0,
671272,2024,,0,
671272,2025,,0,
671277,2024,82.99753761969905,731,12.025956284153006
671277,2025,84.01881868131868,728,14.821428571428571
671284,2024,,0,
671284,2025,82.63218390804597,87,14.471264367816092
671286,2024,81.1075,40,-2.575
671286,2025,87.0547619047619,84,7.188235294117647
671287,2024,80.8,1,67.0
671289,2024,81.82461538461538,520,17.286538461538463
671289,2025,82.86964856230033,626,14.210526315789474
671655,2025,85.16060606060607,66,11.575757575757576
671732,2024,83.45354200988469,607,15.282894736842104
671732,2025,83.40561497326203,748,17.32309746328438
671739,2024,84.4245112781955,665,14.993993993993994
671739,2025,84.26071019473082,873,12.426116838487973
671913,2024,86.3,6,21.666666666666668
671913,2025,84.35,2,59.0
671956,2024,,0,
671956,2025,,0,
671976,2025,85.27058823529411,17,15.235294117647058
672012,2024,77.89041095890411,73,18.643835616438356
672012,2025,83.10000000000001,19,15.210526315789474
672013,2025,101.5,2,13.5
672016,2025,80.7870588235294,170,9.652941176470588
672018,2024,76.94999999999999,2,22.5
672018,2025,,0,
672275,2024,83.26295081967213,610,16.595081967213115
672275,2025,81.48618307426598,579,18.118965517241378
672279,2024,76.94119047619047,420,11.985714285714286
672279,2025,75.59428571428572,35,9.628571428571428
672284,2024,83.62033271719038,541,18.402957486136785
672284,2025,82.22894736842105,76,13.052631578947368
672356,2024,82.98894009216589,217,8.71889400921659
672356,2025,82.95034013605442,588,12.335034013605442
672357,2024,,0,
672359,2025,82.4969696969697,33,21.0
672361,2024,,0,
672373,2024,83.7,1,28.0
672373,2025,79.39999999999999,17,24.0
672386,2024,83.76460481099656,582,19.66323024054983
672386,2025,84.86354166666668,864,19.698265895953757
672463,2024,81.32727272727273,11,7.454545454545454
672515,2024,83.38574181117534,519,15.499036608863198
672515,2025,83.73283261802575,466,19.29764453961456
672537,2024,103.95,2,1.0
672537,2025,76.4,1,9.0
672569,2024,78.25915492957746,71,12.166666666666666
672569,2025,82.00681818181819,88,16.647727272727273
672580,2024,84.29049295774648,852,15.130281690140846
672580,2025,85.58499399759904,833,14.035928143712574
672613,2025,,0,
672640,2024,82.10689655172413,580,11.708620689655172
672640,2025,83.28291721419185,761,13.290407358738502
672642,2024,77.83,50,25.78
672642,2025,84.61,20,13.85
672695,2024,81.27429643527203,533,16.193245778611633
672695,2025,81.79090909090908,1001,19.280439121756487
672696,2025,77.33333333333333,3,12.0
672701,2024,84.6,10,5.4
672724,2024,81.77499999999999,12,12.083333333333334
672724,2025,80.2734870317003,347,11.054755043227665
672744,2024,83.16071428571429,28,16.428571428571427
672744,2025,82.08912280701755,285,16.975524475524477
672761,2024,82.40289855072463,621,20.962962962962962
672761,2025,83.68492201039861,577,22.83362218370884
672820,2024,82.63988970588235,544,20.906422018348625
672820,2025,84.11377551020408,784,21.864795918367346
672832,2024,,0,
672850,2024,75.0,1,18.0
673237,2024,83.23694474539545,923,14.259459459459459
673237,2025,83.64433374844333,803,15.601990049751244
673357,2024,82.73838582677165,508,16.066929133858267
673357,2025,83.30091575091576,546,19.583180987202926
673490,2024,81.37844112769486,603,18.130578512396696
673490,2025,83.22698412698414,252,20.73913043478261
673548,2024,83.42782485875706,708,22.320169252468265
673548,2025,84.00201183431952,845,22.20921985815603
673901,2024,,0,
673962,2024,82.54571428571428,245,17.722448979591835
673962,2025,83.14682080924855,692,17.747109826589597
673995,2024,80.27966101694915,59,19.06779661016949
673995,2025,78.22727272727273,11,16.818181818181817
674441,2024,73.52637362637363,91,21.824175824175825
674441,2025,78.91428571428571,35,17.4
674646,2024,,0,
674951,2024,94.96000000000001,5,-7.8
674951,2025,61.975,4,8.5
675085,2024,,0,
675085,2025,,0,
675394,2024,,0,
675394,2025,,0,
675430,2025,,0,
675448,2025,82.76111111111112,18,10.777777777777779
675455,2024,81.575,4,22.0
675455,2025,,0,
675628,2024,,0,
675628,2025,,0,
675656,2024,76.19411764705882,17,17.11764705882353
675659,2024,79.8375,8,11.875
675659,2025,91.35,2,31.0
675662,2025,80.4,8,9.375
675910,2024,87.43333333333332,3,17.666666666666668
675910,2025,92.3,1,60.0
675915,2024,92.8,3,27.666666666666668
675915,2025,65.06666666666666,3,6.0
675961,2024,78.83958333333334,144,15.097222222222221
675961,2025,79.72142857142858,14,32.785714285714285
675994,2024,77.01428571428572,7,-3.25
675994,2025,45.5,2,26.5
676017,2024,71.5,1,21.0
676024,2024,,0,
676024,2025,66.5,1,58.0
676038,2025,,0,
676044,2024,,0,
676044,2025,82.20485436893205,103,19.563106796116504
676045,2024,92.9,1,51.0
676045,2025,,0,
676053,2024,,0,
676053,2025,,0,
676059,2024,84.5881118881119,572,17.45375218150087
676059,2025,84.13076923076923,429,19.743589743589745
676063,2025,88.8,1,-3.0
676070,2024,81.73108108108109,74,17.66216216216216
676070,2025,82.38484848484849,99,21.01010101010101
676113,2024,79.94639175257733,97,13.618556701030927
676113,2025,86.58333333333333,12,20.75
676116,2024,81.29469696969697,132,18.893939393939394
676116,2025,83.1846153846154,52,21.423076923076923
676155,2024,93.0,2,31.0
676198,2024,,0,
676203,2025,86.3,1,77.0
676205,2025,,0,
676280,2025,83.2,3,-17.333333333333332
676288,2024,98.75,2,13.5
676309,2024,61.7,1,-46.0
676332,2024,,0,
676356,2024,78.35029469548134,509,17.715127701375245
676356,2025,82.69487179487179,78,9.278481012658228
676369,2024,82.83622047244096,254,20.129411764705882
676369,2025,76.6,9,16.333333333333332
676391,2024,80.73753623188406,690,20.282608695652176
676391,2025,81.01449579831933,952,19.535152151101784
676423,2024,63.4,2,10.5
676439,2024,75.87619047619049,21,25.61904761904762
676439,2025,80.1096551724138,145,22.593103448275862
676463,2024,,0,
676463,2025,,0,
676466,2024,72.6,1,16.0
676466,2025,80.68846153846154,26,17.153846153846153
676473,2024,,0,
676475,2024,83.17824175824175,910,15.020833333333334
676475,2025,85.23452855245684,753,18.364238410596027
676480,2024,,0,
676480,2025,80.78235294117647,68,22.884057971014492
676509,2024,93.5,2,24.0
676545,2024,80.675,4,30.75
676545,2025,71.8,1,34.0
676551,2024,86.11428571428571,7,24.714285714285715
676551,2025,81.53333333333335,3,13.0
676566,2024,94.32000000000001,5,24.6
676572,2024,85.19333333333333,105,15.575471698113208
676572,2025,84.97253414264037,659,17.546969696969697
676609,2024,78.31226708074534,644,18.88217054263566
676609,2025,79.55270833333334,480,20.85
676625,2024,84.925,4,4.0
676628,2024,89.0,7,23.428571428571427
676632,2024,80.01100000000001,100,24.34
676632,2025,77.53333333333333,3,5.0
676679,2024,74.925,16,15.0625
676679,2025,81.41643835616438,73,14.561643835616438
676694,2024,81.69451612903225,620,16.40967741935484
676694,2025,82.72727272727273,462,14.885281385281385
676701,2024,80.38600000000001,100,15.7
676701,2025,82.04520547945205,73,20.054794520547944
676724,2024,68.60000000000001,3,26.666666666666668
676724,2025,83.46666666666667,57,19.859649122807017
676801,2024,80.70982658959537,346,20.45086705202312
676801,2025,79.47222222222223,144,19.479166666666668
676812,2024,,0,
676812,2025,78.68571428571428,28,16.285714285714285
676857,2024,86.9,1,27.0
676882,2025,76.2,1,57.0
676896,2024,78.7,3,37.333333333333336
676914,2024,82.34368231046932,554,20.740072202166065
676914,2025,85.74018691588785,321,23.093167701863354
676939,2024,,0,
676939,2025,72.4,1,22.0
676946,2024,85.63333333333333,3,-1.0
676946,2025,86.275,4,17.25
677007,2025,86.0375,8,33.0
677008,2024,82.22634730538921,167,16.101796407185628
677008,2025,82.32712550607287,247,17.141129032258064
677049,2024,,0,
677049,2025,107.0,1,19.0
677060,2024,69.0,1,-11.0
677060,2025,72.505,20,20.25
677319,2024,,0,
677338,2025,80.6,4,12.25
677341,2024,72.6,1,-14.0
677342,2024,,0,
677342,2025,95.5,1,-37.0
677347,2024,81.79,70,16.642857142857142
677347,2025,82.43263888888889,144,17.22222222222222
677356,2024,93.42500000000001,4,-8.5
677565,2025,96.3,1,-5.0
677578,2024,86.34,5,16.6
677587,2024,79.6136217948718,624,14.0224
677587,2025,80.70977859778597,542,15.044198895027625
677588,2024,82.0103734439834,241,12.440329218106996
677588,2025,82.26460176991151,226,7.402654867256637
677592,2024,85.5,2,-18.5
677592,2025,85.64533333333333,75,17.106666666666666
677594,2024,84.27630952380953,840,15.907253269916765
677594,2025,85.1066866267465,1002,14.05084745762712
677595,2025,82.7700460829493,217,15.539170506912443
677599,2024,81.625,8,17.5
677601,2024,,0,
677605,2025,77.31818181818181,11,13.0
677649,2024,81.12371638141809,409,17.202933985330073
677649,2025,78.97,320,19.0125
677673,2025,68.6,2,34.5
677800,2024,83.61178396072013,611,23.68300653594771
677800,2025,83.5081494057725,589,28.75212224108659
677870,2024,79.50375939849624,266,16.51310861423221
677870,2025,82.11702127659575,47,8.446808510638299
677941,2024,80.62978723404255,47,19.48936170212766
677941,2025,86.7,4,24.75
677942,2024,82.23966244725739,237,14.558823529411764
677942,2025,81.50488599348535,307,12.812297734627832
677943,2024,79.4,4,17.25
677943,2025,77.65882352941176,17,27.58823529411765
677950,2024,83.85205479452054,146,8.520547945205479
677950,2025,82.45546075085325,586,7.3321976149914825
677951,2024,85.48330078125,1024,22.900584795321638
677951,2025,85.69347368421053,950,23.493165089379602
677954,2024,96.075,4,-17.75
677954,2025,81.5,10,9.6
677956,2024,85.07368421052631,57,14.035087719298245
677956,2025,84.65365853658537,41,11.487804878048781
678006,2024,102.9,1,12.0
678009,2024,81.08352668213458,431,21.40509259259259
678009,2025,79.21689655172415,290,18.52920962199313
678010,2024,76.15,2,23.5
678010,2025,77.91666666666667,6,9.833333333333334
678011,2025,82.78311688311689,77,20.467532467532468
678021,2024,,0,
678099,2024,73.5,1,39.0
678099,2025,57.55,2,-27.5
678173,2025,82.05,2,9.5
678218,2025,95.95,2,20.5
678225,2024,81.06530612244897,98,13.39795918367347
678225,2025,79.34871794871795,39,11.692307692307692
678232,2024,,0,
678232,2025,100.0,1,-15.0
678246,2024,79.62305389221557,334,24.452095808383234
678246,2025,83.09172839506174,810,25.432266009852217
678285,2024,,0,
678323,2024,,0,
678323,2025,93.30000000000001,2,-10.0
678391,2024,76.125,4,23.75
678391,2025,80.42608695652174,92,16.5
678413,2024,86.60000000000001,3,-3.0
678489,2024,76.75769230769231,26,9.153846153846153
678489,2025,82.1,110,14.690909090909091
678545,2024,86.45555555555556,9,11.0
678554,2024,82.91290322580645,186,21.048387096774192
678554,2025,81.7534435261708,363,18.314207650273225
678577,2025,107.9,1,26.0
678662,2024,81.38117283950618,972,22.521560574948666
678662,2025,81.95431893687707,602,20.242524916943523
678689,2024,77.5,7,28.571428571428573
678706,2024,,0,
678742,2024,87.74285714285715,7,21.0
678742,2025,88.3111111111111,9,15.333333333333334
678746,2025,75.35000000000001,6,5.833333333333333
678760,2024,79.46666666666667,15,39.6
678807,2024,91.85,2,20.5
678828,2024,,0,
678837,2024,64.3,1,61.0
678837,2025,74.06666666666668,6,13.5
678854,2025,,0,
678863,2024,100.3,1,9.0
678877,2024,82.23431734317343,271,20.357933579335793
678877,2025,83.88810572687224,227,16.99561403508772
678882,2024,80.60158536585367,820,16.37317073170732
678882,2025,82.38478260869566,874,16.569142857142857
678893,2024,,0,
678894,2024,78.98888888888888,18,14.444444444444445
678894,2025,82.0625,88,8.752808988764045
678900,2024,,0,
678926,2024,70.8,4,-26.75
678926,2025,,0,
679032,2024,79.82474437627812,489,10.655172413793103
679032,2025,79.93093220338983,236,12.182203389830509
679529,2024,82.43561151079136,556,22.89388489208633
679529,2025,84.66439909297053,882,22.662131519274375
679545,2024,90.26666666666667,6,18.833333333333332
679602,2024,,0,
679631,2025,81.6,3,28.333333333333332
679663,2024,,0,
679663,2025,,0,
679734,2024,84.36666666666666,6,42.333333333333336
679734,2025,75.7,3,15.333333333333334
679741,2024,81.25,2,7.0
679751,2024,,0,
679754,2024,96.4,2,5.5
679788,2024,,0,
679788,2025,101.15,2,18.0
679821,2024,,0,
679821,2025,61.7,2,22.0
679822,2024,80.75625,64,24.4375
679822,2025,79.71428571428571,21,25.142857142857142
679845,2024,79.71408450704224,213,10.751173708920188
679845,2025,83.8165991902834,247,17.959514170040485
679881,2024,82.18666666666667,15,3.533333333333333
679938,2024,82.74,5,9.2
680118,2024,81.22380952380952,147,10.653061224489797
680118,2025,78.97407407407408,27,8.444444444444445
680244,2024,,0,
680273,2024,108.5,1,26.0
680273,2025,75.8,1,77.0
680474,2024,82.15960784313725,510,19.744140625
680474,2025,81.46346863468634,271,18.125
680518,2024,,0,
680518,2025,82.4,4,22.25
680519,2025,74.3,1,-6.0
680552,2025,23.8,1,13.0
680574,2024,,0,
680574,2025,82.2505035971223,695,21.916666666666668
680577,2024,80.05625,16,12.0625
680577,2025,78.40364963503649,137,17.248175182481752
680636,2024,79.84,5,0.4
680636,2025,69.24,5,11.0
680642,2024,,0,
680642,2025,87.475,4,-20.75
680643,2024,65.4,1,19.0
680672,2024,,0,
680672,2025,,0,
680683,2024,95.625,4,-0.25
680690,2025,75.55,4,21.8
680693,2024,78.43333333333334,3,25.333333333333332
680695,2024,,0,
680700,2024,81.37303370786516,445,19.95291479820628
680700,2025,84.54666666666667,60,11.633333333333333
680709,2024,84.75,2,19.0
680711,2024,99.4,1,38.0
680711,2025,67.0,2,24.5
680716,2024,83.2156862745098,51,0.09803921568627451
680716,2025,78.96111111111111,18,-7.333333333333333
680718,2024,82.27728937728938,273,15.894545454545455
680718,2025,84.78212877792379,761,15.873850197109068
680719,2024,,0,
680722,2024,75.43333333333334,3,25.333333333333332
680728,2024,81.15377358490565,106,22.235849056603772
680728,2025,84.57368421052632,152,21.105263157894736
680737,2024,84.82941176470588,17,10.882352941176471
680737,2025,77.56086956521739,161,18.47826086956522
680740,2025,95.9,1,9.0
680753,2025,89.24444444444445,9,12.666666666666666
680756,2024,,0,
680757,2024,81.15734939759037,830,20.895306859205775
680757,2025,80.42726432532348,1082,21.119223659889094
680769,2024,75.89999999999999,7,21.857142857142858
680769,2025,76.07407407407408,27,23.85185185185185
680771,2024,71.1,2,39.0
680776,2024,83.09376257545271,994,15.961847389558233
680776,2025,84.2,829,18.734055354993984
680777,2024,80.85913978494624,651,21.162576687116566
680777,2025,83.73177737881508,557,19.107526881720432
680779,2024,81.74,170,22.235294117647058
680779,2025,82.55398457583547,389,26.22879177377892
680799,2024,,0,
680810,2024,82.28333333333335,6,37.0
680837,2024,,0,
680837,2025,83.61929824561403,57,8.982456140350877
680862,2024,,0,
680862,2025,82.5875,144,16.041379310344826
680868,2024,78.55,2,18.5
680868,2025,86.06,5,12.2
680869,2024,82.07264,625,12.7728
680869,2025,82.62752293577981,109,18.01834862385321
680881,2024,,0,
680890,2024,,0,
680906,2024,87.7,2,12.0
680911,2024,82.07142857142857,35,16.0
680911,2025,80.83636363636364,44,21.40909090909091
680918,2024,67.4,2,20.0
680918,2025,79.35,2,-1.0
680935,2025,,0,
680971,2024,99.9,1,10.0
680977,2024,83.57417218543046,906,17.91730981256891
680977,2025,84.3883008356546,718,16.11699164345404
680996,2024,,0,
680996,2025,77.66666666666667,3,27.666666666666668
681047,2024,,0,
681047,2025,,0,
681082,2024,81.19437125748503,835,19.77153110047847
681082,2025,82.22195704057279,838,21.24314660309893
681098,2024,75.05454545454546,11,17.90909090909091
681098,2025,56.5,1,-78.0
681114,2024,,0,
681114,2025,65.69999999999999,2,11.5
681123,2025,76.64,5,3.0
681132,2024,,0,
681132,2025,,0,
681134,2025,79.80666666666666,15,19.866666666666667
681142,2025,,0,
681146,2024,81.85410764872522,353,16.031073446327685
681146,2025,83.00653594771242,153,11.738562091503267
681172,2024,,0,
681172,2025,75.0,1,31.0
681184,2024,,0,
681184,2025,76.11666666666666,12,-8.0
681198,2024,78.26666666666667,3,25.0
681198,2025,67.8875,16,23.25
681230,2025,,0,
681275,2025,,0,
681286,2024,96.9,1,-10.0
681297,2024,83.73575581395349,688,17.661337209302324
681297,2025,83.94533333333334,375,16.418666666666667
681317,2024,,0,
681323,2024,,0,
681333,2024,78.85714285714286,7,4.428571428571429
681333,2025,,0,
681351,2024,83.65455927051671,658,17.966565349544073
681351,2025,84.42495697074011,581,18.91394148020654
681357,2024,78.87272727272727,11,17.583333333333332
681370,2025,92.5,4,17.0
681371,2024,,0,
681375,2025,40.95,2,-37.5
681377,2024,,0,
681393,2024,80.38833922261485,283,17.30388692579505
681393,2025,82.15638766519824,454,15.762637362637363
681439,2024,,0,
681460,2024,81.17440476190475,168,28.698224852071007
681460,2025,82.46063829787234,470,20.02972399150743
681468,2024,,0,
681481,2024,85.3076923076923,416,20.283333333333335
681481,2025,84.79404255319149,705,20.869503546099292
681488,2025,78.25,2,11.0
681508,2024,85.08181818181818,22,5.681818181818182
681508,2025,83.85000000000001,152,21.24342105263158
681526,2024,,0,
681538,2024,88.1,2,25.0
681540,2024,81.83333333333333,6,23.166666666666668
681546,2024,82.36378378378377,185,19.274193548387096
681546,2025,82.86578947368422,152,20.79605263157895
681580,2024,,0,
681581,2025,84.65555555555555,9,7.222222222222222
681584,2024,86.10555555555555,36,11.166666666666666
681584,2025,81.3029411764706,34,11.588235294117647
681623,2025,65.6,1,8.0
681624,2024,81.72123613312202,631,23.26782884310618
681624,2025,82.18754940711463,1012,20.467980295566502
681679,2024,85.47142857142856,7,36.857142857142854
681715,2025,84.82903225806452,310,15.574193548387097
681807,2024,83.54498269896193,578,21.23488773747841
681807,2025,82.45561224489795,196,24.51530612244898
681831,2024,75.9,2,36.0
681868,2024,,0,
681879,2025,82.8,5,-3.2
681909,2024,,0,
681909,2025,58.5,2,-43.5
681962,2024,78.67999999999999,10,11.8
681962,2025,81.10847457627118,118,13.415254237288135
681987,2024,,0,
681987,2025,81.01544715447154,123,9.926829268292684
682073,2024,82.4948275862069,58,1.4482758620689655
682073,2025,88.56666666666666,3,13.666666666666666
682090,2024,83.17999999999999,5,1.0
682119,2024,85.73636363636363,11,8.272727272727273
682119,2025,83.375,4,20.75
682177,2024,81.68870431893687,301,14.950331125827814
682177,2025,82.10466019417476,515,15.753875968992247
682182,2024,87.4,1,15.0
682183,2025,78.1,40,24.05
682187,2024,90.60000000000001,3,8.0
682191,2024,,0,
682192,2024,87.05,2,40.5
682192,2025,83.55,2,1.0
682239,2024,72.7,3,15.666666666666666
682265,2024,87.1,4,41.5
682265,2025,106.9,1,32.0
682266,2025,87.0,1,54.0
682276,2024,76.95,2,22.5
682276,2025,,0,
682515,2024,,0,
682515,2025,85.10909090909091,11,21.363636363636363
682617,2024,82.61333333333333,90,16.233333333333334
682618,2024,75.65,2,-29.5
682618,2025,,0,
682619,2024,75.4,2,1.0
682619,2025,78.1,5,-4.4
682621,2024,,0,
682622,2024,81.38811881188118,303,11.287128712871286
682622,2025,83.04482758620689,435,15.703448275862069
682626,2024,83.18251028806584,486,13.438524590163935
682626,2025,87.27597402597402,308,14.136363636363637
682631,2024,93.3,1,3.0
682633,2025,,0,
682634,2024,82.16666666666667,12,1.9166666666666667
682634,2025,84.46363636363637,11,0.6363636363636364
682637,2024,,0,
682641,2024,82.91574468085106,235,19.4
682641,2025,82.75424354243543,271,18.116363636363637
682646,2025,,0,
682648,2025,89.2,1,22.0
682650,2024,78.65,2,40.5
682653,2024,77.5,2,39.0
682653,2025,81.6,215,11.654377880184331
682657,2024,80.72107438016529,242,18.39669421487603
682657,2025,80.86166666666666,720,20.572222222222223
682662,2024,,0,
682662,2025,,0,
682663,2025,84.55557046979865,745,13.116778523489932
682668,2024,83.83684210526316,57,21.70689655172414
682668,2025,80.76907630522088,249,10.50199203187251
682674,2024,,0,
682674,2025,,0,
682679,2025,91.66666666666667,3,32.0
682685,2025,,0,
682692,2024,69.1,1,-19.0
682707,2024,,0,
682707,2025,97.2,1,-21.0
682722,2024,91.1,1,75.0
682725,2024,,0,
682728,2024,,0,
682729,2024,78.55604395604396,91,18.46153846153846
682729,2025,79.13939393939394,132,21.5
682732,2024,,0,
682732,2025,81.375,4,1.75
682775,2025,,0,
682793,2025,101.56666666666666,3,-16.666666666666668
682796,2025,89.0,1,60.0
682799,2024,,0,
682799,2025,94.0,1,-7.0
682801,2025,64.1,1,47.0
682818,2025,,0,
682829,2024,84.09639889196676,722,13.720994475138122
682829,2025,84.8864089775561,802,12.00620347394541
682848,2025,84.93125,80,24.320987654320987
682868,2024,83.78991596638656,119,18.899159663865547
682868,2025,81.82285714285715,35,25.742857142857144
682877,2025,95.0,9,7.888888888888889
682927,2024,83.53333333333333,3,27.666666666666668
682927,2025,81.8168,125,16.064
682928,2024,81.64057279236278,838,17.24791418355185
682928,2025,83.51184371184371,819,19.00365408038977
682942,2025,86.39999999999999,3,-6.0
682983,2024,72.8,1,12.0
682985,2024,83.26202531645569,790,16.163291139240506
682985,2025,82.42141393442623,976,18.52556237218814
682987,2024,,0,
682987,2025,83.06,5,22.6
682988,2024,80.22000000000001,55,17.89090909090909
682988,2025,81.25034965034965,143,9.583333333333334
682997,2025,87.11111111111111,9,-1.3333333333333333
682998,2024,83.1470802919708,822,15.30498177399757
682998,2025,84.47304643261607,883,19.014689265536724
683002,2024,84.95291529152915,909,14.044956140350877
683002,2025,84.48888888888888,837,15.9236276849642
683004,2025,,0,
683007,2024,,0,
683011,2024,82.04316888045541,1054,16.047438330170777
683011,2025,84.15390243902439,820,17.204878048780486
683021,2024,78.79823529411765,170,17.432748538011698
683021,2025,85.02571428571429,35,8.942857142857143
683061,2024,89.03999999999999,5,9.0
683079,2024,86.66,5,49.4
683079,2025,80.6,1,7.0
683083,2024,72.70408163265306,98,1.696969696969697
683083,2025,82.32109375,128,14.488372093023257
683090,2024,93.1,1,-11.0
683090,2025,82.81612903225806,93,16.29032258064516
683091,2024,,0,
683104,2024,,0,
683104,2025,,0,
683145,2024,,0,
683145,2025,,0,
683146,2024,81.48217054263567,258,11.844961240310077
683146,2025,84.15260323159785,557,12.67383512544803
683152,2024,,0,
683169,2025,97.75,2,-5.0
683172,2024,93.56666666666666,3,-0.6666666666666666
683172,2025,,0,
683227,2024,,0,
683227,2025,80.71489361702127,188,21.98404255319149
683233,2025,89.4,2,23.5
683341,2025,,0,
683344,2024,77.875,4,-25.0
683344,2025,80.08,5,29.4
683353,2025,100.3,1,0.0
683357,2024,,0,
683357,2025,81.42432432432432,37,9.486486486486486
683447,2024,100.3,3,22.666666666666668
683454,2025,81.3,3,18.666666666666668
683485,2024,,0,
683490,2025,110.1,1,-8.0
683493,2024,91.63333333333333,3,11.666666666666666
683493,2025,76.36666666666666,3,31.666666666666668
683494,2025,87.06666666666666,3,23.666666666666668
683500,2024,,0,
683539,2024,,0,
683569,2025,,0,
683610,2024,,0,
683610,2025,101.44999999999999,2,22.0
683679,2024,81.1,1,-54.0
683679,2025,85.0,4,-18.0
683734,2024,84.17590643274853,855,20.42258440046566
683734,2025,85.54785276073619,652,20.084355828220858
683735,2024,80.85,8,12.375
683737,2024,83.35960451977401,708,18.768688293370946
683737,2025,85.15721583652619,783,19.229591836734695
683748,2025,83.59591836734694,49,20.163265306122447
683766,2024,,0,
683766,2025,80.53647540983607,244,11.221311475409836
683770,2024,81.25,12,12.5
683770,2025,82.49032258064517,93,23.376344086021504
683953,2025,82.75,4,6.75
684081,2024,98.0,2,-6.0
684081,2025,77.5,2,41.5
684222,2025,109.7,1,5.0
684519,2024,75.03333333333333,9,32.77777777777778
684541,2025,76.9,1,27.0
684543,2024,54.4,1,-9.0
684576,2024,,0,
684712,2024,,0,
684712,2025,64.9,1,68.0
684715,2024,,0,
684852,2024,80.95,4,18.75
684852,2025,,0,
684922,2024,,0,
684922,2025,,0,
684976,2025,,0,
685084,2024,111.0,1,22.0
685087,2024,,0,
685091,2024,74.73333333333333,3,12.0
685091,2025,,0,
685096,2024,,0,
685127,2024,,0,
685133,2024,,0,
685133,2025,87.87,10,6.7
685274,2025,73.3,1,41.0
685277,2024,,0,
685298,2024,89.25,2,6.0
685298,2025,,0,
685300,2024,,0,
685300,2025,,0,
685301,2024,83.61428571428571,7,11.428571428571429
685301,2025,79.692,50,15.08
685313,2024,,0,
685332,2024,67.03333333333333,3,43.333333333333336
685332,2025,82.2,2,30.5
685382,2024,95.0,1,22.0
685382,2025,78.76666666666667,6,22.0
685388,2024,92.06666666666666,3,43.333333333333336
685392,2024,106.1,1,32.0
685474,2025,,0,
685580,2024,80.75,2,29.5
685744,2024,,0,
685744,2025,73.64000000000001,5,34.2
686196,2025,83.35,2,23.0
686217,2024,79.06718528995756,707,16.338504936530324
686217,2025,80.12173913043478,874,16.517673888255416
686251,2024,,0,
686404,2025,,0,
686438,2024,89.2,4,-10.0
686438,2025,90.10000000000001,3,25.0
686445,2025,99.3,1,27.0
686452,2024,81.94337349397591,83,10.313253012048193
686452,2025,78.98860759493671,79,11.721518987341772
686469,2024,85.31639908256881,872,14.688430698739976
686469,2025,86.3514963880289,969,18.810504634397528
686475,2024,,0,
686475,2025,84.68048780487806,82,7.182926829268292
686482,2024,82.36086956521739,46,4.6521739130434785
686490,2024,,0,
686523,2024,,0,
686523,2025,75.3,3,14.333333333333334
686527,2024,82.64009009009008,222,12.64864864864865
686527,2025,84.40928571428572,420,15.498812351543943
686531,2025,91.55833333333334,12,3.75
686541,2025,,0,
686546,2024,91.9,2,-2.0
686551,2024,,0,
686551,2025,87.10000000000001,3,-1.0
686554,2024,80.55277777777779,108,13.62037037037037
686554,2025,79.1826923076923,52,8.403846153846153
686555,2024,77.85263157894737,19,14.842105263157896
686555,2025,81.64919499105545,559,18.798214285714284
686577,2024,96.26666666666667,3,25.666666666666668
686611,2024,82.65030303030302,165,13.114457831325302
686611,2025,83.83324022346369,358,14.808864265927978
686638,2025,93.0,1,35.0
686639,2025,93.0,1,41.0
686668,2024,82.62579310344827,725,16.793388429752067
686668,2025,83.00192592592593,675,16.32888888888889
686673,2024,,0,
686676,2024,81.55140562248995,498,17.164658634538153
686676,2025,78.72253521126761,71,13.901408450704226
686677,2024,,0,
686681,2024,83.56975524475524,572,17.674825174825173
686681,2025,81.38755458515284,458,23.403930131004365
686744,2025,91.61666666666667,6,-2.3333333333333335
686758,2025,,0,
686759,2024,98.65,2,-12.5
686765,2024,81.02123893805309,113,16.513274336283185
686765,2025,81.37407407407407,135,15.244444444444444
686766,2024,82.63333333333334,3,6.666666666666667
686766,2025,,0,
686780,2024,82.56534653465346,303,17.57236842105263
686780,2025,81.11227436823104,554,17.386690647482013
686793,2025,,0,
686797,2024,81.92793522267206,247,17.097165991902834
686797,2025,84.06386554621848,714,15.124475524475525
686798,2025,96.3,1,3.0
686810,2025,70.5,6,23.5
686823,2024,80.64342342342341,555,18.736936936936935
686823,2025,85.11428571428571,28,14.357142857142858
686863,2024,,0,
686894,2024,79.78214285714286,28,23.107142857142858
686894,2025,85.0139534883721,86,15.44186046511628
686948,2024,86.74,5,15.0
686948,2025,85.05358778625954,655,14.904255319148936
686958,2024,,0,
686958,2025,94.45,2,7.0
686960,2025,94.0,1,5.0
686977,2024,,0,
686981,2024,,0,
686981,2025,81.4,2,46.5
686982,2025,,0,
686984,2024,77.1,4,32.5
686984,2025,86.02000000000001,5,21.6
687005,2024,,0,
687012,2025,,0,
687020,2024,61.55,2,-2.0
687036,2024,62.2,1,-38.0
687036,2025,,0,
687066,2024,78.5,1,24.0
687069,2024,81.7,3,-9.666666666666666
687069,2025,86.39999999999999,3,7.0
687071,2024,,0,
687071,2025,86.1,2,-1.5
687073,2024,,0,
687093,2024,80.96827586206896,145,15.544827586206896
687093,2025,92.8,1,-22.0
687136,2024,,0,
687144,2024,91.05000000000001,2,26.5
687144,2025,70.0,1,25.0
687152,2024,,0,
687152,2025,,0,
687192,2025,81.125,4,8.25
687201,2024,67.65,2,20.5
687201,2025,85.82857142857142,7,8.428571428571429
687206,2024,99.1,1,-3.0
687206,2025,77.8,1,-21.0
687208,2025,75.6,1,23.0
687210,2025,72.4,2,26.0
687221,2025,83.45465838509317,161,12.428571428571429
687231,2024,80.32541436464088,181,14.94475138121547
687231,2025,79.19594095940958,271,14.785977859778598
687248,2024,,0,
687248,2025,,0,
687260,2024,,0,
687263,2024,83.04221364221364,777,12.77992277992278
687263,2025,84.8086383601757,683,17.096491228070175
687272,2024,,0,
687272,2025,,0,
687282,2024,103.0,1,-15.0
687282,2025,,0,
687285,2025,,0,
687310,2024,,0,
687310,2025,86.53333333333335,3,52.666666666666664
687331,2024,,0,
687363,2024,79.75929648241207,199,15.959798994974875
687363,2025,77.60306306306306,555,14.76036036036036
687394,2024,87.62,5,21.0
687394,2025,79.03333333333333,6,20.0
687401,2024,81.3117903930131,687,17.72052401746725
687401,2025,80.40901525658808,721,16.848821081830792
687426,2024,82.55,2,-4.0
687431,2024,82.12,5,20.8
687431,2025,93.39999999999999,3,18.666666666666668
687462,2024,81.75334507042254,568,18.827768014059753
687462,2025,81.93621533442088,613,20.76260162601626
687478,2024,,0,
687478,2025,80.59056603773585,53,28.849056603773583
687515,2024,68.0,2,-40.0
687515,2025,84.143949044586,157,29.40764331210191
687521,2024,87.14,5,25.4
687521,2025,68.3,2,-42.5
687529,2024,81.53028169014084,142,11.929577464788732
687529,2025,81.6108108108108,37,21.81081081081081
687551,2024,74.475,4,-19.0
687551,2025,80.9123188405797,138,20.39855072463768
687554,2024,,0,
687567,2025,,0,
687573,2024,95.0,1,-14.0
687588,2024,80.6,1,32.0
687588,2025,,0,
687597,2024,80.72638888888889,216,20.04147465437788
687597,2025,81.37213793103449,725,18.53581267217631
687605,2024,88.83333333333333,3,-38.333333333333336
687605,2025,84.75,2,20.5
687608,2024,100.5,1,-2.0
687625,2024,65.9,5,0.4
687625,2025,82.55,6,2.3333333333333335
687627,2025,,0,
687628,2025,91.3,1,-4.0
687637,2024,,0,
687637,2025,80.9172619047619,168,26.595238095238095
687714,2025,76.67999999999999,5,21.8
687724,2025,88.3,1,40.0
687730,2024,,0,
687730,2025,82.8,1,66.0
687731,2024,,0,
687749,2024,73.15,4,-13.75
687749,2025,85.95,2,28.0
687751,2025,,0,
687783,2024,79.32000000000001,5,21.4
687783,2025,89.10000000000001,3,9.0
687799,2024,80.84166666666667,12,20.5
687823,2024,104.9,1,16.0
687833,2024,99.6,1,31.0
687859,2024,107.4,1,17.0
687859,2025,82.73660130718955,153,16.30065359477124
687862,2024,93.44999999999999,2,-5.5
687862,2025,,0,
687867,2025,84.0,5,12.0
687918,2025,,0,
687942,2024,,0,
687942,2025,,0,
687952,2024,81.7497005988024,167,17.07185628742515
687952,2025,82.82876712328768,219,21.347031963470318
687957,2024,93.28571428571429,7,25.142857142857142
687957,2025,79.37857142857143,84,18.845238095238095
687981,2024,102.6,1,12.0
687982,2024,,0,
687982,2025,,0,
688005,2024,,0,
688005,2025,80.44285714285715,7,-0.8571428571428571
688311,2024,,0,
688311,2025,104.6,1,-22.0
688363,2024,80.64615384615385,52,16.9811320754717
688363,2025,81.59686098654709,223,19.053811659192824
688392,2024,,0,
688394,2025,79.325,4,19.0
688449,2024,104.0,1,1.0
688449,2025,104.4,1,18.0
688457,2024,,0,
688457,2025,89.575,4,-5.25
688460,2024,91.36666666666667,3,7.666666666666667
688500,2025,,0,
688507,2024,,0,
688551,2025,,0,
688617,2025,87.43333333333334,3,3.6666666666666665
688682,2024,,0,
688682,2025,,0,
688714,2024,93.1,1,-5.0
688760,2024,,0,
688760,2025,82.7551282051282,78,23.435897435897434
688808,2024,,0,
688875,2025,81.4,1,27.0
688907,2024,,0,
688963,2024,,0,
689041,2024,,0,
689041,2025,81.775,20,14.55
689047,2024,,0,
689070,2024,,0,
689070,2025,83.39999999999999,6,29.333333333333332
689141,2024,,0,
689172,2024,80.26125356125357,351,17.698863636363637
689172,2025,79.52946428571428,112,29.026785714285715
689200,2024,83.10000000000001,3,25.0
689200,2025,82.04939759036145,83,5.313253012048193
689288,2024,86.8,5,10.6
689288,2025,89.8,2,4.0
689302,2024,,0,
689302,2025,,0,
689355,2024,,0,
689355,2025,,0,
689414,2025,80.07494646680942,467,12.059957173447538
689531,2024,,0,
689531,2025,78.63333333333333,6,31.5
689651,2024,,0,
689651,2025,,0,
689688,2024,71.2,1,35.0
689688,2025,,0,
689750,2024,,0,
689750,2025,104.0,1,14.0
689763,2024,96.8,1,3.0
689858,2024,81.69999999999999,2,17.5
689959,2024,,0,
689959,2025,76.9,2,33.0
689984,2024,86.9,2,12.0
690022,2024,67.05000000000001,2,-10.5
690022,2025,79.4587044534413,247,16.263157894736842
690107,2025,75.0,1,60.0
690180,2024,,0,
690291,2024,81.98306451612903,124,22.306451612903224
690291,2025,80.68589743589743,78,21.21794871794872
690443,2024,61.9,1,0.0
690443,2025,80.8,1,32.0
690448,2024,78.36666666666667,3,49.666666666666664
690448,2025,76.6,1,42.0
690469,2025,,0,
690474,2024,100.15,2,6.5
690474,2025,,0,
690804,2025,,0,
690841,2024,84.85,2,77.0
690841,2025,80.39999999999999,3,1.0
690904,2024,,0,
690914,2024,79.86666666666666,3,42.666666666666664
690914,2025,62.35,2,17.0
690924,2025,83.83382352941176,136,22.625
690958,2024,76.4,1,22.0
690961,2025,77.0,1,46.0
690969,2024,83.2,5,12.0
690970,2025,,0,
690976,2025,83.71714285714285,105,18.39047619047619
690983,2024,,0,
690984,2024,,0,
690984,2025,68.175,12,5.333333333333333
690985,2024,,0,
690985,2025,73.13333333333333,3,56.666666666666664
690987,2025,82.58809523809524,252,13.527777777777779
690988,2024,,0,
690988,2025,93.45,2,36.5
690992,2024,,0,
690993,2024,83.22857142857143,770,17.776623376623377
690993,2025,83.75299684542587,634,15.665094339622641
691001,2025,87.36666666666666,9,16.22222222222222
691002,2024,86.8,3,27.333333333333332
691002,2025,,0,
691003,2024,95.7,2,-10.0
691011,2024,79.86142857142858,70,20.042857142857144
691011,2025,,0,
691016,2024,85.18008298755187,241,13.946058091286307
691016,2025,85.20958005249344,762,15.357329842931938
691019,2025,81.86933701657459,362,15.149171270718233
691021,2024,100.1,1,43.0
691021,2025,90.4,2,23.0
691023,2024,84.02136752136752,234,9.354700854700855
691023,2025,83.77404255319149,470,16.102127659574467
691024,2025,,0,
691026,2024,80.18485838779957,918,18.601307189542485
691026,2025,81.13556116015133,793,22.934426229508198
691116,2025,,0,
691176,2024,80.44777777777777,90,11.811111111111112
691176,2025,82.51834710743802,605,15.4
691182,2024,83.38148148148149,54,13.685185185185185
691182,2025,78.9058064516129,155,12.666666666666666
691183,2024,,0,
691185,2025,85.37460317460318,63,17.80952380952381
691186,2024,,0,
691186,2025,84.1,2,14.5
691191,2024,62.949999999999996,2,23.5
691252,2024,94.0,2,25.0
691267,2024,,0,
691268,2024,69.02000000000001,5,6.8
691269,2025,,0,
691277,2024,,0,
691283,2024,,0,
691284,2025,,0,
691285,2025,88.5,5,24.4
691292,2025,72.75,4,6.25
691369,2024,,0,
691370,2024,85.43333333333334,3,22.666666666666668
691370,2025,,0,
691373,2024,,0,
691373,2025,74.87142857142858,7,21.428571428571427
691392,2024,,0,
691392,2025,100.4,1,37.0
691398,2024,,0,
691398,2025,80.6,2,-3.0
691406,2024,84.94021164021164,189,9.706806282722512
691406,2025,85.57961711711711,888,15.55056179775281
691408,2024,,0,
691408,2025,69.2,2,54.0
691410,2024,,0,
691410,2025,51.0,1,-7.0
691437,2025,,0,
691442,2024,,0,
691442,2025,110.4,1,17.0
691503,2024,86.425,4,29.0
691586,2024,,0,
691588,2025,,0,
691594,2024,81.70862068965518,58,14.224137931034482
691594,2025,81.96053719008265,484,14.909465020576132
691601,2025,101.5,2,25.0
691605,2025,,0,
691616,2025,,0,
691621,2025,88.28,5,13.0
691645,2025,,0,
691708,2024,73.925,4,20.25
691710,2024,65.2,1,56.0
691718,2024,80.70756756756757,555,20.15135135135135
691718,2025,82.47542735042735,936,22.745726495726494
691720,2024,91.5,1,-4.0
691720,2025,82.30904522613065,199,16.5678391959799
691723,2024,79.62040816326531,49,18.26530612244898
691723,2025,82.89791666666667,336,22.110119047619047
691726,2024,,0,
691726,2025,88.7,2,-12.5
691728,2024,,0,
691728,2025,77.93050847457627,59,13.533333333333333
691740,2024,67.76666666666667,6,-10.166666666666666
691740,2025,,0,
691770,2024,,0,
691775,2024,73.825,4,24.25
691775,2025,98.8,1,39.0
691777,2024,,0,
691777,2025,81.33220973782772,267,15.466417910447761
691781,2024,76.45,4,-6.5
691781,2025,83.58333333333333,354,8.994350282485875
691783,2025,81.79277108433735,83,18.36144578313253
691785,2024,79.76666666666667,3,-8.666666666666666
691785,2025,83.23885714285714,175,10.714285714285714
691788,2024,82.3,1,-12.0
691789,2025,89.1,2,5.0
691797,2024,,0,
691858,2024,81.375,4,29.75
691897,2025,80.05,2,29.0
691907,2024,,0,
691907,2025,82.47999999999999,10,34.0
691913,2024,90.5,1,24.0
691922,2025,102.5,1,33.0
691938,2024,76.2,1,-5.0
691939,2024,72.5,3,24.333333333333332
691939,2025,71.8,4,31.0
691944,2025,,0,
692039,2025,77.75,2,17.5
692044,2024,89.7,2,19.0
692044,2025,,0,
692046,2024,74.30909090909091,11,-4.636363636363637
692046,2025,82.38,5,4.0
692150,2025,95.86666666666667,3,20.333333333333332
692190,2024,71.25,4,22.75
692216,2025,82.30952380952381,168,19.36904761904762
692225,2025,83.37571884984025,313,10.719745222929935
692238,2025,80.0,1,47.0
692371,2025,,0,
692390,2024,,0,
692390,2025,79.15,2,23.0
692412,2024,90.6,1,8.0
692416,2024,78.85,2,-17.5
692422,2024,72.0,2,11.0
692446,2025,76.9,2,69.0
692478,2024,,0,
692489,2025,,0,
692564,2025,79.1,1,34.0
692568,2024,70.9,2,41.5
692585,2024,,0,
692585,2025,83.08423645320197,203,16.073529411764707
692657,2025,,0,
692670,2024,93.3,1,-11.0
693049,2024,80.93846153846154,52,12.452830188679245
693049,2025,,0,
693073,2024,73.65,2,36.5
693304,2024,81.89264705882353,544,14.56959706959707
693304,2025,82.7171875,576,13.566724436741767
693307,2024,81.59848484848484,132,10.681818181818182
693307,2025,82.49743975903615,664,17.133834586466165
693409,2024,72.23333333333333,3,-11.666666666666666
693409,2025,78.77692307692307,13,0.6923076923076923
693459,2025,74.91428571428571,7,28.571428571428573
693832,2025,74.975,4,9.0
693850,2024,78.14285714285714,7,27.285714285714285
694025,2025,80.35,4,4.0
694065,2025,101.0,1,-11.0
694070,2025,57.300000000000004,3,22.0
694170,2025,,0,
694175,2024,81.53,30,18.233333333333334
694181,2024,96.5,1,-34.0
694181,2025,,0,
694182,2024,92.9,1,-46.0
694182,2025,80.75,2,26.0
694185,2024,,0,
694185,2025,86.225,4,5.0
694186,2024,73.375,4,31.5
694186,2025,88.6,1,-37.0
694187,2025,86.6,1,-21.0
694192,2024,84.16880222841225,718,14.17663421418637
694192,2025,83.75825358851674,836,17.48148148148148
694193,2025,73.2,1,10.0
694196,2024,,0,
694196,2025,,0,
694200,2024,,0,
694200,2025,,0,
694202,2024,86.4,1,-14.0
694203,2024,,0,
694203,2025,80.1078431372549,51,29.50980392156863
694206,2024,,0,
694206,2025,84.65,2,0.5
694208,2025,83.72705882352942,85,13.564705882352941
694211,2024,,0,
694211,2025,86.44999999999999,2,18.5
694212,2025,84.41280487804879,164,20.95731707317073
694214,2024,,0,
694214,2025,88.93333333333334,3,13.333333333333334
694217,2025,65.35,2,23.5
694222,2024,,0,
694222,2025,,0,
694224,2024,86.13333333333333,9,18.555555555555557
694224,2025,88.8,1,14.0
694227,2025,,0,
694249,2024,,0,
694249,2025,83.625,4,18.75
694266,2024,43.5,2,55.5
694271,2024,,0,
694271,2025,77.19999999999999,2,22.0
694292,2024,49.0,1,4.0
694304,2024,110.5,1,-14.0
694304,2025,78.3,2,74.0
694318,2025,,0,
694320,2025,79.43333333333334,6,10.666666666666666
694351,2024,79.2,5,14.4
694355,2024,83.48571428571428,7,13.428571428571429
694355,2025,90.0,1,26.0
694359,2024,84.58818181818182,110,28.936363636363637
694359,2025,84.43333333333334,24,29.625
694362,2024,81.421875,32,17.34375
694362,2025,77.72631578947367,114,9.93859649122807
694368,2024,,0,
694369,2025,66.6,1,71.0
694371,2024,78.34,5,20.6
694371,2025,79.6888888888889,9,16.77777777777778
694374,2024,91.1,2,9.5
694374,2025,82.94076923076922,260,11.786259541984732
694376,2024,83.09054054054054,74,25.87837837837838
694376,2025,82.11190476190475,42,14.333333333333334
694377,2024,84.11296296296297,54,17.925925925925927
694377,2025,81.89916666666666,120,18.702479338842974
694378,2025,79.925,4,20.5
694384,2024,80.72204433497538,812,13.19088669950739
694384,2025,81.89741697416974,813,15.328009828009828
694385,2024,82.32000000000001,5,18.0
694385,2025,72.7,2,-43.0
694388,2024,81.69177215189873,316,14.405063291139241
694388,2025,81.93597122302158,139,10.564285714285715
694410,2025,76.58333333333333,6,27.5
694420,2024,,0,
694425,2024,75.15,2,34.5
694425,2025,94.5,1,-6.0
694444,2025,,0,
694497,2024,79.4531914893617,188,15.824468085106384
694497,2025,81.16691729323308,266,16.860902255639097
694514,2024,83.60000000000001,3,-6.0
694514,2025,75.15,6,-2.8333333333333335
694580,2024,88.0,2,20.5
694580,2025,69.3,3,23.333333333333332
694661,2025,80.9,2,50.5
694671,2024,83.57033898305085,708,19.57909604519774
694671,2025,85.80956399437412,711,20.751054852320674
694673,2024,,0,
694673,2025,101.2,1,34.0
694689,2024,,0,
694689,2025,97.56666666666666,3,35.666666666666664
694728,2025,80.66904761904762,42,24.5
694742,2025,,0,
694749,2025,76.80000000000001,2,14.5
694754,2025,106.75,2,15.0
694757,2024,,0,
694806,2025,79.24,5,1.2
694812,2024,,0,
694815,2024,,0,
694815,2025,87.11818181818181,11,12.909090909090908
694829,2025,93.5,2,-30.0
694834,2025,87.1,1,-16.0
694838,2025,99.675,4,11.75
694848,2024,,0,
694848,2025,89.65,4,30.5
694876,2025,75.72,5,42.4
694930,2024,70.44,10,10.2
694930,2025,,0,
694953,2025,103.9,1,-16.0
694966,2024,,0,
694974,2024,91.1,2,10.5
694974,2025,72.06666666666666,6,-9.0
694976,2024,83.35,2,-6.0
694977,2025,81.4,4,10.5
695013,2024,,0,
695020,2024,83.875,4,22.75
695020,2025,81.67999999999999,10,33.8
695023,2025,,0,
695031,2024,54.1,1,-66.0
695031,2025,98.1,1,19.0
695078,2024,,0,
695238,2024,83.11532846715328,137,15.167883211678832
695238,2025,79.45120967741936,248,17.31048387096774
695257,2024,84.4857142857143,63,28.761904761904763
695257,2025,80.51875,16,28.3125
695299,2024,,0,
695299,2025,,0,
695312,2024,,0,
695336,2024,81.07469879518072,83,17.59036144578313
695336,2025,82.91658653846154,416,19.45673076923077
695342,2024,102.03333333333335,3,3.0
695342,2025,94.2,1,13.0
695358,2024,70.05,2,4.0
695391,2024,82.1257142857143,140,16.79432624113475
695391,2025,78.34313725490196,102,18.34313725490196
695461,2024,57.43333333333334,3,16.0
695462,2024,81.16666666666667,6,25.666666666666668
695462,2025,81.7,5,23.2
695467,2025,,0,
695481,2024,,0,
695481,2025,74.95,4,9.5
695490,2025,80.1,10,-20.3
695491,2025,,0,
695501,2025,81.21428571428571,7,-7.142857142857143
695506,2025,83.83059210526316,304,10.25328947368421
695508,2024,,0,
695521,2024,,0,
695521,2025,81.55333333333333,15,27.466666666666665
695524,2025,101.1,1,0.0
695538,2025,,0,
695578,2024,86.29016853932585,356,8.292134831460674
695578,2025,86.87016574585635,724,9.012413793103448
695587,2024,69.925,4,19.0
695596,2024,80.28571428571429,7,-2.142857142857143
695600,2025,84.75643564356436,101,20.217821782178216
695603,2024,,0,
695603,2025,88.125,4,9.0
695604,2024,83.25,2,54.0
695604,2025,,0,
695612,2025,103.8,1,-35.0
695657,2024,,0,
695657,2025,83.17449856733525,349,20.433048433048434
695670,2024,84.3,2,26.0
695670,2025,88.77857142857144,14,10.785714285714286
695681,2025,82.26607142857142,224,21.0
695692,2024,79.3,3,25.666666666666668
695692,2025,98.7,2,12.0
695707,2024,,0,
695720,2025,,0,
695734,2025,82.14046692607003,514,21.481553398058253
695735,2025,90.3,3,61.666666666666664
695780,2024,90.5,1,54.0
695930,2024,,0,
695930,2025,92.4,1,-17.0
696020,2024,,0,
696030,2025,80.50433070866141,254,19.894941634241246
696100,2024,82.06559485530548,311,24.662379421221864
696100,2025,85.21872561768531,769,21.318181818181817
696135,2024,,0,
696135,2025,100.45,4,-1.75
696140,2024,71.03333333333333,3,12.333333333333334
696140,2025,,0,
696141,2025,89.85,2,25.0
696142,2025,,0,
696145,2024,88.4,1,4.0
696160,2024,75.3,3,2.0
696160,2025,,0,
696264,2024,,0,
696264,2025,,0,
696281,2024,77.03333333333333,6,21.5
696285,2024,77.90232919254659,644,9.833075734157651
696285,2025,79.19311111111111,450,10.079470198675496
696286,2025,,0,
696291,2024,99.8,1,7.0
696501,2024,72.05,4,11.5
696501,2025,,0,
696513,2025,,0,
696521,2024,83.72,5,7.2
696521,2025,,0,
698929,2025,87.8,1,30.0
698933,2024,78.6,2,27.5
698933,2025,83.6,1,8.0
698941,2024,72.525,4,29.75
699013,2024,,0,
699013,2025,76.625,4,8.75
699014,2024,,0,
699014,2025,,0,
699024,2025,107.0,1,28.0
699027,2025,,0,
699031,2024,,0,
699073,2024,75.48333333333333,6,37.5
699073,2025,86.8,8,17.5
699082,2024,,0,
699097,2024,,0,
699114,2024,,0,
699114,2025,93.6,1,-20.0
699126,2024,63.5,1,28.0
699127,2025,87.2,2,33.0
699130,2025,87.78333333333335,6,34.0
699144,2024,69.2,1,72.0
699144,2025,,0,
699157,2024,,0,
699157,2025,,0,
699166,2025,100.9,1,28.0
699228,2024,75.6,2,5.5
699228,2025,82.36666666666666,3,31.333333333333332
699229,2025,72.3,1,62.0
699232,2024,73.0,1,61.0
699232,2025,102.9,1,22.0
699293,2024,82.7,3,16.666666666666668
699302,2025,78.925,4,-4.25
699305,2024,101.15,2,-31.0
699305,2025,94.9,1,21.0
699393,2024,,0,
699471,2024,71.5,3,-1.3333333333333333
699475,2025,,0,
699615,2025,82.4,5,16.4
699625,2024,,0,
699625,2025,82.97142857142858,70,23.1
699912,2024,93.33333333333333,3,17.666666666666668
699912,2025,81.5625,8,19.0
700032,2025,77.1,1,64.0
700081,2025,75.46666666666667,3,14.666666666666666
700164,2025,,0,
700242,2024,83.65755813953488,172,14.479768786127167
700242,2025,81.7019093078759,419,18.105011933174225
700243,2025,,0,
700246,2024,,0,
700246,2025,80.11932773109244,119,15.201680672268907
700250,2024,82.29372384937238,239,16.94142259414226
700250,2025,86.71819484240689,698,15.236051502145923
700283,2025,94.05,2,23.0
700321,2025,104.7,1,-22.0
700337,2025,84.6084714548803,543,15.243093922651934
700341,2024,,0,
700358,2024,,0,
700652,2025,78.425,4,17.25
700658,2025,89.9,2,-30.5
700681,2024,83.65,4,45.0
700681,2025,78.375,8,17.5
700720,2025,83.3,2,12.0
700731,2024,90.35,2,28.5
700731,2025,67.2,1,23.0
700840,2024,,0,
700845,2024,,0,
700845,2025,,0,
700932,2024,83.53640350877193,228,24.82456140350877
700932,2025,83.62460658082975,699,21.248571428571427
700936,2024,81.1,2,24.0
700936,2025,93.5,1,27.0
701158,2025,80.9,2,38.5
701162,2025,85.15,2,31.5
701177,2025,90.25,4,30.75
701305,2024,80.4518987341772,79,12.430379746835444
701305,2025,83.06714285714285,140,16.814285714285713
701327,2024,73.6,2,-4.0
701327,2025,,0,
701350,2024,98.94999999999999,2,16.5
701350,2025,86.9315112540193,311,10.672025723472668
701358,2025,81.24712286158632,643,13.937888198757763
701392,2025,99.15,2,-0.5
701398,2024,,0,
701398,2025,87.125,88,22.0
701437,2024,100.2,1,3.0
701481,2025,98.1,1,6.0
701496,2024,93.3,3,3.3333333333333335
701496,2025,,0,
701538,2024,83.08792756539235,994,19.36317907444668
701538,2025,82.87038567493113,726,19.932599724896836
701544,2024,,0,
701548,2025,100.1,1,-23.0
701587,2025,100.1,1,6.0
701634,2024,,0,
701648,2024,,0,
701649,2025,,0,
701655,2024,103.2,1,18.0
701675,2024,,0,
701675,2025,79.39795918367346,98,14.16326530612245
701678,2024,,0,
701678,2025,69.92,5,-6.2
701682,2025,,0,
701689,2025,76.7,1,44.0
701696,2025,79.7,2,20.0
701701,2025,,0,
701762,2025,85.9986274509804,510,17.356862745098038
701784,2025,,0,
701805,2025,95.65,2,-2.5
701817,2024,,0,
701831,2025,76.31428571428572,7,39.57142857142857
701860,2025,80.46666666666665,3,12.333333333333334
702068,2024,,0,
702068,2025,84.4,4,30.6
702112,2024,,0,
702112,2025,87.7,2,15.5
702140,2025,107.15,4,28.25
702176,2024,77.95,2,24.5
702176,2025,82.0990291262136,206,9.805825242718447
702222,2024,96.0,1,-15.0
702222,2025,79.6,1,13.0
702258,2024,81.8,1,51.0
702258,2025,97.55714285714285,7,18.571428571428573
702261,2024,,0,
702283,2024,90.4,1,7.0
702284,2024,,0,
702284,2025,81.425,324,25.15740740740741
702292,2024,82.6,2,-10.0
702302,2024,86.51666666666667,6,6.833333333333333
702302,2025,78.05,4,24.75
702311,2024,103.5,1,-8.0
702315,2025,86.91666666666667,6,26.333333333333332
702328,2024,71.19999999999999,2,13.5
702328,2025,84.73333333333333,3,-5.0
702331,2025,66.5,1,45.0
702332,2024,75.98181818181818,11,13.454545454545455
702332,2025,80.32303290414879,699,15.847142857142858
702333,2024,,0,
702333,2025,,0,
702358,2024,80.46491228070175,285,10.888111888111888
702358,2025,86.67999999999999,5,-18.0
702391,2025,79.6,1,58.0
702409,2024,,0,
702461,2025,,0,
702463,2025,91.7,1,-1.0
702467,2025,90.0,1,18.0
702472,2025,85.8,3,28.0
702488,2025,89.05,4,24.25
702550,2025,76.63333333333334,3,-12.333333333333334
702556,2025,,0,
702574,2025,76.41666666666667,12,19.75
702616,2024,82.94583333333334,240,19.008333333333333
702616,2025,83.25276073619632,815,15.436964504283965
702679,2025,81.55555555555556,9,23.77777777777778
702685,2025,104.85,2,20.0
702690,2025,99.6,1,9.0
702693,2025,93.08,5,0.0
702708,2024,82.05000000000001,2,-47.0
702708,2025,,0,
702726,2024,81.8,2,28.0
702726,2025,,0,
702789,2024,101.55,2,4.5
702906,2025,81.33333333333333,6,29.833333333333332
702920,2025,86.7,1,59.0
702977,2025,,0,
703143,2024,63.8,1,43.0
703149,2024,84.1846153846154,13,14.923076923076923
703151,2024,99.3,1,6.0
703151,2025,91.45,2,10.5
703154,2025,100.1,1,-10.0
703155,2024,,0,
703155,2025,82.53333333333333,6,21.166666666666668
703159,2024,82.95,4,17.5
703159,2025,98.7,1,-34.0
703177,2025,89.2,1,-42.0
703185,2024,,0,
703194,2025,,0,
703197,2024,69.46666666666667,3,24.0
703198,2025,,0,
703202,2025,,0,
703205,2025,,0,
703430,2025,,0,
703601,2025,78.03333333333333,6,29.5
703606,2025,,0,
703607,2024,,0,
703607,2025,89.45,2,19.0
703612,2024,,0,
703639,2025,75.45,2,8.5
703715,2025,,0,
703766,2024,86.45,2,68.0
703804,2025,97.1,2,22.0
703920,2024,,0,
800029,2024,60.2,2,10.0
800050,2024,100.86666666666667,6,-4.285714285714286
800050,2025,81.36666666666666,12,-1.1428571428571428
800051,2024,,0,
800051,2025,93.0,1,-18.0
800056,2024,81.12,5,23.2
800056,2025,84.425,4,16.25
800060,2024,76.8,2,26.5
800106,2025,60.8,1,-40.0
800176,2025,64.95,2,-27.5
800194,2025,70.9,1,23.0
800195,2025,,0,
800198,2024,,0,
800198,2025,95.75,2,-7.5
800203,2025,84.96666666666667,3,15.333333333333334
800209,2024,85.15,2,14.5
800231,2024,64.05,2,-25.5
800232,2024,88.05,2,-3.5
800253,2024,89.7,1,-5.0
800253,2025,88.7,1,31.0
800266,2025,78.2,1,53.0
800294,2024,89.6,1,23.0
800306,2024,,0,
800306,2025,109.6,1,17.0
800316,2024,97.5,1,-16.0
800325,2024,81.12222222222222,9,12.88888888888889
800325,2025,81.48571428571428,7,20.714285714285715
800343,2024,,0,
800345,2024,,0,
800345,2025,78.6,2,21.0
800356,2025,,0,
800357,2024,85.5,1,49.0
800377,2025,,0,
800406,2025,,0,
800440,2024,100.2,1,-5.0
800440,2025,79.425,4,16.75
800448,2025,83.06666666666666,3,24.666666666666668
800473,2024,,0,
800478,2025,,0,
800506,2025,,0,
800508,2025,,0,
800516,2024,,0,
800522,2024,79.33333333333333,3,4.666666666666667
800522,2025,92.86666666666667,3,23.0
800540,2025,,0,
800542,2024,,0,
800543,2024,91.93333333333334,3,5.666666666666667
800597,2024,71.48571428571428,7,18.125
800617,2025,,0,
800683,2025,81.6,1,1.0
800724,2025,75.71666666666667,6,-5.166666666666667
800765,2024,,0,
800765,2025,,0,
800957,2025,83.05,6,28.0
800959,2024,,0,
800959,2025,84.0,1,48.0
801039,2024,,0,
801075,2025,90.7,1,-53.0
801076,2024,,0,
801126,2024,82.58333333333333,6,28.0
801176,2024,,0,
801194,2024,95.8,1,56.0
801194,2025,55.7,1,-38.0
801256,2025,,0,
801276,2025,86.22222222222223,9,16.11111111111111
801406,2025,98.2,1,31.0
801430,2025,80.425,4,30.0
801442,2024,,0,
801442,2025,81.57058823529412,17,13.823529411764707
801464,2024,,0,
801501,2024,76.5,1,-2.0
801507,2024,57.949999999999996,2,-49.5
801600,2024,,0,
801629,2025,69.0,3,49.666666666666664
801670,2024,,0,
801740,2024,,0,
801822,2024,91.55,2,-11.5
801822,2025,86.7,1,75.0
801881,2025,88.25,2,20.0
801938,2025,96.7,3,13.666666666666666
801978,2025,,0,
802005,2025,,0,
802066,2024,,0,
802117,2025,85.33333333333333,3,24.666666666666668
802353,2025,100.6,1,29.0
802355,2025,76.05,2,36.0
802407,2024,106.9,1,17.0
802415,2024,80.53333333333333,3,33.666666666666664
802415,2025,78.78241042345277,614,8.183441558441558
802459,2025,,0,
802504,2024,96.7,1,-28.0
802504,2025,75.9,1,16.0
802506,2024,76.0,1,-13.0
802506,2025,78.9,1,45.0
802531,2025,56.1,1,-66.0
802541,2025,102.3,1,-3.0
802544,2024,62.650000000000006,2,-21.0
802544,2025,,0,
802959,2025,,0,
802991,2024,,0,
803011,2025,81.88333333333334,6,35.666666666666664
803015,2025,,0,
803033,2024,,0,
803172,2025,76.60000000000001,3,38.0
803174,2025,70.4,1,86.0
803175,2025,,0,
803385,2024,90.83333333333333,3,12.333333333333334
803475,2025,71.0,1,46.0
803745,2024,82.6,1,17.0
803745,2025,86.4,1,-11.0
804240,2024,,0,
804240,2025,87.0,1,-9.0
804241,2025,74.9,1,-27.0
804446,2025,84.4,5,10.8
804606,2025,67.36666666666667,3,-45.666666666666664
804645,2024,,0,
804645,2025,98.0,1,-19.0
804668,2024,94.3,1,-12.0
804668,2025,86.5,20,25.8
804710,2024,74.9,4,21.75
804858,2025,92.5,2,17.5
805058,2025,,0,
805075,2025,104.4,1,-20.0
805126,2025,92.5,1,20.0
805168,2024,,0,
805234,2025,98.39999999999999,3,-25.0
805249,2024,64.8,1,51.0
805249,2025,82.89805447470818,257,13.326848249027238
805268,2025,103.7,2,-6.0
805280,2024,80.9,1,70.0
805297,2024,,0,
805300,2025,83.1108843537415,294,19.948979591836736
805319,2025,,0,
805339,2024,,0,
805347,2025,91.7,1,-16.0
805366,2025,,0,
805367,2024,104.6,1,-28.0
805367,2025,83.10496987951807,664,13.445945945945946
805373,2024,81.90833333333333,36,18.083333333333332
805373,2025,79.85559845559845,259,24.015444015444015
805672,2024,56.599999999999994,2,-14.5
805672,2025,66.2,1,-42.0
805701,2024,69.2,1,30.0
805704,2024,93.05,2,0.0
805704,2025,89.11666666666667,6,21.0
805779,2024,81.58698630136986,146,10.979452054794521
805779,2025,81.34676549865229,742,14.251682368775235
805795,2024,,0,
805795,2025,65.475,4,40.5
805796,2024,,0,
805796,2025,83.61428571428571,7,28.857142857142858
805804,2025,93.44999999999999,2,-36.0
805808,2025,93.84,5,5.6
805810,2024,,0,
805811,2025,85.18717948717949,39,18.256410256410255
805834,2024,,0,
805842,2024,84.46666666666667,3,29.0
805865,2024,,0,
805865,2025,74.46666666666665,3,-18.0
805904,2025,80.63773584905661,53,17.471698113207548
805951,2025,85.9,1,-8.0
805999,2024,74.7,1,49.0
806005,2024,97.94999999999999,2,13.0
806005,2025,81.27777777777777,9,20.88888888888889
806012,2024,,0,
806068,2024,87.5,3,27.333333333333332
806077,2024,85.2,1,-12.0
806077,2025,68.4,1,-78.0
806146,2024,76.1,2,30.5
806146,2025,74.53333333333333,3,2.6666666666666665
806152,2025,,0,
806191,2024,,0,
806191,2025,72.2,1,12.0
806198,2025,95.45,4,18.0
806210,2024,,0,
806210,2025,74.96666666666665,3,-6.0
806212,2025,83.55555555555556,9,25.444444444444443
806223,2024,89.4,2,14.0
806230,2025,59.3,2,-4.5
806252,2025,90.39999999999999,3,-4.333333333333333
806263,2025,96.05,2,2.5
806267,2024,75.2,1,58.0
806367,2025,,0,
806368,2024,80.53333333333333,3,0.6666666666666666
806368,2025,70.5,2,2.0
806394,2025,102.8,1,37.0
806534,2025,24.75,2,-34.0
806611,2025,,0,
806639,2024,110.5,1,21.0
806921,2025,,0,
806953,2025,108.9,1,-21.0
806956,2024,81.35,2,55.0
806956,2025,99.2,1,8.0
806957,2025,72.8,1,47.0
806958,2024,,0,
806962,2024,65.4,1,-61.0
806963,2025,,0,
806964,2024,,0,
806965,2025,83.83333333333333,6,-0.8333333333333334
806983,2024,62.15,4,35.5
806983,2025,49.63333333333333,3,-24.666666666666668
806988,2025,78.8,1,39.0
806993,2025,,0,
806995,2025,,0,
807257,2025,,0,
807267,2025,,0,
807276,2025,78.23333333333333,3,15.666666666666666
807643,2025,82.0,3,9.666666666666666
807712,2025,81.86889763779529,254,14.933333333333334
807713,2024,,0,
807713,2025,80.3438596491228,627,20.199362041467303
807714,2025,,0,
807720,2024,70.4,1,20.0
807727,2024,44.75,2,52.0
807727,2025,94.6,1,38.0
807728,2025,102.5,2,-25.5
807742,2024,77.8,8,25.75
807742,2025,90.14,5,32.0
807746,2024,,0,
807746,2025,60.6,1,38.0
807747,2024,,0,
807747,2025,82.48333333333333,6,17.0
807751,2024,,0,
807759,2025,102.2,1,16.0
807799,2024,83.02550000000001,600,13.966666666666667
807799,2025,85.50709219858156,282,8.26950354609929
807957,2025,79.25,2,30.5
808083,2025,77.8,2,16.0
808129,2025,,0,
808236,2025,81.225,8,-9.75
808265,2025,,0,
808267,2025,85.94999999999999,2,-1.0
808279,2025,,0,
808288,2025,,0,
808291,2025,82.1,1,15.0
808326,2025,90.55000000000001,2,56.5
808516,2024,72.3,1,-31.0
808516,2025,64.17999999999999,5,6.8
808767,2025,79.575,4,44.0
808768,2025,91.3,1,19.0
808864,2025,83.16666666666667,6,15.833333333333334
808975,2025,80.86355140186916,214,13.08411214953271
808982,2024,84.62062780269059,223,8.688888888888888
808982,2025,81.82931818181818,880,13.300453514739228
809244,2025,,0,
809331,2025,,0,
809846,2024,69.9,1,24.0
809945,2024,,0,
810053,2025,,0,
810891,2025,83.7,1,70.0
810938,2024,83.45,2,32.0
810938,2025,82.95352112676056,426,10.714953271028037
811210,2024,101.0,1,-23.0
811287,2024,,0,
811287,2025,,0,
811289,2025,87.1,2,6.0
811965,2025,,0,
812470,2024,,0,
812470,2025,87.44999999999999,2,39.0
813844,2025,,0,
813852,2024,69.3,3,40.666666666666664
813852,2025,88.75,2,12.5
813860,2024,109.1,1,27.0
813860,2025,,0,
813894,2025,87.1,2,22.5
813896,2025,84.46666666666665,3,-7.0
813922,2025,,0,
814091,2025,60.2,1,-20.0
814154,2024,,0,
814154,2025,,0,
814172,2025,80.4,1,44.0
814188,2025,,0,
814194,2025,103.1,1,-4.0
814299,2025,94.5,1,44.0
814307,2024,88.9,2,43.5
814307,2025,77.15,4,23.75
814409,2025,81.76666666666667,9,-7.777777777777778
814413,2025,105.6,2,-5.5
814431,2024,84.5,1,51.0
814431,2025,79.73333333333333,3,19.333333333333332
814439,2025,84.69090909090909,11,19.545454545454547
814440,2025,68.9,1,27.0
814442,2025,,0,
814445,2025,,0,
814451,2025,79.0,1,8.0
814458,2025,88.2,1,-9.0
814528,2025,88.2,1,-10.0
814791,2025,86.16666666666667,6,12.666666666666666
814806,2024,,0,
814806,2025,88.6,1,-31.0
814816,2024,,0,
815039,2025,79.825,8,16.5
815067,2025,78.5,3,3.0
815089,2025,76.73333333333333,3,33.333333333333336
815150,2025,,0,
815151,2024,,0,
815154,2025,80.3,1,13.0
815299,2025,,0,
815304,2025,,0,
815306,2025,,0,
815464,2025,82.2,3,14.333333333333334
815589,2025,95.4,1,9.0
815653,2025,,0,
815694,2024,81.3,2,29.0
815694,2025,,0,
815697,2025,77.15,2,2.5
815734,2025,62.9,1,-42.0
815793,2025,86.7,5,-10.2
815842,2024,87.45,2,11.5
815874,2025,101.0,1,17.0
815888,2024,84.5,4,33.0
815888,2025,92.15,2,23.0
815904,2025,89.3,1,-23.0
815908,2025,,0,
815915,2025,,0,
821171,2025,,0,
821262,2025,78.56666666666666,3,-22.333333333333332
821270,2025,95.3,1,36.0
821657,2025,77.55,2,-49.0
822578,2025,,0,
823703,2025,86.65,2,9.5
824028,2025,86.84285714285714,7,6.142857142857143
824615,2025,79.6,1,11.0
825334,2025,,0,
825761,2025,,0,
825924,2025,,0,
827628,2025,,0,
827665,2025,85.2,2,9.0
828319,2025,,0,
828335,2025,,0,
828599,2025,,0,
829272,2025,,0,
